attraction_id,city_name,country,type,attraction_name,overview,ticket_price,open_hours,duration_of_visit,rate_of_restaurant,address,latitude,longitude,facilities_group,facilities
1,Bangalore,India,Nature/Scenery/Park,Mysore Falls Green Haven,"Mysore Falls Green Haven is a nature in Bangalore, India, popular for its natural scenery and relaxing atmosphere. Entry fee is 2059.2 USD. Recommended visit: 3 hours. Discover Mysore Falls Green Haven, a peaceful nature in Bangalore, India, ideal for nature lovers. Open 08:30-17:00, entry 2059.2 USD.",2059.2,08:30-17:00,3 hours,3.7,"699 Sukhumvit Road, Khlong Toei District, Bangalore",12.892986779875548,77.51134537539276,"['business travelers', 'photography', 'road trip']","['Restrooms', 'Information Desk', 'Restaurant', 'Souvenir Shop', 'First Aid Station', 'Luggage Storage', 'High speed WiFi', 'photo spots', 'guided photo tours', 'charging stations', 'parking']"
2,Bangalore,India,Nature/Scenery/Park,Greenway Botanical Trek,"Greenway Botanical Trek is a nature in Bangalore, India, popular for its natural scenery and relaxing atmosphere. Entry fee is 3.36 USD. Recommended visit: 3 hours. Discover Greenway Botanical Trek, a peaceful nature in Bangalore, India, ideal for nature lovers. Open 09:00-17:30, entry 3.36 USD.",3.36,09:00-17:30,3 hours,3.7,"No. 456, Huaqiang North Road, Bangalore",13.004698969111118,77.5333756784988,"['with pets', 'photography', 'luxury travelers']","['Restrooms', 'Information Desk', 'Restaurant', 'Souvenir Shop', 'First Aid Station', 'Luggage Storage', 'Pet-friendly', 'pet water stations', 'Pet rest area', 'photo spots', 'guided photo tours', 'charging stations', 'private tours', 'skip the line passes', 'VIP exclusive events']"
3,Bangalore,India,Nature/Scenery/Park,Silent Ridge Sanctuary,"Silent Ridge Sanctuary is a nature in Bangalore, India, popular for its natural scenery and relaxing atmosphere. Entry fee is 94.11 USD. Recommended visit: 3 hours. Discover Silent Ridge Sanctuary, a peaceful nature in Bangalore, India, ideal for nature lovers. Open 09:30-17:00, entry 94.11 USD.",94.11,09:30-17:00,3 hours,3.7,"809 Siam Road, Bangalore",12.860098796356748,77.54951612085188,"['with pets', 'photography', 'couples trip']","['Restrooms', 'Information Desk', 'Restaurant', 'Souvenir Shop', 'First Aid Station', 'Luggage Storage', 'Pet-friendly', 'pet water stations', 'Pet rest area', 'photo spots', 'guided photo tours', 'charging stations', 'scenic spots', 'sunset cruises', 'special couples experiences']"
4,Bangalore,India,Nature/Scenery/Park,Green Valley Trekking Trail,"Green Valley Trekking Trail is a nature in Bangalore, India, popular for its natural scenery and relaxing atmosphere. Entry fee is 43.59 USD. Recommended visit: 3 hours. Discover Green Valley Trekking Trail, a peaceful nature in Bangalore, India, ideal for nature lovers. Open 08:00-17:30, entry 43.59 USD.",43.59,08:00-17:30,3 hours,3.7,"426 Sakura Street, Naka Ward, Bangalore",13.125451664263268,77.62838108866433,"['photography', 'disabled traveler', 'road trip']","['Restrooms', 'Information Desk', 'Restaurant', 'Souvenir Shop', 'First Aid Station', 'Luggage Storage', 'photo spots', 'guided photo tours', 'charging stations', 'ramps', 'elevators', 'wheelchair rentals', 'accessible restrooms', 'parking']"
5,Bangalore,India,Nature/Scenery/Park,Lakeside Serenade,"Lakeside Serenade is a nature in Bangalore, India, popular for its natural scenery and relaxing atmosphere. Entry fee is 24.24 USD. Recommended visit: 3 hours. Discover Lakeside Serenade, a peaceful nature in Bangalore, India, ideal for nature lovers. Open 08:00-19:00, entry 24.24 USD.",24.24,08:00-19:00,3 hours,3.7,"454 Phra Singh Road, Bangalore",13.005857548900048,77.55298723387929,"['with children', 'fast-paced budget travel', 'disabled traveler']","['Restrooms', 'Information Desk', 'Restaurant', 'Souvenir Shop', 'First Aid Station', 'Luggage Storage', 'family restrooms', 'Nursing facilities', 'city passes', 'luggage storage', 'self-guided tours', 'ramps', 'elevators', 'wheelchair rentals', 'accessible restrooms']"
6,Bangalore,India,Nature/Scenery/Park,Silent Ridge Retreat,"Silent Ridge Retreat is a nature in Bangalore, India, popular for its natural scenery and relaxing atmosphere. Entry fee is 19.18 USD. Recommended visit: 3 hours. Discover Silent Ridge Retreat, a peaceful nature in Bangalore, India, ideal for nature lovers. Open 08:30-17:30, entry 19.18 USD.",19.18,08:30-17:30,3 hours,3.7,"No. 456, West Street, Xiguan District, Bangalore",12.918125880824917,77.57751035627916,"['with children', 'with pets', 'foodie']","['Restrooms', 'Information Desk', 'Restaurant', 'Souvenir Shop', 'First Aid Station', 'Luggage Storage', 'family restrooms', 'Nursing facilities', 'Pet-friendly', 'pet water stations', 'Pet rest area', 'Food markets', 'tasting tours']"
7,Bangalore,India,Nature/Scenery/Park,Greenwood Escapes and Sake Garden,"Greenwood Escapes and Sake Garden is a nature in Bangalore, India, popular for its natural scenery and relaxing atmosphere. Entry fee is 10.5 USD. Recommended visit: 3 hours. Discover Greenwood Escapes and Sake Garden, a peaceful nature in Bangalore, India, ideal for nature lovers. Open 08:30-17:30, entry 10.5 USD.",10.5,08:30-17:30,3 hours,3.7,"No. 456 Innovation Avenue, Bangalore",13.034871439599382,77.63630185469437,"['with children', 'couples trip']","['Restrooms', 'Information Desk', 'Restaurant', 'Souvenir Shop', 'First Aid Station', 'Luggage Storage', 'family restrooms', 'Nursing facilities', 'scenic spots', 'sunset cruises', 'special couples experiences']"
8,Bangalore,India,Nature/Scenery/Park,Cauvery Riverside Eco Express,"Cauvery Riverside Eco Express is a nature in Bangalore, India, popular for its natural scenery and relaxing atmosphere. Entry fee is 15.4 USD. Recommended visit: 3 hours. Discover Cauvery Riverside Eco Express, a peaceful nature in Bangalore, India, ideal for nature lovers. Open 08:00-20:00, entry 15.4 USD.",15.4,08:00-20:00,3 hours,3.7,"932 Sakura Street, Bangalore",13.035354970337933,77.57791904991085,"['fast-paced budget travel', 'solo women', 'with pets']","['Restrooms', 'Information Desk', 'Restaurant', 'Souvenir Shop', 'First Aid Station', 'Luggage Storage', 'city passes', 'luggage storage', 'self-guided tours', 'group tours', 'security', 'Pet-friendly', 'pet water stations', 'Pet rest area']"
9,Bangalore,India,Nature/Scenery/Park,Skyline Sanctuary,"Skyline Sanctuary is a nature in Bangalore, India, popular for its natural scenery and relaxing atmosphere. Entry fee is 7.7 USD. Recommended visit: 3 hours. Discover Skyline Sanctuary, a peaceful nature in Bangalore, India, ideal for nature lovers. Open 08:30-18:00, entry 7.7 USD.",7.7,08:30-18:00,3 hours,3.7,"933-8901 Nishi-Ku, Fukuoka City, Bangalore",12.857069895658077,77.59095155245099,"['nightlife enthusiast', 'solo women', 'business travelers']","['Restrooms', 'Information Desk', 'Restaurant', 'Souvenir Shop', 'First Aid Station', 'Luggage Storage', 'night markets', 'bars', 'evening shows', 'group tours', 'security', 'High speed WiFi']"
10,Bangalore,India,Nature/Scenery/Park,GreenLeaf Discovery Hub,"GreenLeaf Discovery Hub is a nature in Bangalore, India, popular for its natural scenery and relaxing atmosphere. Entry fee is 116.65 USD. Recommended visit: 3 hours. Discover GreenLeaf Discovery Hub, a peaceful nature in Bangalore, India, ideal for nature lovers. Open 09:00-17:30, entry 116.65 USD.",116.65,09:00-17:30,3 hours,3.7,"No. 456, Zhongshan Road, Bangalore",12.935092887486904,77.72715298238302,"['nightlife enthusiast', 'solo women', 'disabled traveler']","['Restrooms', 'Information Desk', 'Restaurant', 'Souvenir Shop', 'First Aid Station', 'Luggage Storage', 'night markets', 'bars', 'evening shows', 'group tours', 'security', 'ramps', 'elevators', 'wheelchair rentals', 'accessible restrooms']"
11,Bangalore,India,Nature/Scenery/Park,Kaveri Breeze Botanical Grove,"Kaveri Breeze Botanical Grove is a nature in Bangalore, India, popular for its natural scenery and relaxing atmosphere. Entry fee is 8.12 USD. Recommended visit: 3 hours. Discover Kaveri Breeze Botanical Grove, a peaceful nature in Bangalore, India, ideal for nature lovers. Open 06:00-20:00, entry 8.12 USD.",8.12,06:00-20:00,3 hours,3.7,"No. 456, Haiwen Road, Bangalore",13.050020198141974,77.51219857641095,"['with children', 'photography', 'road trip']","['Restrooms', 'Information Desk', 'Restaurant', 'Souvenir Shop', 'First Aid Station', 'Luggage Storage', 'family restrooms', 'Nursing facilities', 'photo spots', 'guided photo tours', 'charging stations', 'parking']"
12,Bangalore,India,Nature/Scenery/Park,Mysore Wildscape Retreat,"Mysore Wildscape Retreat is a nature in Bangalore, India, popular for its natural scenery and relaxing atmosphere. Entry fee is 31.52 USD. Recommended visit: 3 hours. Discover Mysore Wildscape Retreat, a peaceful nature in Bangalore, India, ideal for nature lovers. Open 08:00-20:00, entry 31.52 USD.",31.52,08:00-20:00,3 hours,3.7,"No. 456, Cultural Arts Square, Chaoyang District, Bangalore",12.9718394038497,77.59925313167857,"['nightlife enthusiast', 'solo women', 'with pets']","['Restrooms', 'Information Desk', 'Restaurant', 'Souvenir Shop', 'First Aid Station', 'Luggage Storage', 'night markets', 'bars', 'evening shows', 'group tours', 'security', 'Pet-friendly', 'pet water stations', 'Pet rest area']"
13,Bangalore,India,Nature/Scenery/Park,Velavara's Eternal Oasis,"Velavara's Eternal Oasis is a nature in Bangalore, India, popular for its natural scenery and relaxing atmosphere. Entry fee is 5.15 USD. Recommended visit: 3 hours. Discover Velavara's Eternal Oasis, a peaceful nature in Bangalore, India, ideal for nature lovers. Open 09:00-21:00, entry 5.15 USD.",5.15,09:00-21:00,3 hours,3.7,"682 Sukhumvit Road, Bangalore",12.91405002774129,77.7098168812554,"['road trip', 'business travelers']","['Restrooms', 'Information Desk', 'Restaurant', 'Souvenir Shop', 'First Aid Station', 'Luggage Storage', 'parking', 'High speed WiFi']"
14,Bangalore,India,Nature/Scenery/Park,Lakshmi's Gazeover,"Lakshmi's Gazeover is a nature in Bangalore, India, popular for its natural scenery and relaxing atmosphere. Entry fee is 13.3 USD. Recommended visit: 3 hours. Discover Lakshmi's Gazeover, a peaceful nature in Bangalore, India, ideal for nature lovers. Open 08:30-17:00, entry 13.3 USD.",13.3,08:30-17:00,3 hours,3.7,"686 Sathorn Road, Watthana District, Bangalore",12.90273395077609,77.58210152572374,"['with children', 'foodie', 'road trip']","['Restrooms', 'Information Desk', 'Restaurant', 'Souvenir Shop', 'First Aid Station', 'Luggage Storage', 'family restrooms', 'Nursing facilities', 'Food markets', 'tasting tours', 'parking']"
15,Bangalore,India,Nature/Scenery/Park,Green Haven Sanctuary,"Green Haven Sanctuary is a nature in Bangalore, India, popular for its natural scenery and relaxing atmosphere. Entry fee is 11.76 USD. Recommended visit: 3 hours. Discover Green Haven Sanctuary, a peaceful nature in Bangalore, India, ideal for nature lovers. Open 08:30-17:30, entry 11.76 USD.",11.76,08:30-17:30,3 hours,3.7,"896 Suthep Road, Bangalore",13.093389997309906,77.6384907429326,"['with children', 'with pets', 'business travelers']","['Restrooms', 'Information Desk', 'Restaurant', 'Souvenir Shop', 'First Aid Station', 'Luggage Storage', 'family restrooms', 'Nursing facilities', 'Pet-friendly', 'pet water stations', 'Pet rest area', 'High speed WiFi']"
16,Bangalore,India,Nature/Scenery/Park,Mysore Skyline Express,"Mysore Skyline Express is a nature in Bangalore, India, popular for its natural scenery and relaxing atmosphere. Entry fee is 0.0 USD. Recommended visit: 3 hours. Discover Mysore Skyline Express, a peaceful nature in Bangalore, India, ideal for nature lovers. Open 08:00-22:00, entry 0.0 USD.",0.0,08:00-22:00,3 hours,3.7,"995 Jurong East Ave 6, Bangalore",13.045920755678642,77.54976860424843,"['road trip', 'luxury travelers', 'business travelers']","['Restrooms', 'Information Desk', 'Restaurant', 'Souvenir Shop', 'First Aid Station', 'Luggage Storage', 'parking', 'private tours', 'skip the line passes', 'VIP exclusive events', 'High speed WiFi']"
17,Bangalore,India,Nature/Scenery/Park,Greenhaven Sanctuary,"Greenhaven Sanctuary is a nature in Bangalore, India, popular for its natural scenery and relaxing atmosphere. Entry fee is 33.27 USD. Recommended visit: 3 hours. Discover Greenhaven Sanctuary, a peaceful nature in Bangalore, India, ideal for nature lovers. Open 08:30-17:30, entry 33.27 USD.",33.27,08:30-17:30,3 hours,3.7,"779 Shinsaibashi Dori, Chuo Ward, Bangalore",13.007509026162715,77.54922884664738,"['nightlife enthusiast', 'with children', 'road trip']","['Restrooms', 'Information Desk', 'Restaurant', 'Souvenir Shop', 'First Aid Station', 'Luggage Storage', 'night markets', 'bars', 'evening shows', 'family restrooms', 'Nursing facilities', 'parking']"
18,Bangalore,India,Nature/Scenery/Park,Velavara Eco Haven,"Velavara Eco Haven is a nature in Bangalore, India, popular for its natural scenery and relaxing atmosphere. Entry fee is 2.0 USD. Recommended visit: 3 hours. Discover Velavara Eco Haven, a peaceful nature in Bangalore, India, ideal for nature lovers. Open 19:00-23:00, entry 2.0 USD.",2.0,19:00-23:00,3 hours,3.7,"814 Sathorn Road, Wat Phra Singh, Bangalore",12.92208450609848,77.48875919503014,"['nightlife enthusiast', 'photography', 'couples trip']","['Restrooms', 'Information Desk', 'Restaurant', 'Souvenir Shop', 'First Aid Station', 'Luggage Storage', 'night markets', 'bars', 'evening shows', 'photo spots', 'guided photo tours', 'charging stations', 'scenic spots', 'sunset cruises', 'special couples experiences']"
19,Bangalore,India,Nature/Scenery/Park,Kempegowda Botanical Grove & Riverside Tram Ride,"Kempegowda Botanical Grove & Riverside Tram Ride is a nature in Bangalore, India, popular for its natural scenery and relaxing atmosphere. Entry fee is 8.65 USD. Recommended visit: 3 hours. Discover Kempegowda Botanical Grove & Riverside Tram Ride, a peaceful nature in Bangalore, India, ideal for nature lovers. Open 09:00-17:30, entry 8.65 USD.",8.65,09:00-17:30,3 hours,3.7,"No. 456, Lianhua Road, Haizhu District, Bangalore",13.10229596380243,77.59977740154419,"['nightlife enthusiast', 'photography']","['Restrooms', 'Information Desk', 'Restaurant', 'Souvenir Shop', 'First Aid Station', 'Luggage Storage', 'night markets', 'bars', 'evening shows', 'photo spots', 'guided photo tours', 'charging stations']"
20,Bangalore,India,Nature/Scenery/Park,Azure Haven,"Azure Haven is a nature in Bangalore, India, popular for its natural scenery and relaxing atmosphere. Entry fee is 12.93 USD. Recommended visit: 3 hours. Discover Azure Haven, a peaceful nature in Bangalore, India, ideal for nature lovers. Open 09:00-17:00, entry 12.93 USD.",12.93,09:00-17:00,3 hours,3.7,"No. 456, Xiamen Bay Road, Bangalore",12.884609145803234,77.6099263531902,"['solo women', 'with pets']","['Restrooms', 'Information Desk', 'Restaurant', 'Souvenir Shop', 'First Aid Station', 'Luggage Storage', 'group tours', 'security', 'Pet-friendly', 'pet water stations', 'Pet rest area']"
21,Bangalore,India,Nature/Scenery/Park,Silent Summit Grove,"Silent Summit Grove is a nature in Bangalore, India, popular for its natural scenery and relaxing atmosphere. Entry fee is 5.6 USD. Recommended visit: 3 hours. Discover Silent Summit Grove, a peaceful nature in Bangalore, India, ideal for nature lovers. Open 09:00-18:00, entry 5.6 USD.",5.6,09:00-18:00,3 hours,3.7,"147 Sakura Street, Setagaya Ward, Bangalore",12.985565982460438,77.7364325919825,"['solo women', 'couples trip', 'disabled traveler']","['Restrooms', 'Information Desk', 'Restaurant', 'Souvenir Shop', 'First Aid Station', 'Luggage Storage', 'group tours', 'security', 'scenic spots', 'sunset cruises', 'special couples experiences', 'ramps', 'elevators', 'wheelchair rentals', 'accessible restrooms']"
22,Bangalore,India,Nature/Scenery/Park,Greenwave Aquatic Haven,"Greenwave Aquatic Haven is a nature in Bangalore, India, popular for its natural scenery and relaxing atmosphere. Entry fee is 294.64 USD. Recommended visit: 3 hours. Discover Greenwave Aquatic Haven, a peaceful nature in Bangalore, India, ideal for nature lovers. Open 09:00-17:30, entry 294.64 USD.",294.64,09:00-17:30,3 hours,3.7,"949 Seogwipo Street, Bangalore",12.94221814545044,77.68130773218634,"['nightlife enthusiast', 'fast-paced budget travel', 'business travelers']","['Restrooms', 'Information Desk', 'Restaurant', 'Souvenir Shop', 'First Aid Station', 'Luggage Storage', 'night markets', 'bars', 'evening shows', 'city passes', 'luggage storage', 'self-guided tours', 'High speed WiFi']"
23,Bangalore,India,Nature/Scenery/Park,Lushwood Cycleway,"Lushwood Cycleway is a nature in Bangalore, India, popular for its natural scenery and relaxing atmosphere. Entry fee is 22.61 USD. Recommended visit: 3 hours. Discover Lushwood Cycleway, a peaceful nature in Bangalore, India, ideal for nature lovers. Open 08:30-17:00, entry 22.61 USD.",22.61,08:30-17:00,3 hours,3.7,"206 Shuri Street, Bangalore",12.987466081741829,77.7518840162211,"['solo women', 'couples trip', 'disabled traveler']","['Restrooms', 'Information Desk', 'Restaurant', 'Souvenir Shop', 'First Aid Station', 'Luggage Storage', 'group tours', 'security', 'scenic spots', 'sunset cruises', 'special couples experiences', 'ramps', 'elevators', 'wheelchair rentals', 'accessible restrooms']"
24,Bangalore,India,Nature/Scenery/Park,Green Haven Cultural Trail,"Green Haven Cultural Trail is a nature in Bangalore, India, popular for its natural scenery and relaxing atmosphere. Entry fee is 6.44 USD. Recommended visit: 3 hours. Discover Green Haven Cultural Trail, a peaceful nature in Bangalore, India, ideal for nature lovers. Open 09:00-17:30, entry 6.44 USD.",6.44,09:00-17:30,3 hours,3.7,"No. 456 Riverside Lane, Bangalore",12.87222890079376,77.66099007892164,"['couples trip', 'luxury travelers', 'business travelers']","['Restrooms', 'Information Desk', 'Restaurant', 'Souvenir Shop', 'First Aid Station', 'Luggage Storage', 'scenic spots', 'sunset cruises', 'special couples experiences', 'private tours', 'skip the line passes', 'VIP exclusive events', 'High speed WiFi']"
25,Bangalore,India,Nature/Scenery/Park,Mysore Falls Canopy Adventure,"Mysore Falls Canopy Adventure is a nature in Bangalore, India, popular for its natural scenery and relaxing atmosphere. Entry fee is 14.4 USD. Recommended visit: 3 hours. Discover Mysore Falls Canopy Adventure, a peaceful nature in Bangalore, India, ideal for nature lovers. Open 08:30-17:00, entry 14.4 USD.",14.4,08:30-17:00,3 hours,3.7,"805 Seaside Promenade, Bangalore",13.011718898538987,77.71568884989782,"['with children', 'solo women', 'disabled traveler']","['Restrooms', 'Information Desk', 'Restaurant', 'Souvenir Shop', 'First Aid Station', 'Luggage Storage', 'family restrooms', 'Nursing facilities', 'group tours', 'security', 'ramps', 'elevators', 'wheelchair rentals', 'accessible restrooms']"
26,Bangalore,India,Nature/Scenery/Park,Kaveri Moonlit River Journey & Folklore Show,"Kaveri Moonlit River Journey & Folklore Show is a nature in Bangalore, India, popular for its natural scenery and relaxing atmosphere. Entry fee is 55.55 USD. Recommended visit: 3 hours. Discover Kaveri Moonlit River Journey & Folklore Show, a peaceful nature in Bangalore, India, ideal for nature lovers. Open 09:00-21:00, entry 55.55 USD.",55.55,09:00-21:00,3 hours,3.7,"No. 456 Green Valley Road, Bangalore",13.00075817949103,77.7184558580494,"['nightlife enthusiast', 'with pets', 'business travelers']","['Restrooms', 'Information Desk', 'Restaurant', 'Souvenir Shop', 'First Aid Station', 'Luggage Storage', 'night markets', 'bars', 'evening shows', 'Pet-friendly', 'pet water stations', 'Pet rest area', 'High speed WiFi']"
27,Bangalore,India,Nature/Scenery/Park,Green Haven Tropical Sanctuary,"Green Haven Tropical Sanctuary is a nature in Bangalore, India, popular for its natural scenery and relaxing atmosphere. Entry fee is 7.35 USD. Recommended visit: 3 hours. Discover Green Haven Tropical Sanctuary, a peaceful nature in Bangalore, India, ideal for nature lovers. Open 08:30-17:30, entry 7.35 USD.",7.35,08:30-17:30,3 hours,3.7,"316-12-8 Shibuya, Shibuya City, Bangalore",12.988983767059915,77.47988970102041,"['photography', 'couples trip', 'elderly travelers']","['Restrooms', 'Information Desk', 'Restaurant', 'Souvenir Shop', 'First Aid Station', 'Luggage Storage', 'photo spots', 'guided photo tours', 'charging stations', 'scenic spots', 'sunset cruises', 'special couples experiences', 'wheelchair rental', 'benches/rest areas']"
28,Bangalore,India,Nature/Scenery/Park,Bangalore Skyline Vista,"Bangalore Skyline Vista is a nature in Bangalore, India, popular for its natural scenery and relaxing atmosphere. Entry fee is 9.8 USD. Recommended visit: 3 hours. Discover Bangalore Skyline Vista, a peaceful nature in Bangalore, India, ideal for nature lovers. Open 09:00-18:00, entry 9.8 USD.",9.8,09:00-18:00,3 hours,3.7,"282 Seogwipo Street, Bangalore",12.93419518595972,77.75255881987489,['couples trip'],"['Restrooms', 'Information Desk', 'Restaurant', 'Souvenir Shop', 'First Aid Station', 'Luggage Storage', 'scenic spots', 'sunset cruises', 'special couples experiences']"
29,Bangalore,India,Nature/Scenery/Park,Evergreen Pathways of Bangalore,"Evergreen Pathways of Bangalore is a nature in Bangalore, India, popular for its natural scenery and relaxing atmosphere. Entry fee is 12.53 USD. Recommended visit: 3 hours. Discover Evergreen Pathways of Bangalore, a peaceful nature in Bangalore, India, ideal for nature lovers. Open 08:30-17:00, entry 12.53 USD.",12.53,08:30-17:00,3 hours,3.7,"No. 456, Cultural Heritage Avenue, Bangalore",13.098809538084849,77.64539667407237,"['nightlife enthusiast', 'with children', 'with pets']","['Restrooms', 'Information Desk', 'Restaurant', 'Souvenir Shop', 'First Aid Station', 'Luggage Storage', 'night markets', 'bars', 'evening shows', 'family restrooms', 'Nursing facilities', 'Pet-friendly', 'pet water stations', 'Pet rest area']"
30,Bangalore,India,Nature/Scenery/Park,Green Haven Escapade,"Green Haven Escapade is a nature in Bangalore, India, popular for its natural scenery and relaxing atmosphere. Entry fee is 2.8 USD. Recommended visit: 3 hours. Discover Green Haven Escapade, a peaceful nature in Bangalore, India, ideal for nature lovers. Open 08:30-17:00, entry 2.8 USD.",2.8,08:30-17:00,3 hours,3.7,"643-12-8 Shibuya, Shibuya City, Bangalore",12.847305520923236,77.59323943979398,"['nightlife enthusiast', 'fast-paced budget travel', 'photography']","['Restrooms', 'Information Desk', 'Restaurant', 'Souvenir Shop', 'First Aid Station', 'Luggage Storage', 'night markets', 'bars', 'evening shows', 'city passes', 'luggage storage', 'self-guided tours', 'photo spots', 'guided photo tours', 'charging stations']"
31,Bangalore,India,Nature/Scenery/Park,Green Haven Walkway,"Green Haven Walkway is a nature in Bangalore, India, popular for its natural scenery and relaxing atmosphere. Entry fee is 6.39 USD. Recommended visit: 3 hours. Discover Green Haven Walkway, a peaceful nature in Bangalore, India, ideal for nature lovers. Open 09:00-17:00, entry 6.39 USD.",6.39,09:00-17:00,3 hours,3.7,"559 Thaweewong Road, Bangalore",13.026487010032293,77.57975533180182,"['fast-paced budget travel', 'foodie', 'road trip']","['Restrooms', 'Information Desk', 'Restaurant', 'Souvenir Shop', 'First Aid Station', 'Luggage Storage', 'city passes', 'luggage storage', 'self-guided tours', 'Food markets', 'tasting tours', 'parking']"
32,Bangalore,India,Nature/Scenery/Park,Velavara Waterfall Retreat,"Velavara Waterfall Retreat is a nature in Bangalore, India, popular for its natural scenery and relaxing atmosphere. Entry fee is 75.28 USD. Recommended visit: 3 hours. Discover Velavara Waterfall Retreat, a peaceful nature in Bangalore, India, ideal for nature lovers. Open 08:30-17:30, entry 75.28 USD.",75.28,08:30-17:30,3 hours,3.7,"No. 58, West Lake Scenic Road, Xihu District, Bangalore",12.973426603360206,77.7115387379799,"['solo women', 'with pets', 'disabled traveler']","['Restrooms', 'Information Desk', 'Restaurant', 'Souvenir Shop', 'First Aid Station', 'Luggage Storage', 'group tours', 'security', 'Pet-friendly', 'pet water stations', 'Pet rest area', 'ramps', 'elevators', 'wheelchair rentals', 'accessible restrooms']"
33,Bangalore,India,Nature/Scenery/Park,Greenhaven Oasis,"Greenhaven Oasis is a nature in Bangalore, India, popular for its natural scenery and relaxing atmosphere. Entry fee is 29.53 USD. Recommended visit: 3 hours. Discover Greenhaven Oasis, a peaceful nature in Bangalore, India, ideal for nature lovers. Open 09:00-18:00, entry 29.53 USD.",29.53,09:00-18:00,3 hours,3.7,"No. 456 Xingang Road, Bangalore",13.025866635276172,77.63060671315075,"['with pets', 'photography', 'luxury travelers']","['Restrooms', 'Information Desk', 'Restaurant', 'Souvenir Shop', 'First Aid Station', 'Luggage Storage', 'Pet-friendly', 'pet water stations', 'Pet rest area', 'photo spots', 'guided photo tours', 'charging stations', 'private tours', 'skip the line passes', 'VIP exclusive events']"
34,Bangalore,India,Nature/Scenery/Park,Silkwood Serenity Spa & Wellness Garden,"Silkwood Serenity Spa & Wellness Garden is a nature in Bangalore, India, popular for its natural scenery and relaxing atmosphere. Entry fee is 4.12 USD. Recommended visit: 3 hours. Discover Silkwood Serenity Spa & Wellness Garden, a peaceful nature in Bangalore, India, ideal for nature lovers. Open 09:00-18:00, entry 4.12 USD.",4.12,09:00-18:00,3 hours,3.7,"226 Seocho-ro, Ssangmundong-gu, Bangalore",12.92541032293323,77.5259304474527,"['nightlife enthusiast', 'with children', 'business travelers']","['Restrooms', 'Information Desk', 'Restaurant', 'Souvenir Shop', 'First Aid Station', 'Luggage Storage', 'night markets', 'bars', 'evening shows', 'family restrooms', 'Nursing facilities', 'High speed WiFi']"
35,Bangalore,India,Nature/Scenery/Park,Evergreen Summit Retreat,"Evergreen Summit Retreat is a nature in Bangalore, India, popular for its natural scenery and relaxing atmosphere. Entry fee is 20.74 USD. Recommended visit: 3 hours. Discover Evergreen Summit Retreat, a peaceful nature in Bangalore, India, ideal for nature lovers. Open 08:30-17:00, entry 20.74 USD.",20.74,08:30-17:00,3 hours,3.7,"588 Shinjuku Park, Shinjuku-ku, Bangalore",12.936550878747632,77.65312074856996,"['luxury travelers', 'road trip']","['Restrooms', 'Information Desk', 'Restaurant', 'Souvenir Shop', 'First Aid Station', 'Luggage Storage', 'private tours', 'skip the line passes', 'VIP exclusive events', 'parking']"
36,Bangalore,India,Nature/Scenery/Park,Green Valley Dino Trail,"Green Valley Dino Trail is a nature in Bangalore, India, popular for its natural scenery and relaxing atmosphere. Entry fee is 4.36 USD. Recommended visit: 3 hours. Discover Green Valley Dino Trail, a peaceful nature in Bangalore, India, ideal for nature lovers. Open 08:00-18:00, entry 4.36 USD.",4.36,08:00-18:00,3 hours,3.7,"264-12-8, Minami-Odaiba, Minato City, Bangalore",12.987561128886965,77.68029312066373,"['nightlife enthusiast', 'solo women', 'couples trip']","['Restrooms', 'Information Desk', 'Restaurant', 'Souvenir Shop', 'First Aid Station', 'Luggage Storage', 'night markets', 'bars', 'evening shows', 'group tours', 'security', 'scenic spots', 'sunset cruises', 'special couples experiences']"
37,Bangalore,India,Nature/Scenery/Park,Silicon Heights Skyline,"Silicon Heights Skyline is a nature in Bangalore, India, popular for its natural scenery and relaxing atmosphere. Entry fee is 6.72 USD. Recommended visit: 3 hours. Discover Silicon Heights Skyline, a peaceful nature in Bangalore, India, ideal for nature lovers. Open 18:00-21:00, entry 6.72 USD.",6.72,18:00-21:00,3 hours,3.7,"317 Nong Khai Road, Bangalore",12.94214783494632,77.63129122278606,"['photography', 'luxury travelers', 'business travelers']","['Restrooms', 'Information Desk', 'Restaurant', 'Souvenir Shop', 'First Aid Station', 'Luggage Storage', 'photo spots', 'guided photo tours', 'charging stations', 'private tours', 'skip the line passes', 'VIP exclusive events', 'High speed WiFi']"
38,Bangalore,India,Nature/Scenery/Park,Velavara Green Haven,"Velavara Green Haven is a nature in Bangalore, India, popular for its natural scenery and relaxing atmosphere. Entry fee is 11.05 USD. Recommended visit: 3 hours. Discover Velavara Green Haven, a peaceful nature in Bangalore, India, ideal for nature lovers. Open 09:00-17:30, entry 11.05 USD.",11.05,09:00-17:30,3 hours,3.7,"526 Shibuya Crossing Street, Shibuya Ward, Bangalore",12.867432733676518,77.64342044905639,"['with children', 'fast-paced budget travel', 'with pets']","['Restrooms', 'Information Desk', 'Restaurant', 'Souvenir Shop', 'First Aid Station', 'Luggage Storage', 'family restrooms', 'Nursing facilities', 'city passes', 'luggage storage', 'self-guided tours', 'Pet-friendly', 'pet water stations', 'Pet rest area']"
39,Bangalore,India,Nature/Scenery/Park,Green Haven Sanctuary No.2,"Green Haven Sanctuary is a nature in Bangalore, India, popular for its natural scenery and relaxing atmosphere. Entry fee is 6.17 USD. Recommended visit: 3 hours. Discover Green Haven Sanctuary, a peaceful nature in Bangalore, India, ideal for nature lovers. Open 08:30-17:00, entry 6.17 USD.",6.17,08:30-17:00,3 hours,3.7,"No. 58, Xingyuan Road, Bangalore",12.922630883915064,77.68891704309493,"['nightlife enthusiast', 'with pets', 'business travelers']","['Restrooms', 'Information Desk', 'Restaurant', 'Souvenir Shop', 'First Aid Station', 'Luggage Storage', 'night markets', 'bars', 'evening shows', 'Pet-friendly', 'pet water stations', 'Pet rest area', 'High speed WiFi']"
40,Bangalore,India,Nature/Scenery/Park,Lakeside Serenade Kayak Tour,"Lakeside Serenade Kayak Tour is a nature in Bangalore, India, popular for its natural scenery and relaxing atmosphere. Entry fee is 12.32 USD. Recommended visit: 3 hours. Discover Lakeside Serenade Kayak Tour, a peaceful nature in Bangalore, India, ideal for nature lovers. Open 09:00-17:30, entry 12.32 USD.",12.32,09:00-17:30,3 hours,3.7,"140 Gwanghwamun Street, Jongno-gu, Bangalore",13.069751795055971,77.55963612356965,['disabled traveler'],"['Restrooms', 'Information Desk', 'Restaurant', 'Souvenir Shop', 'First Aid Station', 'Luggage Storage', 'ramps', 'elevators', 'wheelchair rentals', 'accessible restrooms']"
41,Bangalore,India,Nature/Scenery/Park,Karnataka Sky Bloom Sanctuary,"Karnataka Sky Bloom Sanctuary is a nature in Bangalore, India, popular for its natural scenery and relaxing atmosphere. Entry fee is 51.08 USD. Recommended visit: 3 hours. Discover Karnataka Sky Bloom Sanctuary, a peaceful nature in Bangalore, India, ideal for nature lovers. Open 08:30-19:00, entry 51.08 USD.",51.08,08:30-19:00,3 hours,3.7,"No. 456, Waterfront Road, Bangalore",12.846264381616257,77.56371635244875,"['fast-paced budget travel', 'solo women', 'disabled traveler']","['Restrooms', 'Information Desk', 'Restaurant', 'Souvenir Shop', 'First Aid Station', 'Luggage Storage', 'city passes', 'luggage storage', 'self-guided tours', 'group tours', 'security', 'ramps', 'elevators', 'wheelchair rentals', 'accessible restrooms']"
42,Bangalore,India,Nature/Scenery/Park,Mysore-Style Canoe Escapade in Green Haven,"Mysore-Style Canoe Escapade in Green Haven is a nature in Bangalore, India, popular for its natural scenery and relaxing atmosphere. Entry fee is 14.98 USD. Recommended visit: 3 hours. Discover Mysore-Style Canoe Escapade in Green Haven, a peaceful nature in Bangalore, India, ideal for nature lovers. Open 09:30-17:00, entry 14.98 USD.",14.98,09:30-17:00,3 hours,3.7,"895 Bukit Timah Road, Bangalore",12.921891922465743,77.63353679933527,"['fast-paced budget travel', 'couples trip', 'luxury travelers']","['Restrooms', 'Information Desk', 'Restaurant', 'Souvenir Shop', 'First Aid Station', 'Luggage Storage', 'city passes', 'luggage storage', 'self-guided tours', 'scenic spots', 'sunset cruises', 'special couples experiences', 'private tours', 'skip the line passes', 'VIP exclusive events']"
43,Bangalore,India,Nature/Scenery/Park,Silent Valley Bloom,"Silent Valley Bloom is a nature in Bangalore, India, popular for its natural scenery and relaxing atmosphere. Entry fee is 4.87 USD. Recommended visit: 3 hours. Discover Silent Valley Bloom, a peaceful nature in Bangalore, India, ideal for nature lovers. Open 08:00-20:00, entry 4.87 USD.",4.87,08:00-20:00,3 hours,3.7,"No. 456, Xiamen Cultural Street, Bangalore",13.069273318415693,77.58143569321454,"['nightlife enthusiast', 'foodie', 'elderly travelers']","['Restrooms', 'Information Desk', 'Restaurant', 'Souvenir Shop', 'First Aid Station', 'Luggage Storage', 'night markets', 'bars', 'evening shows', 'Food markets', 'tasting tours', 'wheelchair rental', 'benches/rest areas']"
44,Bangalore,India,Nature/Scenery/Park,Mysore Falls Eco Haven,"Mysore Falls Eco Haven is a nature in Bangalore, India, popular for its natural scenery and relaxing atmosphere. Entry fee is 13.95 USD. Recommended visit: 3 hours. Discover Mysore Falls Eco Haven, a peaceful nature in Bangalore, India, ideal for nature lovers. Open 09:00-17:30, entry 13.95 USD.",13.95,09:00-17:30,3 hours,3.7,"837 Seongsan Road, Bangalore",12.923694154904702,77.66418503837664,"['with pets', 'photography', 'disabled traveler']","['Restrooms', 'Information Desk', 'Restaurant', 'Souvenir Shop', 'First Aid Station', 'Luggage Storage', 'Pet-friendly', 'pet water stations', 'Pet rest area', 'photo spots', 'guided photo tours', 'charging stations', 'ramps', 'elevators', 'wheelchair rentals', 'accessible restrooms']"
45,Bangalore,India,Nature/Scenery/Park,Green Haven Skyline Trail,"Green Haven Skyline Trail is a nature in Bangalore, India, popular for its natural scenery and relaxing atmosphere. Entry fee is 26.32 USD. Recommended visit: 3 hours. Discover Green Haven Skyline Trail, a peaceful nature in Bangalore, India, ideal for nature lovers. Open 10:00-22:00, entry 26.32 USD.",26.32,10:00-22:00,3 hours,3.7,"868 Shibuya Crossing, Shibuya-ku, Bangalore",13.099311074905485,77.63001486002425,"['with children', 'photography', 'elderly travelers']","['Restrooms', 'Information Desk', 'Restaurant', 'Souvenir Shop', 'First Aid Station', 'Luggage Storage', 'family restrooms', 'Nursing facilities', 'photo spots', 'guided photo tours', 'charging stations', 'wheelchair rental', 'benches/rest areas']"
46,Bangalore,India,Nature/Scenery/Park,Cauvery River Dolphin Safaris,"Cauvery River Dolphin Safaris is a nature in Bangalore, India, popular for its natural scenery and relaxing atmosphere. Entry fee is 37.95 USD. Recommended visit: 3 hours. Discover Cauvery River Dolphin Safaris, a peaceful nature in Bangalore, India, ideal for nature lovers. Open 09:30-17:00, entry 37.95 USD.",37.95,09:30-17:00,3 hours,3.7,"No. 456, West Lake Cultural Avenue, Bangalore",13.077731287042072,77.63112207402268,"['solo women', 'foodie', 'business travelers']","['Restrooms', 'Information Desk', 'Restaurant', 'Souvenir Shop', 'First Aid Station', 'Luggage Storage', 'group tours', 'security', 'Food markets', 'tasting tours', 'High speed WiFi']"
47,Bangalore,India,Nature/Scenery/Park,Golden Leaf Glade,"Golden Leaf Glade is a nature in Bangalore, India, popular for its natural scenery and relaxing atmosphere. Entry fee is 7.57 USD. Recommended visit: 3 hours. Discover Golden Leaf Glade, a peaceful nature in Bangalore, India, ideal for nature lovers. Open 08:30-20:00, entry 7.57 USD.",7.57,08:30-20:00,3 hours,3.7,"881 Seaside Promenade, Bangalore",12.941342089136004,77.63347994289755,"['couples trip', 'foodie', 'road trip']","['Restrooms', 'Information Desk', 'Restaurant', 'Souvenir Shop', 'First Aid Station', 'Luggage Storage', 'scenic spots', 'sunset cruises', 'special couples experiences', 'Food markets', 'tasting tours', 'parking']"
48,Bangalore,India,Nature/Scenery/Park,Mysore Grove Sanctuary,"Mysore Grove Sanctuary is a nature in Bangalore, India, popular for its natural scenery and relaxing atmosphere. Entry fee is 17.5 USD. Recommended visit: 3 hours. Discover Mysore Grove Sanctuary, a peaceful nature in Bangalore, India, ideal for nature lovers. Open 10:00-18:00, entry 17.5 USD.",17.5,10:00-18:00,3 hours,3.7,"170-8734 Shibuya City, Bangalore",13.049161231708498,77.52158227211511,"['nightlife enthusiast', 'road trip', 'business travelers']","['Restrooms', 'Information Desk', 'Restaurant', 'Souvenir Shop', 'First Aid Station', 'Luggage Storage', 'night markets', 'bars', 'evening shows', 'parking', 'High speed WiFi']"
49,Bangalore,India,Nature/Scenery/Park,Green Haven Wildlife Retreat,"Green Haven Wildlife Retreat is a nature in Bangalore, India, popular for its natural scenery and relaxing atmosphere. Entry fee is 1.4 USD. Recommended visit: 3 hours. Discover Green Haven Wildlife Retreat, a peaceful nature in Bangalore, India, ideal for nature lovers. Open 09:00-19:00, entry 1.4 USD.",1.4,09:00-19:00,3 hours,3.7,"505 Nishi-Nakamichi, Chuo Ward, Bangalore",12.940714497217895,77.55102769958974,"['photography', 'luxury travelers']","['Restrooms', 'Information Desk', 'Restaurant', 'Souvenir Shop', 'First Aid Station', 'Luggage Storage', 'photo spots', 'guided photo tours', 'charging stations', 'private tours', 'skip the line passes', 'VIP exclusive events']"
50,Bangalore,India,Theme Park/Amusement Park,Fantasy Nights Adventure Park,"Fantasy Nights Adventure Park is a theme park in Bangalore, India, popular for its memorable experiences. Entry fee is 17.6 USD. Recommended visit: 6 hours. Discover Fantasy Nights Adventure Park, a notable theme park in Bangalore, India, ideal for visitors. Open 10:00-22:00, entry 17.6 USD.",17.6,10:00-22:00,6 hours,3.75,"494 Northern Promenade, Bangalore",13.053590800598956,77.53634389857835,"['photography', 'foodie', 'road trip']","['Restrooms', 'Information Desk', 'Restaurant', 'Souvenir Shop', 'First Aid Station', 'Luggage Storage', 'photo spots', 'guided photo tours', 'charging stations', 'Food markets', 'tasting tours', 'parking']"
51,Bangalore,India,Theme Park/Amusement Park,Velugu Dreamland,"Velugu Dreamland is a theme park in Bangalore, India, popular for its memorable experiences. Entry fee is 6.56 USD. Recommended visit: 8 hours. Discover Velugu Dreamland, a notable theme park in Bangalore, India, ideal for visitors. Open 10:00-22:00, entry 6.56 USD.",6.56,10:00-22:00,8 hours,3.75,"717 Sakura Street, Bangalore",12.884247487835776,77.67159423508924,"['luxury travelers', 'business travelers']","['Restrooms', 'Information Desk', 'Restaurant', 'Souvenir Shop', 'First Aid Station', 'Luggage Storage', 'private tours', 'skip the line passes', 'VIP exclusive events', 'High speed WiFi']"
52,Bangalore,India,Theme Park/Amusement Park,FunNest Bangalore,"FunNest Bangalore is a theme park in Bangalore, India, popular for its memorable experiences. Entry fee is 67.2 USD. Recommended visit: 6 hours. Discover FunNest Bangalore, a notable theme park in Bangalore, India, ideal for visitors. Open 09:00-18:00, entry 67.2 USD.",67.2,09:00-18:00,6 hours,3.75,"519 Shirokane-dai, Shibuya City, Bangalore",13.010175048176349,77.63696597392408,"['with pets', 'elderly travelers', 'road trip']","['Restrooms', 'Information Desk', 'Restaurant', 'Souvenir Shop', 'First Aid Station', 'Luggage Storage', 'Pet-friendly', 'pet water stations', 'Pet rest area', 'wheelchair rental', 'benches/rest areas', 'parking']"
53,Bangalore,India,Theme Park/Amusement Park,Tropical Tide Explorer,"Tropical Tide Explorer is a theme park in Bangalore, India, popular for its memorable experiences. Entry fee is 28.0 USD. Recommended visit: 8 hours. Discover Tropical Tide Explorer, a notable theme park in Bangalore, India, ideal for visitors. Open 09:30-21:00, entry 28.0 USD.",28.0,09:30-21:00,8 hours,3.75,"408 Shinsaibashi Dori, Chuo Ward, Bangalore",12.98953787404463,77.59602640136865,"['solo women', 'photography', 'couples trip']","['Restrooms', 'Information Desk', 'Restaurant', 'Souvenir Shop', 'First Aid Station', 'Luggage Storage', 'group tours', 'security', 'photo spots', 'guided photo tours', 'charging stations', 'scenic spots', 'sunset cruises', 'special couples experiences']"
54,Bangalore,India,Theme Park/Amusement Park,TerraQuest Innovation Hub,"TerraQuest Innovation Hub is a theme park in Bangalore, India, popular for its memorable experiences. Entry fee is 26.46 USD. Recommended visit: 8 hours. Discover TerraQuest Innovation Hub, a notable theme park in Bangalore, India, ideal for visitors. Open 10:00-20:00, entry 26.46 USD.",26.46,10:00-20:00,8 hours,3.75,"817 Seaside Promenade, Bangalore",12.952471312245931,77.52330904436818,"['nightlife enthusiast', 'with children', 'fast-paced budget travel']","['Restrooms', 'Information Desk', 'Restaurant', 'Souvenir Shop', 'First Aid Station', 'Luggage Storage', 'night markets', 'bars', 'evening shows', 'family restrooms', 'Nursing facilities', 'city passes', 'luggage storage', 'self-guided tours']"
55,Bangalore,India,Theme Park/Amusement Park,Karnataka Brick Quest,"Karnataka Brick Quest is a theme park in Bangalore, India, popular for its memorable experiences. Entry fee is 11.89 USD. Recommended visit: 6 hours. Discover Karnataka Brick Quest, a notable theme park in Bangalore, India, ideal for visitors. Open 08:00-23:00, entry 11.89 USD.",11.89,08:00-23:00,6 hours,3.75,"572 Suthep Road, Bangalore",13.102716863039102,77.5881541753816,"['with pets', 'couples trip', 'business travelers']","['Restrooms', 'Information Desk', 'Restaurant', 'Souvenir Shop', 'First Aid Station', 'Luggage Storage', 'Pet-friendly', 'pet water stations', 'Pet rest area', 'scenic spots', 'sunset cruises', 'special couples experiences', 'High speed WiFi']"
56,Bangalore,India,Theme Park/Amusement Park,Cool Valley Adventure Hub,"Cool Valley Adventure Hub is a theme park in Bangalore, India, popular for its memorable experiences. Entry fee is 7.4 USD. Recommended visit: 8 hours. Discover Cool Valley Adventure Hub, a notable theme park in Bangalore, India, ideal for visitors. Open 08:30-17:00, entry 7.4 USD.",7.4,08:30-17:00,8 hours,3.75,"504 Shirokane-dai, Minato City, Bangalore",12.96926096106442,77.56137949148994,"['luxury travelers', 'business travelers']","['Restrooms', 'Information Desk', 'Restaurant', 'Souvenir Shop', 'First Aid Station', 'Luggage Storage', 'private tours', 'skip the line passes', 'VIP exclusive events', 'High speed WiFi']"
57,Bangalore,India,Theme Park/Amusement Park,SkyHorizon Bangalore Vista,"SkyHorizon Bangalore Vista is a theme park in Bangalore, India, popular for its memorable experiences. Entry fee is 10.15 USD. Recommended visit: 7 hours. Discover SkyHorizon Bangalore Vista, a notable theme park in Bangalore, India, ideal for visitors. Open 08:30-17:30, entry 10.15 USD.",10.15,08:30-17:30,7 hours,3.75,"773 Shinjuku Skywalk, Shinjuku, Bangalore",13.01336792047803,77.56629054307919,"['with children', 'fast-paced budget travel', 'photography']","['Restrooms', 'Information Desk', 'Restaurant', 'Souvenir Shop', 'First Aid Station', 'Luggage Storage', 'family restrooms', 'Nursing facilities', 'city passes', 'luggage storage', 'self-guided tours', 'photo spots', 'guided photo tours', 'charging stations']"
58,Bangalore,India,Theme Park/Amusement Park,Silicon Valley Adventure Hub,"Silicon Valley Adventure Hub is a theme park in Bangalore, India, popular for its memorable experiences. Entry fee is 14.0 USD. Recommended visit: 8 hours. Discover Silicon Valley Adventure Hub, a notable theme park in Bangalore, India, ideal for visitors. Open 20:00-05:00, entry 14.0 USD.",14.0,20:00-05:00,8 hours,3.75,"691 Seaside Promenade, Bangalore",13.016090196612955,77.66451540675459,"['with children', 'solo women', 'business travelers']","['Restrooms', 'Information Desk', 'Restaurant', 'Souvenir Shop', 'First Aid Station', 'Luggage Storage', 'family restrooms', 'Nursing facilities', 'group tours', 'security', 'High speed WiFi']"
59,Bangalore,India,Theme Park/Amusement Park,Skyline Adventure Hub,"Skyline Adventure Hub is a theme park in Bangalore, India, popular for its memorable experiences. Entry fee is 19.55 USD. Recommended visit: 7 hours. Discover Skyline Adventure Hub, a notable theme park in Bangalore, India, ideal for visitors. Open 10:00-22:00, entry 19.55 USD.",19.55,10:00-22:00,7 hours,3.75,"584 Sukhumvit Road, Bangalore",12.99069682928178,77.6479886883884,"['fast-paced budget travel', 'disabled traveler', 'road trip']","['Restrooms', 'Information Desk', 'Restaurant', 'Souvenir Shop', 'First Aid Station', 'Luggage Storage', 'city passes', 'luggage storage', 'self-guided tours', 'ramps', 'elevators', 'wheelchair rentals', 'accessible restrooms', 'parking']"
60,Bangalore,India,Theme Park/Amusement Park,Velvet Vortex Adventure,"Velvet Vortex Adventure is a theme park in Bangalore, India, popular for its memorable experiences. Entry fee is 41.86 USD. Recommended visit: 8 hours. Discover Velvet Vortex Adventure, a notable theme park in Bangalore, India, ideal for visitors. Open 08:00-00:00, entry 41.86 USD.",41.86,08:00-00:00,8 hours,3.75,"775-876 Nishi 4-chome, Bangalore",12.892274615007969,77.56613635918285,"['fast-paced budget travel', 'with pets', 'business travelers']","['Restrooms', 'Information Desk', 'Restaurant', 'Souvenir Shop', 'First Aid Station', 'Luggage Storage', 'city passes', 'luggage storage', 'self-guided tours', 'Pet-friendly', 'pet water stations', 'Pet rest area', 'High speed WiFi']"
61,Bangalore,India,Theme Park/Amusement Park,Velvet Rapids Adventure Zone,"Velvet Rapids Adventure Zone is a theme park in Bangalore, India, popular for its memorable experiences. Entry fee is 18.98 USD. Recommended visit: 7 hours. Discover Velvet Rapids Adventure Zone, a notable theme park in Bangalore, India, ideal for visitors. Open 09:00-21:00, entry 18.98 USD.",18.98,09:00-21:00,7 hours,3.75,"747 Seiryo-cho, Bangalore",12.881360653731027,77.5972900732268,"['with children', 'with pets', 'road trip']","['Restrooms', 'Information Desk', 'Restaurant', 'Souvenir Shop', 'First Aid Station', 'Luggage Storage', 'family restrooms', 'Nursing facilities', 'Pet-friendly', 'pet water stations', 'Pet rest area', 'parking']"
62,Bangalore,India,Theme Park/Amusement Park,Karnataka Brick Quest No.2,"Karnataka Brick Quest is a theme park in Bangalore, India, popular for its memorable experiences. Entry fee is 49.0 USD. Recommended visit: 8 hours. Discover Karnataka Brick Quest, a notable theme park in Bangalore, India, ideal for visitors. Open 09:00-18:00, entry 49.0 USD.",49.0,09:00-18:00,8 hours,3.75,"989 Sakura Street, Chuo Ward, Bangalore",12.966169458833662,77.71818457885583,['nightlife enthusiast'],"['Restrooms', 'Information Desk', 'Restaurant', 'Souvenir Shop', 'First Aid Station', 'Luggage Storage', 'night markets', 'bars', 'evening shows']"
63,Bangalore,India,Theme Park/Amusement Park,Karnataka Quest Adventure Hub,"Karnataka Quest Adventure Hub is a theme park in Bangalore, India, popular for its memorable experiences. Entry fee is 1654.66 USD. Recommended visit: 7 hours. Discover Karnataka Quest Adventure Hub, a notable theme park in Bangalore, India, ideal for visitors. Open 10:00-22:00, entry 1654.66 USD.",1654.66,10:00-22:00,7 hours,3.75,"522 Sakura Street, Chuo Ward, Bangalore",12.937152358282525,77.5464770243461,"['fast-paced budget travel', 'foodie', 'disabled traveler']","['Restrooms', 'Information Desk', 'Restaurant', 'Souvenir Shop', 'First Aid Station', 'Luggage Storage', 'city passes', 'luggage storage', 'self-guided tours', 'Food markets', 'tasting tours', 'ramps', 'elevators', 'wheelchair rentals', 'accessible restrooms']"
64,Bangalore,India,Theme Park/Amusement Park,Skyward Voyage Ticketing Center,"Skyward Voyage Ticketing Center is a theme park in Bangalore, India, popular for its memorable experiences. Entry fee is 22.56 USD. Recommended visit: 8 hours. Discover Skyward Voyage Ticketing Center, a notable theme park in Bangalore, India, ideal for visitors. Open 09:00-17:30, entry 22.56 USD.",22.56,09:00-17:30,8 hours,3.75,"315-12-8 Shibuya, Shibuya City, Bangalore",12.967505890717424,77.71195460267595,"['solo women', 'business travelers']","['Restrooms', 'Information Desk', 'Restaurant', 'Souvenir Shop', 'First Aid Station', 'Luggage Storage', 'group tours', 'security', 'High speed WiFi']"
65,Bangalore,India,Theme Park/Amusement Park,Silicon Valley Quest Adventure,"Silicon Valley Quest Adventure is a theme park in Bangalore, India, popular for its memorable experiences. Entry fee is 5.52 USD. Recommended visit: 8 hours. Discover Silicon Valley Quest Adventure, a notable theme park in Bangalore, India, ideal for visitors. Open 09:00-17:30, entry 5.52 USD.",5.52,09:00-17:30,8 hours,3.75,"590 Suthep Road, Bangalore",13.010339797179324,77.7045975074157,"['solo women', 'elderly travelers', 'business travelers']","['Restrooms', 'Information Desk', 'Restaurant', 'Souvenir Shop', 'First Aid Station', 'Luggage Storage', 'group tours', 'security', 'wheelchair rental', 'benches/rest areas', 'High speed WiFi']"
66,Bangalore,India,Theme Park/Amusement Park,Vortex Adventure Hub,"Vortex Adventure Hub is a theme park in Bangalore, India, popular for its memorable experiences. Entry fee is 32.62 USD. Recommended visit: 6 hours. Discover Vortex Adventure Hub, a notable theme park in Bangalore, India, ideal for visitors. Open 10:00-19:00, entry 32.62 USD.",32.62,10:00-19:00,6 hours,3.75,"396-8 Nishi-Shinjuku 1-chome, Shinjuku City, Bangalore",13.04926995048875,77.57206666536337,"['luxury travelers', 'disabled traveler', 'road trip']","['Restrooms', 'Information Desk', 'Restaurant', 'Souvenir Shop', 'First Aid Station', 'Luggage Storage', 'private tours', 'skip the line passes', 'VIP exclusive events', 'ramps', 'elevators', 'wheelchair rentals', 'accessible restrooms', 'parking']"
67,Bangalore,India,Theme Park/Amusement Park,Echoes of the Future: Bangalore 2045 Experience,"Echoes of the Future: Bangalore 2045 Experience is a theme park in Bangalore, India, popular for its memorable experiences. Entry fee is 9.28 USD. Recommended visit: 6 hours. Discover Echoes of the Future: Bangalore 2045 Experience, a notable theme park in Bangalore, India, ideal for visitors. Open 09:00-17:00, entry 9.28 USD.",9.28,09:00-17:00,6 hours,3.75,"229 Shinsaibashi Dori, Chuo Ward, Bangalore",12.92921749912496,77.51652108404853,"['nightlife enthusiast', 'with children', 'solo women']","['Restrooms', 'Information Desk', 'Restaurant', 'Souvenir Shop', 'First Aid Station', 'Luggage Storage', 'night markets', 'bars', 'evening shows', 'family restrooms', 'Nursing facilities', 'group tours', 'security']"
68,Bangalore,India,Theme Park/Amusement Park,SkyLakes Adventure Hub,"SkyLakes Adventure Hub is a theme park in Bangalore, India, popular for its memorable experiences. Entry fee is 16.79 USD. Recommended visit: 8 hours. Discover SkyLakes Adventure Hub, a notable theme park in Bangalore, India, ideal for visitors. Open 08:00-22:30, entry 16.79 USD.",16.79,08:00-22:30,8 hours,3.75,"No. 456, Riverside Park, Bangalore",12.928530289741476,77.54163905156284,"['luxury travelers', 'elderly travelers']","['Restrooms', 'Information Desk', 'Restaurant', 'Souvenir Shop', 'First Aid Station', 'Luggage Storage', 'private tours', 'skip the line passes', 'VIP exclusive events', 'wheelchair rental', 'benches/rest areas']"
69,Bangalore,India,Theme Park/Amusement Park,Eclipse Forest Adventure,"Eclipse Forest Adventure is a theme park in Bangalore, India, popular for its memorable experiences. Entry fee is 59.69 USD. Recommended visit: 7 hours. Discover Eclipse Forest Adventure, a notable theme park in Bangalore, India, ideal for visitors. Open 09:00-17:30, entry 59.69 USD.",59.69,09:00-17:30,7 hours,3.75,"446 Marina Bay Sands, Bangalore",13.048412321794933,77.6655411513521,"['nightlife enthusiast', 'luxury travelers', 'elderly travelers']","['Restrooms', 'Information Desk', 'Restaurant', 'Souvenir Shop', 'First Aid Station', 'Luggage Storage', 'night markets', 'bars', 'evening shows', 'private tours', 'skip the line passes', 'VIP exclusive events', 'wheelchair rental', 'benches/rest areas']"
70,Bangalore,India,Theme Park/Amusement Park,Karnataka Quest Adventure Park,"Karnataka Quest Adventure Park is a theme park in Bangalore, India, popular for its memorable experiences. Entry fee is 15.98 USD. Recommended visit: 6 hours. Discover Karnataka Quest Adventure Park, a notable theme park in Bangalore, India, ideal for visitors. Open 08:00-22:00, entry 15.98 USD.",15.98,08:00-22:00,6 hours,3.75,"946/18 Rachadaphisek Road, Pathumwan, Bangalore",12.96130694613366,77.65384029101943,"['couples trip', 'luxury travelers', 'road trip']","['Restrooms', 'Information Desk', 'Restaurant', 'Souvenir Shop', 'First Aid Station', 'Luggage Storage', 'scenic spots', 'sunset cruises', 'special couples experiences', 'private tours', 'skip the line passes', 'VIP exclusive events', 'parking']"
71,Bangalore,India,Theme Park/Amusement Park,Lakeside Crystal Carnival,"Lakeside Crystal Carnival is a theme park in Bangalore, India, popular for its memorable experiences. Entry fee is 44.17 USD. Recommended visit: 7 hours. Discover Lakeside Crystal Carnival, a notable theme park in Bangalore, India, ideal for visitors. Open 10:00-22:00, entry 44.17 USD.",44.17,10:00-22:00,7 hours,3.75,"522 Sakura Street, Chuo Ward, Bangalore",12.861251680877466,77.58690727852584,"['photography', 'couples trip']","['Restrooms', 'Information Desk', 'Restaurant', 'Souvenir Shop', 'First Aid Station', 'Luggage Storage', 'photo spots', 'guided photo tours', 'charging stations', 'scenic spots', 'sunset cruises', 'special couples experiences']"
72,Bangalore,India,Theme Park/Amusement Park,Karnataka Night Explorers,"Karnataka Night Explorers is a theme park in Bangalore, India, popular for its memorable experiences. Entry fee is 171.36 USD. Recommended visit: 6 hours. Discover Karnataka Night Explorers, a notable theme park in Bangalore, India, ideal for visitors. Open 09:00-17:30, entry 171.36 USD.",171.36,09:00-17:30,6 hours,3.75,"175 Sakura Street, Bangalore",13.089648107485695,77.56264579488258,"['foodie', 'elderly travelers', 'road trip']","['Restrooms', 'Information Desk', 'Restaurant', 'Souvenir Shop', 'First Aid Station', 'Luggage Storage', 'Food markets', 'tasting tours', 'wheelchair rental', 'benches/rest areas', 'parking']"
73,Bangalore,India,Theme Park/Amusement Park,Vibrant Vortex Entertainment Hub,"Vibrant Vortex Entertainment Hub is a theme park in Bangalore, India, popular for its memorable experiences. Entry fee is 6.99 USD. Recommended visit: 6 hours. Discover Vibrant Vortex Entertainment Hub, a notable theme park in Bangalore, India, ideal for visitors. Open 09:00-18:00, entry 6.99 USD.",6.99,09:00-18:00,6 hours,3.75,"No. 456 Cultural Avenue, Bangalore",13.010431939260284,77.77051806162017,"['foodie', 'solo women', 'luxury travelers']","['Restrooms', 'Information Desk', 'Restaurant', 'Souvenir Shop', 'First Aid Station', 'Luggage Storage', 'Food markets', 'tasting tours', 'group tours', 'security', 'private tours', 'skip the line passes', 'VIP exclusive events']"
74,Bangalore,India,Theme Park/Amusement Park,Tropical Treetop Quest,"Tropical Treetop Quest is a theme park in Bangalore, India, popular for its memorable experiences. Entry fee is 89.6 USD. Recommended visit: 7 hours. Discover Tropical Treetop Quest, a notable theme park in Bangalore, India, ideal for visitors. Open 10:00-22:00, entry 89.6 USD.",89.6,10:00-22:00,7 hours,3.75,"No. 588, Huafeng Road, Bangalore",12.990869954729682,77.72973440819676,"['with children', 'with pets', 'business travelers']","['Restrooms', 'Information Desk', 'Restaurant', 'Souvenir Shop', 'First Aid Station', 'Luggage Storage', 'family restrooms', 'Nursing facilities', 'Pet-friendly', 'pet water stations', 'Pet rest area', 'High speed WiFi']"
75,Bangalore,India,Theme Park/Amusement Park,Skyline Velocity Adventure Bus with 1-Day Pass,"Skyline Velocity Adventure Bus with 1-Day Pass is a theme park in Bangalore, India, popular for its memorable experiences. Entry fee is 39.62 USD. Recommended visit: 7 hours. Discover Skyline Velocity Adventure Bus with 1-Day Pass, a notable theme park in Bangalore, India, ideal for visitors. Open 09:00-20:00, entry 39.62 USD.",39.62,09:00-20:00,7 hours,3.75,"494 Orchard Road, Bangalore",13.136457648671644,77.5770251020952,['luxury travelers'],"['Restrooms', 'Information Desk', 'Restaurant', 'Souvenir Shop', 'First Aid Station', 'Luggage Storage', 'private tours', 'skip the line passes', 'VIP exclusive events']"
76,Bangalore,India,Theme Park/Amusement Park,SkyDrive Bangalore Adventure Park,"SkyDrive Bangalore Adventure Park is a theme park in Bangalore, India, popular for its memorable experiences. Entry fee is 22.09 USD. Recommended visit: 6 hours. Discover SkyDrive Bangalore Adventure Park, a notable theme park in Bangalore, India, ideal for visitors. Open 08:00-22:00, entry 22.09 USD.",22.09,08:00-22:00,6 hours,3.75,"249-8654 Shibuya, Bangalore",13.011584260026432,77.6062276271315,"['nightlife enthusiast', 'with pets', 'elderly travelers']","['Restrooms', 'Information Desk', 'Restaurant', 'Souvenir Shop', 'First Aid Station', 'Luggage Storage', 'night markets', 'bars', 'evening shows', 'Pet-friendly', 'pet water stations', 'Pet rest area', 'wheelchair rental', 'benches/rest areas']"
77,Bangalore,India,Theme Park/Amusement Park,Velvet Mirage Park,"Velvet Mirage Park is a theme park in Bangalore, India, popular for its memorable experiences. Entry fee is 20.67 USD. Recommended visit: 6 hours. Discover Velvet Mirage Park, a notable theme park in Bangalore, India, ideal for visitors. Open 09:00-18:00, entry 20.67 USD.",20.67,09:00-18:00,6 hours,3.75,"926 Siam Road, Bangalore",13.045287566537036,77.62766908868552,"['with pets', 'elderly travelers', 'business travelers']","['Restrooms', 'Information Desk', 'Restaurant', 'Souvenir Shop', 'First Aid Station', 'Luggage Storage', 'Pet-friendly', 'pet water stations', 'Pet rest area', 'wheelchair rental', 'benches/rest areas', 'High speed WiFi']"
78,Bangalore,India,Theme Park/Amusement Park,Bangalore Skyline Baseball Adventure,"Bangalore Skyline Baseball Adventure is a theme park in Bangalore, India, popular for its memorable experiences. Entry fee is 13.72 USD. Recommended visit: 8 hours. Discover Bangalore Skyline Baseball Adventure, a notable theme park in Bangalore, India, ideal for visitors. Open 09:30-17:00, entry 13.72 USD.",13.72,09:30-17:00,8 hours,3.75,"617-8745 Shibuya, Bangalore",13.04225350466766,77.63103654593374,"['solo women', 'photography', 'road trip']","['Restrooms', 'Information Desk', 'Restaurant', 'Souvenir Shop', 'First Aid Station', 'Luggage Storage', 'group tours', 'security', 'photo spots', 'guided photo tours', 'charging stations', 'parking']"
79,Bangalore,India,Theme Park/Amusement Park,Green Valley Dino Quest,"Green Valley Dino Quest is a theme park in Bangalore, India, popular for its memorable experiences. Entry fee is 53.2 USD. Recommended visit: 7 hours. Discover Green Valley Dino Quest, a notable theme park in Bangalore, India, ideal for visitors. Open 10:00-20:00, entry 53.2 USD.",53.2,10:00-20:00,7 hours,3.75,"742 Shirokane Street, Chuo Ward, Bangalore",12.975726862326352,77.70430802746293,['business travelers'],"['Restrooms', 'Information Desk', 'Restaurant', 'Souvenir Shop', 'First Aid Station', 'Luggage Storage', 'High speed WiFi']"
80,Bangalore,India,Theme Park/Amusement Park,Karnataka Skyline Adventure Hub,"Karnataka Skyline Adventure Hub is a theme park in Bangalore, India, popular for its memorable experiences. Entry fee is 54.32 USD. Recommended visit: 8 hours. Discover Karnataka Skyline Adventure Hub, a notable theme park in Bangalore, India, ideal for visitors. Open 09:00-18:00, entry 54.32 USD.",54.32,09:00-18:00,8 hours,3.75,"No. 456, Haiyuan Road, Bangalore",12.96262131768658,77.62370174288344,"['nightlife enthusiast', 'fast-paced budget travel', 'disabled traveler']","['Restrooms', 'Information Desk', 'Restaurant', 'Souvenir Shop', 'First Aid Station', 'Luggage Storage', 'night markets', 'bars', 'evening shows', 'city passes', 'luggage storage', 'self-guided tours', 'ramps', 'elevators', 'wheelchair rentals', 'accessible restrooms']"
81,Bangalore,India,Theme Park/Amusement Park,Neon Horizons: Echoes of Tomorrow,"Neon Horizons: Echoes of Tomorrow is a theme park in Bangalore, India, popular for its memorable experiences. Entry fee is 31.01 USD. Recommended visit: 6 hours. Discover Neon Horizons: Echoes of Tomorrow, a notable theme park in Bangalore, India, ideal for visitors. Open 09:00-18:00, entry 31.01 USD.",31.01,09:00-18:00,6 hours,3.75,"156 Queen's Road Central, Bangalore",13.023859147742291,77.63773837203125,"['solo women', 'with pets', 'luxury travelers']","['Restrooms', 'Information Desk', 'Restaurant', 'Souvenir Shop', 'First Aid Station', 'Luggage Storage', 'group tours', 'security', 'Pet-friendly', 'pet water stations', 'Pet rest area', 'private tours', 'skip the line passes', 'VIP exclusive events']"
82,Bangalore,India,Theme Park/Amusement Park,InnoQuest Hub,"InnoQuest Hub is a theme park in Bangalore, India, popular for its memorable experiences. Entry fee is 24.66 USD. Recommended visit: 7 hours. Discover InnoQuest Hub, a notable theme park in Bangalore, India, ideal for visitors. Open 10:00-21:00, entry 24.66 USD.",24.66,10:00-21:00,7 hours,3.75,"733 Thaweewong Road, Bangalore",12.947180430748745,77.64149169103862,"['fast-paced budget travel', 'disabled traveler']","['Restrooms', 'Information Desk', 'Restaurant', 'Souvenir Shop', 'First Aid Station', 'Luggage Storage', 'city passes', 'luggage storage', 'self-guided tours', 'ramps', 'elevators', 'wheelchair rentals', 'accessible restrooms']"
83,Bangalore,India,Theme Park/Amusement Park,Bangalore Aquatic Adventure Hub,"Bangalore Aquatic Adventure Hub is a theme park in Bangalore, India, popular for its memorable experiences. Entry fee is 37.52 USD. Recommended visit: 7 hours. Discover Bangalore Aquatic Adventure Hub, a notable theme park in Bangalore, India, ideal for visitors. Open 09:00-17:30, entry 37.52 USD.",37.52,09:00-17:30,7 hours,3.75,"Lantau Island Nature Reserve, Bangalore",12.942837299912949,77.52286045640344,"['fast-paced budget travel', 'disabled traveler', 'road trip']","['Restrooms', 'Information Desk', 'Restaurant', 'Souvenir Shop', 'First Aid Station', 'Luggage Storage', 'city passes', 'luggage storage', 'self-guided tours', 'ramps', 'elevators', 'wheelchair rentals', 'accessible restrooms', 'parking']"
84,Bangalore,India,Theme Park/Amusement Park,Karnataka Jungle Quest,"Karnataka Jungle Quest is a theme park in Bangalore, India, popular for its memorable experiences. Entry fee is 12.7 USD. Recommended visit: 7 hours. Discover Karnataka Jungle Quest, a notable theme park in Bangalore, India, ideal for visitors. Open 08:30-19:00, entry 12.7 USD.",12.7,08:30-19:00,7 hours,3.75,"531-11-15 Minami-Azabu, Minato City, Bangalore",12.964601506311396,77.72458636548077,"['with pets', 'elderly travelers', 'business travelers']","['Restrooms', 'Information Desk', 'Restaurant', 'Souvenir Shop', 'First Aid Station', 'Luggage Storage', 'Pet-friendly', 'pet water stations', 'Pet rest area', 'wheelchair rental', 'benches/rest areas', 'High speed WiFi']"
85,Bangalore,India,Theme Park/Amusement Park,Echoes of the Valley Adventure Park,"Echoes of the Valley Adventure Park is a theme park in Bangalore, India, popular for its memorable experiences. Entry fee is 29.85 USD. Recommended visit: 8 hours. Discover Echoes of the Valley Adventure Park, a notable theme park in Bangalore, India, ideal for visitors. Open 09:00-17:30, entry 29.85 USD.",29.85,09:00-17:30,8 hours,3.75,"719 Siam Road, Bangalore",12.933550336032113,77.51298304917623,"['with pets', 'foodie', 'business travelers']","['Restrooms', 'Information Desk', 'Restaurant', 'Souvenir Shop', 'First Aid Station', 'Luggage Storage', 'Pet-friendly', 'pet water stations', 'Pet rest area', 'Food markets', 'tasting tours', 'High speed WiFi']"
86,Bangalore,India,Theme Park/Amusement Park,Bangalore Skyline Adventure Zone,"Bangalore Skyline Adventure Zone is a theme park in Bangalore, India, popular for its memorable experiences. Entry fee is 0.37 USD. Recommended visit: 6 hours. Discover Bangalore Skyline Adventure Zone, a notable theme park in Bangalore, India, ideal for visitors. Open 08:00-22:00, entry 0.37 USD.",0.37,08:00-22:00,6 hours,3.75,"225 Shinkawa Street, Naka-ku, Bangalore",12.940740785847144,77.49978807602034,"['photography', 'with pets', 'foodie']","['Restrooms', 'Information Desk', 'Restaurant', 'Souvenir Shop', 'First Aid Station', 'Luggage Storage', 'photo spots', 'guided photo tours', 'charging stations', 'Pet-friendly', 'pet water stations', 'Pet rest area', 'Food markets', 'tasting tours']"
87,Bangalore,India,Theme Park/Amusement Park,Tinkering Kingdom,"Tinkering Kingdom is a theme park in Bangalore, India, popular for its memorable experiences. Entry fee is 23.37 USD. Recommended visit: 7 hours. Discover Tinkering Kingdom, a notable theme park in Bangalore, India, ideal for visitors. Open 09:00-18:00, entry 23.37 USD.",23.37,09:00-18:00,7 hours,3.75,"No. 118 Wangfujing Street, Bangalore",13.07055749334395,77.51669819756705,"['road trip', 'with pets', 'business travelers']","['Restrooms', 'Information Desk', 'Restaurant', 'Souvenir Shop', 'First Aid Station', 'Luggage Storage', 'parking', 'Pet-friendly', 'pet water stations', 'Pet rest area', 'High speed WiFi']"
88,Bangalore,India,Theme Park/Amusement Park,Velavere Cultural Nexus,"Velavere Cultural Nexus is a theme park in Bangalore, India, popular for its memorable experiences. Entry fee is 15.24 USD. Recommended visit: 8 hours. Discover Velavere Cultural Nexus, a notable theme park in Bangalore, India, ideal for visitors. Open 08:00-22:00, entry 15.24 USD.",15.24,08:00-22:00,8 hours,3.75,"407 Sakura Street, Nakamura-ku, Bangalore",13.0629563641073,77.50323347229882,"['with pets', 'luxury travelers', 'disabled traveler']","['Restrooms', 'Information Desk', 'Restaurant', 'Souvenir Shop', 'First Aid Station', 'Luggage Storage', 'Pet-friendly', 'pet water stations', 'Pet rest area', 'private tours', 'skip the line passes', 'VIP exclusive events', 'ramps', 'elevators', 'wheelchair rentals', 'accessible restrooms']"
89,Bangalore,India,Theme Park/Amusement Park,SkyLakes Adventure Hub No.2,"SkyLakes Adventure Hub is a theme park in Bangalore, India, popular for its memorable experiences. Entry fee is 35.0 USD. Recommended visit: 6 hours. Discover SkyLakes Adventure Hub, a notable theme park in Bangalore, India, ideal for visitors. Open 10:00-19:00, entry 35.0 USD.",35.0,10:00-19:00,6 hours,3.75,"No. 456 Cultural Plaza, Bangalore",12.929877302656513,77.5384189098827,"['nightlife enthusiast', 'solo women', 'foodie']","['Restrooms', 'Information Desk', 'Restaurant', 'Souvenir Shop', 'First Aid Station', 'Luggage Storage', 'night markets', 'bars', 'evening shows', 'group tours', 'security', 'Food markets', 'tasting tours']"
90,Bangalore,India,Theme Park/Amusement Park,Vivid Splash Haven,"Vivid Splash Haven is a theme park in Bangalore, India, popular for its memorable experiences. Entry fee is 4.06 USD. Recommended visit: 7 hours. Discover Vivid Splash Haven, a notable theme park in Bangalore, India, ideal for visitors. Open 09:00-17:30, entry 4.06 USD.",4.06,09:00-17:30,7 hours,3.75,"709 Seaside Avenue, Bangalore",13.101970689826116,77.58340031961853,"['nightlife enthusiast', 'fast-paced budget travel', 'luxury travelers']","['Restrooms', 'Information Desk', 'Restaurant', 'Souvenir Shop', 'First Aid Station', 'Luggage Storage', 'night markets', 'bars', 'evening shows', 'city passes', 'luggage storage', 'self-guided tours', 'private tours', 'skip the line passes', 'VIP exclusive events']"
91,Bangalore,India,Historic Site/Landmark,Silicon Skyline Observation Deck,"Silicon Skyline Observation Deck is a historic site in Bangalore, India, popular for its memorable experiences. Entry fee is 5.6 USD. Recommended visit: 2 hours. Discover Silicon Skyline Observation Deck, a notable historic site in Bangalore, India, ideal for visitors. Open 08:30-17:00, entry 5.6 USD.",5.6,08:30-17:00,2 hours,3.5,"396-8 Nishi-Shinjuku 1-chome, Shinjuku City, Bangalore",13.064162323478818,77.59364719188851,"['couples trip', 'luxury travelers', 'road trip']","['Restrooms', 'Information Desk', 'Restaurant', 'Souvenir Shop', 'First Aid Station', 'Luggage Storage', 'scenic spots', 'sunset cruises', 'special couples experiences', 'private tours', 'skip the line passes', 'VIP exclusive events', 'parking']"
92,Bangalore,India,Historic Site/Landmark,Karnataka Heritage Enclave,"Karnataka Heritage Enclave is a historic site in Bangalore, India, popular for its memorable experiences. Entry fee is 6.23 USD. Recommended visit: 2 hours. Discover Karnataka Heritage Enclave, a notable historic site in Bangalore, India, ideal for visitors. Open 09:30-17:00, entry 6.23 USD.",6.23,09:30-17:00,2 hours,3.5,"No. 45, Zhongshan Road, Bangalore",12.934868489630915,77.67816498479681,"['solo women', 'with pets', 'business travelers']","['Restrooms', 'Information Desk', 'Restaurant', 'Souvenir Shop', 'First Aid Station', 'Luggage Storage', 'group tours', 'security', 'Pet-friendly', 'pet water stations', 'Pet rest area', 'High speed WiFi']"
93,Bangalore,India,Historic Site/Landmark,Velavara Palace Ruins,"Velavara Palace Ruins is a historic site in Bangalore, India, popular for its memorable experiences. Entry fee is 11.68 USD. Recommended visit: 2 hours. Discover Velavara Palace Ruins, a notable historic site in Bangalore, India, ideal for visitors. Open 06:00-18:00, entry 11.68 USD.",11.68,06:00-18:00,2 hours,3.5,"841 Gwanghwamun-ro, Jongno-gu, Bangalore",12.882545385777185,77.59485022459096,"['solo women', 'foodie', 'luxury travelers']","['Restrooms', 'Information Desk', 'Restaurant', 'Souvenir Shop', 'First Aid Station', 'Luggage Storage', 'group tours', 'security', 'Food markets', 'tasting tours', 'private tours', 'skip the line passes', 'VIP exclusive events']"
94,Bangalore,India,Historic Site/Landmark,Echoes of the Royal Courts,"Echoes of the Royal Courts is a historic site in Bangalore, India, popular for its memorable experiences. Entry fee is 21.77 USD. Recommended visit: 2 hours. Discover Echoes of the Royal Courts, a notable historic site in Bangalore, India, ideal for visitors. Open 09:00-21:00, entry 21.77 USD.",21.77,09:00-21:00,2 hours,3.5,"498-8567, 3-12-12 Shinagawa, Shinagawa City, Bangalore",12.948449456310708,77.58819573769712,"['fast-paced budget travel', 'couples trip', 'luxury travelers']","['Restrooms', 'Information Desk', 'Restaurant', 'Souvenir Shop', 'First Aid Station', 'Luggage Storage', 'city passes', 'luggage storage', 'self-guided tours', 'scenic spots', 'sunset cruises', 'special couples experiences', 'private tours', 'skip the line passes', 'VIP exclusive events']"
95,Bangalore,India,Historic Site/Landmark,Bangalore Heritage Sphere,"Bangalore Heritage Sphere is a historic site in Bangalore, India, popular for its memorable experiences. Entry fee is 29.19 USD. Recommended visit: 2 hours. Discover Bangalore Heritage Sphere, a notable historic site in Bangalore, India, ideal for visitors. Open 08:30-17:30, entry 29.19 USD.",29.19,08:30-17:30,2 hours,3.5,"164 Siam Road, Bangalore",12.990002542197836,77.74127309062689,"['nightlife enthusiast', 'foodie', 'road trip']","['Restrooms', 'Information Desk', 'Restaurant', 'Souvenir Shop', 'First Aid Station', 'Luggage Storage', 'night markets', 'bars', 'evening shows', 'Food markets', 'tasting tours', 'parking']"
96,Bangalore,India,Historic Site/Landmark,Silicon Heritage and Innovation Square,"Silicon Heritage and Innovation Square is a historic site in Bangalore, India, popular for its memorable experiences. Entry fee is 2.79 USD. Recommended visit: 2 hours. Discover Silicon Heritage and Innovation Square, a notable historic site in Bangalore, India, ideal for visitors. Open 09:00-18:00, entry 2.79 USD.",2.79,09:00-18:00,2 hours,3.5,"470-8901, 3-12-5 Shibuya, Shibuya City, Bangalore",12.986302734633474,77.62832289173471,"['fast-paced budget travel', 'with pets']","['Restrooms', 'Information Desk', 'Restaurant', 'Souvenir Shop', 'First Aid Station', 'Luggage Storage', 'city passes', 'luggage storage', 'self-guided tours', 'Pet-friendly', 'pet water stations', 'Pet rest area']"
97,Bangalore,India,Historic Site/Landmark,Old Serpent Lake Trail,"Old Serpent Lake Trail is a historic site in Bangalore, India, popular for its memorable experiences. Entry fee is 16.97 USD. Recommended visit: 2 hours. Discover Old Serpent Lake Trail, a notable historic site in Bangalore, India, ideal for visitors. Open 19:30-22:30, entry 16.97 USD.",16.97,19:30-22:30,2 hours,3.5,"248 Beach Road, Bangalore",12.902271774544506,77.57606302102002,"['nightlife enthusiast', 'solo women', 'luxury travelers']","['Restrooms', 'Information Desk', 'Restaurant', 'Souvenir Shop', 'First Aid Station', 'Luggage Storage', 'night markets', 'bars', 'evening shows', 'group tours', 'security', 'private tours', 'skip the line passes', 'VIP exclusive events']"
98,Bangalore,India,Historic Site/Landmark,Cloudspire Viewing Deck,"Cloudspire Viewing Deck is a historic site in Bangalore, India, popular for its memorable experiences. Entry fee is 4.13 USD. Recommended visit: 2 hours. Discover Cloudspire Viewing Deck, a notable historic site in Bangalore, India, ideal for visitors. Open 08:30-17:00, entry 4.13 USD.",4.13,08:30-17:00,2 hours,3.5,"737 Shinsaibashi Dori, Chuo Ward, Bangalore",13.038815060797438,77.67951243555859,"['fast-paced budget travel', 'photography', 'elderly travelers']","['Restrooms', 'Information Desk', 'Restaurant', 'Souvenir Shop', 'First Aid Station', 'Luggage Storage', 'city passes', 'luggage storage', 'self-guided tours', 'photo spots', 'guided photo tours', 'charging stations', 'wheelchair rental', 'benches/rest areas']"
99,Bangalore,India,Historic Site/Landmark,Bangalore Skyline Heritage Walk,"Bangalore Skyline Heritage Walk is a historic site in Bangalore, India, popular for its memorable experiences. Entry fee is 6.85 USD. Recommended visit: 2 hours. Discover Bangalore Skyline Heritage Walk, a notable historic site in Bangalore, India, ideal for visitors. Open 09:00-17:30, entry 6.85 USD.",6.85,09:00-17:30,2 hours,3.5,"356-12, Gwanghwamun-daero, Jongno-gu, Bangalore",12.91191198640936,77.6929739325293,"['with children', 'fast-paced budget travel', 'solo women']","['Restrooms', 'Information Desk', 'Restaurant', 'Souvenir Shop', 'First Aid Station', 'Luggage Storage', 'family restrooms', 'Nursing facilities', 'city passes', 'luggage storage', 'self-guided tours', 'group tours', 'security']"
100,Bangalore,India,Historic Site/Landmark,Royal Heights Viewing Platform,"Royal Heights Viewing Platform is a historic site in Bangalore, India, popular for its memorable experiences. Entry fee is 10.59 USD. Recommended visit: 2 hours. Discover Royal Heights Viewing Platform, a notable historic site in Bangalore, India, ideal for visitors. Open 09:00-17:30, entry 10.59 USD.",10.59,09:00-17:30,2 hours,3.5,"150 Seokpo-ro, Bangalore",12.895692714890115,77.61037297802375,"['with children', 'luxury travelers', 'disabled traveler']","['Restrooms', 'Information Desk', 'Restaurant', 'Souvenir Shop', 'First Aid Station', 'Luggage Storage', 'family restrooms', 'Nursing facilities', 'private tours', 'skip the line passes', 'VIP exclusive events', 'ramps', 'elevators', 'wheelchair rentals', 'accessible restrooms']"
101,Bangalore,India,Historic Site/Landmark,Silicon Heritage Spire,"Silicon Heritage Spire is a historic site in Bangalore, India, popular for its memorable experiences. Entry fee is 160.64 USD. Recommended visit: 2 hours. Discover Silicon Heritage Spire, a notable historic site in Bangalore, India, ideal for visitors. Open 10:00-20:00, entry 160.64 USD.",160.64,10:00-20:00,2 hours,3.5,"No. 456 Skyview Avenue, Bangalore",12.933844297526148,77.52157949201798,"['nightlife enthusiast', 'photography', 'elderly travelers']","['Restrooms', 'Information Desk', 'Restaurant', 'Souvenir Shop', 'First Aid Station', 'Luggage Storage', 'night markets', 'bars', 'evening shows', 'photo spots', 'guided photo tours', 'charging stations', 'wheelchair rental', 'benches/rest areas']"
102,Bangalore,India,Historic Site/Landmark,Velugu Heritage Centre,"Velugu Heritage Centre is a historic site in Bangalore, India, popular for its memorable experiences. Entry fee is 12.6 USD. Recommended visit: 2 hours. Discover Velugu Heritage Centre, a notable historic site in Bangalore, India, ideal for visitors. Open 09:00-17:00, entry 12.6 USD.",12.6,09:00-17:00,2 hours,3.5,"940 Chalong Beach Road, Bangalore",12.852921223867096,77.57640976996343,"['with pets', 'luxury travelers', 'elderly travelers']","['Restrooms', 'Information Desk', 'Restaurant', 'Souvenir Shop', 'First Aid Station', 'Luggage Storage', 'Pet-friendly', 'pet water stations', 'Pet rest area', 'private tours', 'skip the line passes', 'VIP exclusive events', 'wheelchair rental', 'benches/rest areas']"
103,Bangalore,India,Historic Site/Landmark,Velugu Heritage Walk,"Velugu Heritage Walk is a historic site in Bangalore, India, popular for its memorable experiences. Entry fee is 114.46 USD. Recommended visit: 2 hours. Discover Velugu Heritage Walk, a notable historic site in Bangalore, India, ideal for visitors. Open 09:00-17:00, entry 114.46 USD.",114.46,09:00-17:00,2 hours,3.5,"779 Sakura Street, Bangalore",12.9757116747348,77.76794015397138,"['nightlife enthusiast', 'fast-paced budget travel', 'disabled traveler']","['Restrooms', 'Information Desk', 'Restaurant', 'Souvenir Shop', 'First Aid Station', 'Luggage Storage', 'night markets', 'bars', 'evening shows', 'city passes', 'luggage storage', 'self-guided tours', 'ramps', 'elevators', 'wheelchair rentals', 'accessible restrooms']"
104,Bangalore,India,Historic Site/Landmark,Silicon Valley Martial Arts Hall,"Silicon Valley Martial Arts Hall is a historic site in Bangalore, India, popular for its memorable experiences. Entry fee is 13.36 USD. Recommended visit: 2 hours. Discover Silicon Valley Martial Arts Hall, a notable historic site in Bangalore, India, ideal for visitors. Open 08:00-18:00, entry 13.36 USD.",13.36,08:00-18:00,2 hours,3.5,"477 Shinsaibashi Street, Chuo Ward, Bangalore",12.963907454915937,77.48821767005396,"['nightlife enthusiast', 'disabled traveler', 'road trip']","['Restrooms', 'Information Desk', 'Restaurant', 'Souvenir Shop', 'First Aid Station', 'Luggage Storage', 'night markets', 'bars', 'evening shows', 'ramps', 'elevators', 'wheelchair rentals', 'accessible restrooms', 'parking']"
105,Bangalore,India,Historic Site/Landmark,Silent Steps of Sheshadri Temple,"Silent Steps of Sheshadri Temple is a historic site in Bangalore, India, popular for its memorable experiences. Entry fee is 248.4 USD. Recommended visit: 2 hours. Discover Silent Steps of Sheshadri Temple, a notable historic site in Bangalore, India, ideal for visitors. Open 09:00-17:30, entry 248.4 USD.",248.4,09:00-17:30,2 hours,3.5,"No. 456, Cultural Square, Futian District, Bangalore",12.932236964539822,77.71913975188629,"['fast-paced budget travel', 'photography', 'foodie']","['Restrooms', 'Information Desk', 'Restaurant', 'Souvenir Shop', 'First Aid Station', 'Luggage Storage', 'city passes', 'luggage storage', 'self-guided tours', 'photo spots', 'guided photo tours', 'charging stations', 'Food markets', 'tasting tours']"
106,Bangalore,India,Historic Site/Landmark,Silk Road Heritage Centre,"Silk Road Heritage Centre is a historic site in Bangalore, India, popular for its memorable experiences. Entry fee is 15.16 USD. Recommended visit: 2 hours. Discover Silk Road Heritage Centre, a notable historic site in Bangalore, India, ideal for visitors. Open 08:30-17:00, entry 15.16 USD.",15.16,08:30-17:00,2 hours,3.5,"155/12 Moo 5, Srinakarin Road, Wattana District, Bangalore",12.85231077680398,77.60684662686006,"['with pets', 'road trip']","['Restrooms', 'Information Desk', 'Restaurant', 'Souvenir Shop', 'First Aid Station', 'Luggage Storage', 'Pet-friendly', 'pet water stations', 'Pet rest area', 'parking']"
107,Bangalore,India,Historic Site/Landmark,Golden Ridge Observation Post,"Golden Ridge Observation Post is a historic site in Bangalore, India, popular for its memorable experiences. Entry fee is 7.84 USD. Recommended visit: 2 hours. Discover Golden Ridge Observation Post, a notable historic site in Bangalore, India, ideal for visitors. Open 09:00-22:00, entry 7.84 USD.",7.84,09:00-22:00,2 hours,3.5,"741 Sakura Street, Chuo Ward, Bangalore",12.886237844678504,77.54110345989027,"['fast-paced budget travel', 'disabled traveler', 'road trip']","['Restrooms', 'Information Desk', 'Restaurant', 'Souvenir Shop', 'First Aid Station', 'Luggage Storage', 'city passes', 'luggage storage', 'self-guided tours', 'ramps', 'elevators', 'wheelchair rentals', 'accessible restrooms', 'parking']"
108,Bangalore,India,Historic Site/Landmark,Velurpet Heritage Garden,"Velurpet Heritage Garden is a historic site in Bangalore, India, popular for its memorable experiences. Entry fee is 50.54 USD. Recommended visit: 2 hours. Discover Velurpet Heritage Garden, a notable historic site in Bangalore, India, ideal for visitors. Open 09:00-17:30, entry 50.54 USD.",50.54,09:00-17:30,2 hours,3.5,"997 Seaside Promenade, Bangalore",13.107568576035616,77.56440402740022,"['fast-paced budget travel', 'foodie', 'luxury travelers']","['Restrooms', 'Information Desk', 'Restaurant', 'Souvenir Shop', 'First Aid Station', 'Luggage Storage', 'city passes', 'luggage storage', 'self-guided tours', 'Food markets', 'tasting tours', 'private tours', 'skip the line passes', 'VIP exclusive events']"
109,Bangalore,India,Historic Site/Landmark,Skyward View Restaurant and Observation Lounge,"Skyward View Restaurant and Observation Lounge is a historic site in Bangalore, India, popular for its memorable experiences. Entry fee is 0.0 USD. Recommended visit: 2 hours. Discover Skyward View Restaurant and Observation Lounge, a notable historic site in Bangalore, India, ideal for visitors. Open 10:00-18:00, entry 0.0 USD.",0.0,10:00-18:00,2 hours,3.5,"188 Queen's Road East, Bangalore",12.936696639495716,77.67605462551836,"['nightlife enthusiast', 'foodie', 'luxury travelers']","['Restrooms', 'Information Desk', 'Restaurant', 'Souvenir Shop', 'First Aid Station', 'Luggage Storage', 'night markets', 'bars', 'evening shows', 'Food markets', 'tasting tours', 'private tours', 'skip the line passes', 'VIP exclusive events']"
110,Bangalore,India,Historic Site/Landmark,Echoes of the Royal Citadel,"Echoes of the Royal Citadel is a historic site in Bangalore, India, popular for its memorable experiences. Entry fee is 42.0 USD. Recommended visit: 2 hours. Discover Echoes of the Royal Citadel, a notable historic site in Bangalore, India, ideal for visitors. Open 09:00-18:00, entry 42.0 USD.",42.0,09:00-18:00,2 hours,3.5,"No. 456, Riverside Lane, Bangalore",13.041774126570507,77.64918652758062,"['nightlife enthusiast', 'solo women', 'with pets']","['Restrooms', 'Information Desk', 'Restaurant', 'Souvenir Shop', 'First Aid Station', 'Luggage Storage', 'night markets', 'bars', 'evening shows', 'group tours', 'security', 'Pet-friendly', 'pet water stations', 'Pet rest area']"
111,Bangalore,India,Historic Site/Landmark,Echoes of the Royal Baths,"Echoes of the Royal Baths is a historic site in Bangalore, India, popular for its memorable experiences. Entry fee is 5.38 USD. Recommended visit: 2 hours. Discover Echoes of the Royal Baths, a notable historic site in Bangalore, India, ideal for visitors. Open 08:30-17:00, entry 5.38 USD.",5.38,08:30-17:00,2 hours,3.5,"289 Hanazono Street, Bangalore",12.919695963933345,77.7159578197197,"['with children', 'photography', 'disabled traveler']","['Restrooms', 'Information Desk', 'Restaurant', 'Souvenir Shop', 'First Aid Station', 'Luggage Storage', 'family restrooms', 'Nursing facilities', 'photo spots', 'guided photo tours', 'charging stations', 'ramps', 'elevators', 'wheelchair rentals', 'accessible restrooms']"
112,Bangalore,India,Historic Site/Landmark,Echoing Pools Shrine,"Echoing Pools Shrine is a historic site in Bangalore, India, popular for its memorable experiences. Entry fee is 24.92 USD. Recommended visit: 2 hours. Discover Echoing Pools Shrine, a notable historic site in Bangalore, India, ideal for visitors. Open 08:30-20:00, entry 24.92 USD.",24.92,08:30-20:00,2 hours,3.5,"403 Shinsaibashi Dori, Chuo Ward, Bangalore",12.992377340111467,77.64065087366725,"['foodie', 'disabled traveler', 'business travelers']","['Restrooms', 'Information Desk', 'Restaurant', 'Souvenir Shop', 'First Aid Station', 'Luggage Storage', 'Food markets', 'tasting tours', 'ramps', 'elevators', 'wheelchair rentals', 'accessible restrooms', 'High speed WiFi']"
113,Bangalore,India,Historic Site/Landmark,Velugu Heritage Ensemble,"Velugu Heritage Ensemble is a historic site in Bangalore, India, popular for its memorable experiences. Entry fee is 7.0 USD. Recommended visit: 2 hours. Discover Velugu Heritage Ensemble, a notable historic site in Bangalore, India, ideal for visitors. Open 08:30-17:30, entry 7.0 USD.",7.0,08:30-17:30,2 hours,3.5,"321 Harbour View Road, Bangalore",13.069217553361382,77.5098335410971,"['with children', 'foodie', 'road trip']","['Restrooms', 'Information Desk', 'Restaurant', 'Souvenir Shop', 'First Aid Station', 'Luggage Storage', 'family restrooms', 'Nursing facilities', 'Food markets', 'tasting tours', 'parking']"
114,Bangalore,India,Historic Site/Landmark,Velur Fort Ruins,"Velur Fort Ruins is a historic site in Bangalore, India, popular for its memorable experiences. Entry fee is 1.4 USD. Recommended visit: 2 hours. Discover Velur Fort Ruins, a notable historic site in Bangalore, India, ideal for visitors. Open 08:30-17:30, entry 1.4 USD.",1.4,08:30-17:30,2 hours,3.5,"403 Shinsaibashi Dori, Chuo Ward, Bangalore",12.976913341887627,77.67895285300787,"['solo women', 'business travelers', 'road trip']","['Restrooms', 'Information Desk', 'Restaurant', 'Souvenir Shop', 'First Aid Station', 'Luggage Storage', 'group tours', 'security', 'High speed WiFi', 'parking']"
115,Bangalore,India,Historic Site/Landmark,Bangalore Battleground Legacy Hall,"Bangalore Battleground Legacy Hall is a historic site in Bangalore, India, popular for its memorable experiences. Entry fee is 16.52 USD. Recommended visit: 2 hours. Discover Bangalore Battleground Legacy Hall, a notable historic site in Bangalore, India, ideal for visitors. Open 09:00-17:00, entry 16.52 USD.",16.52,09:00-17:00,2 hours,3.5,"713 Shibuya Crossing Digital Plaza, Shibuya-ku, Bangalore",12.908932825754292,77.55348611819072,"['couples trip', 'foodie', 'road trip']","['Restrooms', 'Information Desk', 'Restaurant', 'Souvenir Shop', 'First Aid Station', 'Luggage Storage', 'scenic spots', 'sunset cruises', 'special couples experiences', 'Food markets', 'tasting tours', 'parking']"
116,Bangalore,India,Historic Site/Landmark,Velurpet Cultural Heritage Walk,"Velurpet Cultural Heritage Walk is a historic site in Bangalore, India, popular for its memorable experiences. Entry fee is 78.46 USD. Recommended visit: 2 hours. Discover Velurpet Cultural Heritage Walk, a notable historic site in Bangalore, India, ideal for visitors. Open 09:00-21:00, entry 78.46 USD.",78.46,09:00-21:00,2 hours,3.5,"No. 125 Xujiahui Road, Bangalore",13.045908479385082,77.64408633925096,"['nightlife enthusiast', 'with pets', 'couples trip']","['Restrooms', 'Information Desk', 'Restaurant', 'Souvenir Shop', 'First Aid Station', 'Luggage Storage', 'night markets', 'bars', 'evening shows', 'Pet-friendly', 'pet water stations', 'Pet rest area', 'scenic spots', 'sunset cruises', 'special couples experiences']"
117,Bangalore,India,Historic Site/Landmark,Velugu Heritage Hall,"Velugu Heritage Hall is a historic site in Bangalore, India, popular for its memorable experiences. Entry fee is 26.79 USD. Recommended visit: 2 hours. Discover Velugu Heritage Hall, a notable historic site in Bangalore, India, ideal for visitors. Open 10:00-19:00, entry 26.79 USD.",26.79,10:00-19:00,2 hours,3.5,"158 Chatham Road, Bangalore",13.02220993666668,77.69357730050108,"['road trip', 'luxury travelers', 'business travelers']","['Restrooms', 'Information Desk', 'Restaurant', 'Souvenir Shop', 'First Aid Station', 'Luggage Storage', 'parking', 'private tours', 'skip the line passes', 'VIP exclusive events', 'High speed WiFi']"
118,Bangalore,India,Historic Site/Landmark,Velur Heritage Hub,"Velur Heritage Hub is a historic site in Bangalore, India, popular for its memorable experiences. Entry fee is 4.2 USD. Recommended visit: 2 hours. Discover Velur Heritage Hub, a notable historic site in Bangalore, India, ideal for visitors. Open 10:00-22:00, entry 4.2 USD.",4.2,10:00-22:00,2 hours,3.5,"113-456 Shinsaibashi Street, Chuo Ward, Bangalore",13.028280508602112,77.51375339958398,"['with pets', 'disabled traveler', 'business travelers']","['Restrooms', 'Information Desk', 'Restaurant', 'Souvenir Shop', 'First Aid Station', 'Luggage Storage', 'Pet-friendly', 'pet water stations', 'Pet rest area', 'ramps', 'elevators', 'wheelchair rentals', 'accessible restrooms', 'High speed WiFi']"
119,Bangalore,India,Historic Site/Landmark,Mysore Palace Legacy Tour,"Mysore Palace Legacy Tour is a historic site in Bangalore, India, popular for its memorable experiences. Entry fee is 36.54 USD. Recommended visit: 2 hours. Discover Mysore Palace Legacy Tour, a notable historic site in Bangalore, India, ideal for visitors. Open 08:30-19:00, entry 36.54 USD.",36.54,08:30-19:00,2 hours,3.5,"270 Beach Road, Bangalore",13.10340316219362,77.56686177120149,"['with children', 'couples trip', 'disabled traveler']","['Restrooms', 'Information Desk', 'Restaurant', 'Souvenir Shop', 'First Aid Station', 'Luggage Storage', 'family restrooms', 'Nursing facilities', 'scenic spots', 'sunset cruises', 'special couples experiences', 'ramps', 'elevators', 'wheelchair rentals', 'accessible restrooms']"
120,Bangalore,India,Historic Site/Landmark,Velugu Heritage Hall No.2,"Velugu Heritage Hall is a historic site in Bangalore, India, popular for its memorable experiences. Entry fee is 9.73 USD. Recommended visit: 2 hours. Discover Velugu Heritage Hall, a notable historic site in Bangalore, India, ideal for visitors. Open 10:00-22:00, entry 9.73 USD.",9.73,10:00-22:00,2 hours,3.5,"632/18 Sukhumvit Road, Khlong Tan Nuea, Bangalore",12.938932490522156,77.59828016273764,"['solo women', 'couples trip', 'elderly travelers']","['Restrooms', 'Information Desk', 'Restaurant', 'Souvenir Shop', 'First Aid Station', 'Luggage Storage', 'group tours', 'security', 'scenic spots', 'sunset cruises', 'special couples experiences', 'wheelchair rental', 'benches/rest areas']"
121,Bangalore,India,Historic Site/Landmark,Velva Heritage Hall,"Velva Heritage Hall is a historic site in Bangalore, India, popular for its memorable experiences. Entry fee is 474.46 USD. Recommended visit: 2 hours. Discover Velva Heritage Hall, a notable historic site in Bangalore, India, ideal for visitors. Open 08:30-17:30, entry 474.46 USD.",474.46,08:30-17:30,2 hours,3.5,"No. 456, Jiangbei Cultural Square, Jiangbei District, Bangalore",12.943824320889318,77.73559367801299,"['solo women', 'road trip']","['Restrooms', 'Information Desk', 'Restaurant', 'Souvenir Shop', 'First Aid Station', 'Luggage Storage', 'group tours', 'security', 'parking']"
122,Bangalore,India,Museum/Art Gallery,Chroma Bloom Gallery,"Chroma Bloom Gallery is a museum in Bangalore, India, popular for its unique collections and exhibitions. Entry fee is 286.14 USD. Recommended visit: 2 hours. Discover Chroma Bloom Gallery, a renowned museum in Bangalore, India, ideal for art lovers. Open 09:30-17:00, entry 286.14 USD.",286.14,09:30-17:00,2 hours,4.0,"223 Sakura Street, Chuo Ward, Bangalore",12.943611251716506,77.51697070297132,['solo women'],"['Restrooms', 'Information Desk', 'Restaurant', 'Souvenir Shop', 'First Aid Station', 'Luggage Storage', 'group tours', 'security']"
123,Bangalore,India,Museum/Art Gallery,Echoes of the Subterranean,"Echoes of the Subterranean is a museum in Bangalore, India, popular for its unique collections and exhibitions. Entry fee is 7.79 USD. Recommended visit: 2 hours. Discover Echoes of the Subterranean, a renowned museum in Bangalore, India, ideal for art lovers. Open 09:30-17:00, entry 7.79 USD.",7.79,09:30-17:00,2 hours,4.0,"No. 456, West Lake Cultural Park, Bangalore",13.02773751049,77.50436288800502,"['fast-paced budget travel', 'foodie']","['Restrooms', 'Information Desk', 'Restaurant', 'Souvenir Shop', 'First Aid Station', 'Luggage Storage', 'city passes', 'luggage storage', 'self-guided tours', 'Food markets', 'tasting tours']"
124,Bangalore,India,Museum/Art Gallery,Silicon Canvas Art Collective,"Silicon Canvas Art Collective is a museum in Bangalore, India, popular for its unique collections and exhibitions. Entry fee is 15.9 USD. Recommended visit: 2 hours. Discover Silicon Canvas Art Collective, a renowned museum in Bangalore, India, ideal for art lovers. Open 09:30-17:00, entry 15.9 USD.",15.9,09:30-17:00,2 hours,4.0,"133 Seaside Promenade, Bangalore",12.990134811475947,77.7245634164392,"['with children', 'fast-paced budget travel']","['Restrooms', 'Information Desk', 'Restaurant', 'Souvenir Shop', 'First Aid Station', 'Luggage Storage', 'family restrooms', 'Nursing facilities', 'city passes', 'luggage storage', 'self-guided tours']"
125,Bangalore,India,Museum/Art Gallery,Karnataka Contemporary Canvas,"Karnataka Contemporary Canvas is a museum in Bangalore, India, popular for its unique collections and exhibitions. Entry fee is 8.31 USD. Recommended visit: 2 hours. Discover Karnataka Contemporary Canvas, a renowned museum in Bangalore, India, ideal for art lovers. Open 10:00-19:00, entry 8.31 USD.",8.31,10:00-19:00,2 hours,4.0,"506/19 Maha Chai Road, Khlong Toei District, Bangalore",12.978134976114632,77.76160816585042,"['solo women', 'elderly travelers', 'business travelers']","['Restrooms', 'Information Desk', 'Restaurant', 'Souvenir Shop', 'First Aid Station', 'Luggage Storage', 'group tours', 'security', 'wheelchair rental', 'benches/rest areas', 'High speed WiFi']"
126,Bangalore,India,Museum/Art Gallery,Echoes of the Silver Cup,"Echoes of the Silver Cup is a museum in Bangalore, India, popular for its unique collections and exhibitions. Entry fee is 11.22 USD. Recommended visit: 2 hours. Discover Echoes of the Silver Cup, a renowned museum in Bangalore, India, ideal for art lovers. Open 09:00-17:30, entry 11.22 USD.",11.22,09:00-17:30,2 hours,4.0,"952 Sairee Road, Bangalore",12.855570287751034,77.52308169609493,"['with children', 'solo women', 'elderly travelers']","['Restrooms', 'Information Desk', 'Restaurant', 'Souvenir Shop', 'First Aid Station', 'Luggage Storage', 'family restrooms', 'Nursing facilities', 'group tours', 'security', 'wheelchair rental', 'benches/rest areas']"
127,Bangalore,India,Museum/Art Gallery,LushLoom Bangalore,"LushLoom Bangalore is a museum in Bangalore, India, popular for its unique collections and exhibitions. Entry fee is 24.92 USD. Recommended visit: 2 hours. Discover LushLoom Bangalore, a renowned museum in Bangalore, India, ideal for art lovers. Open 10:00-20:00, entry 24.92 USD.",24.92,10:00-20:00,2 hours,4.0,"No. 456, Xishan Scenic Avenue, Bangalore",13.001787861872891,77.73118806495782,"['solo women', 'photography', 'couples trip']","['Restrooms', 'Information Desk', 'Restaurant', 'Souvenir Shop', 'First Aid Station', 'Luggage Storage', 'group tours', 'security', 'photo spots', 'guided photo tours', 'charging stations', 'scenic spots', 'sunset cruises', 'special couples experiences']"
128,Bangalore,India,Museum/Art Gallery,Chakra Legacy Gallery,"Chakra Legacy Gallery is a museum in Bangalore, India, popular for its unique collections and exhibitions. Entry fee is 12.28 USD. Recommended visit: 2 hours. Discover Chakra Legacy Gallery, a renowned museum in Bangalore, India, ideal for art lovers. Open 09:00-18:00, entry 12.28 USD.",12.28,09:00-18:00,2 hours,4.0,"672 Shinsaibashi Dori, Chuo Ward, Bangalore",12.956784292541412,77.65618975156123,"['with pets', 'couples trip', 'elderly travelers']","['Restrooms', 'Information Desk', 'Restaurant', 'Souvenir Shop', 'First Aid Station', 'Luggage Storage', 'Pet-friendly', 'pet water stations', 'Pet rest area', 'scenic spots', 'sunset cruises', 'special couples experiences', 'wheelchair rental', 'benches/rest areas']"
129,Bangalore,India,Museum/Art Gallery,Karnataka Modern Canvas,"Karnataka Modern Canvas is a museum in Bangalore, India, popular for its unique collections and exhibitions. Entry fee is 5.61 USD. Recommended visit: 2 hours. Discover Karnataka Modern Canvas, a renowned museum in Bangalore, India, ideal for art lovers. Open 09:00-17:30, entry 5.61 USD.",5.61,09:00-17:30,2 hours,4.0,"158 Tai Tam Road, Bangalore",12.954189119976732,77.76065468156955,"['solo women', 'photography', 'foodie']","['Restrooms', 'Information Desk', 'Restaurant', 'Souvenir Shop', 'First Aid Station', 'Luggage Storage', 'group tours', 'security', 'photo spots', 'guided photo tours', 'charging stations', 'Food markets', 'tasting tours']"
130,Bangalore,India,Museum/Art Gallery,Silicon Canvas Gallery,"Silicon Canvas Gallery is a museum in Bangalore, India, popular for its unique collections and exhibitions. Entry fee is 9.17 USD. Recommended visit: 2 hours. Discover Silicon Canvas Gallery, a renowned museum in Bangalore, India, ideal for art lovers. Open 09:30-17:00, entry 9.17 USD.",9.17,09:30-17:00,2 hours,4.0,"772 Sapporo River Promenade, Bangalore",12.929594910730414,77.72471691170102,"['luxury travelers', 'disabled traveler']","['Restrooms', 'Information Desk', 'Restaurant', 'Souvenir Shop', 'First Aid Station', 'Luggage Storage', 'private tours', 'skip the line passes', 'VIP exclusive events', 'ramps', 'elevators', 'wheelchair rentals', 'accessible restrooms']"
131,Bangalore,India,Museum/Art Gallery,SweetHaven Chocolate Workshop,"SweetHaven Chocolate Workshop is a museum in Bangalore, India, popular for its unique collections and exhibitions. Entry fee is 16.33 USD. Recommended visit: 2 hours. Discover SweetHaven Chocolate Workshop, a renowned museum in Bangalore, India, ideal for art lovers. Open 09:00-21:00, entry 16.33 USD.",16.33,09:00-21:00,2 hours,4.0,"531 Chalong Road, Bangalore",13.052883158778013,77.67277299463773,"['with pets', 'solo women', 'photography']","['Restrooms', 'Information Desk', 'Restaurant', 'Souvenir Shop', 'First Aid Station', 'Luggage Storage', 'Pet-friendly', 'pet water stations', 'Pet rest area', 'group tours', 'security', 'photo spots', 'guided photo tours', 'charging stations']"
132,Bangalore,India,Museum/Art Gallery,ShadowCraft Gallery,"ShadowCraft Gallery is a museum in Bangalore, India, popular for its unique collections and exhibitions. Entry fee is 19.51 USD. Recommended visit: 2 hours. Discover ShadowCraft Gallery, a renowned museum in Bangalore, India, ideal for art lovers. Open 10:00-22:00, entry 19.51 USD.",19.51,10:00-22:00,2 hours,4.0,"205 Shinsaibashi Dori, Chuo Ward, Bangalore",12.921506773140417,77.73388843658046,"['fast-paced budget travel', 'solo women', 'with pets']","['Restrooms', 'Information Desk', 'Restaurant', 'Souvenir Shop', 'First Aid Station', 'Luggage Storage', 'city passes', 'luggage storage', 'self-guided tours', 'group tours', 'security', 'Pet-friendly', 'pet water stations', 'Pet rest area']"
133,Bangalore,India,Museum/Art Gallery,Deep Blue Horizon Gallery,"Deep Blue Horizon Gallery is a museum in Bangalore, India, popular for its unique collections and exhibitions. Entry fee is 37.37 USD. Recommended visit: 2 hours. Discover Deep Blue Horizon Gallery, a renowned museum in Bangalore, India, ideal for art lovers. Open 10:00-18:00, entry 37.37 USD.",37.37,10:00-18:00,2 hours,4.0,"No. 456, Chang'an Road, Bangalore",13.077938333420304,77.5970499359738,"['with children', 'luxury travelers', 'elderly travelers']","['Restrooms', 'Information Desk', 'Restaurant', 'Souvenir Shop', 'First Aid Station', 'Luggage Storage', 'family restrooms', 'Nursing facilities', 'private tours', 'skip the line passes', 'VIP exclusive events', 'wheelchair rental', 'benches/rest areas']"
134,Bangalore,India,Museum/Art Gallery,Echoes of the Valley,"Echoes of the Valley is a museum in Bangalore, India, popular for its unique collections and exhibitions. Entry fee is 52.55 USD. Recommended visit: 2 hours. Discover Echoes of the Valley, a renowned museum in Bangalore, India, ideal for art lovers. Open 09:00-17:30, entry 52.55 USD.",52.55,09:00-17:30,2 hours,4.0,"328-8901 Sapporo City, Bangalore",12.900578589993474,77.61126276588894,"['fast-paced budget travel', 'luxury travelers']","['Restrooms', 'Information Desk', 'Restaurant', 'Souvenir Shop', 'First Aid Station', 'Luggage Storage', 'city passes', 'luggage storage', 'self-guided tours', 'private tours', 'skip the line passes', 'VIP exclusive events']"
135,Bangalore,India,Museum/Art Gallery,Canvas Chronicles Gallery,"Canvas Chronicles Gallery is a museum in Bangalore, India, popular for its unique collections and exhibitions. Entry fee is 28.12 USD. Recommended visit: 2 hours. Discover Canvas Chronicles Gallery, a renowned museum in Bangalore, India, ideal for art lovers. Open 10:00-21:00, entry 28.12 USD.",28.12,10:00-21:00,2 hours,4.0,"690-8523 Sapporo City, Higashi 1-chome, Bangalore",13.038172852520642,77.50834234183583,"['solo women', 'elderly travelers', 'road trip']","['Restrooms', 'Information Desk', 'Restaurant', 'Souvenir Shop', 'First Aid Station', 'Luggage Storage', 'group tours', 'security', 'wheelchair rental', 'benches/rest areas', 'parking']"
136,Bangalore,India,Museum/Art Gallery,Echoes of the Soul,"Echoes of the Soul is a museum in Bangalore, India, popular for its unique collections and exhibitions. Entry fee is 7.0 USD. Recommended visit: 2 hours. Discover Echoes of the Soul, a renowned museum in Bangalore, India, ideal for art lovers. Open 11:00-21:00, entry 7.0 USD.",7.0,11:00-21:00,2 hours,4.0,"605-8 Nishi 1-chome, Bangalore",13.021994469993166,77.6673022012031,"['solo women', 'photography']","['Restrooms', 'Information Desk', 'Restaurant', 'Souvenir Shop', 'First Aid Station', 'Luggage Storage', 'group tours', 'security', 'photo spots', 'guided photo tours', 'charging stations']"
137,Bangalore,India,Museum/Art Gallery,Karnataka Fusion Art Gallery,"Karnataka Fusion Art Gallery is a museum in Bangalore, India, popular for its unique collections and exhibitions. Entry fee is 9.52 USD. Recommended visit: 2 hours. Discover Karnataka Fusion Art Gallery, a renowned museum in Bangalore, India, ideal for art lovers. Open 09:00-17:30, entry 9.52 USD.",9.52,09:00-17:30,2 hours,4.0,"986 Beach Road, Bangalore",12.968928423834653,77.72773832227918,"['photography', 'luxury travelers', 'disabled traveler']","['Restrooms', 'Information Desk', 'Restaurant', 'Souvenir Shop', 'First Aid Station', 'Luggage Storage', 'photo spots', 'guided photo tours', 'charging stations', 'private tours', 'skip the line passes', 'VIP exclusive events', 'ramps', 'elevators', 'wheelchair rentals', 'accessible restrooms']"
138,Bangalore,India,Museum/Art Gallery,Silicon Heritage Gallery,"Silicon Heritage Gallery is a museum in Bangalore, India, popular for its unique collections and exhibitions. Entry fee is 3.78 USD. Recommended visit: 2 hours. Discover Silicon Heritage Gallery, a renowned museum in Bangalore, India, ideal for art lovers. Open 09:00-18:00, entry 3.78 USD.",3.78,09:00-18:00,2 hours,4.0,"566 Seaside Promenade, Bangalore",12.85325945531187,77.64718501676681,"['fast-paced budget travel', 'foodie', 'elderly travelers']","['Restrooms', 'Information Desk', 'Restaurant', 'Souvenir Shop', 'First Aid Station', 'Luggage Storage', 'city passes', 'luggage storage', 'self-guided tours', 'Food markets', 'tasting tours', 'wheelchair rental', 'benches/rest areas']"
139,Bangalore,India,Museum/Art Gallery,Luminous Heritage Gallery,"Luminous Heritage Gallery is a museum in Bangalore, India, popular for its unique collections and exhibitions. Entry fee is 86.45 USD. Recommended visit: 2 hours. Discover Luminous Heritage Gallery, a renowned museum in Bangalore, India, ideal for art lovers. Open 19:00-22:00, entry 86.45 USD.",86.45,19:00-22:00,2 hours,4.0,"158-8543 Shibuya, Bangalore",13.078192768722802,77.65220821088948,"['couples trip', 'disabled traveler']","['Restrooms', 'Information Desk', 'Restaurant', 'Souvenir Shop', 'First Aid Station', 'Luggage Storage', 'scenic spots', 'sunset cruises', 'special couples experiences', 'ramps', 'elevators', 'wheelchair rentals', 'accessible restrooms']"
140,Bangalore,India,Museum/Art Gallery,Echoes of the City Gallery,"Echoes of the City Gallery is a museum in Bangalore, India, popular for its unique collections and exhibitions. Entry fee is 10.4 USD. Recommended visit: 2 hours. Discover Echoes of the City Gallery, a renowned museum in Bangalore, India, ideal for art lovers. Open 09:00-17:30, entry 10.4 USD.",10.4,09:00-17:30,2 hours,4.0,"548-10 Gukje-gil, Bukchon, Bangalore",13.081377164051975,77.56992401820901,"['solo women', 'couples trip', 'business travelers']","['Restrooms', 'Information Desk', 'Restaurant', 'Souvenir Shop', 'First Aid Station', 'Luggage Storage', 'group tours', 'security', 'scenic spots', 'sunset cruises', 'special couples experiences', 'High speed WiFi']"
141,Bangalore,India,Museum/Art Gallery,Karnataka Combat Culture Center,"Karnataka Combat Culture Center is a museum in Bangalore, India, popular for its unique collections and exhibitions. Entry fee is 6.2 USD. Recommended visit: 2 hours. Discover Karnataka Combat Culture Center, a renowned museum in Bangalore, India, ideal for art lovers. Open 09:00-17:00, entry 6.2 USD.",6.2,09:00-17:00,2 hours,4.0,"654 Shinkawa Street, Naka Ward, Bangalore",13.070976811305412,77.60918259221022,"['with children', 'photography', 'foodie']","['Restrooms', 'Information Desk', 'Restaurant', 'Souvenir Shop', 'First Aid Station', 'Luggage Storage', 'family restrooms', 'Nursing facilities', 'photo spots', 'guided photo tours', 'charging stations', 'Food markets', 'tasting tours']"
142,Bangalore,India,Museum/Art Gallery,Soulspire Heritage Gallery,"Soulspire Heritage Gallery is a museum in Bangalore, India, popular for its unique collections and exhibitions. Entry fee is 15.12 USD. Recommended visit: 2 hours. Discover Soulspire Heritage Gallery, a renowned museum in Bangalore, India, ideal for art lovers. Open 10:00-22:00, entry 15.12 USD.",15.12,10:00-22:00,2 hours,4.0,"942/24 Sukhumvit Road, Khlong Toei, Bangalore",13.042027131935596,77.585242442131,"['luxury travelers', 'road trip']","['Restrooms', 'Information Desk', 'Restaurant', 'Souvenir Shop', 'First Aid Station', 'Luggage Storage', 'private tours', 'skip the line passes', 'VIP exclusive events', 'parking']"
143,Bangalore,India,Museum/Art Gallery,Sri Kalyani Heritage Gallery,"Sri Kalyani Heritage Gallery is a museum in Bangalore, India, popular for its unique collections and exhibitions. Entry fee is 8.63 USD. Recommended visit: 2 hours. Discover Sri Kalyani Heritage Gallery, a renowned museum in Bangalore, India, ideal for art lovers. Open 10:00-19:00, entry 8.63 USD.",8.63,10:00-19:00,2 hours,4.0,"No. 456, Cultural Square, Bangalore",12.957828952107288,77.60292477630509,"['business travelers', 'disabled traveler', 'road trip']","['Restrooms', 'Information Desk', 'Restaurant', 'Souvenir Shop', 'First Aid Station', 'Luggage Storage', 'High speed WiFi', 'ramps', 'elevators', 'wheelchair rentals', 'accessible restrooms', 'parking']"
144,Bangalore,India,Museum/Art Gallery,Echoes of the Soul Gallery,"Echoes of the Soul Gallery is a museum in Bangalore, India, popular for its unique collections and exhibitions. Entry fee is 4.35 USD. Recommended visit: 2 hours. Discover Echoes of the Soul Gallery, a renowned museum in Bangalore, India, ideal for art lovers. Open 10:00-20:00, entry 4.35 USD.",4.35,10:00-20:00,2 hours,4.0,"No. 88, Olympic Road, Bangalore",13.07709271867606,77.60155311724603,['luxury travelers'],"['Restrooms', 'Information Desk', 'Restaurant', 'Souvenir Shop', 'First Aid Station', 'Luggage Storage', 'private tours', 'skip the line passes', 'VIP exclusive events']"
145,Bangalore,India,Museum/Art Gallery,Echoes of the Subcontinent,"Echoes of the Subcontinent is a museum in Bangalore, India, popular for its unique collections and exhibitions. Entry fee is 0.0 USD. Recommended visit: 2 hours. Discover Echoes of the Subcontinent, a renowned museum in Bangalore, India, ideal for art lovers. Open 08:30-17:00, entry 0.0 USD.",0.0,08:30-17:00,2 hours,4.0,"No. 456 Skyview Avenue, Bangalore",12.93620195430613,77.71370355135883,"['nightlife enthusiast', 'with children', 'luxury travelers']","['Restrooms', 'Information Desk', 'Restaurant', 'Souvenir Shop', 'First Aid Station', 'Luggage Storage', 'night markets', 'bars', 'evening shows', 'family restrooms', 'Nursing facilities', 'private tours', 'skip the line passes', 'VIP exclusive events']"
146,Bangalore,India,Museum/Art Gallery,Echoes of Strings Gallery,"Echoes of Strings Gallery is a museum in Bangalore, India, popular for its unique collections and exhibitions. Entry fee is 2.77 USD. Recommended visit: 2 hours. Discover Echoes of Strings Gallery, a renowned museum in Bangalore, India, ideal for art lovers. Open 09:00-17:30, entry 2.77 USD.",2.77,09:00-17:30,2 hours,4.0,"906 Seaside Promenade, Bangalore",13.05374345215701,77.64427940014413,"['nightlife enthusiast', 'foodie', 'business travelers']","['Restrooms', 'Information Desk', 'Restaurant', 'Souvenir Shop', 'First Aid Station', 'Luggage Storage', 'night markets', 'bars', 'evening shows', 'Food markets', 'tasting tours', 'High speed WiFi']"
147,Bangalore,India,Museum/Art Gallery,Echoes of the Silk Road,"Echoes of the Silk Road is a museum in Bangalore, India, popular for its unique collections and exhibitions. Entry fee is 7.46 USD. Recommended visit: 2 hours. Discover Echoes of the Silk Road, a renowned museum in Bangalore, India, ideal for art lovers. Open 10:00-17:30, entry 7.46 USD.",7.46,10:00-17:30,2 hours,4.0,"No. 1, Olympic Road, Bangalore",12.937853509104182,77.59853022036823,"['nightlife enthusiast', 'fast-paced budget travel', 'luxury travelers']","['Restrooms', 'Information Desk', 'Restaurant', 'Souvenir Shop', 'First Aid Station', 'Luggage Storage', 'night markets', 'bars', 'evening shows', 'city passes', 'luggage storage', 'self-guided tours', 'private tours', 'skip the line passes', 'VIP exclusive events']"
148,Bangalore,India,Museum/Art Gallery,Neon Nexus Interactive Gallery,"Neon Nexus Interactive Gallery is a museum in Bangalore, India, popular for its unique collections and exhibitions. Entry fee is 14.47 USD. Recommended visit: 2 hours. Discover Neon Nexus Interactive Gallery, a renowned museum in Bangalore, India, ideal for art lovers. Open 08:30-17:30, entry 14.47 USD.",14.47,08:30-17:30,2 hours,4.0,"566 Gukje-ro, Gukje-gu, Bangalore",12.990031501750936,77.77376844912769,"['fast-paced budget travel', 'couples trip', 'disabled traveler']","['Restrooms', 'Information Desk', 'Restaurant', 'Souvenir Shop', 'First Aid Station', 'Luggage Storage', 'city passes', 'luggage storage', 'self-guided tours', 'scenic spots', 'sunset cruises', 'special couples experiences', 'ramps', 'elevators', 'wheelchair rentals', 'accessible restrooms']"
149,Bangalore,India,Museum/Art Gallery,Echoes of the Forgotten Realm,"Echoes of the Forgotten Realm is a museum in Bangalore, India, popular for its unique collections and exhibitions. Entry fee is 4.57 USD. Recommended visit: 2 hours. Discover Echoes of the Forgotten Realm, a renowned museum in Bangalore, India, ideal for art lovers. Open 10:00-17:00, entry 4.57 USD.",4.57,10:00-17:00,2 hours,4.0,"No. 456, West Lake Cultural Avenue, Bangalore",12.925183608053894,77.55343151720169,"['solo women', 'luxury travelers', 'elderly travelers']","['Restrooms', 'Information Desk', 'Restaurant', 'Souvenir Shop', 'First Aid Station', 'Luggage Storage', 'group tours', 'security', 'private tours', 'skip the line passes', 'VIP exclusive events', 'wheelchair rental', 'benches/rest areas']"
150,Bangalore,India,Museum/Art Gallery,Silicon Serenity Gallery,"Silicon Serenity Gallery is a museum in Bangalore, India, popular for its unique collections and exhibitions. Entry fee is 6.37 USD. Recommended visit: 2 hours. Discover Silicon Serenity Gallery, a renowned museum in Bangalore, India, ideal for art lovers. Open 09:00-17:30, entry 6.37 USD.",6.37,09:00-17:30,2 hours,4.0,"332 Sumo Street, Shibuya, Bangalore",12.901594375630973,77.491175398634,"['road trip', 'photography', 'business travelers']","['Restrooms', 'Information Desk', 'Restaurant', 'Souvenir Shop', 'First Aid Station', 'Luggage Storage', 'parking', 'photo spots', 'guided photo tours', 'charging stations', 'High speed WiFi']"
