attraction_id,city_name,attraction_name,address,longitude,latitude,open_hours,ticket_price,overview,facilities,type,duration_of_visit,rate_of_restaurant,facilities_group,country
1,Bangkok,Golden Crown Cabaret Experience,"119 Sathorn Road, Silom District, Bangkok",100.779728,13.741701,10:00-22:00,14.06,"Golden Crown Cabaret Experience is a theme park in Bangkok, Thailand, popular for its memorable experiences. Entry fee is 14.06 USD. Recommended visit: 6 hours. Discover Golden Crown Cabaret Experience, a notable theme park in Bangkok, Thailand, ideal for visitors. Open 10:00-22:00, entry 14.06 USD.","['Restrooms', 'Information Desk', 'Restaurant', 'Souvenir Shop', 'First Aid Station', 'Luggage Storage', 'pet-friendly', 'pet water stations', 'pet rest area', 'scenic spots', 'sunset cruises', 'special couples experiences', 'family restrooms', 'nursing facilities', 'parking', 'high speed WiFi', 'wheelchair rental', 'benches/rest areas']",Theme Park/Amusement Park,6 hours,3.75,"['Family with children', 'Road trip', 'Elderly Travelers', 'Pet Owners', 'couples trip']",Thailand
2,Bangkok,Bangkok Calypso Cabaret at Asiatique The Riverfront,"862/38 Moo 5, Bang Kapi Road, Bangkok",100.585125,13.855598,18:00-23:00,33.08,"Bangkok Calypso Cabaret at Asiatique The Riverfront is a historic site in Bangkok, Thailand, popular for its memorable experiences. Entry fee is 33.08 USD. Recommended visit: 2 hours. Discover Bangkok Calypso Cabaret at Asiatique The Riverfront, a notable historic site in Bangkok, Thailand, ideal for visitors. Open 18:00-23:00, entry 33.08 USD.","['Restrooms', 'Information Desk', 'Restaurant', 'Souvenir Shop', 'First Aid Station', 'Luggage Storage', 'city passes', 'self-guided tours', 'private tours', 'skip the line passes', 'VIP exclusive events', 'night markets', 'bars', 'evening shows', 'family restrooms', 'nursing facilities', 'high speed WiFi', 'wheelchair rental', 'benches/rest areas']",Historic Site/Landmark,2 hours,3.5,"['Family with children', 'Elderly Travelers', 'Nightlife Enthusiast', 'Fast-Paced Budget Travel', 'Luxury Travelers']",Thailand
3,Bangkok,YoYo Park in Bangkok,"682 Sukhumvit Road, Khlong Toei District",100.446452,13.655886,09:00-20:00,31.27,"YoYo Park in Bangkok is a theme park in Bangkok, Thailand, popular for its memorable experiences. Entry fee is 31.27 USD. Recommended visit: 7 hours. Discover YoYo Park in Bangkok, a notable theme park in Bangkok, Thailand, ideal for visitors. Open 09:00-20:00, entry 31.27 USD.","['Restrooms', 'Information Desk', 'Restaurant', 'Souvenir Shop', 'First Aid Station', 'Luggage Storage', 'city passes', 'self-guided tours', 'private tours', 'skip the line passes', 'VIP exclusive events', 'group tours', 'security', 'food markets', 'tasting tours', 'scenic spots', 'sunset cruises', 'special couples experiences', 'night markets', 'bars', 'evening shows']",Theme Park/Amusement Park,7 hours,3.75,"['Nightlife Enthusiast', 'Fast-Paced Budget Travel', 'couples trip', 'Solo Woman Travelers', 'Luxury Travelers', 'foodie']",Thailand
4,Bangkok,Bangkok Wild Encounter,"817 Khlong Toei Road, Samut Prakan",100.974939,13.895632,08:30-17:00,185.0,"Bangkok Wild Encounter is a theme park in Bangkok, Thailand, popular for its memorable experiences. Entry fee is 185.0 USD. Recommended visit: 8 hours. Discover Bangkok Wild Encounter, a notable theme park in Bangkok, Thailand, ideal for visitors. Open 08:30-17:00, entry 185.0 USD.","['Restrooms', 'Information Desk', 'Restaurant', 'Souvenir Shop', 'First Aid Station', 'Luggage Storage', 'pet-friendly', 'pet water stations', 'pet rest area', 'city passes', 'self-guided tours', 'scenic spots', 'sunset cruises', 'special couples experiences', 'parking', 'ramps', 'elevators', 'wheelchair rentals', 'accessible restrooms', 'high speed WiFi']",Theme Park/Amusement Park,8 hours,3.75,"['Road trip', 'Pet Owners', 'Disabled Travelers', 'Fast-Paced Budget Travel', 'couples trip']",Thailand
5,Bangkok,Erawan Cultural Gallery,"911 Sukhumvit Road, Khlong Toei District, Bangkok",100.91654,13.745817,09:00-17:30,6.15,"Erawan Cultural Gallery is a museum in Bangkok, Thailand, popular for its unique collections and exhibitions. Entry fee is 6.15 USD. Recommended visit: 2 hours. Discover Erawan Cultural Gallery, a renowned museum in Bangkok, Thailand, ideal for art lovers. Open 09:00-17:30, entry 6.15 USD.","['Restrooms', 'Information Desk', 'Restaurant', 'Souvenir Shop', 'First Aid Station', 'Luggage Storage', 'private tours', 'skip the line passes', 'VIP exclusive events', 'group tours', 'security', 'food markets', 'tasting tours', 'ramps', 'elevators', 'wheelchair rentals', 'accessible restrooms', 'high speed WiFi', 'photo spots', 'guided photo tours', 'charging stations']",Museum/Art Gallery,2 hours,4.0,"['Disabled Travelers', 'Solo Woman Travelers', 'Luxury Travelers', 'foodie', 'Photography']",Thailand
6,Bangkok,Dream World Plaza,"955 Sathorn Road, Silom District",100.484038,13.667215,09:00-21:00,17.8,"Dream World Plaza is a theme park in Bangkok, Thailand, popular for its memorable experiences. Entry fee is 17.8 USD. Recommended visit: 6 hours. Discover Dream World Plaza, a notable theme park in Bangkok, Thailand, ideal for visitors. Open 09:00-21:00, entry 17.8 USD.","['Restrooms', 'Information Desk', 'Restaurant', 'Souvenir Shop', 'First Aid Station', 'Luggage Storage', 'group tours', 'security', 'scenic spots', 'sunset cruises', 'special couples experiences', 'family restrooms', 'nursing facilities', 'night markets', 'bars', 'evening shows', 'parking', 'ramps', 'elevators', 'wheelchair rentals', 'accessible restrooms']",Theme Park/Amusement Park,6 hours,3.75,"['Family with children', 'Road trip', 'Nightlife Enthusiast', 'Disabled Travelers', 'couples trip', 'Solo Woman Travelers']",Thailand
7,Bangkok,Chao Phraya River Cruiseline: 1-Day Hop On Hop Off Pass,"604/2 Charoenkrung Road, Thonburi District, Bangkok",100.440845,13.731704,08:30-17:30,3.18,"Chao Phraya River Cruiseline: 1-Day Hop On Hop Off Pass is a nature in Bangkok, Thailand, popular for its natural scenery and relaxing atmosphere. Entry fee is 3.18 USD. Recommended visit: 3 hours. Discover Chao Phraya River Cruiseline: 1-Day Hop On Hop Off Pass, a peaceful nature in Bangkok, Thailand, ideal for nature lovers. Open 08:30-17:30, entry 3.18 USD.","['Restrooms', 'Information Desk', 'Restaurant', 'Souvenir Shop', 'First Aid Station', 'Luggage Storage', 'pet-friendly', 'pet water stations', 'pet rest area', 'food markets', 'tasting tours', 'parking', 'ramps', 'elevators', 'wheelchair rentals', 'accessible restrooms', 'photo spots', 'guided photo tours', 'charging stations', 'wheelchair rental', 'benches/rest areas']",Nature/Scenery/Park,3 hours,3.7,"['Road trip', 'Elderly Travelers', 'Pet Owners', 'Disabled Travelers', 'foodie', 'Photography']",Thailand
8,Bangkok,Bangkok Skyline Adventure Pass,"651 Silom Road, Sathorn District",100.869411,13.88388,08:30-19:00,41.69,"Bangkok Skyline Adventure Pass is a historic site in Bangkok, Thailand, popular for its memorable experiences. Entry fee is 41.69 USD. Recommended visit: 2 hours. Discover Bangkok Skyline Adventure Pass, a notable historic site in Bangkok, Thailand, ideal for visitors. Open 08:30-19:00, entry 41.69 USD.","['Restrooms', 'Information Desk', 'Restaurant', 'Souvenir Shop', 'First Aid Station', 'Luggage Storage', 'city passes', 'self-guided tours', 'group tours', 'security', 'food markets', 'tasting tours', 'night markets', 'bars', 'evening shows', 'parking', 'photo spots', 'guided photo tours', 'charging stations']",Historic Site/Landmark,2 hours,3.5,"['Road trip', 'Nightlife Enthusiast', 'Fast-Paced Budget Travel', 'Solo Woman Travelers', 'foodie', 'Photography']",Thailand
9,Bangkok,Siam Adventure Park with Free Snacks,"377/1 Sukhumvit Road, Khlong Toei, Bangkok",100.805742,13.853962,10:00-22:00,9.82,"Siam Adventure Park with Free Snacks is a theme park in Bangkok, Thailand, popular for its memorable experiences. Entry fee is 9.82 USD. Recommended visit: 6 hours. Discover Siam Adventure Park with Free Snacks, a notable theme park in Bangkok, Thailand, ideal for visitors. Open 10:00-22:00, entry 9.82 USD.","['Restrooms', 'Information Desk', 'Restaurant', 'Souvenir Shop', 'First Aid Station', 'Luggage Storage', 'city passes', 'self-guided tours', 'private tours', 'skip the line passes', 'VIP exclusive events', 'scenic spots', 'sunset cruises', 'special couples experiences', 'ramps', 'elevators', 'wheelchair rentals', 'accessible restrooms', 'photo spots', 'guided photo tours', 'charging stations', 'wheelchair rental', 'benches/rest areas']",Theme Park/Amusement Park,6 hours,3.75,"['Elderly Travelers', 'Disabled Travelers', 'Fast-Paced Budget Travel', 'couples trip', 'Luxury Travelers', 'Photography']",Thailand
10,Bangkok,Erawan Cultural Hub,"323 Sukhumvit Road, Khlong Toei District, Bangkok",100.861748,13.891347,09:00-17:30,135.16,"Erawan Cultural Hub is a museum in Bangkok, Thailand, popular for its unique collections and exhibitions. Entry fee is 135.16 USD. Recommended visit: 2 hours. Discover Erawan Cultural Hub, a renowned museum in Bangkok, Thailand, ideal for art lovers. Open 09:00-17:30, entry 135.16 USD.","['Restrooms', 'Information Desk', 'Restaurant', 'Souvenir Shop', 'First Aid Station', 'Luggage Storage', 'city passes', 'self-guided tours', 'food markets', 'tasting tours', 'night markets', 'bars', 'evening shows', 'scenic spots', 'sunset cruises', 'special couples experiences', 'parking', 'high speed WiFi']",Museum/Art Gallery,2 hours,4.0,"['Road trip', 'Nightlife Enthusiast', 'Fast-Paced Budget Travel', 'couples trip', 'foodie']",Thailand
11,Bangkok,Mahanakhon SkyView in Bangkok,"742 Sathorn Unique Tower, Silom Road, Bangkok",100.58103,13.582912,10:00-22:00,6.01,"Mahanakhon SkyView in Bangkok is a nature in Bangkok, Thailand, popular for its natural scenery and relaxing atmosphere. Entry fee is 6.01 USD. Recommended visit: 3 hours. Discover Mahanakhon SkyView in Bangkok, a peaceful nature in Bangkok, Thailand, ideal for nature lovers. Open 10:00-22:00, entry 6.01 USD.","['Restrooms', 'Information Desk', 'Restaurant', 'Souvenir Shop', 'First Aid Station', 'Luggage Storage', 'pet-friendly', 'pet water stations', 'pet rest area', 'family restrooms', 'nursing facilities', 'parking', 'ramps', 'elevators', 'wheelchair rentals', 'accessible restrooms', 'photo spots', 'guided photo tours', 'charging stations', 'wheelchair rental', 'benches/rest areas']",Nature/Scenery/Park,3 hours,3.7,"['Family with children', 'Road trip', 'Elderly Travelers', 'Pet Owners', 'Disabled Travelers', 'Photography']",Thailand
12,Bangkok,Bangkok Royal Heritage and Emerald Temple Tour,"363 Sukhumvit Road, Khlong Toei District",100.963613,13.904591,08:30-17:00,47.67,"Bangkok Royal Heritage and Emerald Temple Tour is a historic site in Bangkok, Thailand, popular for its memorable experiences. Entry fee is 47.67 USD. Recommended visit: 2 hours. Discover Bangkok Royal Heritage and Emerald Temple Tour, a notable historic site in Bangkok, Thailand, ideal for visitors. Open 08:30-17:00, entry 47.67 USD.","['Restrooms', 'Information Desk', 'Restaurant', 'Souvenir Shop', 'First Aid Station', 'Luggage Storage', 'city passes', 'self-guided tours', 'food markets', 'tasting tours', 'night markets', 'bars', 'evening shows', 'family restrooms', 'nursing facilities', 'photo spots', 'guided photo tours', 'charging stations', 'wheelchair rental', 'benches/rest areas']",Historic Site/Landmark,2 hours,3.5,"['Family with children', 'Elderly Travelers', 'Nightlife Enthusiast', 'Fast-Paced Budget Travel', 'foodie', 'Photography']",Thailand
13,Bangkok,Bangkok Heritage District,"757 Sathorn Road, Pathumwan",100.681431,13.862649,08:30-17:30,45.19,"Bangkok Heritage District is a historic site in Bangkok, Thailand, popular for its memorable experiences. Entry fee is 45.19 USD. Recommended visit: 2 hours. Discover Bangkok Heritage District, a notable historic site in Bangkok, Thailand, ideal for visitors. Open 08:30-17:30, entry 45.19 USD.","['Restrooms', 'Information Desk', 'Restaurant', 'Souvenir Shop', 'First Aid Station', 'Luggage Storage', 'pet-friendly', 'pet water stations', 'pet rest area', 'city passes', 'self-guided tours', 'scenic spots', 'sunset cruises', 'special couples experiences', 'ramps', 'elevators', 'wheelchair rentals', 'accessible restrooms', 'photo spots', 'guided photo tours', 'charging stations', 'wheelchair rental', 'benches/rest areas']",Historic Site/Landmark,2 hours,3.5,"['Elderly Travelers', 'Pet Owners', 'Disabled Travelers', 'Fast-Paced Budget Travel', 'couples trip', 'Photography']",Thailand
14,Bangkok,Tussauds Museum of Fame,"306 Sukhumvit Road, Khlong Toei District, Bangkok",100.899508,13.723882,10:00-20:00,8.65,"Tussauds Museum of Fame is a museum in Bangkok, Thailand, popular for its unique collections and exhibitions. Entry fee is 8.65 USD. Recommended visit: 2 hours. Discover Tussauds Museum of Fame, a renowned museum in Bangkok, Thailand, ideal for art lovers. Open 10:00-20:00, entry 8.65 USD.","['Restrooms', 'Information Desk', 'Restaurant', 'Souvenir Shop', 'First Aid Station', 'Luggage Storage', 'city passes', 'self-guided tours', 'private tours', 'skip the line passes', 'VIP exclusive events', 'food markets', 'tasting tours', 'family restrooms', 'nursing facilities', 'parking', 'photo spots', 'guided photo tours', 'charging stations']",Museum/Art Gallery,2 hours,4.0,"['Family with children', 'Road trip', 'Fast-Paced Budget Travel', 'Luxury Travelers', 'foodie', 'Photography']",Thailand
15,Bangkok,Siam Adventure Park with Global Dining Experience,"930 Sukhumvit Road, Khlong Toei District, Bangkok",100.449624,13.578935,10:00-20:00,41.1,"Siam Adventure Park with Global Dining Experience is a theme park in Bangkok, Thailand, popular for its memorable experiences. Entry fee is 41.1 USD. Recommended visit: 8 hours. Discover Siam Adventure Park with Global Dining Experience, a notable theme park in Bangkok, Thailand, ideal for visitors. Open 10:00-20:00, entry 41.1 USD.","['Restrooms', 'Information Desk', 'Restaurant', 'Souvenir Shop', 'First Aid Station', 'Luggage Storage', 'city passes', 'self-guided tours', 'scenic spots', 'sunset cruises', 'special couples experiences', 'night markets', 'bars', 'evening shows', 'family restrooms', 'nursing facilities', 'ramps', 'elevators', 'wheelchair rentals', 'accessible restrooms', 'photo spots', 'guided photo tours', 'charging stations']",Theme Park/Amusement Park,8 hours,3.75,"['Family with children', 'Nightlife Enthusiast', 'Disabled Travelers', 'Fast-Paced Budget Travel', 'couples trip', 'Photography']",Thailand
16,Bangkok,Siam Adventure Park for Tourists,"270/20 Maha Chai Road, Sathorn District, Bangkok",100.681688,13.670564,09:00-17:30,30.61,"Siam Adventure Park for Tourists is a theme park in Bangkok, Thailand, popular for its memorable experiences. Entry fee is 30.61 USD. Recommended visit: 7 hours. Discover Siam Adventure Park for Tourists, a notable theme park in Bangkok, Thailand, ideal for visitors. Open 09:00-17:30, entry 30.61 USD.","['Restrooms', 'Information Desk', 'Restaurant', 'Souvenir Shop', 'First Aid Station', 'Luggage Storage', 'city passes', 'self-guided tours', 'private tours', 'skip the line passes', 'VIP exclusive events', 'night markets', 'bars', 'evening shows', 'parking', 'high speed WiFi', 'photo spots', 'guided photo tours', 'charging stations']",Theme Park/Amusement Park,7 hours,3.75,"['Road trip', 'Nightlife Enthusiast', 'Fast-Paced Budget Travel', 'Luxury Travelers', 'Photography']",Thailand
17,Bangkok,Ancient Bangkok and Erawan Museum,"110 Sukhumvit Road, Khlong Toei District",100.751608,13.819877,09:00-17:00,5.95,"Ancient Bangkok and Erawan Museum is a museum in Bangkok, Thailand, popular for its unique collections and exhibitions. Entry fee is 5.95 USD. Recommended visit: 2 hours. Discover Ancient Bangkok and Erawan Museum, a renowned museum in Bangkok, Thailand, ideal for art lovers. Open 09:00-17:00, entry 5.95 USD.","['Restrooms', 'Information Desk', 'Restaurant', 'Souvenir Shop', 'First Aid Station', 'Luggage Storage', 'pet-friendly', 'pet water stations', 'pet rest area', 'private tours', 'skip the line passes', 'VIP exclusive events', 'family restrooms', 'nursing facilities', 'ramps', 'elevators', 'wheelchair rentals', 'accessible restrooms', 'high speed WiFi', 'photo spots', 'guided photo tours', 'charging stations']",Museum/Art Gallery,2 hours,4.0,"['Family with children', 'Pet Owners', 'Disabled Travelers', 'Luxury Travelers', 'Photography']",Thailand
18,Bangkok,Rajadamnern Muay Thai Experience,"595 Sukhumvit Road, Khlong Toei District, Bangkok",100.880275,13.82044,10:00-20:00,11.99,"Rajadamnern Muay Thai Experience is a historic site in Bangkok, Thailand, popular for its memorable experiences. Entry fee is 11.99 USD. Recommended visit: 2 hours. Discover Rajadamnern Muay Thai Experience, a notable historic site in Bangkok, Thailand, ideal for visitors. Open 10:00-20:00, entry 11.99 USD.","['Restrooms', 'Information Desk', 'Restaurant', 'Souvenir Shop', 'First Aid Station', 'Luggage Storage', 'pet-friendly', 'pet water stations', 'pet rest area', 'private tours', 'skip the line passes', 'VIP exclusive events', 'scenic spots', 'sunset cruises', 'special couples experiences', 'parking', 'photo spots', 'guided photo tours', 'charging stations', 'wheelchair rental', 'benches/rest areas']",Historic Site/Landmark,2 hours,3.5,"['Road trip', 'Elderly Travelers', 'Pet Owners', 'couples trip', 'Luxury Travelers', 'Photography']",Thailand
19,Bangkok,Siam Wonderland Amusement Park,"836/18 Maha Chai Road, Sathorn, Bangkok",100.506904,13.590467,09:00-21:00,17.52,"Siam Wonderland Amusement Park is a theme park in Bangkok, Thailand, popular for its memorable experiences. Entry fee is 17.52 USD. Recommended visit: 6 hours. Discover Siam Wonderland Amusement Park, a notable theme park in Bangkok, Thailand, ideal for visitors. Open 09:00-21:00, entry 17.52 USD.","['Restrooms', 'Information Desk', 'Restaurant', 'Souvenir Shop', 'First Aid Station', 'Luggage Storage', 'pet-friendly', 'pet water stations', 'pet rest area', 'group tours', 'security', 'food markets', 'tasting tours', 'scenic spots', 'sunset cruises', 'special couples experiences', 'parking', 'photo spots', 'guided photo tours', 'charging stations']",Theme Park/Amusement Park,6 hours,3.75,"['Road trip', 'Pet Owners', 'couples trip', 'Solo Woman Travelers', 'foodie', 'Photography']",Thailand
20,Bangkok,SEA LIFE Bangkok Ocean World and Madame Tussauds Experience,"669 Rachadaphisek Road, Khlong Toei District",100.761721,13.6655,10:00-21:00,27.03,"SEA LIFE Bangkok Ocean World and Madame Tussauds Experience is a theme park in Bangkok, Thailand, popular for its memorable experiences. Entry fee is 27.03 USD. Recommended visit: 7 hours. Discover SEA LIFE Bangkok Ocean World and Madame Tussauds Experience, a notable theme park in Bangkok, Thailand, ideal for visitors. Open 10:00-21:00, entry 27.03 USD.","['Restrooms', 'Information Desk', 'Restaurant', 'Souvenir Shop', 'First Aid Station', 'Luggage Storage', 'pet-friendly', 'pet water stations', 'pet rest area', 'food markets', 'tasting tours', 'night markets', 'bars', 'evening shows', 'parking', 'ramps', 'elevators', 'wheelchair rentals', 'accessible restrooms', 'photo spots', 'guided photo tours', 'charging stations']",Theme Park/Amusement Park,7 hours,3.75,"['Road trip', 'Pet Owners', 'Nightlife Enthusiast', 'Disabled Travelers', 'foodie', 'Photography']",Thailand
21,Bangkok,Muay Thai Show at Lumpinee Boxing Arena,"857/20 Maha Chai Road, Pathum Wan, Bangkok",100.633963,13.733122,10:00-22:00,42.1,"Muay Thai Show at Lumpinee Boxing Arena is a theme park in Bangkok, Thailand, popular for its memorable experiences. Entry fee is 42.1 USD. Recommended visit: 8 hours. Discover Muay Thai Show at Lumpinee Boxing Arena, a notable theme park in Bangkok, Thailand, ideal for visitors. Open 10:00-22:00, entry 42.1 USD.","['Restrooms', 'Information Desk', 'Restaurant', 'Souvenir Shop', 'First Aid Station', 'Luggage Storage', 'city passes', 'self-guided tours', 'private tours', 'skip the line passes', 'VIP exclusive events', 'food markets', 'tasting tours', 'scenic spots', 'sunset cruises', 'special couples experiences', 'ramps', 'elevators', 'wheelchair rentals', 'accessible restrooms', 'photo spots', 'guided photo tours', 'charging stations']",Theme Park/Amusement Park,8 hours,3.75,"['Disabled Travelers', 'Fast-Paced Budget Travel', 'couples trip', 'Luxury Travelers', 'foodie', 'Photography']",Thailand
22,Bangkok,Bangkok Underwater World & Wax Museum Combo,"582 Sathorn Road, Samran Riverside, Bangkok",100.86488,13.801515,10:00-22:00,31.55,"Bangkok Underwater World & Wax Museum Combo is a museum in Bangkok, Thailand, popular for its unique collections and exhibitions. Entry fee is 31.55 USD. Recommended visit: 2 hours. Discover Bangkok Underwater World & Wax Museum Combo, a renowned museum in Bangkok, Thailand, ideal for art lovers. Open 10:00-22:00, entry 31.55 USD.","['Restrooms', 'Information Desk', 'Restaurant', 'Souvenir Shop', 'First Aid Station', 'Luggage Storage', 'pet-friendly', 'pet water stations', 'pet rest area', 'city passes', 'self-guided tours', 'scenic spots', 'sunset cruises', 'special couples experiences', 'family restrooms', 'nursing facilities', 'ramps', 'elevators', 'wheelchair rentals', 'accessible restrooms', 'wheelchair rental', 'benches/rest areas']",Museum/Art Gallery,2 hours,4.0,"['Family with children', 'Elderly Travelers', 'Pet Owners', 'Disabled Travelers', 'Fast-Paced Budget Travel', 'couples trip']",Thailand
23,Bangkok,Baiyoke Sky Lounge Bangkok,"315 Sukhumvit Road, Khlong Toei District, Bangkok",100.667947,13.692908,11:00-22:00,17.98,"Baiyoke Sky Lounge Bangkok is a historic site in Bangkok, Thailand, popular for its memorable experiences. Entry fee is 17.98 USD. Recommended visit: 2 hours. Discover Baiyoke Sky Lounge Bangkok, a notable historic site in Bangkok, Thailand, ideal for visitors. Open 11:00-22:00, entry 17.98 USD.","['Restrooms', 'Information Desk', 'Restaurant', 'Souvenir Shop', 'First Aid Station', 'Luggage Storage', 'pet-friendly', 'pet water stations', 'pet rest area', 'group tours', 'security', 'food markets', 'tasting tours', 'night markets', 'bars', 'evening shows', 'family restrooms', 'nursing facilities', 'wheelchair rental', 'benches/rest areas']",Historic Site/Landmark,2 hours,3.5,"['Family with children', 'Elderly Travelers', 'Pet Owners', 'Nightlife Enthusiast', 'Solo Woman Travelers', 'foodie']",Thailand
24,Bangkok,Fantasy Land Bangkok with Buffet,"520 Sukhumvit Road, Khlong Toei District, Bangkok",100.850201,13.904061,10:00-20:00,40.52,"Fantasy Land Bangkok with Buffet is a theme park in Bangkok, Thailand, popular for its memorable experiences. Entry fee is 40.52 USD. Recommended visit: 8 hours. Discover Fantasy Land Bangkok with Buffet, a notable theme park in Bangkok, Thailand, ideal for visitors. Open 10:00-20:00, entry 40.52 USD.","['Restrooms', 'Information Desk', 'Restaurant', 'Souvenir Shop', 'First Aid Station', 'Luggage Storage', 'private tours', 'skip the line passes', 'VIP exclusive events', 'group tours', 'security', 'ramps', 'elevators', 'wheelchair rentals', 'accessible restrooms', 'high speed WiFi', 'photo spots', 'guided photo tours', 'charging stations', 'wheelchair rental', 'benches/rest areas']",Theme Park/Amusement Park,8 hours,3.75,"['Elderly Travelers', 'Disabled Travelers', 'Solo Woman Travelers', 'Luxury Travelers', 'Photography']",Thailand
25,Bangkok,Future Dimensions Cube and Virtual Reality Experience Center,"401 Sukhumvit Road, Khlong Toei District, Bangkok",100.738683,13.568996,10:00-22:00,173.3,"Future Dimensions Cube and Virtual Reality Experience Center is a museum in Bangkok, Thailand, popular for its unique collections and exhibitions. Entry fee is 173.3 USD. Recommended visit: 2 hours. Discover Future Dimensions Cube and Virtual Reality Experience Center, a renowned museum in Bangkok, Thailand, ideal for art lovers. Open 10:00-22:00, entry 173.3 USD.","['Restrooms', 'Information Desk', 'Restaurant', 'Souvenir Shop', 'First Aid Station', 'Luggage Storage', 'city passes', 'self-guided tours', 'private tours', 'skip the line passes', 'VIP exclusive events', 'group tours', 'security', 'ramps', 'elevators', 'wheelchair rentals', 'accessible restrooms', 'high speed WiFi', 'photo spots', 'guided photo tours', 'charging stations']",Museum/Art Gallery,2 hours,4.0,"['Disabled Travelers', 'Fast-Paced Budget Travel', 'Solo Woman Travelers', 'Luxury Travelers', 'Photography']",Thailand
26,Bangkok,Siam Adventure Amusement Park,"503 Sukhumvit Road, Khlong Toei District, Bangkok",100.904633,13.655252,09:00-18:00,43.12,"Siam Adventure Amusement Park is a theme park in Bangkok, Thailand, popular for its memorable experiences. Entry fee is 43.12 USD. Recommended visit: 8 hours. Discover Siam Adventure Amusement Park, a notable theme park in Bangkok, Thailand, ideal for visitors. Open 09:00-18:00, entry 43.12 USD.","['Restrooms', 'Information Desk', 'Restaurant', 'Souvenir Shop', 'First Aid Station', 'Luggage Storage', 'group tours', 'security', 'night markets', 'bars', 'evening shows', 'parking', 'ramps', 'elevators', 'wheelchair rentals', 'accessible restrooms', 'photo spots', 'guided photo tours', 'charging stations', 'wheelchair rental', 'benches/rest areas']",Theme Park/Amusement Park,8 hours,3.75,"['Road trip', 'Elderly Travelers', 'Nightlife Enthusiast', 'Disabled Travelers', 'Solo Woman Travelers', 'Photography']",Thailand
27,Bangkok,Erawan Cultural Hub Bangkok,"539 Sukhumvit Road, Khlong Toei District",100.385292,13.656638,09:00-17:30,5.44,"Erawan Cultural Hub Bangkok is a historic site in Bangkok, Thailand, popular for its memorable experiences. Entry fee is 5.44 USD. Recommended visit: 2 hours. Discover Erawan Cultural Hub Bangkok, a notable historic site in Bangkok, Thailand, ideal for visitors. Open 09:00-17:30, entry 5.44 USD.","['Restrooms', 'Information Desk', 'Restaurant', 'Souvenir Shop', 'First Aid Station', 'Luggage Storage', 'pet-friendly', 'pet water stations', 'pet rest area', 'group tours', 'security', 'food markets', 'tasting tours', 'parking', 'ramps', 'elevators', 'wheelchair rentals', 'accessible restrooms', 'wheelchair rental', 'benches/rest areas']",Historic Site/Landmark,2 hours,3.5,"['Road trip', 'Elderly Travelers', 'Pet Owners', 'Disabled Travelers', 'Solo Woman Travelers', 'foodie']",Thailand
28,Bangkok,Siam Park City Bangkok (Lunch),"186 Sukhumvit Road, Sathorn District, Bangkok",100.59949,13.832611,10:00-22:00,11.92,"Siam Park City Bangkok (Lunch) is a theme park in Bangkok, Thailand, popular for its memorable experiences. Entry fee is 11.92 USD. Recommended visit: 6 hours. Discover Siam Park City Bangkok (Lunch), a notable theme park in Bangkok, Thailand, ideal for visitors. Open 10:00-22:00, entry 11.92 USD.","['Restrooms', 'Information Desk', 'Restaurant', 'Souvenir Shop', 'First Aid Station', 'Luggage Storage', 'private tours', 'skip the line passes', 'VIP exclusive events', 'group tours', 'security', 'food markets', 'tasting tours', 'scenic spots', 'sunset cruises', 'special couples experiences', 'parking', 'photo spots', 'guided photo tours', 'charging stations']",Theme Park/Amusement Park,6 hours,3.75,"['Road trip', 'couples trip', 'Solo Woman Travelers', 'Luxury Travelers', 'foodie', 'Photography']",Thailand
29,Bangkok,DreamPark: Thailand’s Magical Adventure Hub,"189 Sukhumvit Road, Khlong Toei District, Bangkok",100.397293,13.781144,09:00-18:00,9.28,"DreamPark: Thailand’s Magical Adventure Hub is a theme park in Bangkok, Thailand, popular for its memorable experiences. Entry fee is 9.28 USD. Recommended visit: 6 hours. Discover DreamPark: Thailand’s Magical Adventure Hub, a notable theme park in Bangkok, Thailand, ideal for visitors. Open 09:00-18:00, entry 9.28 USD.","['Restrooms', 'Information Desk', 'Restaurant', 'Souvenir Shop', 'First Aid Station', 'Luggage Storage', 'pet-friendly', 'pet water stations', 'pet rest area', 'city passes', 'self-guided tours', 'group tours', 'security', 'scenic spots', 'sunset cruises', 'special couples experiences', 'parking', 'photo spots', 'guided photo tours', 'charging stations']",Theme Park/Amusement Park,6 hours,3.75,"['Road trip', 'Pet Owners', 'Fast-Paced Budget Travel', 'couples trip', 'Solo Woman Travelers', 'Photography']",Thailand
30,Bangkok,Bangkok Royal Complex and Emerald Shrine Guided Tour,"876 Sathorn Road, Pathum Wan, Bangkok",100.962415,13.849103,08:30-16:30,27.03,"Bangkok Royal Complex and Emerald Shrine Guided Tour is a historic site in Bangkok, Thailand, popular for its memorable experiences. Entry fee is 27.03 USD. Recommended visit: 2 hours. Discover Bangkok Royal Complex and Emerald Shrine Guided Tour, a notable historic site in Bangkok, Thailand, ideal for visitors. Open 08:30-16:30, entry 27.03 USD.","['Restrooms', 'Information Desk', 'Restaurant', 'Souvenir Shop', 'First Aid Station', 'Luggage Storage', 'pet-friendly', 'pet water stations', 'pet rest area', 'city passes', 'self-guided tours', 'group tours', 'security', 'food markets', 'tasting tours', 'scenic spots', 'sunset cruises', 'special couples experiences', 'high speed WiFi']",Historic Site/Landmark,2 hours,3.5,"['Pet Owners', 'Fast-Paced Budget Travel', 'couples trip', 'Solo Woman Travelers', 'foodie']",Thailand
31,Bangkok,Bangkok Mirage Theatre Cabaret Experience,"941 Sukhumvit Road, Khlong Toei District, Bangkok",100.766412,13.625475,10:00-22:00,15.41,"Bangkok Mirage Theatre Cabaret Experience is a theme park in Bangkok, Thailand, popular for its memorable experiences. Entry fee is 15.41 USD. Recommended visit: 6 hours. Discover Bangkok Mirage Theatre Cabaret Experience, a notable theme park in Bangkok, Thailand, ideal for visitors. Open 10:00-22:00, entry 15.41 USD.","['Restrooms', 'Information Desk', 'Restaurant', 'Souvenir Shop', 'First Aid Station', 'Luggage Storage', 'city passes', 'self-guided tours', 'food markets', 'tasting tours', 'scenic spots', 'sunset cruises', 'special couples experiences', 'parking', 'high speed WiFi', 'wheelchair rental', 'benches/rest areas']",Theme Park/Amusement Park,6 hours,3.75,"['Road trip', 'Elderly Travelers', 'Fast-Paced Budget Travel', 'couples trip', 'foodie']",Thailand
32,Bangkok,Baiyoke Sky Hotel Observation Deck with Dining Option,"496 Sukhumvit Road, Khlong Toei District, Bangkok",100.530767,13.555963,10:00-22:00,291.92,"Baiyoke Sky Hotel Observation Deck with Dining Option is a historic site in Bangkok, Thailand, popular for its memorable experiences. Entry fee is 291.92 USD. Recommended visit: 2 hours. Discover Baiyoke Sky Hotel Observation Deck with Dining Option, a notable historic site in Bangkok, Thailand, ideal for visitors. Open 10:00-22:00, entry 291.92 USD.","['Restrooms', 'Information Desk', 'Restaurant', 'Souvenir Shop', 'First Aid Station', 'Luggage Storage', 'pet-friendly', 'pet water stations', 'pet rest area', 'group tours', 'security', 'food markets', 'tasting tours', 'night markets', 'bars', 'evening shows', 'high speed WiFi', 'wheelchair rental', 'benches/rest areas']",Historic Site/Landmark,2 hours,3.5,"['Elderly Travelers', 'Pet Owners', 'Nightlife Enthusiast', 'Solo Woman Travelers', 'foodie']",Thailand
33,Bangkok,Mahanakhon SkyDeck Experience,"487 Sukhumvit Road, Khlong Toei District, Bangkok",100.879556,13.893795,10:00-22:00,39.34,"Mahanakhon SkyDeck Experience is a historic site in Bangkok, Thailand, popular for its memorable experiences. Entry fee is 39.34 USD. Recommended visit: 2 hours. Discover Mahanakhon SkyDeck Experience, a notable historic site in Bangkok, Thailand, ideal for visitors. Open 10:00-22:00, entry 39.34 USD.","['Restrooms', 'Information Desk', 'Restaurant', 'Souvenir Shop', 'First Aid Station', 'Luggage Storage', 'city passes', 'self-guided tours', 'private tours', 'skip the line passes', 'VIP exclusive events', 'family restrooms', 'nursing facilities', 'parking', 'photo spots', 'guided photo tours', 'charging stations', 'wheelchair rental', 'benches/rest areas']",Historic Site/Landmark,2 hours,3.5,"['Family with children', 'Road trip', 'Elderly Travelers', 'Fast-Paced Budget Travel', 'Luxury Travelers', 'Photography']",Thailand
34,Bangkok,Bangkok Adventure Playland,"187/4 Rajdamnoen Avenue, Sathorn District, Bangkok",100.502866,13.602354,09:00-17:30,2.75,"Bangkok Adventure Playland is a theme park in Bangkok, Thailand, popular for its memorable experiences. Entry fee is 2.75 USD. Recommended visit: 6 hours. Discover Bangkok Adventure Playland, a notable theme park in Bangkok, Thailand, ideal for visitors. Open 09:00-17:30, entry 2.75 USD.","['Restrooms', 'Information Desk', 'Restaurant', 'Souvenir Shop', 'First Aid Station', 'Luggage Storage', 'city passes', 'self-guided tours', 'private tours', 'skip the line passes', 'VIP exclusive events', 'food markets', 'tasting tours', 'scenic spots', 'sunset cruises', 'special couples experiences', 'parking', 'high speed WiFi']",Theme Park/Amusement Park,6 hours,3.75,"['Road trip', 'Fast-Paced Budget Travel', 'couples trip', 'Luxury Travelers', 'foodie']",Thailand
35,Bangkok,Dreamland Bangkok Adventure,"200 Sukhumvit Road, Khlong Toei District",100.885697,13.682327,09:00-17:30,22.0,"Dreamland Bangkok Adventure is a theme park in Bangkok, Thailand, popular for its memorable experiences. Entry fee is 22.0 USD. Recommended visit: 7 hours. Discover Dreamland Bangkok Adventure, a notable theme park in Bangkok, Thailand, ideal for visitors. Open 09:00-17:30, entry 22.0 USD.","['Restrooms', 'Information Desk', 'Restaurant', 'Souvenir Shop', 'First Aid Station', 'Luggage Storage', 'pet-friendly', 'pet water stations', 'pet rest area', 'private tours', 'skip the line passes', 'VIP exclusive events', 'food markets', 'tasting tours', 'scenic spots', 'sunset cruises', 'special couples experiences', 'family restrooms', 'nursing facilities', 'ramps', 'elevators', 'wheelchair rentals', 'accessible restrooms']",Theme Park/Amusement Park,7 hours,3.75,"['Family with children', 'Pet Owners', 'Disabled Travelers', 'couples trip', 'Luxury Travelers', 'foodie']",Thailand
36,Bangkok,Siam Adventure Park,"995/11 Sukhumvit Road, Khlong Toei District, Bangkok",100.558933,13.696814,09:00-17:30,21.63,"Siam Adventure Park is a theme park in Bangkok, Thailand, popular for its memorable experiences. Entry fee is 21.63 USD. Recommended visit: 7 hours. Discover Siam Adventure Park, a notable theme park in Bangkok, Thailand, ideal for visitors. Open 09:00-17:30, entry 21.63 USD.","['Restrooms', 'Information Desk', 'Restaurant', 'Souvenir Shop', 'First Aid Station', 'Luggage Storage', 'city passes', 'self-guided tours', 'group tours', 'security', 'scenic spots', 'sunset cruises', 'special couples experiences', 'family restrooms', 'nursing facilities', 'photo spots', 'guided photo tours', 'charging stations', 'wheelchair rental', 'benches/rest areas']",Theme Park/Amusement Park,7 hours,3.75,"['Family with children', 'Elderly Travelers', 'Fast-Paced Budget Travel', 'couples trip', 'Solo Woman Travelers', 'Photography']",Thailand
37,Bangkok,Tussauds Gallery Bangkok,"117 Silom Road, Sukhumvit, Bangkok",100.746978,13.855481,10:00-20:00,286.14,"Tussauds Gallery Bangkok is a museum in Bangkok, Thailand, popular for its unique collections and exhibitions. Entry fee is 286.14 USD. Recommended visit: 2 hours. Discover Tussauds Gallery Bangkok, a renowned museum in Bangkok, Thailand, ideal for art lovers. Open 10:00-20:00, entry 286.14 USD.","['Restrooms', 'Information Desk', 'Restaurant', 'Souvenir Shop', 'First Aid Station', 'Luggage Storage', 'group tours', 'security', 'night markets', 'bars', 'evening shows', 'scenic spots', 'sunset cruises', 'special couples experiences', 'family restrooms', 'nursing facilities', 'parking', 'high speed WiFi']",Museum/Art Gallery,2 hours,4.0,"['Family with children', 'Road trip', 'Nightlife Enthusiast', 'couples trip', 'Solo Woman Travelers']",Thailand
38,Bangkok,Baiyoke Sky Observation Deck with Evening Bistro,"624 Maha Chai Road, Khlong Toei District, Bangkok",100.721357,13.566011,10:00-22:00,148.46,"Baiyoke Sky Observation Deck with Evening Bistro is a historic site in Bangkok, Thailand, popular for its memorable experiences. Entry fee is 148.46 USD. Recommended visit: 2 hours. Discover Baiyoke Sky Observation Deck with Evening Bistro, a notable historic site in Bangkok, Thailand, ideal for visitors. Open 10:00-22:00, entry 148.46 USD.","['Restrooms', 'Information Desk', 'Restaurant', 'Souvenir Shop', 'First Aid Station', 'Luggage Storage', 'pet-friendly', 'pet water stations', 'pet rest area', 'city passes', 'self-guided tours', 'food markets', 'tasting tours', 'night markets', 'bars', 'evening shows', 'parking', 'photo spots', 'guided photo tours', 'charging stations']",Historic Site/Landmark,2 hours,3.5,"['Road trip', 'Pet Owners', 'Nightlife Enthusiast', 'Fast-Paced Budget Travel', 'foodie', 'Photography']",Thailand
39,Bangkok,Jim Thompson Heritage Museum,"304 Charoenkrung Road, Samphanthawong District, Bangkok",100.697076,13.730918,09:00-17:00,262.19,"Jim Thompson Heritage Museum is a historic site in Bangkok, Thailand, popular for its memorable experiences. Entry fee is 262.19 USD. Recommended visit: 2 hours. Discover Jim Thompson Heritage Museum, a notable historic site in Bangkok, Thailand, ideal for visitors. Open 09:00-17:00, entry 262.19 USD.","['Restrooms', 'Information Desk', 'Restaurant', 'Souvenir Shop', 'First Aid Station', 'Luggage Storage', 'city passes', 'self-guided tours', 'scenic spots', 'sunset cruises', 'special couples experiences', 'night markets', 'bars', 'evening shows', 'ramps', 'elevators', 'wheelchair rentals', 'accessible restrooms', 'photo spots', 'guided photo tours', 'charging stations', 'wheelchair rental', 'benches/rest areas']",Historic Site/Landmark,2 hours,3.5,"['Elderly Travelers', 'Nightlife Enthusiast', 'Disabled Travelers', 'Fast-Paced Budget Travel', 'couples trip', 'Photography']",Thailand
40,Bangkok,"House of HAVEN: VIP Lounge, Cocktail, and Live Show","956 Sukhumvit Road, Bangkok",100.361413,13.585315,18:00-02:00,17.09,"House of HAVEN: VIP Lounge, Cocktail, and Live Show is a theme park in Bangkok, Thailand, popular for its memorable experiences. Entry fee is 17.09 USD. Recommended visit: 6 hours. Discover House of HAVEN: VIP Lounge, Cocktail, and Live Show, a notable theme park in Bangkok, Thailand, ideal for visitors. Open 18:00-02:00, entry 17.09 USD.","['Restrooms', 'Information Desk', 'Restaurant', 'Souvenir Shop', 'First Aid Station', 'Luggage Storage', 'pet-friendly', 'pet water stations', 'pet rest area', 'night markets', 'bars', 'evening shows', 'family restrooms', 'nursing facilities', 'ramps', 'elevators', 'wheelchair rentals', 'accessible restrooms', 'high speed WiFi', 'wheelchair rental', 'benches/rest areas']",Theme Park/Amusement Park,6 hours,3.75,"['Family with children', 'Elderly Travelers', 'Pet Owners', 'Nightlife Enthusiast', 'Disabled Travelers']",Thailand
41,Bangkok,Bangkok Royal Thai Costume Adventure with Hair and Makeup,"511 Sathorn Road, Bangkok",100.921088,13.860496,10:00-18:00,37.37,"Bangkok Royal Thai Costume Adventure with Hair and Makeup is a museum in Bangkok, Thailand, popular for its unique collections and exhibitions. Entry fee is 37.37 USD. Recommended visit: 2 hours. Discover Bangkok Royal Thai Costume Adventure with Hair and Makeup, a renowned museum in Bangkok, Thailand, ideal for art lovers. Open 10:00-18:00, entry 37.37 USD.","['Restrooms', 'Information Desk', 'Restaurant', 'Souvenir Shop', 'First Aid Station', 'Luggage Storage', 'food markets', 'tasting tours', 'night markets', 'bars', 'evening shows', 'scenic spots', 'sunset cruises', 'special couples experiences', 'family restrooms', 'nursing facilities', 'parking', 'high speed WiFi']",Museum/Art Gallery,2 hours,4.0,"['Family with children', 'Road trip', 'Nightlife Enthusiast', 'couples trip', 'foodie']",Thailand
42,Bangkok,The Royal Heritage Entrance Experience,"634 Sathorn Road, Wat Phra Singh, Bangkok",100.7395,13.718785,08:30-17:00,26.02,"The Royal Heritage Entrance Experience is a historic site in Bangkok, Thailand, popular for its memorable experiences. Entry fee is 26.02 USD. Recommended visit: 2 hours. Discover The Royal Heritage Entrance Experience, a notable historic site in Bangkok, Thailand, ideal for visitors. Open 08:30-17:00, entry 26.02 USD.","['Restrooms', 'Information Desk', 'Restaurant', 'Souvenir Shop', 'First Aid Station', 'Luggage Storage', 'pet-friendly', 'pet water stations', 'pet rest area', 'group tours', 'security', 'food markets', 'tasting tours', 'family restrooms', 'nursing facilities', 'ramps', 'elevators', 'wheelchair rentals', 'accessible restrooms', 'photo spots', 'guided photo tours', 'charging stations']",Historic Site/Landmark,2 hours,3.5,"['Family with children', 'Pet Owners', 'Disabled Travelers', 'Solo Woman Travelers', 'foodie', 'Photography']",Thailand
43,Bangkok,Siam Adventure Cultural and Martial Arts Show,"586 Rachadaphisek Road, Pathumwan",100.973884,13.869943,10:00-22:00,7.59,"Siam Adventure Cultural and Martial Arts Show is a theme park in Bangkok, Thailand, popular for its memorable experiences. Entry fee is 7.59 USD. Recommended visit: 6 hours. Discover Siam Adventure Cultural and Martial Arts Show, a notable theme park in Bangkok, Thailand, ideal for visitors. Open 10:00-22:00, entry 7.59 USD.","['Restrooms', 'Information Desk', 'Restaurant', 'Souvenir Shop', 'First Aid Station', 'Luggage Storage', 'city passes', 'self-guided tours', 'group tours', 'security', 'food markets', 'tasting tours', 'night markets', 'bars', 'evening shows', 'family restrooms', 'nursing facilities', 'photo spots', 'guided photo tours', 'charging stations']",Theme Park/Amusement Park,6 hours,3.75,"['Family with children', 'Nightlife Enthusiast', 'Fast-Paced Budget Travel', 'Solo Woman Travelers', 'foodie', 'Photography']",Thailand
44,Bangkok,Bangkok Skyline Skywalk Pass,"623 Sukhumvit Road, Khlong Toei District",100.570407,13.818503,09:00-21:00,116.65,"Bangkok Skyline Skywalk Pass is a nature in Bangkok, Thailand, popular for its natural scenery and relaxing atmosphere. Entry fee is 116.65 USD. Recommended visit: 3 hours. Discover Bangkok Skyline Skywalk Pass, a peaceful nature in Bangkok, Thailand, ideal for nature lovers. Open 09:00-21:00, entry 116.65 USD.","['Restrooms', 'Information Desk', 'Restaurant', 'Souvenir Shop', 'First Aid Station', 'Luggage Storage', 'pet-friendly', 'pet water stations', 'pet rest area', 'group tours', 'security', 'night markets', 'bars', 'evening shows', 'family restrooms', 'nursing facilities', 'ramps', 'elevators', 'wheelchair rentals', 'accessible restrooms', 'photo spots', 'guided photo tours', 'charging stations']",Nature/Scenery/Park,3 hours,3.7,"['Family with children', 'Pet Owners', 'Nightlife Enthusiast', 'Disabled Travelers', 'Solo Woman Travelers', 'Photography']",Thailand
45,Bangkok,Mirinn Ladyboy Cabaret Live – BRAVO Theater,"472 Sukhumvit Road, Khlong Toei District",100.633855,13.888614,18:00-02:00,8.55,"Mirinn Ladyboy Cabaret Live – BRAVO Theater is a theme park in Bangkok, Thailand, popular for its memorable experiences. Entry fee is 8.55 USD. Recommended visit: 6 hours. Discover Mirinn Ladyboy Cabaret Live – BRAVO Theater, a notable theme park in Bangkok, Thailand, ideal for visitors. Open 18:00-02:00, entry 8.55 USD.","['Restrooms', 'Information Desk', 'Restaurant', 'Souvenir Shop', 'First Aid Station', 'Luggage Storage', 'pet-friendly', 'pet water stations', 'pet rest area', 'city passes', 'self-guided tours', 'private tours', 'skip the line passes', 'VIP exclusive events', 'parking', 'photo spots', 'guided photo tours', 'charging stations', 'wheelchair rental', 'benches/rest areas']",Theme Park/Amusement Park,6 hours,3.75,"['Road trip', 'Elderly Travelers', 'Pet Owners', 'Fast-Paced Budget Travel', 'Luxury Travelers', 'Photography']",Thailand
46,Bangkok,Bangkok Erwan Cultural Center,"864 Rachadaphisek Road, Pathum Wan, Bangkok",100.719294,13.832258,10:00-18:00,8.31,"Bangkok Erwan Cultural Center is a museum in Bangkok, Thailand, popular for its unique collections and exhibitions. Entry fee is 8.31 USD. Recommended visit: 2 hours. Discover Bangkok Erwan Cultural Center, a renowned museum in Bangkok, Thailand, ideal for art lovers. Open 10:00-18:00, entry 8.31 USD.","['Restrooms', 'Information Desk', 'Restaurant', 'Souvenir Shop', 'First Aid Station', 'Luggage Storage', 'group tours', 'security', 'food markets', 'tasting tours', 'night markets', 'bars', 'evening shows', 'parking', 'ramps', 'elevators', 'wheelchair rentals', 'accessible restrooms', 'wheelchair rental', 'benches/rest areas']",Museum/Art Gallery,2 hours,4.0,"['Road trip', 'Elderly Travelers', 'Nightlife Enthusiast', 'Disabled Travelers', 'Solo Woman Travelers', 'foodie']",Thailand
47,Bangkok,Bangkok SkyView MahaNakhon Observation Deck,"262 Sukhumvit Road, Bangkok",100.554036,13.895847,10:00-22:00,27.39,"Bangkok SkyView MahaNakhon Observation Deck is a historic site in Bangkok, Thailand, popular for its memorable experiences. Entry fee is 27.39 USD. Recommended visit: 2 hours. Discover Bangkok SkyView MahaNakhon Observation Deck, a notable historic site in Bangkok, Thailand, ideal for visitors. Open 10:00-22:00, entry 27.39 USD.","['Restrooms', 'Information Desk', 'Restaurant', 'Souvenir Shop', 'First Aid Station', 'Luggage Storage', 'pet-friendly', 'pet water stations', 'pet rest area', 'private tours', 'skip the line passes', 'VIP exclusive events', 'group tours', 'security', 'food markets', 'tasting tours', 'scenic spots', 'sunset cruises', 'special couples experiences', 'photo spots', 'guided photo tours', 'charging stations']",Historic Site/Landmark,2 hours,3.5,"['Pet Owners', 'couples trip', 'Solo Woman Travelers', 'Luxury Travelers', 'foodie', 'Photography']",Thailand
48,Bangkok,Chao Phraya Royal Dinner Cruise,"381 Sukhumvit Road, Bangkok",100.778966,13.811741,18:00-22:00,22.35,"Chao Phraya Royal Dinner Cruise is a nature in Bangkok, Thailand, popular for its natural scenery and relaxing atmosphere. Entry fee is 22.35 USD. Recommended visit: 3 hours. Discover Chao Phraya Royal Dinner Cruise, a peaceful nature in Bangkok, Thailand, ideal for nature lovers. Open 18:00-22:00, entry 22.35 USD.","['Restrooms', 'Information Desk', 'Restaurant', 'Souvenir Shop', 'First Aid Station', 'Luggage Storage', 'pet-friendly', 'pet water stations', 'pet rest area', 'private tours', 'skip the line passes', 'VIP exclusive events', 'food markets', 'tasting tours', 'scenic spots', 'sunset cruises', 'special couples experiences', 'family restrooms', 'nursing facilities', 'photo spots', 'guided photo tours', 'charging stations']",Nature/Scenery/Park,3 hours,3.7,"['Family with children', 'Pet Owners', 'couples trip', 'Luxury Travelers', 'foodie', 'Photography']",Thailand
49,Bangkok,Chao Phraya Starlight Dinner Cruise,"637 Riverside Promenade, Wat Phra Singh, Bangkok",100.690376,13.668702,18:00-21:30,86.13,"Chao Phraya Starlight Dinner Cruise is a nature in Bangkok, Thailand, popular for its natural scenery and relaxing atmosphere. Entry fee is 86.13 USD. Recommended visit: 3 hours. Discover Chao Phraya Starlight Dinner Cruise, a peaceful nature in Bangkok, Thailand, ideal for nature lovers. Open 18:00-21:30, entry 86.13 USD.","['Restrooms', 'Information Desk', 'Restaurant', 'Souvenir Shop', 'First Aid Station', 'Luggage Storage', 'pet-friendly', 'pet water stations', 'pet rest area', 'food markets', 'tasting tours', 'night markets', 'bars', 'evening shows', 'parking', 'ramps', 'elevators', 'wheelchair rentals', 'accessible restrooms', 'high speed WiFi']",Nature/Scenery/Park,3 hours,3.7,"['Road trip', 'Pet Owners', 'Nightlife Enthusiast', 'Disabled Travelers', 'foodie']",Thailand
50,Bangkok,Madame Tussauds Bangkok Experience,"868 Makkasan Road, Pathumwan, Bangkok",100.394308,13.689962,10:00-20:00,9.74,"Madame Tussauds Bangkok Experience is a museum in Bangkok, Thailand, popular for its unique collections and exhibitions. Entry fee is 9.74 USD. Recommended visit: 2 hours. Discover Madame Tussauds Bangkok Experience, a renowned museum in Bangkok, Thailand, ideal for art lovers. Open 10:00-20:00, entry 9.74 USD.","['Restrooms', 'Information Desk', 'Restaurant', 'Souvenir Shop', 'First Aid Station', 'Luggage Storage', 'night markets', 'bars', 'evening shows', 'family restrooms', 'nursing facilities', 'scenic spots', 'sunset cruises', 'special couples experiences', 'ramps', 'elevators', 'wheelchair rentals', 'accessible restrooms', 'high speed WiFi', 'wheelchair rental', 'benches/rest areas']",Museum/Art Gallery,2 hours,4.0,"['Family with children', 'Elderly Travelers', 'Nightlife Enthusiast', 'Disabled Travelers', 'couples trip']",Thailand
51,Bangkok,Wat Pho Reclining Buddha Guided Audio Experience,"533 Sathorn Road, Bangkok",100.51904,13.556893,08:30-17:30,140.76,"Wat Pho Reclining Buddha Guided Audio Experience is a historic site in Bangkok, Thailand, popular for its memorable experiences. Entry fee is 140.76 USD. Recommended visit: 2 hours. Discover Wat Pho Reclining Buddha Guided Audio Experience, a notable historic site in Bangkok, Thailand, ideal for visitors. Open 08:30-17:30, entry 140.76 USD.","['Restrooms', 'Information Desk', 'Restaurant', 'Souvenir Shop', 'First Aid Station', 'Luggage Storage', 'pet-friendly', 'pet water stations', 'pet rest area', 'city passes', 'self-guided tours', 'private tours', 'skip the line passes', 'VIP exclusive events', 'food markets', 'tasting tours', 'ramps', 'elevators', 'wheelchair rentals', 'accessible restrooms', 'wheelchair rental', 'benches/rest areas']",Historic Site/Landmark,2 hours,3.5,"['Elderly Travelers', 'Pet Owners', 'Disabled Travelers', 'Fast-Paced Budget Travel', 'Luxury Travelers', 'foodie']",Thailand
52,Bangkok,Thailand Heritage Adventure Tour,"730 Sathorn Road, Silom District",100.807181,13.616517,08:30-17:00,40.23,"Thailand Heritage Adventure Tour is a historic site in Bangkok, Thailand, popular for its memorable experiences. Entry fee is 40.23 USD. Recommended visit: 2 hours. Discover Thailand Heritage Adventure Tour, a notable historic site in Bangkok, Thailand, ideal for visitors. Open 08:30-17:00, entry 40.23 USD.","['Restrooms', 'Information Desk', 'Restaurant', 'Souvenir Shop', 'First Aid Station', 'Luggage Storage', 'pet-friendly', 'pet water stations', 'pet rest area', 'private tours', 'skip the line passes', 'VIP exclusive events', 'group tours', 'security', 'food markets', 'tasting tours', 'scenic spots', 'sunset cruises', 'special couples experiences', 'wheelchair rental', 'benches/rest areas']",Historic Site/Landmark,2 hours,3.5,"['Elderly Travelers', 'Pet Owners', 'couples trip', 'Solo Woman Travelers', 'Luxury Travelers', 'foodie']",Thailand
53,Bangkok,Golden Spire Nightclub Entertainment Show,"676 Sukhumvit Road, Khlong Toei District",100.861215,13.873521,18:00-02:00,45.01,"Golden Spire Nightclub Entertainment Show is a theme park in Bangkok, Thailand, popular for its memorable experiences. Entry fee is 45.01 USD. Recommended visit: 8 hours. Discover Golden Spire Nightclub Entertainment Show, a notable theme park in Bangkok, Thailand, ideal for visitors. Open 18:00-02:00, entry 45.01 USD.","['Restrooms', 'Information Desk', 'Restaurant', 'Souvenir Shop', 'First Aid Station', 'Luggage Storage', 'pet-friendly', 'pet water stations', 'pet rest area', 'private tours', 'skip the line passes', 'VIP exclusive events', 'group tours', 'security', 'scenic spots', 'sunset cruises', 'special couples experiences', 'parking', 'ramps', 'elevators', 'wheelchair rentals', 'accessible restrooms']",Theme Park/Amusement Park,8 hours,3.75,"['Road trip', 'Pet Owners', 'Disabled Travelers', 'couples trip', 'Solo Woman Travelers', 'Luxury Travelers']",Thailand
54,Bangkok,Bangkok City Sightseeing and Bus Circuits,"506/19 Maha Chai Road, Khlong Toei District, Bangkok",100.932797,13.64836,08:30-19:00,125.3,"Bangkok City Sightseeing and Bus Circuits is a historic site in Bangkok, Thailand, popular for its memorable experiences. Entry fee is 125.3 USD. Recommended visit: 2 hours. Discover Bangkok City Sightseeing and Bus Circuits, a notable historic site in Bangkok, Thailand, ideal for visitors. Open 08:30-19:00, entry 125.3 USD.","['Restrooms', 'Information Desk', 'Restaurant', 'Souvenir Shop', 'First Aid Station', 'Luggage Storage', 'pet-friendly', 'pet water stations', 'pet rest area', 'food markets', 'tasting tours', 'night markets', 'bars', 'evening shows', 'ramps', 'elevators', 'wheelchair rentals', 'accessible restrooms', 'photo spots', 'guided photo tours', 'charging stations', 'wheelchair rental', 'benches/rest areas']",Historic Site/Landmark,2 hours,3.5,"['Elderly Travelers', 'Pet Owners', 'Nightlife Enthusiast', 'Disabled Travelers', 'foodie', 'Photography']",Thailand
55,Bangkok,Siam Park Adventure Experience,"882/1 Sukhumvit Road, Khlong Tan Nua, Bangkok",100.448921,13.733691,09:00-17:30,17.6,"Siam Park Adventure Experience is a theme park in Bangkok, Thailand, popular for its memorable experiences. Entry fee is 17.6 USD. Recommended visit: 6 hours. Discover Siam Park Adventure Experience, a notable theme park in Bangkok, Thailand, ideal for visitors. Open 09:00-17:30, entry 17.6 USD.","['Restrooms', 'Information Desk', 'Restaurant', 'Souvenir Shop', 'First Aid Station', 'Luggage Storage', 'private tours', 'skip the line passes', 'VIP exclusive events', 'group tours', 'security', 'food markets', 'tasting tours', 'scenic spots', 'sunset cruises', 'special couples experiences', 'parking', 'ramps', 'elevators', 'wheelchair rentals', 'accessible restrooms']",Theme Park/Amusement Park,6 hours,3.75,"['Road trip', 'Disabled Travelers', 'couples trip', 'Solo Woman Travelers', 'Luxury Travelers', 'foodie']",Thailand
56,Bangkok,Baiyoke Sky View with 84th Floor Access and 1 Drink,"203 Sukhumvit Road, Bangkok",100.637175,13.705697,09:00-18:00,26.42,"Baiyoke Sky View with 84th Floor Access and 1 Drink is a historic site in Bangkok, Thailand, popular for its memorable experiences. Entry fee is 26.42 USD. Recommended visit: 2 hours. Discover Baiyoke Sky View with 84th Floor Access and 1 Drink, a notable historic site in Bangkok, Thailand, ideal for visitors. Open 09:00-18:00, entry 26.42 USD.","['Restrooms', 'Information Desk', 'Restaurant', 'Souvenir Shop', 'First Aid Station', 'Luggage Storage', 'city passes', 'self-guided tours', 'private tours', 'skip the line passes', 'VIP exclusive events', 'night markets', 'bars', 'evening shows', 'family restrooms', 'nursing facilities', 'parking', 'photo spots', 'guided photo tours', 'charging stations']",Historic Site/Landmark,2 hours,3.5,"['Family with children', 'Road trip', 'Nightlife Enthusiast', 'Fast-Paced Budget Travel', 'Luxury Travelers', 'Photography']",Thailand
57,Bangkok,Bangkok Siam Enchanted Night Spectacle,"584 Sukhumvit Road, Khlong Toei District",100.551947,13.666465,08:00-23:00,40.17,"Bangkok Siam Enchanted Night Spectacle is a theme park in Bangkok, Thailand, popular for its memorable experiences. Entry fee is 40.17 USD. Recommended visit: 7 hours. Discover Bangkok Siam Enchanted Night Spectacle, a notable theme park in Bangkok, Thailand, ideal for visitors. Open 08:00-23:00, entry 40.17 USD.","['Restrooms', 'Information Desk', 'Restaurant', 'Souvenir Shop', 'First Aid Station', 'Luggage Storage', 'pet-friendly', 'pet water stations', 'pet rest area', 'group tours', 'security', 'scenic spots', 'sunset cruises', 'special couples experiences', 'night markets', 'bars', 'evening shows', 'high speed WiFi', 'photo spots', 'guided photo tours', 'charging stations']",Theme Park/Amusement Park,7 hours,3.75,"['Pet Owners', 'Nightlife Enthusiast', 'couples trip', 'Solo Woman Travelers', 'Photography']",Thailand
58,Bangkok,Bangkok: Twin Buddha Exploration Tour,"390 Sathorn Road, Silom District",100.583564,13.825579,08:30-17:00,127.18,"Bangkok: Twin Buddha Exploration Tour is a historic site in Bangkok, Thailand, popular for its memorable experiences. Entry fee is 127.18 USD. Recommended visit: 2 hours. Discover Bangkok: Twin Buddha Exploration Tour, a notable historic site in Bangkok, Thailand, ideal for visitors. Open 08:30-17:00, entry 127.18 USD.","['Restrooms', 'Information Desk', 'Restaurant', 'Souvenir Shop', 'First Aid Station', 'Luggage Storage', 'city passes', 'self-guided tours', 'private tours', 'skip the line passes', 'VIP exclusive events', 'food markets', 'tasting tours', 'scenic spots', 'sunset cruises', 'special couples experiences', 'family restrooms', 'nursing facilities', 'high speed WiFi']",Historic Site/Landmark,2 hours,3.5,"['Family with children', 'Fast-Paced Budget Travel', 'couples trip', 'Luxury Travelers', 'foodie']",Thailand
59,Bangkok,Baiyoke Sky Hotel Crystal Grill Experience,"379 Sathorn Road, Silom, Bangkok",100.70742,13.642471,11:00-22:00,68.88,"Baiyoke Sky Hotel Crystal Grill Experience is a historic site in Bangkok, Thailand, popular for its memorable experiences. Entry fee is 68.88 USD. Recommended visit: 2 hours. Discover Baiyoke Sky Hotel Crystal Grill Experience, a notable historic site in Bangkok, Thailand, ideal for visitors. Open 11:00-22:00, entry 68.88 USD.","['Restrooms', 'Information Desk', 'Restaurant', 'Souvenir Shop', 'First Aid Station', 'Luggage Storage', 'pet-friendly', 'pet water stations', 'pet rest area', 'city passes', 'self-guided tours', 'private tours', 'skip the line passes', 'VIP exclusive events', 'group tours', 'security', 'family restrooms', 'nursing facilities', 'photo spots', 'guided photo tours', 'charging stations']",Historic Site/Landmark,2 hours,3.5,"['Family with children', 'Pet Owners', 'Fast-Paced Budget Travel', 'Solo Woman Travelers', 'Luxury Travelers', 'Photography']",Thailand
60,Bangkok,Bangkok Saturday Lumpinee Muay Thai Legends Arena,"887 Ratchadaphisek Road, Pathumwan, Bangkok",100.541546,13.757846,10:00-22:00,5.36,"Bangkok Saturday Lumpinee Muay Thai Legends Arena is a historic site in Bangkok, Thailand, popular for its memorable experiences. Entry fee is 5.36 USD. Recommended visit: 2 hours. Discover Bangkok Saturday Lumpinee Muay Thai Legends Arena, a notable historic site in Bangkok, Thailand, ideal for visitors. Open 10:00-22:00, entry 5.36 USD.","['Restrooms', 'Information Desk', 'Restaurant', 'Souvenir Shop', 'First Aid Station', 'Luggage Storage', 'city passes', 'self-guided tours', 'private tours', 'skip the line passes', 'VIP exclusive events', 'group tours', 'security', 'night markets', 'bars', 'evening shows', 'family restrooms', 'nursing facilities', 'high speed WiFi']",Historic Site/Landmark,2 hours,3.5,"['Family with children', 'Nightlife Enthusiast', 'Fast-Paced Budget Travel', 'Solo Woman Travelers', 'Luxury Travelers']",Thailand
61,Bangkok,Muang Boran - The Ancient City of Samut Prakan,"903/2 Rachadaphisek Road, Bangkok",100.829289,13.740927,09:00-17:00,39.95,"Muang Boran - The Ancient City of Samut Prakan is a historic site in Bangkok, Thailand, popular for its memorable experiences. Entry fee is 39.95 USD. Recommended visit: 2 hours. Discover Muang Boran - The Ancient City of Samut Prakan, a notable historic site in Bangkok, Thailand, ideal for visitors. Open 09:00-17:00, entry 39.95 USD.","['Restrooms', 'Information Desk', 'Restaurant', 'Souvenir Shop', 'First Aid Station', 'Luggage Storage', 'private tours', 'skip the line passes', 'VIP exclusive events', 'food markets', 'tasting tours', 'parking', 'ramps', 'elevators', 'wheelchair rentals', 'accessible restrooms', 'high speed WiFi', 'wheelchair rental', 'benches/rest areas']",Historic Site/Landmark,2 hours,3.5,"['Road trip', 'Elderly Travelers', 'Disabled Travelers', 'Luxury Travelers', 'foodie']",Thailand
62,Bangkok,Bangkok: Mirinn Cabaret Show Experience,"481 Sukhumvit Road, Khlong Toei District",100.763803,13.673188,18:00-00:00,7.49,"Bangkok: Mirinn Cabaret Show Experience is a theme park in Bangkok, Thailand, popular for its memorable experiences. Entry fee is 7.49 USD. Recommended visit: 6 hours. Discover Bangkok: Mirinn Cabaret Show Experience, a notable theme park in Bangkok, Thailand, ideal for visitors. Open 18:00-00:00, entry 7.49 USD.","['Restrooms', 'Information Desk', 'Restaurant', 'Souvenir Shop', 'First Aid Station', 'Luggage Storage', 'food markets', 'tasting tours', 'scenic spots', 'sunset cruises', 'special couples experiences', 'family restrooms', 'nursing facilities', 'parking', 'high speed WiFi', 'photo spots', 'guided photo tours', 'charging stations']",Theme Park/Amusement Park,6 hours,3.75,"['Family with children', 'Road trip', 'couples trip', 'foodie', 'Photography']",Thailand
63,Bangkok,Erawan Cultural Museum Entrance,"445 Rama IV Road, Bangkok",100.427268,13.65031,09:00-17:00,28.32,"Erawan Cultural Museum Entrance is a museum in Bangkok, Thailand, popular for its unique collections and exhibitions. Entry fee is 28.32 USD. Recommended visit: 2 hours. Discover Erawan Cultural Museum Entrance, a renowned museum in Bangkok, Thailand, ideal for art lovers. Open 09:00-17:00, entry 28.32 USD.","['Restrooms', 'Information Desk', 'Restaurant', 'Souvenir Shop', 'First Aid Station', 'Luggage Storage', 'city passes', 'self-guided tours', 'private tours', 'skip the line passes', 'VIP exclusive events', 'food markets', 'tasting tours', 'family restrooms', 'nursing facilities', 'ramps', 'elevators', 'wheelchair rentals', 'accessible restrooms', 'photo spots', 'guided photo tours', 'charging stations']",Museum/Art Gallery,2 hours,4.0,"['Family with children', 'Disabled Travelers', 'Fast-Paced Budget Travel', 'Luxury Travelers', 'foodie', 'Photography']",Thailand
64,Bangkok,Bangkok Heritage River Cruise: Grand Palace & Emerald Buddha,"999 Sathorn Nai Road, Watthana District, Bangkok",100.787017,13.618363,08:30-17:30,21.62,"Bangkok Heritage River Cruise: Grand Palace & Emerald Buddha is a historic site in Bangkok, Thailand, popular for its memorable experiences. Entry fee is 21.62 USD. Recommended visit: 2 hours. Discover Bangkok Heritage River Cruise: Grand Palace & Emerald Buddha, a notable historic site in Bangkok, Thailand, ideal for visitors. Open 08:30-17:30, entry 21.62 USD.","['Restrooms', 'Information Desk', 'Restaurant', 'Souvenir Shop', 'First Aid Station', 'Luggage Storage', 'pet-friendly', 'pet water stations', 'pet rest area', 'private tours', 'skip the line passes', 'VIP exclusive events', 'scenic spots', 'sunset cruises', 'special couples experiences', 'night markets', 'bars', 'evening shows', 'family restrooms', 'nursing facilities', 'photo spots', 'guided photo tours', 'charging stations']",Historic Site/Landmark,2 hours,3.5,"['Family with children', 'Pet Owners', 'Nightlife Enthusiast', 'couples trip', 'Luxury Travelers', 'Photography']",Thailand
65,Bangkok,Yunomori Sathorn Thermal Spa,"551 Charoenkrung Road, Samranjit, Bangkok",100.686986,13.612544,09:00-19:00,55.55,"Yunomori Sathorn Thermal Spa is a nature in Bangkok, Thailand, popular for its natural scenery and relaxing atmosphere. Entry fee is 55.55 USD. Recommended visit: 3 hours. Discover Yunomori Sathorn Thermal Spa, a peaceful nature in Bangkok, Thailand, ideal for nature lovers. Open 09:00-19:00, entry 55.55 USD.","['Restrooms', 'Information Desk', 'Restaurant', 'Souvenir Shop', 'First Aid Station', 'Luggage Storage', 'pet-friendly', 'pet water stations', 'pet rest area', 'group tours', 'security', 'food markets', 'tasting tours', 'parking', 'photo spots', 'guided photo tours', 'charging stations', 'wheelchair rental', 'benches/rest areas']",Nature/Scenery/Park,3 hours,3.7,"['Road trip', 'Elderly Travelers', 'Pet Owners', 'Solo Woman Travelers', 'foodie', 'Photography']",Thailand
66,Bangkok,Ancient City & Erawan Museum Experience,"524 Charoenkrung Road, Samphanthawong District",100.600176,13.825895,09:00-17:30,6.09,"Ancient City & Erawan Museum Experience is a museum in Bangkok, Thailand, popular for its unique collections and exhibitions. Entry fee is 6.09 USD. Recommended visit: 2 hours. Discover Ancient City & Erawan Museum Experience, a renowned museum in Bangkok, Thailand, ideal for art lovers. Open 09:00-17:30, entry 6.09 USD.","['Restrooms', 'Information Desk', 'Restaurant', 'Souvenir Shop', 'First Aid Station', 'Luggage Storage', 'private tours', 'skip the line passes', 'VIP exclusive events', 'family restrooms', 'nursing facilities', 'ramps', 'elevators', 'wheelchair rentals', 'accessible restrooms', 'high speed WiFi', 'photo spots', 'guided photo tours', 'charging stations', 'wheelchair rental', 'benches/rest areas']",Museum/Art Gallery,2 hours,4.0,"['Family with children', 'Elderly Travelers', 'Disabled Travelers', 'Luxury Travelers', 'Photography']",Thailand
67,Bangkok,Bangkok Calypso Cabaret Experience at Asiatique (Thai Ladyboy Show),"389/1 Rachadaphisek Road, Khlong Toei District, Bangkok",100.763861,13.848427,10:00-22:00,92.84,"Bangkok Calypso Cabaret Experience at Asiatique (Thai Ladyboy Show) is a historic site in Bangkok, Thailand, popular for its memorable experiences. Entry fee is 92.84 USD. Recommended visit: 2 hours. Discover Bangkok Calypso Cabaret Experience at Asiatique (Thai Ladyboy Show), a notable historic site in Bangkok, Thailand, ideal for visitors. Open 10:00-22:00, entry 92.84 USD.","['Restrooms', 'Information Desk', 'Restaurant', 'Souvenir Shop', 'First Aid Station', 'Luggage Storage', 'pet-friendly', 'pet water stations', 'pet rest area', 'private tours', 'skip the line passes', 'VIP exclusive events', 'food markets', 'tasting tours', 'parking', 'ramps', 'elevators', 'wheelchair rentals', 'accessible restrooms', 'high speed WiFi']",Historic Site/Landmark,2 hours,3.5,"['Road trip', 'Pet Owners', 'Disabled Travelers', 'Luxury Travelers', 'foodie']",Thailand
68,Bangkok,Dreamland Snowscape & Adventure Park,"132/5 Sukhumvit Road, Khlong Toei District, Bangkok",100.522149,13.808534,09:00-18:00,18.65,"Dreamland Snowscape & Adventure Park is a theme park in Bangkok, Thailand, popular for its memorable experiences. Entry fee is 18.65 USD. Recommended visit: 6 hours. Discover Dreamland Snowscape & Adventure Park, a notable theme park in Bangkok, Thailand, ideal for visitors. Open 09:00-18:00, entry 18.65 USD.","['Restrooms', 'Information Desk', 'Restaurant', 'Souvenir Shop', 'First Aid Station', 'Luggage Storage', 'pet-friendly', 'pet water stations', 'pet rest area', 'city passes', 'self-guided tours', 'group tours', 'security', 'parking', 'ramps', 'elevators', 'wheelchair rentals', 'accessible restrooms', 'high speed WiFi']",Theme Park/Amusement Park,6 hours,3.75,"['Road trip', 'Pet Owners', 'Disabled Travelers', 'Fast-Paced Budget Travel', 'Solo Woman Travelers']",Thailand
69,Bangkok,Mahanakorn Skyview Access - Bangkok's Premier Observation Spot,"977 Sathorn Road, Silom District, Bangkok",100.694889,13.59733,09:00-21:00,143.12,"Mahanakorn Skyview Access - Bangkok's Premier Observation Spot is a nature in Bangkok, Thailand, popular for its natural scenery and relaxing atmosphere. Entry fee is 143.12 USD. Recommended visit: 3 hours. Discover Mahanakorn Skyview Access - Bangkok's Premier Observation Spot, a peaceful nature in Bangkok, Thailand, ideal for nature lovers. Open 09:00-21:00, entry 143.12 USD.","['Restrooms', 'Information Desk', 'Restaurant', 'Souvenir Shop', 'First Aid Station', 'Luggage Storage', 'private tours', 'skip the line passes', 'VIP exclusive events', 'night markets', 'bars', 'evening shows', 'family restrooms', 'nursing facilities', 'parking', 'ramps', 'elevators', 'wheelchair rentals', 'accessible restrooms', 'wheelchair rental', 'benches/rest areas']",Nature/Scenery/Park,3 hours,3.7,"['Family with children', 'Road trip', 'Elderly Travelers', 'Nightlife Enthusiast', 'Disabled Travelers', 'Luxury Travelers']",Thailand
70,Bangkok,Dreamland Adventure Park,"498 Sukhumvit Road, Khlong Toei District",100.815794,13.569574,09:00-18:00,22.27,"Dreamland Adventure Park is a theme park in Bangkok, Thailand, popular for its memorable experiences. Entry fee is 22.27 USD. Recommended visit: 7 hours. Discover Dreamland Adventure Park, a notable theme park in Bangkok, Thailand, ideal for visitors. Open 09:00-18:00, entry 22.27 USD.","['Restrooms', 'Information Desk', 'Restaurant', 'Souvenir Shop', 'First Aid Station', 'Luggage Storage', 'food markets', 'tasting tours', 'scenic spots', 'sunset cruises', 'special couples experiences', 'night markets', 'bars', 'evening shows', 'family restrooms', 'nursing facilities', 'parking', 'photo spots', 'guided photo tours', 'charging stations']",Theme Park/Amusement Park,7 hours,3.75,"['Family with children', 'Road trip', 'Nightlife Enthusiast', 'couples trip', 'foodie', 'Photography']",Thailand
71,Bangkok,Bangkok SkyView and SkyBridge,"489 Sukhumvit Road, Khlong Toei District",100.803173,13.701004,10:00-22:00,48.13,"Bangkok SkyView and SkyBridge is a historic site in Bangkok, Thailand, popular for its memorable experiences. Entry fee is 48.13 USD. Recommended visit: 2 hours. Discover Bangkok SkyView and SkyBridge, a notable historic site in Bangkok, Thailand, ideal for visitors. Open 10:00-22:00, entry 48.13 USD.","['Restrooms', 'Information Desk', 'Restaurant', 'Souvenir Shop', 'First Aid Station', 'Luggage Storage', 'city passes', 'self-guided tours', 'private tours', 'skip the line passes', 'VIP exclusive events', 'group tours', 'security', 'scenic spots', 'sunset cruises', 'special couples experiences', 'ramps', 'elevators', 'wheelchair rentals', 'accessible restrooms', 'photo spots', 'guided photo tours', 'charging stations']",Historic Site/Landmark,2 hours,3.5,"['Disabled Travelers', 'Fast-Paced Budget Travel', 'couples trip', 'Solo Woman Travelers', 'Luxury Travelers', 'Photography']",Thailand
72,Bangkok,Erawan Temple Four-Faced Buddha Experience,"202 Sukhumvit Road, Khlong Toei District, Bangkok",100.727866,13.76808,08:30-17:30,13.51,"Erawan Temple Four-Faced Buddha Experience is a museum in Bangkok, Thailand, popular for its unique collections and exhibitions. Entry fee is 13.51 USD. Recommended visit: 2 hours. Discover Erawan Temple Four-Faced Buddha Experience, a renowned museum in Bangkok, Thailand, ideal for art lovers. Open 08:30-17:30, entry 13.51 USD.","['Restrooms', 'Information Desk', 'Restaurant', 'Souvenir Shop', 'First Aid Station', 'Luggage Storage', 'group tours', 'security', 'night markets', 'bars', 'evening shows', 'scenic spots', 'sunset cruises', 'special couples experiences', 'ramps', 'elevators', 'wheelchair rentals', 'accessible restrooms', 'high speed WiFi', 'wheelchair rental', 'benches/rest areas']",Museum/Art Gallery,2 hours,4.0,"['Elderly Travelers', 'Nightlife Enthusiast', 'Disabled Travelers', 'couples trip', 'Solo Woman Travelers']",Thailand
73,Bangkok,Ocean World and Wax Museums Bangkok,"805 Sukhumvit Road, Khlong Toei District",100.965057,13.636276,10:00-22:00,37.37,"Ocean World and Wax Museums Bangkok is a museum in Bangkok, Thailand, popular for its unique collections and exhibitions. Entry fee is 37.37 USD. Recommended visit: 2 hours. Discover Ocean World and Wax Museums Bangkok, a renowned museum in Bangkok, Thailand, ideal for art lovers. Open 10:00-22:00, entry 37.37 USD.","['Restrooms', 'Information Desk', 'Restaurant', 'Souvenir Shop', 'First Aid Station', 'Luggage Storage', 'city passes', 'self-guided tours', 'group tours', 'security', 'night markets', 'bars', 'evening shows', 'family restrooms', 'nursing facilities', 'high speed WiFi', 'photo spots', 'guided photo tours', 'charging stations']",Museum/Art Gallery,2 hours,4.0,"['Family with children', 'Nightlife Enthusiast', 'Fast-Paced Budget Travel', 'Solo Woman Travelers', 'Photography']",Thailand
74,Bangkok,Bangkok Royal Complex Tour with Hotel Shuttle,"846 Sathorn Road, Wattana District, Bangkok",100.400118,13.853753,08:30-17:00,31.43,"Bangkok Royal Complex Tour with Hotel Shuttle is a historic site in Bangkok, Thailand, popular for its memorable experiences. Entry fee is 31.43 USD. Recommended visit: 2 hours. Discover Bangkok Royal Complex Tour with Hotel Shuttle, a notable historic site in Bangkok, Thailand, ideal for visitors. Open 08:30-17:00, entry 31.43 USD.","['Restrooms', 'Information Desk', 'Restaurant', 'Souvenir Shop', 'First Aid Station', 'Luggage Storage', 'pet-friendly', 'pet water stations', 'pet rest area', 'city passes', 'self-guided tours', 'group tours', 'security', 'scenic spots', 'sunset cruises', 'special couples experiences', 'parking', 'wheelchair rental', 'benches/rest areas']",Historic Site/Landmark,2 hours,3.5,"['Road trip', 'Elderly Travelers', 'Pet Owners', 'Fast-Paced Budget Travel', 'couples trip', 'Solo Woman Travelers']",Thailand
75,Bangkok,Bangkok: Pink Ganesha & Wat Paknam Cultural Tour,"215 Rama IV Road, Pathum Wan, Bangkok",100.541798,13.608388,08:30-16:00,16.97,"Bangkok: Pink Ganesha & Wat Paknam Cultural Tour is a historic site in Bangkok, Thailand, popular for its memorable experiences. Entry fee is 16.97 USD. Recommended visit: 2 hours. Discover Bangkok: Pink Ganesha & Wat Paknam Cultural Tour, a notable historic site in Bangkok, Thailand, ideal for visitors. Open 08:30-16:00, entry 16.97 USD.","['Restrooms', 'Information Desk', 'Restaurant', 'Souvenir Shop', 'First Aid Station', 'Luggage Storage', 'city passes', 'self-guided tours', 'private tours', 'skip the line passes', 'VIP exclusive events', 'food markets', 'tasting tours', 'night markets', 'bars', 'evening shows', 'family restrooms', 'nursing facilities', 'ramps', 'elevators', 'wheelchair rentals', 'accessible restrooms']",Historic Site/Landmark,2 hours,3.5,"['Family with children', 'Nightlife Enthusiast', 'Disabled Travelers', 'Fast-Paced Budget Travel', 'Luxury Travelers', 'foodie']",Thailand
76,Bangkok,Rajadamnern Muay Thai Showcase,"642 Ratchadaphisek Road, Pathumwan, Bangkok",100.62382,13.599379,10:00-22:00,2.72,"Rajadamnern Muay Thai Showcase is a theme park in Bangkok, Thailand, popular for its memorable experiences. Entry fee is 2.72 USD. Recommended visit: 6 hours. Discover Rajadamnern Muay Thai Showcase, a notable theme park in Bangkok, Thailand, ideal for visitors. Open 10:00-22:00, entry 2.72 USD.","['Restrooms', 'Information Desk', 'Restaurant', 'Souvenir Shop', 'First Aid Station', 'Luggage Storage', 'city passes', 'self-guided tours', 'private tours', 'skip the line passes', 'VIP exclusive events', 'family restrooms', 'nursing facilities', 'ramps', 'elevators', 'wheelchair rentals', 'accessible restrooms', 'photo spots', 'guided photo tours', 'charging stations', 'wheelchair rental', 'benches/rest areas']",Theme Park/Amusement Park,6 hours,3.75,"['Family with children', 'Elderly Travelers', 'Disabled Travelers', 'Fast-Paced Budget Travel', 'Luxury Travelers', 'Photography']",Thailand
77,Bangkok,Live Experience with Sea Life and Madame Tussauds - Bangkok,"809 Sukhumvit Road, Khlong Toei District, Bangkok",100.528937,13.565551,10:00-22:00,13.1,"Live Experience with Sea Life and Madame Tussauds - Bangkok is a theme park in Bangkok, Thailand, popular for its memorable experiences. Entry fee is 13.1 USD. Recommended visit: 6 hours. Discover Live Experience with Sea Life and Madame Tussauds - Bangkok, a notable theme park in Bangkok, Thailand, ideal for visitors. Open 10:00-22:00, entry 13.1 USD.","['Restrooms', 'Information Desk', 'Restaurant', 'Souvenir Shop', 'First Aid Station', 'Luggage Storage', 'pet-friendly', 'pet water stations', 'pet rest area', 'group tours', 'security', 'night markets', 'bars', 'evening shows', 'scenic spots', 'sunset cruises', 'special couples experiences', 'family restrooms', 'nursing facilities', 'parking']",Theme Park/Amusement Park,6 hours,3.75,"['Family with children', 'Road trip', 'Pet Owners', 'Nightlife Enthusiast', 'couples trip', 'Solo Woman Travelers']",Thailand
78,Bangkok,Rajadamnern Arena: Muay Thai Heritage Hub,"671 Sathorn Road, Watthana District, Bangkok",100.834167,13.606206,09:00-18:00,7.46,"Rajadamnern Arena: Muay Thai Heritage Hub is a museum in Bangkok, Thailand, popular for its unique collections and exhibitions. Entry fee is 7.46 USD. Recommended visit: 2 hours. Discover Rajadamnern Arena: Muay Thai Heritage Hub, a renowned museum in Bangkok, Thailand, ideal for art lovers. Open 09:00-18:00, entry 7.46 USD.","['Restrooms', 'Information Desk', 'Restaurant', 'Souvenir Shop', 'First Aid Station', 'Luggage Storage', 'pet-friendly', 'pet water stations', 'pet rest area', 'group tours', 'security', 'food markets', 'tasting tours', 'night markets', 'bars', 'evening shows', 'photo spots', 'guided photo tours', 'charging stations', 'wheelchair rental', 'benches/rest areas']",Museum/Art Gallery,2 hours,4.0,"['Elderly Travelers', 'Pet Owners', 'Nightlife Enthusiast', 'Solo Woman Travelers', 'foodie', 'Photography']",Thailand
79,Bangkok,Calypso Cabaret Experience at Asiatique Bangkok,"735 Sathorn Road, Sam Yan, Bangkok",100.749875,13.73452,08:00-23:00,31.01,"Calypso Cabaret Experience at Asiatique Bangkok is a theme park in Bangkok, Thailand, popular for its memorable experiences. Entry fee is 31.01 USD. Recommended visit: 7 hours. Discover Calypso Cabaret Experience at Asiatique Bangkok, a notable theme park in Bangkok, Thailand, ideal for visitors. Open 08:00-23:00, entry 31.01 USD.","['Restrooms', 'Information Desk', 'Restaurant', 'Souvenir Shop', 'First Aid Station', 'Luggage Storage', 'pet-friendly', 'pet water stations', 'pet rest area', 'night markets', 'bars', 'evening shows', 'scenic spots', 'sunset cruises', 'special couples experiences', 'parking', 'ramps', 'elevators', 'wheelchair rentals', 'accessible restrooms', 'high speed WiFi']",Theme Park/Amusement Park,7 hours,3.75,"['Road trip', 'Pet Owners', 'Nightlife Enthusiast', 'Disabled Travelers', 'couples trip']",Thailand
80,Bangkok,Bangkok's Premier Muay Thai Experience at Rajadamnern Arena,"707 Phra Sumen Road, Sathorn District, Bangkok",100.577708,13.776485,10:00-20:00,29.85,"Bangkok's Premier Muay Thai Experience at Rajadamnern Arena is a theme park in Bangkok, Thailand, popular for its memorable experiences. Entry fee is 29.85 USD. Recommended visit: 7 hours. Discover Bangkok's Premier Muay Thai Experience at Rajadamnern Arena, a notable theme park in Bangkok, Thailand, ideal for visitors. Open 10:00-20:00, entry 29.85 USD.","['Restrooms', 'Information Desk', 'Restaurant', 'Souvenir Shop', 'First Aid Station', 'Luggage Storage', 'city passes', 'self-guided tours', 'group tours', 'security', 'scenic spots', 'sunset cruises', 'special couples experiences', 'parking', 'high speed WiFi', 'photo spots', 'guided photo tours', 'charging stations']",Theme Park/Amusement Park,7 hours,3.75,"['Road trip', 'Fast-Paced Budget Travel', 'couples trip', 'Solo Woman Travelers', 'Photography']",Thailand
81,Bangkok,Royal Heritage Cultural Walk,"921 Sukhumvit Road, Bangkok",100.4606,13.590295,08:30-17:00,26.15,"Royal Heritage Cultural Walk is a historic site in Bangkok, Thailand, popular for its memorable experiences. Entry fee is 26.15 USD. Recommended visit: 2 hours. Discover Royal Heritage Cultural Walk, a notable historic site in Bangkok, Thailand, ideal for visitors. Open 08:30-17:00, entry 26.15 USD.","['Restrooms', 'Information Desk', 'Restaurant', 'Souvenir Shop', 'First Aid Station', 'Luggage Storage', 'pet-friendly', 'pet water stations', 'pet rest area', 'city passes', 'self-guided tours', 'private tours', 'skip the line passes', 'VIP exclusive events', 'group tours', 'security', 'food markets', 'tasting tours', 'family restrooms', 'nursing facilities']",Historic Site/Landmark,2 hours,3.5,"['Family with children', 'Pet Owners', 'Fast-Paced Budget Travel', 'Solo Woman Travelers', 'Luxury Travelers', 'foodie']",Thailand
82,Bangkok,The Royal Heritage: Grand Palace & Wat Pho Complex,"605 Rachadaphisek Road, Pathumwan, Bangkok",100.766723,13.706655,08:30-17:00,39.59,"The Royal Heritage: Grand Palace & Wat Pho Complex is a historic site in Bangkok, Thailand, popular for its memorable experiences. Entry fee is 39.59 USD. Recommended visit: 2 hours. Discover The Royal Heritage: Grand Palace & Wat Pho Complex, a notable historic site in Bangkok, Thailand, ideal for visitors. Open 08:30-17:00, entry 39.59 USD.","['Restrooms', 'Information Desk', 'Restaurant', 'Souvenir Shop', 'First Aid Station', 'Luggage Storage', 'city passes', 'self-guided tours', 'group tours', 'security', 'scenic spots', 'sunset cruises', 'special couples experiences', 'family restrooms', 'nursing facilities', 'high speed WiFi', 'wheelchair rental', 'benches/rest areas']",Historic Site/Landmark,2 hours,3.5,"['Family with children', 'Elderly Travelers', 'Fast-Paced Budget Travel', 'couples trip', 'Solo Woman Travelers']",Thailand
83,Bangkok,Na-Oh Bangkok | Thailand,"439 Sathorn Road, Silom, Bangkok",100.638362,13.605172,09:00-18:00,71.12,"Na-Oh Bangkok | Thailand is a museum in Bangkok, Thailand, popular for its unique collections and exhibitions. Entry fee is 71.12 USD. Recommended visit: 2 hours. Discover Na-Oh Bangkok | Thailand, a renowned museum in Bangkok, Thailand, ideal for art lovers. Open 09:00-18:00, entry 71.12 USD.","['Restrooms', 'Information Desk', 'Restaurant', 'Souvenir Shop', 'First Aid Station', 'Luggage Storage', 'city passes', 'self-guided tours', 'group tours', 'security', 'night markets', 'bars', 'evening shows', 'parking', 'ramps', 'elevators', 'wheelchair rentals', 'accessible restrooms', 'wheelchair rental', 'benches/rest areas']",Museum/Art Gallery,2 hours,4.0,"['Road trip', 'Elderly Travelers', 'Nightlife Enthusiast', 'Disabled Travelers', 'Fast-Paced Budget Travel', 'Solo Woman Travelers']",Thailand
84,Bangkok,Bangkok SkyView Observation Deck,"965 Silom Road, Sukhumvit, Bangkok",100.43666,13.74803,10:00-22:00,6.7,"Bangkok SkyView Observation Deck is a nature in Bangkok, Thailand, popular for its natural scenery and relaxing atmosphere. Entry fee is 6.7 USD. Recommended visit: 3 hours. Discover Bangkok SkyView Observation Deck, a peaceful nature in Bangkok, Thailand, ideal for nature lovers. Open 10:00-22:00, entry 6.7 USD.","['Restrooms', 'Information Desk', 'Restaurant', 'Souvenir Shop', 'First Aid Station', 'Luggage Storage', 'private tours', 'skip the line passes', 'VIP exclusive events', 'parking', 'ramps', 'elevators', 'wheelchair rentals', 'accessible restrooms', 'high speed WiFi', 'photo spots', 'guided photo tours', 'charging stations', 'wheelchair rental', 'benches/rest areas']",Nature/Scenery/Park,3 hours,3.7,"['Road trip', 'Elderly Travelers', 'Disabled Travelers', 'Luxury Travelers', 'Photography']",Thailand
85,Bangkok,Royal Heritage Museum And Wat Pho,"686 Sathorn Road, Watthana District, Bangkok",100.696981,13.577705,08:30-17:00,65.97,"Royal Heritage Museum And Wat Pho is a historic site in Bangkok, Thailand, popular for its memorable experiences. Entry fee is 65.97 USD. Recommended visit: 2 hours. Discover Royal Heritage Museum And Wat Pho, a notable historic site in Bangkok, Thailand, ideal for visitors. Open 08:30-17:00, entry 65.97 USD.","['Restrooms', 'Information Desk', 'Restaurant', 'Souvenir Shop', 'First Aid Station', 'Luggage Storage', 'pet-friendly', 'pet water stations', 'pet rest area', 'city passes', 'self-guided tours', 'private tours', 'skip the line passes', 'VIP exclusive events', 'parking', 'high speed WiFi', 'wheelchair rental', 'benches/rest areas']",Historic Site/Landmark,2 hours,3.5,"['Road trip', 'Elderly Travelers', 'Pet Owners', 'Fast-Paced Budget Travel', 'Luxury Travelers']",Thailand
86,Bangkok,Bangkok Heritage Complex: Muang Boran & Erawan Museum,"436 Sathorn Road, Wat Phra Singh, Bangkok",100.633372,13.776371,09:00-17:30,83.06,"Bangkok Heritage Complex: Muang Boran & Erawan Museum is a historic site in Bangkok, Thailand, popular for its memorable experiences. Entry fee is 83.06 USD. Recommended visit: 2 hours. Discover Bangkok Heritage Complex: Muang Boran & Erawan Museum, a notable historic site in Bangkok, Thailand, ideal for visitors. Open 09:00-17:30, entry 83.06 USD.","['Restrooms', 'Information Desk', 'Restaurant', 'Souvenir Shop', 'First Aid Station', 'Luggage Storage', 'pet-friendly', 'pet water stations', 'pet rest area', 'city passes', 'self-guided tours', 'private tours', 'skip the line passes', 'VIP exclusive events', 'food markets', 'tasting tours', 'photo spots', 'guided photo tours', 'charging stations', 'wheelchair rental', 'benches/rest areas']",Historic Site/Landmark,2 hours,3.5,"['Elderly Travelers', 'Pet Owners', 'Fast-Paced Budget Travel', 'Luxury Travelers', 'foodie', 'Photography']",Thailand
87,Bangkok,Mahanakorn Skywalk and I-Tilt Access,"843 Sukhumvit Road, Khlong Toei District, Bangkok",100.467512,13.68338,09:00-18:00,62.22,"Mahanakorn Skywalk and I-Tilt Access is a nature in Bangkok, Thailand, popular for its natural scenery and relaxing atmosphere. Entry fee is 62.22 USD. Recommended visit: 3 hours. Discover Mahanakorn Skywalk and I-Tilt Access, a peaceful nature in Bangkok, Thailand, ideal for nature lovers. Open 09:00-18:00, entry 62.22 USD.","['Restrooms', 'Information Desk', 'Restaurant', 'Souvenir Shop', 'First Aid Station', 'Luggage Storage', 'pet-friendly', 'pet water stations', 'pet rest area', 'private tours', 'skip the line passes', 'VIP exclusive events', 'scenic spots', 'sunset cruises', 'special couples experiences', 'high speed WiFi', 'photo spots', 'guided photo tours', 'charging stations', 'wheelchair rental', 'benches/rest areas']",Nature/Scenery/Park,3 hours,3.7,"['Elderly Travelers', 'Pet Owners', 'couples trip', 'Luxury Travelers', 'Photography']",Thailand
88,Bangkok,Bangkok Royal Heritage and Temple Tour,"561 Sathorn Road, Pathum Wan, Bangkok",100.649401,13.851128,08:30-17:00,7.97,"Bangkok Royal Heritage and Temple Tour is a historic site in Bangkok, Thailand, popular for its memorable experiences. Entry fee is 7.97 USD. Recommended visit: 2 hours. Discover Bangkok Royal Heritage and Temple Tour, a notable historic site in Bangkok, Thailand, ideal for visitors. Open 08:30-17:00, entry 7.97 USD.","['Restrooms', 'Information Desk', 'Restaurant', 'Souvenir Shop', 'First Aid Station', 'Luggage Storage', 'pet-friendly', 'pet water stations', 'pet rest area', 'city passes', 'self-guided tours', 'group tours', 'security', 'ramps', 'elevators', 'wheelchair rentals', 'accessible restrooms', 'high speed WiFi', 'wheelchair rental', 'benches/rest areas']",Historic Site/Landmark,2 hours,3.5,"['Elderly Travelers', 'Pet Owners', 'Disabled Travelers', 'Fast-Paced Budget Travel', 'Solo Woman Travelers']",Thailand
89,Bangkok,Bangkok Riverside Adventure: Maeklong Railway & Floating Market Tour,"842/11 Phra Sumen Road, Samran Riverside, Bangkok",100.607347,13.764739,08:30-17:30,14.93,"Bangkok Riverside Adventure: Maeklong Railway & Floating Market Tour is a historic site in Bangkok, Thailand, popular for its memorable experiences. Entry fee is 14.93 USD. Recommended visit: 2 hours. Discover Bangkok Riverside Adventure: Maeklong Railway & Floating Market Tour, a notable historic site in Bangkok, Thailand, ideal for visitors. Open 08:30-17:30, entry 14.93 USD.","['Restrooms', 'Information Desk', 'Restaurant', 'Souvenir Shop', 'First Aid Station', 'Luggage Storage', 'pet-friendly', 'pet water stations', 'pet rest area', 'group tours', 'security', 'food markets', 'tasting tours', 'night markets', 'bars', 'evening shows', 'family restrooms', 'nursing facilities', 'ramps', 'elevators', 'wheelchair rentals', 'accessible restrooms']",Historic Site/Landmark,2 hours,3.5,"['Family with children', 'Pet Owners', 'Nightlife Enthusiast', 'Disabled Travelers', 'Solo Woman Travelers', 'foodie']",Thailand
90,Bangkok,SEA LIFE Bangkok Ocean World Experience,"951 Sathorn Unique, Sathorn, Bangkok",100.602416,13.801205,09:30-17:00,20.25,"SEA LIFE Bangkok Ocean World Experience is a theme park in Bangkok, Thailand, popular for its memorable experiences. Entry fee is 20.25 USD. Recommended visit: 6 hours. Discover SEA LIFE Bangkok Ocean World Experience, a notable theme park in Bangkok, Thailand, ideal for visitors. Open 09:30-17:00, entry 20.25 USD.","['Restrooms', 'Information Desk', 'Restaurant', 'Souvenir Shop', 'First Aid Station', 'Luggage Storage', 'private tours', 'skip the line passes', 'VIP exclusive events', 'food markets', 'tasting tours', 'night markets', 'bars', 'evening shows', 'family restrooms', 'nursing facilities', 'ramps', 'elevators', 'wheelchair rentals', 'accessible restrooms', 'wheelchair rental', 'benches/rest areas']",Theme Park/Amusement Park,6 hours,3.75,"['Family with children', 'Elderly Travelers', 'Nightlife Enthusiast', 'Disabled Travelers', 'Luxury Travelers', 'foodie']",Thailand
91,Bangkok,Dynamic Journey - Bangkok to Kanchanaburi Adventure,"704/12 Moo 5, Kanchanaburi Road, Kanchanaburi",100.545287,13.609858,08:00-17:00,3.58,"Dynamic Journey - Bangkok to Kanchanaburi Adventure is a nature in Bangkok, Thailand, popular for its natural scenery and relaxing atmosphere. Entry fee is 3.58 USD. Recommended visit: 3 hours. Discover Dynamic Journey - Bangkok to Kanchanaburi Adventure, a peaceful nature in Bangkok, Thailand, ideal for nature lovers. Open 08:00-17:00, entry 3.58 USD.","['Restrooms', 'Information Desk', 'Restaurant', 'Souvenir Shop', 'First Aid Station', 'Luggage Storage', 'group tours', 'security', 'food markets', 'tasting tours', 'scenic spots', 'sunset cruises', 'special couples experiences', 'family restrooms', 'nursing facilities', 'parking', 'high speed WiFi']",Nature/Scenery/Park,3 hours,3.7,"['Family with children', 'Road trip', 'couples trip', 'Solo Woman Travelers', 'foodie']",Thailand
92,Bangkok,Bangkok Heritage Tour (Golden Temple + Marble Buddha + Reclining Buddha) with Hotel Transfer,"957 Charoenkrung Road, Samran Riverside, Bangkok",100.913776,13.83086,09:00-17:00,48.07,"Bangkok Heritage Tour (Golden Temple + Marble Buddha + Reclining Buddha) with Hotel Transfer is a historic site in Bangkok, Thailand, popular for its memorable experiences. Entry fee is 48.07 USD. Recommended visit: 2 hours. Discover Bangkok Heritage Tour (Golden Temple + Marble Buddha + Reclining Buddha) with Hotel Transfer, a notable historic site in Bangkok, Thailand, ideal for visitors. Open 09:00-17:00, entry 48.07 USD.","['Restrooms', 'Information Desk', 'Restaurant', 'Souvenir Shop', 'First Aid Station', 'Luggage Storage', 'city passes', 'self-guided tours', 'group tours', 'security', 'food markets', 'tasting tours', 'night markets', 'bars', 'evening shows', 'family restrooms', 'nursing facilities', 'parking']",Historic Site/Landmark,2 hours,3.5,"['Family with children', 'Road trip', 'Nightlife Enthusiast', 'Fast-Paced Budget Travel', 'Solo Woman Travelers', 'foodie']",Thailand
93,Bangkok,Damnoen Saduak Floating Market and Erawan Falls,"657/48 Moo 5, Damnoen Saduak, Nakhon Pathom",100.726698,13.76017,08:00-17:00,75.28,"Damnoen Saduak Floating Market and Erawan Falls is a nature in Bangkok, Thailand, popular for its natural scenery and relaxing atmosphere. Entry fee is 75.28 USD. Recommended visit: 3 hours. Discover Damnoen Saduak Floating Market and Erawan Falls, a peaceful nature in Bangkok, Thailand, ideal for nature lovers. Open 08:00-17:00, entry 75.28 USD.","['Restrooms', 'Information Desk', 'Restaurant', 'Souvenir Shop', 'First Aid Station', 'Luggage Storage', 'pet-friendly', 'pet water stations', 'pet rest area', 'private tours', 'skip the line passes', 'VIP exclusive events', 'group tours', 'security', 'food markets', 'tasting tours', 'night markets', 'bars', 'evening shows', 'wheelchair rental', 'benches/rest areas']",Nature/Scenery/Park,3 hours,3.7,"['Elderly Travelers', 'Pet Owners', 'Nightlife Enthusiast', 'Solo Woman Travelers', 'Luxury Travelers', 'foodie']",Thailand
94,Bangkok,5 Star Splendor Bangkok Dinner Cruise On Pearl Voyager,"130 Chao Phraya River Promenade, Wat Phra Si Rattanakosin",100.681818,13.613304,18:00-22:00,22.04,"5 Star Splendor Bangkok Dinner Cruise On Pearl Voyager is a nature in Bangkok, Thailand, popular for its natural scenery and relaxing atmosphere. Entry fee is 22.04 USD. Recommended visit: 3 hours. Discover 5 Star Splendor Bangkok Dinner Cruise On Pearl Voyager, a peaceful nature in Bangkok, Thailand, ideal for nature lovers. Open 18:00-22:00, entry 22.04 USD.","['Restrooms', 'Information Desk', 'Restaurant', 'Souvenir Shop', 'First Aid Station', 'Luggage Storage', 'pet-friendly', 'pet water stations', 'pet rest area', 'city passes', 'self-guided tours', 'private tours', 'skip the line passes', 'VIP exclusive events', 'parking', 'ramps', 'elevators', 'wheelchair rentals', 'accessible restrooms', 'high speed WiFi']",Nature/Scenery/Park,3 hours,3.7,"['Road trip', 'Pet Owners', 'Disabled Travelers', 'Fast-Paced Budget Travel', 'Luxury Travelers']",Thailand
95,Bangkok,"Bangkok Temple Exploration at Wat Arun, Wat Phra Kaew and Wat Saket","138/18 Charoenkrung Road, Samphanthawong District, Bangkok",100.352275,13.624963,08:30-17:00,143.11,"Bangkok Temple Exploration at Wat Arun, Wat Phra Kaew and Wat Saket is a historic site in Bangkok, Thailand, popular for its memorable experiences. Entry fee is 143.11 USD. Recommended visit: 2 hours. Discover Bangkok Temple Exploration at Wat Arun, Wat Phra Kaew and Wat Saket, a notable historic site in Bangkok, Thailand, ideal for visitors. Open 08:30-17:00, entry 143.11 USD.","['Restrooms', 'Information Desk', 'Restaurant', 'Souvenir Shop', 'First Aid Station', 'Luggage Storage', 'group tours', 'security', 'parking', 'ramps', 'elevators', 'wheelchair rentals', 'accessible restrooms', 'high speed WiFi', 'photo spots', 'guided photo tours', 'charging stations', 'wheelchair rental', 'benches/rest areas']",Historic Site/Landmark,2 hours,3.5,"['Road trip', 'Elderly Travelers', 'Disabled Travelers', 'Solo Woman Travelers', 'Photography']",Thailand
96,Bangkok,"Wondrous Bangkok Journey with Grand Palace, Emerald Buddha & Wat Arun","510 Sukhumvit Road, Khlong Toei District, Bangkok",100.477494,13.73652,08:30-17:30,79.36,"Wondrous Bangkok Journey with Grand Palace, Emerald Buddha & Wat Arun is a historic site in Bangkok, Thailand, popular for its memorable experiences. Entry fee is 79.36 USD. Recommended visit: 2 hours. Discover Wondrous Bangkok Journey with Grand Palace, Emerald Buddha & Wat Arun, a notable historic site in Bangkok, Thailand, ideal for visitors. Open 08:30-17:30, entry 79.36 USD.","['Restrooms', 'Information Desk', 'Restaurant', 'Souvenir Shop', 'First Aid Station', 'Luggage Storage', 'pet-friendly', 'pet water stations', 'pet rest area', 'private tours', 'skip the line passes', 'VIP exclusive events', 'food markets', 'tasting tours', 'family restrooms', 'nursing facilities', 'high speed WiFi', 'wheelchair rental', 'benches/rest areas']",Historic Site/Landmark,2 hours,3.5,"['Family with children', 'Elderly Travelers', 'Pet Owners', 'Luxury Travelers', 'foodie']",Thailand
97,Bangkok,Private Tour to Floating Bazaar and Ayutthaya Heritage,"223 Sathorn Road, Wat Phra Singh, Bangkok",100.920153,13.919888,08:30-17:00,47.51,"Private Tour to Floating Bazaar and Ayutthaya Heritage is a historic site in Bangkok, Thailand, popular for its memorable experiences. Entry fee is 47.51 USD. Recommended visit: 2 hours. Discover Private Tour to Floating Bazaar and Ayutthaya Heritage, a notable historic site in Bangkok, Thailand, ideal for visitors. Open 08:30-17:00, entry 47.51 USD.","['Restrooms', 'Information Desk', 'Restaurant', 'Souvenir Shop', 'First Aid Station', 'Luggage Storage', 'pet-friendly', 'pet water stations', 'pet rest area', 'city passes', 'self-guided tours', 'private tours', 'skip the line passes', 'VIP exclusive events', 'night markets', 'bars', 'evening shows', 'scenic spots', 'sunset cruises', 'special couples experiences', 'photo spots', 'guided photo tours', 'charging stations']",Historic Site/Landmark,2 hours,3.5,"['Pet Owners', 'Nightlife Enthusiast', 'Fast-Paced Budget Travel', 'couples trip', 'Luxury Travelers', 'Photography']",Thailand
98,Bangkok,Kanchanaburi Escape: Floating Market Adventure,"988/18 Maha Chai Road, Kanchanaburi",100.447922,13.840821,08:30-16:00,256.09,"Kanchanaburi Escape: Floating Market Adventure is a historic site in Bangkok, Thailand, popular for its memorable experiences. Entry fee is 256.09 USD. Recommended visit: 2 hours. Discover Kanchanaburi Escape: Floating Market Adventure, a notable historic site in Bangkok, Thailand, ideal for visitors. Open 08:30-16:00, entry 256.09 USD.","['Restrooms', 'Information Desk', 'Restaurant', 'Souvenir Shop', 'First Aid Station', 'Luggage Storage', 'pet-friendly', 'pet water stations', 'pet rest area', 'city passes', 'self-guided tours', 'night markets', 'bars', 'evening shows', 'scenic spots', 'sunset cruises', 'special couples experiences', 'family restrooms', 'nursing facilities', 'ramps', 'elevators', 'wheelchair rentals', 'accessible restrooms']",Historic Site/Landmark,2 hours,3.5,"['Family with children', 'Pet Owners', 'Nightlife Enthusiast', 'Disabled Travelers', 'Fast-Paced Budget Travel', 'couples trip']",Thailand
99,Bangkok,Top Three Sacred Sites Tour in Bangkok,"608 Sukhumvit Road, Khlong Toei District",100.882209,13.578116,08:30-17:00,127.67,"Top Three Sacred Sites Tour in Bangkok is a historic site in Bangkok, Thailand, popular for its memorable experiences. Entry fee is 127.67 USD. Recommended visit: 2 hours. Discover Top Three Sacred Sites Tour in Bangkok, a notable historic site in Bangkok, Thailand, ideal for visitors. Open 08:30-17:00, entry 127.67 USD.","['Restrooms', 'Information Desk', 'Restaurant', 'Souvenir Shop', 'First Aid Station', 'Luggage Storage', 'pet-friendly', 'pet water stations', 'pet rest area', 'private tours', 'skip the line passes', 'VIP exclusive events', 'group tours', 'security', 'night markets', 'bars', 'evening shows', 'family restrooms', 'nursing facilities', 'photo spots', 'guided photo tours', 'charging stations']",Historic Site/Landmark,2 hours,3.5,"['Family with children', 'Pet Owners', 'Nightlife Enthusiast', 'Solo Woman Travelers', 'Luxury Travelers', 'Photography']",Thailand
100,Bangkok,Columbia Pictures Ocean Adventure Pattaya Transfer,"942/24 Sukhumvit Road, Khlong Toei, Bangkok",100.924639,13.829928,10:00-20:00,20.67,"Columbia Pictures Ocean Adventure Pattaya Transfer is a theme park in Bangkok, Thailand, popular for its memorable experiences. Entry fee is 20.67 USD. Recommended visit: 6 hours. Discover Columbia Pictures Ocean Adventure Pattaya Transfer, a notable theme park in Bangkok, Thailand, ideal for visitors. Open 10:00-20:00, entry 20.67 USD.","['Restrooms', 'Information Desk', 'Restaurant', 'Souvenir Shop', 'First Aid Station', 'Luggage Storage', 'pet-friendly', 'pet water stations', 'pet rest area', 'private tours', 'skip the line passes', 'VIP exclusive events', 'food markets', 'tasting tours', 'ramps', 'elevators', 'wheelchair rentals', 'accessible restrooms', 'high speed WiFi', 'photo spots', 'guided photo tours', 'charging stations']",Theme Park/Amusement Park,6 hours,3.75,"['Pet Owners', 'Disabled Travelers', 'Luxury Travelers', 'foodie', 'Photography']",Thailand
101,Bangkok,Bangkok Temple Circuit with Royal Heritage Cruise,"513 Chao Phraya Road, Wat Arun District",100.59085,13.613584,08:30-17:00,105.21,"Bangkok Temple Circuit with Royal Heritage Cruise is a historic site in Bangkok, Thailand, popular for its memorable experiences. Entry fee is 105.21 USD. Recommended visit: 2 hours. Discover Bangkok Temple Circuit with Royal Heritage Cruise, a notable historic site in Bangkok, Thailand, ideal for visitors. Open 08:30-17:00, entry 105.21 USD.","['Restrooms', 'Information Desk', 'Restaurant', 'Souvenir Shop', 'First Aid Station', 'Luggage Storage', 'private tours', 'skip the line passes', 'VIP exclusive events', 'night markets', 'bars', 'evening shows', 'scenic spots', 'sunset cruises', 'special couples experiences', 'ramps', 'elevators', 'wheelchair rentals', 'accessible restrooms', 'high speed WiFi', 'wheelchair rental', 'benches/rest areas']",Historic Site/Landmark,2 hours,3.5,"['Elderly Travelers', 'Nightlife Enthusiast', 'Disabled Travelers', 'couples trip', 'Luxury Travelers']",Thailand
102,Bangkok,Mahanakhon SkyDeck - Premium Rooftop Access,"744 Maha Chai Road, Silom, Bangkok",100.650776,13.741106,09:00-21:00,81.1,"Mahanakhon SkyDeck - Premium Rooftop Access is a nature in Bangkok, Thailand, popular for its natural scenery and relaxing atmosphere. Entry fee is 81.1 USD. Recommended visit: 3 hours. Discover Mahanakhon SkyDeck - Premium Rooftop Access, a peaceful nature in Bangkok, Thailand, ideal for nature lovers. Open 09:00-21:00, entry 81.1 USD.","['Restrooms', 'Information Desk', 'Restaurant', 'Souvenir Shop', 'First Aid Station', 'Luggage Storage', 'city passes', 'self-guided tours', 'private tours', 'skip the line passes', 'VIP exclusive events', 'food markets', 'tasting tours', 'night markets', 'bars', 'evening shows', 'scenic spots', 'sunset cruises', 'special couples experiences', 'family restrooms', 'nursing facilities']",Nature/Scenery/Park,3 hours,3.7,"['Family with children', 'Nightlife Enthusiast', 'Fast-Paced Budget Travel', 'couples trip', 'Luxury Travelers', 'foodie']",Thailand
103,Bangkok,Fusion House Bangkok,"349 Sukhumvit Road, Khlong Toei District",100.692653,13.829874,09:00-18:00,37.37,"Fusion House Bangkok is a museum in Bangkok, Thailand, popular for its unique collections and exhibitions. Entry fee is 37.37 USD. Recommended visit: 2 hours. Discover Fusion House Bangkok, a renowned museum in Bangkok, Thailand, ideal for art lovers. Open 09:00-18:00, entry 37.37 USD.","['Restrooms', 'Information Desk', 'Restaurant', 'Souvenir Shop', 'First Aid Station', 'Luggage Storage', 'group tours', 'security', 'food markets', 'tasting tours', 'night markets', 'bars', 'evening shows', 'scenic spots', 'sunset cruises', 'special couples experiences', 'family restrooms', 'nursing facilities', 'ramps', 'elevators', 'wheelchair rentals', 'accessible restrooms']",Museum/Art Gallery,2 hours,4.0,"['Family with children', 'Nightlife Enthusiast', 'Disabled Travelers', 'couples trip', 'Solo Woman Travelers', 'foodie']",Thailand
104,Bangkok,Dreamland Bangkok Adventure Park,"665 Sukhumvit Road, Khlong Toei District",100.527098,13.841812,09:00-18:00,27.39,"Dreamland Bangkok Adventure Park is a theme park in Bangkok, Thailand, popular for its memorable experiences. Entry fee is 27.39 USD. Recommended visit: 7 hours. Discover Dreamland Bangkok Adventure Park, a notable theme park in Bangkok, Thailand, ideal for visitors. Open 09:00-18:00, entry 27.39 USD.","['Restrooms', 'Information Desk', 'Restaurant', 'Souvenir Shop', 'First Aid Station', 'Luggage Storage', 'private tours', 'skip the line passes', 'VIP exclusive events', 'group tours', 'security', 'night markets', 'bars', 'evening shows', 'ramps', 'elevators', 'wheelchair rentals', 'accessible restrooms', 'photo spots', 'guided photo tours', 'charging stations', 'wheelchair rental', 'benches/rest areas']",Theme Park/Amusement Park,7 hours,3.75,"['Elderly Travelers', 'Nightlife Enthusiast', 'Disabled Travelers', 'Solo Woman Travelers', 'Luxury Travelers', 'Photography']",Thailand
105,Bangkok,Baiyoke Sky Tower: Observation Deck & Rotating Lounge,"702/1 Sukhumvit Road, Khlong Toei District, Bangkok",100.50497,13.591988,09:00-21:00,110.14,"Baiyoke Sky Tower: Observation Deck & Rotating Lounge is a historic site in Bangkok, Thailand, popular for its memorable experiences. Entry fee is 110.14 USD. Recommended visit: 2 hours. Discover Baiyoke Sky Tower: Observation Deck & Rotating Lounge, a notable historic site in Bangkok, Thailand, ideal for visitors. Open 09:00-21:00, entry 110.14 USD.","['Restrooms', 'Information Desk', 'Restaurant', 'Souvenir Shop', 'First Aid Station', 'Luggage Storage', 'pet-friendly', 'pet water stations', 'pet rest area', 'city passes', 'self-guided tours', 'night markets', 'bars', 'evening shows', 'family restrooms', 'nursing facilities', 'ramps', 'elevators', 'wheelchair rentals', 'accessible restrooms', 'wheelchair rental', 'benches/rest areas']",Historic Site/Landmark,2 hours,3.5,"['Family with children', 'Elderly Travelers', 'Pet Owners', 'Nightlife Enthusiast', 'Disabled Travelers', 'Fast-Paced Budget Travel']",Thailand
106,Bangkok,Bangkok Golden Stage Cabaret Experience,"296 Sukhumvit Road, Khlong Toei District",100.399517,13.883747,10:00-22:00,734.77,"Bangkok Golden Stage Cabaret Experience is a theme park in Bangkok, Thailand, popular for its memorable experiences. Entry fee is 734.77 USD. Recommended visit: 8 hours. Discover Bangkok Golden Stage Cabaret Experience, a notable theme park in Bangkok, Thailand, ideal for visitors. Open 10:00-22:00, entry 734.77 USD.","['Restrooms', 'Information Desk', 'Restaurant', 'Souvenir Shop', 'First Aid Station', 'Luggage Storage', 'group tours', 'security', 'night markets', 'bars', 'evening shows', 'scenic spots', 'sunset cruises', 'special couples experiences', 'high speed WiFi', 'photo spots', 'guided photo tours', 'charging stations', 'wheelchair rental', 'benches/rest areas']",Theme Park/Amusement Park,8 hours,3.75,"['Elderly Travelers', 'Nightlife Enthusiast', 'couples trip', 'Solo Woman Travelers', 'Photography']",Thailand
107,Bangkok,Bangkok Siam Park City Entrance with Dining,"827 Rachadaphisek Road, Sathorn, Bangkok",100.643796,13.619828,09:00-21:00,22.51,"Bangkok Siam Park City Entrance with Dining is a theme park in Bangkok, Thailand, popular for its memorable experiences. Entry fee is 22.51 USD. Recommended visit: 7 hours. Discover Bangkok Siam Park City Entrance with Dining, a notable theme park in Bangkok, Thailand, ideal for visitors. Open 09:00-21:00, entry 22.51 USD.","['Restrooms', 'Information Desk', 'Restaurant', 'Souvenir Shop', 'First Aid Station', 'Luggage Storage', 'pet-friendly', 'pet water stations', 'pet rest area', 'food markets', 'tasting tours', 'night markets', 'bars', 'evening shows', 'scenic spots', 'sunset cruises', 'special couples experiences', 'high speed WiFi', 'wheelchair rental', 'benches/rest areas']",Theme Park/Amusement Park,7 hours,3.75,"['Elderly Travelers', 'Pet Owners', 'Nightlife Enthusiast', 'couples trip', 'foodie']",Thailand
108,Bangkok,Bangkok Frostland & Snowscape Theme Park,"139 Sathorn Road, Watthana District, Bangkok",100.351257,13.883231,10:00-22:00,74.05,"Bangkok Frostland & Snowscape Theme Park is a theme park in Bangkok, Thailand, popular for its memorable experiences. Entry fee is 74.05 USD. Recommended visit: 8 hours. Discover Bangkok Frostland & Snowscape Theme Park, a notable theme park in Bangkok, Thailand, ideal for visitors. Open 10:00-22:00, entry 74.05 USD.","['Restrooms', 'Information Desk', 'Restaurant', 'Souvenir Shop', 'First Aid Station', 'Luggage Storage', 'city passes', 'self-guided tours', 'private tours', 'skip the line passes', 'VIP exclusive events', 'group tours', 'security', 'family restrooms', 'nursing facilities', 'parking', 'ramps', 'elevators', 'wheelchair rentals', 'accessible restrooms']",Theme Park/Amusement Park,8 hours,3.75,"['Family with children', 'Road trip', 'Disabled Travelers', 'Fast-Paced Budget Travel', 'Solo Woman Travelers', 'Luxury Travelers']",Thailand
109,Bangkok,Bangkok Winterland & Snowscape Theme Park,"771 Sathorn Road, Sathorn District, Bangkok",100.809729,13.840933,10:00-22:00,38.04,"Bangkok Winterland & Snowscape Theme Park is a theme park in Bangkok, Thailand, popular for its memorable experiences. Entry fee is 38.04 USD. Recommended visit: 7 hours. Discover Bangkok Winterland & Snowscape Theme Park, a notable theme park in Bangkok, Thailand, ideal for visitors. Open 10:00-22:00, entry 38.04 USD.","['Restrooms', 'Information Desk', 'Restaurant', 'Souvenir Shop', 'First Aid Station', 'Luggage Storage', 'pet-friendly', 'pet water stations', 'pet rest area', 'group tours', 'security', 'night markets', 'bars', 'evening shows', 'parking', 'high speed WiFi', 'wheelchair rental', 'benches/rest areas']",Theme Park/Amusement Park,7 hours,3.75,"['Road trip', 'Elderly Travelers', 'Pet Owners', 'Nightlife Enthusiast', 'Solo Woman Travelers']",Thailand
110,Bangkok,SEA LIFE Bangkok Ocean World,"505 Rachadaphiseikhan Road, Khlong Toei District",100.523444,13.771961,09:00-18:00,22.0,"SEA LIFE Bangkok Ocean World is a theme park in Bangkok, Thailand, popular for its memorable experiences. Entry fee is 22.0 USD. Recommended visit: 7 hours. Discover SEA LIFE Bangkok Ocean World, a notable theme park in Bangkok, Thailand, ideal for visitors. Open 09:00-18:00, entry 22.0 USD.","['Restrooms', 'Information Desk', 'Restaurant', 'Souvenir Shop', 'First Aid Station', 'Luggage Storage', 'pet-friendly', 'pet water stations', 'pet rest area', 'city passes', 'self-guided tours', 'group tours', 'security', 'parking', 'ramps', 'elevators', 'wheelchair rentals', 'accessible restrooms', 'wheelchair rental', 'benches/rest areas']",Theme Park/Amusement Park,7 hours,3.75,"['Road trip', 'Elderly Travelers', 'Pet Owners', 'Disabled Travelers', 'Fast-Paced Budget Travel', 'Solo Woman Travelers']",Thailand
111,Bangkok,Siam Adventure Park with Buffet Meal,"946/18 Rachadaphisek Road, Pathumwan, Bangkok",100.624883,13.790775,09:00-18:00,6.99,"Siam Adventure Park with Buffet Meal is a theme park in Bangkok, Thailand, popular for its memorable experiences. Entry fee is 6.99 USD. Recommended visit: 6 hours. Discover Siam Adventure Park with Buffet Meal, a notable theme park in Bangkok, Thailand, ideal for visitors. Open 09:00-18:00, entry 6.99 USD.","['Restrooms', 'Information Desk', 'Restaurant', 'Souvenir Shop', 'First Aid Station', 'Luggage Storage', 'city passes', 'self-guided tours', 'family restrooms', 'nursing facilities', 'parking', 'ramps', 'elevators', 'wheelchair rentals', 'accessible restrooms', 'high speed WiFi', 'wheelchair rental', 'benches/rest areas']",Theme Park/Amusement Park,6 hours,3.75,"['Family with children', 'Road trip', 'Elderly Travelers', 'Disabled Travelers', 'Fast-Paced Budget Travel']",Thailand
112,Bangkok,Mirinn Nightclub Experience,"230/12 Sathorn Road, Silom District, Bangkok",100.559888,13.659093,18:00-02:00,19.59,"Mirinn Nightclub Experience is a theme park in Bangkok, Thailand, popular for its memorable experiences. Entry fee is 19.59 USD. Recommended visit: 6 hours. Discover Mirinn Nightclub Experience, a notable theme park in Bangkok, Thailand, ideal for visitors. Open 18:00-02:00, entry 19.59 USD.","['Restrooms', 'Information Desk', 'Restaurant', 'Souvenir Shop', 'First Aid Station', 'Luggage Storage', 'city passes', 'self-guided tours', 'food markets', 'tasting tours', 'scenic spots', 'sunset cruises', 'special couples experiences', 'family restrooms', 'nursing facilities', 'parking', 'photo spots', 'guided photo tours', 'charging stations']",Theme Park/Amusement Park,6 hours,3.75,"['Family with children', 'Road trip', 'Fast-Paced Budget Travel', 'couples trip', 'foodie', 'Photography']",Thailand
113,Bangkok,Kunawong Heritage Museum,"318/1 Sathorn Road, Sathorn District",100.724464,13.909369,09:00-17:00,6.01,"Kunawong Heritage Museum is a museum in Bangkok, Thailand, popular for its unique collections and exhibitions. Entry fee is 6.01 USD. Recommended visit: 2 hours. Discover Kunawong Heritage Museum, a renowned museum in Bangkok, Thailand, ideal for art lovers. Open 09:00-17:00, entry 6.01 USD.","['Restrooms', 'Information Desk', 'Restaurant', 'Souvenir Shop', 'First Aid Station', 'Luggage Storage', 'private tours', 'skip the line passes', 'VIP exclusive events', 'night markets', 'bars', 'evening shows', 'scenic spots', 'sunset cruises', 'special couples experiences', 'ramps', 'elevators', 'wheelchair rentals', 'accessible restrooms', 'high speed WiFi', 'wheelchair rental', 'benches/rest areas']",Museum/Art Gallery,2 hours,4.0,"['Elderly Travelers', 'Nightlife Enthusiast', 'Disabled Travelers', 'couples trip', 'Luxury Travelers']",Thailand
114,Bangkok,SEA LIFE Ocean World Bangkok,"405/10 Sathorn Road, Sathorn District",100.369962,13.796243,09:30-17:00,30.51,"SEA LIFE Ocean World Bangkok is a theme park in Bangkok, Thailand, popular for its memorable experiences. Entry fee is 30.51 USD. Recommended visit: 7 hours. Discover SEA LIFE Ocean World Bangkok, a notable theme park in Bangkok, Thailand, ideal for visitors. Open 09:30-17:00, entry 30.51 USD.","['Restrooms', 'Information Desk', 'Restaurant', 'Souvenir Shop', 'First Aid Station', 'Luggage Storage', 'city passes', 'self-guided tours', 'private tours', 'skip the line passes', 'VIP exclusive events', 'night markets', 'bars', 'evening shows', 'family restrooms', 'nursing facilities', 'scenic spots', 'sunset cruises', 'special couples experiences', 'high speed WiFi']",Theme Park/Amusement Park,7 hours,3.75,"['Family with children', 'Nightlife Enthusiast', 'Fast-Paced Budget Travel', 'couples trip', 'Luxury Travelers']",Thailand
115,Bangkok,Lumpinee Muay Thai Experience,"563 Sukhumvit Road, Khlong Toei District, Bangkok",100.890253,13.723705,10:00-22:00,10.37,"Lumpinee Muay Thai Experience is a historic site in Bangkok, Thailand, popular for its memorable experiences. Entry fee is 10.37 USD. Recommended visit: 2 hours. Discover Lumpinee Muay Thai Experience, a notable historic site in Bangkok, Thailand, ideal for visitors. Open 10:00-22:00, entry 10.37 USD.","['Restrooms', 'Information Desk', 'Restaurant', 'Souvenir Shop', 'First Aid Station', 'Luggage Storage', 'group tours', 'security', 'family restrooms', 'nursing facilities', 'parking', 'ramps', 'elevators', 'wheelchair rentals', 'accessible restrooms', 'high speed WiFi', 'photo spots', 'guided photo tours', 'charging stations']",Historic Site/Landmark,2 hours,3.5,"['Family with children', 'Road trip', 'Disabled Travelers', 'Solo Woman Travelers', 'Photography']",Thailand
116,Bangkok,Muang Boran Heritage Park,"337 Maha Chai Road, Samut Prakan",100.445605,13.88313,08:30-17:00,141.65,"Muang Boran Heritage Park is a historic site in Bangkok, Thailand, popular for its memorable experiences. Entry fee is 141.65 USD. Recommended visit: 2 hours. Discover Muang Boran Heritage Park, a notable historic site in Bangkok, Thailand, ideal for visitors. Open 08:30-17:00, entry 141.65 USD.","['Restrooms', 'Information Desk', 'Restaurant', 'Souvenir Shop', 'First Aid Station', 'Luggage Storage', 'pet-friendly', 'pet water stations', 'pet rest area', 'private tours', 'skip the line passes', 'VIP exclusive events', 'food markets', 'tasting tours', 'night markets', 'bars', 'evening shows', 'family restrooms', 'nursing facilities', 'ramps', 'elevators', 'wheelchair rentals', 'accessible restrooms']",Historic Site/Landmark,2 hours,3.5,"['Family with children', 'Pet Owners', 'Nightlife Enthusiast', 'Disabled Travelers', 'Luxury Travelers', 'foodie']",Thailand
117,Bangkok,Bangkok Jazz Lounge Experience,"570 Sathorn Road, Silom District",100.568604,13.914335,18:00-02:00,24.85,"Bangkok Jazz Lounge Experience is a theme park in Bangkok, Thailand, popular for its memorable experiences. Entry fee is 24.85 USD. Recommended visit: 7 hours. Discover Bangkok Jazz Lounge Experience, a notable theme park in Bangkok, Thailand, ideal for visitors. Open 18:00-02:00, entry 24.85 USD.","['Restrooms', 'Information Desk', 'Restaurant', 'Souvenir Shop', 'First Aid Station', 'Luggage Storage', 'pet-friendly', 'pet water stations', 'pet rest area', 'group tours', 'security', 'food markets', 'tasting tours', 'night markets', 'bars', 'evening shows', 'ramps', 'elevators', 'wheelchair rentals', 'accessible restrooms', 'high speed WiFi']",Theme Park/Amusement Park,7 hours,3.75,"['Pet Owners', 'Nightlife Enthusiast', 'Disabled Travelers', 'Solo Woman Travelers', 'foodie']",Thailand
118,Bangkok,Siam Park City Bangkok (Lunch & Hotel Service),"734 Makkasan Road, Pathum Wan, Bangkok",100.788366,13.580388,10:00-22:00,13.06,"Siam Park City Bangkok (Lunch & Hotel Service) is a theme park in Bangkok, Thailand, popular for its memorable experiences. Entry fee is 13.06 USD. Recommended visit: 6 hours. Discover Siam Park City Bangkok (Lunch & Hotel Service), a notable theme park in Bangkok, Thailand, ideal for visitors. Open 10:00-22:00, entry 13.06 USD.","['Restrooms', 'Information Desk', 'Restaurant', 'Souvenir Shop', 'First Aid Station', 'Luggage Storage', 'pet-friendly', 'pet water stations', 'pet rest area', 'city passes', 'self-guided tours', 'group tours', 'security', 'night markets', 'bars', 'evening shows', 'parking', 'high speed WiFi']",Theme Park/Amusement Park,6 hours,3.75,"['Road trip', 'Pet Owners', 'Nightlife Enthusiast', 'Fast-Paced Budget Travel', 'Solo Woman Travelers']",Thailand
119,Bangkok,Bangkok: Riverside Market and Cultural Train Tour,"461 Charoenkrung Road, Samranjit, Bangkok",100.373709,13.754826,08:30-17:00,98.07,"Bangkok: Riverside Market and Cultural Train Tour is a historic site in Bangkok, Thailand, popular for its memorable experiences. Entry fee is 98.07 USD. Recommended visit: 2 hours. Discover Bangkok: Riverside Market and Cultural Train Tour, a notable historic site in Bangkok, Thailand, ideal for visitors. Open 08:30-17:00, entry 98.07 USD.","['Restrooms', 'Information Desk', 'Restaurant', 'Souvenir Shop', 'First Aid Station', 'Luggage Storage', 'city passes', 'self-guided tours', 'food markets', 'tasting tours', 'night markets', 'bars', 'evening shows', 'family restrooms', 'nursing facilities', 'parking', 'ramps', 'elevators', 'wheelchair rentals', 'accessible restrooms']",Historic Site/Landmark,2 hours,3.5,"['Family with children', 'Road trip', 'Nightlife Enthusiast', 'Disabled Travelers', 'Fast-Paced Budget Travel', 'foodie']",Thailand
120,Bangkok,Bangkok Waterfront Temple and City Exploration,"922 Moo 5, Khlong Toei Road, Wattana, Bangkok",100.783607,13.700739,08:30-17:00,21.37,"Bangkok Waterfront Temple and City Exploration is a historic site in Bangkok, Thailand, popular for its memorable experiences. Entry fee is 21.37 USD. Recommended visit: 2 hours. Discover Bangkok Waterfront Temple and City Exploration, a notable historic site in Bangkok, Thailand, ideal for visitors. Open 08:30-17:00, entry 21.37 USD.","['Restrooms', 'Information Desk', 'Restaurant', 'Souvenir Shop', 'First Aid Station', 'Luggage Storage', 'private tours', 'skip the line passes', 'VIP exclusive events', 'group tours', 'security', 'food markets', 'tasting tours', 'parking', 'ramps', 'elevators', 'wheelchair rentals', 'accessible restrooms', 'high speed WiFi']",Historic Site/Landmark,2 hours,3.5,"['Road trip', 'Disabled Travelers', 'Solo Woman Travelers', 'Luxury Travelers', 'foodie']",Thailand
121,Bangkok,King Power Skyview Walk,"449 Rachadaphisek Road, Pathumwan, Bangkok",100.38377,13.772752,09:00-18:00,32.85,"King Power Skyview Walk is a historic site in Bangkok, Thailand, popular for its memorable experiences. Entry fee is 32.85 USD. Recommended visit: 2 hours. Discover King Power Skyview Walk, a notable historic site in Bangkok, Thailand, ideal for visitors. Open 09:00-18:00, entry 32.85 USD.","['Restrooms', 'Information Desk', 'Restaurant', 'Souvenir Shop', 'First Aid Station', 'Luggage Storage', 'private tours', 'skip the line passes', 'VIP exclusive events', 'group tours', 'security', 'night markets', 'bars', 'evening shows', 'family restrooms', 'nursing facilities', 'ramps', 'elevators', 'wheelchair rentals', 'accessible restrooms', 'high speed WiFi']",Historic Site/Landmark,2 hours,3.5,"['Family with children', 'Nightlife Enthusiast', 'Disabled Travelers', 'Solo Woman Travelers', 'Luxury Travelers']",Thailand
122,Bangkok,Halfday Cultural Heritage Tour of Bangkok,"276 Sukhumvit Road, Khlong Toei District, Bangkok",100.570074,13.608214,09:00-17:00,75.85,"Halfday Cultural Heritage Tour of Bangkok is a historic site in Bangkok, Thailand, popular for its memorable experiences. Entry fee is 75.85 USD. Recommended visit: 2 hours. Discover Halfday Cultural Heritage Tour of Bangkok, a notable historic site in Bangkok, Thailand, ideal for visitors. Open 09:00-17:00, entry 75.85 USD.","['Restrooms', 'Information Desk', 'Restaurant', 'Souvenir Shop', 'First Aid Station', 'Luggage Storage', 'pet-friendly', 'pet water stations', 'pet rest area', 'private tours', 'skip the line passes', 'VIP exclusive events', 'group tours', 'security', 'scenic spots', 'sunset cruises', 'special couples experiences', 'parking', 'ramps', 'elevators', 'wheelchair rentals', 'accessible restrooms']",Historic Site/Landmark,2 hours,3.5,"['Road trip', 'Pet Owners', 'Disabled Travelers', 'couples trip', 'Solo Woman Travelers', 'Luxury Travelers']",Thailand
123,Bangkok,Skip the Line Access: Ayutthaya Floating Market with Tuk Tuk Tour,"464 Charoenkrung Road, Samran Rat, Bang Rak, Bangkok",100.593165,13.902074,08:30-17:00,16.75,"Skip the Line Access: Ayutthaya Floating Market with Tuk Tuk Tour is a historic site in Bangkok, Thailand, popular for its memorable experiences. Entry fee is 16.75 USD. Recommended visit: 2 hours. Discover Skip the Line Access: Ayutthaya Floating Market with Tuk Tuk Tour, a notable historic site in Bangkok, Thailand, ideal for visitors. Open 08:30-17:00, entry 16.75 USD.","['Restrooms', 'Information Desk', 'Restaurant', 'Souvenir Shop', 'First Aid Station', 'Luggage Storage', 'city passes', 'self-guided tours', 'private tours', 'skip the line passes', 'VIP exclusive events', 'food markets', 'tasting tours', 'scenic spots', 'sunset cruises', 'special couples experiences', 'family restrooms', 'nursing facilities', 'wheelchair rental', 'benches/rest areas']",Historic Site/Landmark,2 hours,3.5,"['Family with children', 'Elderly Travelers', 'Fast-Paced Budget Travel', 'couples trip', 'Luxury Travelers', 'foodie']",Thailand
124,Bangkok,Ayutthaya River Market Experience,"960/17 Charoenkrung Road, Samphanthawong District, Bangkok",100.465112,13.648286,08:30-17:00,16.28,"Ayutthaya River Market Experience is a historic site in Bangkok, Thailand, popular for its memorable experiences. Entry fee is 16.28 USD. Recommended visit: 2 hours. Discover Ayutthaya River Market Experience, a notable historic site in Bangkok, Thailand, ideal for visitors. Open 08:30-17:00, entry 16.28 USD.","['Restrooms', 'Information Desk', 'Restaurant', 'Souvenir Shop', 'First Aid Station', 'Luggage Storage', 'private tours', 'skip the line passes', 'VIP exclusive events', 'group tours', 'security', 'food markets', 'tasting tours', 'family restrooms', 'nursing facilities', 'parking', 'high speed WiFi']",Historic Site/Landmark,2 hours,3.5,"['Family with children', 'Road trip', 'Solo Woman Travelers', 'Luxury Travelers', 'foodie']",Thailand
125,Bangkok,Glamour Golden Dome Night Entertainment,"502 Sathorn Unique Tower, Silom Road, Bangkok",100.768986,13.740975,18:00-02:00,51.91,"Glamour Golden Dome Night Entertainment is a theme park in Bangkok, Thailand, popular for its memorable experiences. Entry fee is 51.91 USD. Recommended visit: 8 hours. Discover Glamour Golden Dome Night Entertainment, a notable theme park in Bangkok, Thailand, ideal for visitors. Open 18:00-02:00, entry 51.91 USD.","['Restrooms', 'Information Desk', 'Restaurant', 'Souvenir Shop', 'First Aid Station', 'Luggage Storage', 'pet-friendly', 'pet water stations', 'pet rest area', 'city passes', 'self-guided tours', 'scenic spots', 'sunset cruises', 'special couples experiences', 'family restrooms', 'nursing facilities', 'photo spots', 'guided photo tours', 'charging stations', 'wheelchair rental', 'benches/rest areas']",Theme Park/Amusement Park,8 hours,3.75,"['Family with children', 'Elderly Travelers', 'Pet Owners', 'Fast-Paced Budget Travel', 'couples trip', 'Photography']",Thailand
126,Bangkok,Calypso Cabaret Experience,"109 Sathorn Unique Building, Silom Road, Bangkok",100.970074,13.781207,08:00-23:00,237.44,"Calypso Cabaret Experience is a theme park in Bangkok, Thailand, popular for its memorable experiences. Entry fee is 237.44 USD. Recommended visit: 8 hours. Discover Calypso Cabaret Experience, a notable theme park in Bangkok, Thailand, ideal for visitors. Open 08:00-23:00, entry 237.44 USD.","['Restrooms', 'Information Desk', 'Restaurant', 'Souvenir Shop', 'First Aid Station', 'Luggage Storage', 'city passes', 'self-guided tours', 'night markets', 'bars', 'evening shows', 'scenic spots', 'sunset cruises', 'special couples experiences', 'family restrooms', 'nursing facilities', 'parking', 'wheelchair rental', 'benches/rest areas']",Theme Park/Amusement Park,8 hours,3.75,"['Family with children', 'Road trip', 'Elderly Travelers', 'Nightlife Enthusiast', 'Fast-Paced Budget Travel', 'couples trip']",Thailand
127,Bangkok,Bangkok Heritage Double Decker Tour,"679 Sathorn Unique Tower, Silom Road, Bangkok",100.969642,13.737872,08:30-17:30,42.12,"Bangkok Heritage Double Decker Tour is a historic site in Bangkok, Thailand, popular for its memorable experiences. Entry fee is 42.12 USD. Recommended visit: 2 hours. Discover Bangkok Heritage Double Decker Tour, a notable historic site in Bangkok, Thailand, ideal for visitors. Open 08:30-17:30, entry 42.12 USD.","['Restrooms', 'Information Desk', 'Restaurant', 'Souvenir Shop', 'First Aid Station', 'Luggage Storage', 'city passes', 'self-guided tours', 'private tours', 'skip the line passes', 'VIP exclusive events', 'group tours', 'security', 'ramps', 'elevators', 'wheelchair rentals', 'accessible restrooms', 'high speed WiFi', 'wheelchair rental', 'benches/rest areas']",Historic Site/Landmark,2 hours,3.5,"['Elderly Travelers', 'Disabled Travelers', 'Fast-Paced Budget Travel', 'Solo Woman Travelers', 'Luxury Travelers']",Thailand
128,Bangkok,Bangkok Royal Complex & Emerald Shrine Flexible Access,"954 Charoenkrung Road, Samphanthawong District, Bangkok",100.63883,13.605065,08:30-16:30,40.47,"Bangkok Royal Complex & Emerald Shrine Flexible Access is a historic site in Bangkok, Thailand, popular for its memorable experiences. Entry fee is 40.47 USD. Recommended visit: 2 hours. Discover Bangkok Royal Complex & Emerald Shrine Flexible Access, a notable historic site in Bangkok, Thailand, ideal for visitors. Open 08:30-16:30, entry 40.47 USD.","['Restrooms', 'Information Desk', 'Restaurant', 'Souvenir Shop', 'First Aid Station', 'Luggage Storage', 'city passes', 'self-guided tours', 'group tours', 'security', 'scenic spots', 'sunset cruises', 'special couples experiences', 'family restrooms', 'nursing facilities', 'high speed WiFi', 'wheelchair rental', 'benches/rest areas']",Historic Site/Landmark,2 hours,3.5,"['Family with children', 'Elderly Travelers', 'Fast-Paced Budget Travel', 'couples trip', 'Solo Woman Travelers']",Thailand
129,Bangkok,Bangkok: Riverside Market & Train/Boat Experience,"359 Sukhumvit Road, Khlong Toei District",100.588724,13.57417,09:00-17:30,19.47,"Bangkok: Riverside Market & Train/Boat Experience is a nature in Bangkok, Thailand, popular for its natural scenery and relaxing atmosphere. Entry fee is 19.47 USD. Recommended visit: 3 hours. Discover Bangkok: Riverside Market & Train/Boat Experience, a peaceful nature in Bangkok, Thailand, ideal for nature lovers. Open 09:00-17:30, entry 19.47 USD.","['Restrooms', 'Information Desk', 'Restaurant', 'Souvenir Shop', 'First Aid Station', 'Luggage Storage', 'pet-friendly', 'pet water stations', 'pet rest area', 'private tours', 'skip the line passes', 'VIP exclusive events', 'night markets', 'bars', 'evening shows', 'family restrooms', 'nursing facilities', 'ramps', 'elevators', 'wheelchair rentals', 'accessible restrooms', 'photo spots', 'guided photo tours', 'charging stations']",Nature/Scenery/Park,3 hours,3.7,"['Family with children', 'Pet Owners', 'Nightlife Enthusiast', 'Disabled Travelers', 'Luxury Travelers', 'Photography']",Thailand
130,Bangkok,Bangkok Explore Audio Experience,"884 Sukhumvit Road, Khlong Toei District",100.739379,13.721478,08:30-19:00,36.97,"Bangkok Explore Audio Experience is a historic site in Bangkok, Thailand, popular for its memorable experiences. Entry fee is 36.97 USD. Recommended visit: 2 hours. Discover Bangkok Explore Audio Experience, a notable historic site in Bangkok, Thailand, ideal for visitors. Open 08:30-19:00, entry 36.97 USD.","['Restrooms', 'Information Desk', 'Restaurant', 'Souvenir Shop', 'First Aid Station', 'Luggage Storage', 'food markets', 'tasting tours', 'night markets', 'bars', 'evening shows', 'scenic spots', 'sunset cruises', 'special couples experiences', 'ramps', 'elevators', 'wheelchair rentals', 'accessible restrooms', 'high speed WiFi', 'wheelchair rental', 'benches/rest areas']",Historic Site/Landmark,2 hours,3.5,"['Elderly Travelers', 'Nightlife Enthusiast', 'Disabled Travelers', 'couples trip', 'foodie']",Thailand
131,Bangkok,Patpong Heritage Experience Tour,"972 Charoenkrung Road, Samranjit, Bangkok",100.918864,13.874459,09:00-17:00,6.94,"Patpong Heritage Experience Tour is a museum in Bangkok, Thailand, popular for its unique collections and exhibitions. Entry fee is 6.94 USD. Recommended visit: 2 hours. Discover Patpong Heritage Experience Tour, a renowned museum in Bangkok, Thailand, ideal for art lovers. Open 09:00-17:00, entry 6.94 USD.","['Restrooms', 'Information Desk', 'Restaurant', 'Souvenir Shop', 'First Aid Station', 'Luggage Storage', 'pet-friendly', 'pet water stations', 'pet rest area', 'group tours', 'security', 'family restrooms', 'nursing facilities', 'high speed WiFi', 'photo spots', 'guided photo tours', 'charging stations', 'wheelchair rental', 'benches/rest areas']",Museum/Art Gallery,2 hours,4.0,"['Family with children', 'Elderly Travelers', 'Pet Owners', 'Solo Woman Travelers', 'Photography']",Thailand
132,Bangkok,Siam Wonderland Unlimited Fun with Lunch in Bangkok,"515/28 Maha Chai Road, Khlong Toei, Bangkok",100.696091,13.803786,09:00-18:00,25.26,"Siam Wonderland Unlimited Fun with Lunch in Bangkok is a theme park in Bangkok, Thailand, popular for its memorable experiences. Entry fee is 25.26 USD. Recommended visit: 7 hours. Discover Siam Wonderland Unlimited Fun with Lunch in Bangkok, a notable theme park in Bangkok, Thailand, ideal for visitors. Open 09:00-18:00, entry 25.26 USD.","['Restrooms', 'Information Desk', 'Restaurant', 'Souvenir Shop', 'First Aid Station', 'Luggage Storage', 'private tours', 'skip the line passes', 'VIP exclusive events', 'group tours', 'security', 'food markets', 'tasting tours', 'night markets', 'bars', 'evening shows', 'family restrooms', 'nursing facilities', 'wheelchair rental', 'benches/rest areas']",Theme Park/Amusement Park,7 hours,3.75,"['Family with children', 'Elderly Travelers', 'Nightlife Enthusiast', 'Solo Woman Travelers', 'Luxury Travelers', 'foodie']",Thailand
133,Bangkok,Madame Tussauds Siam at Bangkok Discovery,"535 Sukhumvit Road, Khlong Toei District, Bangkok",100.351644,13.739915,10:00-22:00,12.23,"Madame Tussauds Siam at Bangkok Discovery is a museum in Bangkok, Thailand, popular for its unique collections and exhibitions. Entry fee is 12.23 USD. Recommended visit: 2 hours. Discover Madame Tussauds Siam at Bangkok Discovery, a renowned museum in Bangkok, Thailand, ideal for art lovers. Open 10:00-22:00, entry 12.23 USD.","['Restrooms', 'Information Desk', 'Restaurant', 'Souvenir Shop', 'First Aid Station', 'Luggage Storage', 'city passes', 'self-guided tours', 'private tours', 'skip the line passes', 'VIP exclusive events', 'food markets', 'tasting tours', 'parking', 'ramps', 'elevators', 'wheelchair rentals', 'accessible restrooms', 'wheelchair rental', 'benches/rest areas']",Museum/Art Gallery,2 hours,4.0,"['Road trip', 'Elderly Travelers', 'Disabled Travelers', 'Fast-Paced Budget Travel', 'Luxury Travelers', 'foodie']",Thailand
134,Bangkok,Bangkok Rhythmic Revue,"674 Sukhumvit Road, Khlong Toei District",100.696402,13.918688,18:00-23:00,172.33,"Bangkok Rhythmic Revue is a historic site in Bangkok, Thailand, popular for its memorable experiences. Entry fee is 172.33 USD. Recommended visit: 2 hours. Discover Bangkok Rhythmic Revue, a notable historic site in Bangkok, Thailand, ideal for visitors. Open 18:00-23:00, entry 172.33 USD.","['Restrooms', 'Information Desk', 'Restaurant', 'Souvenir Shop', 'First Aid Station', 'Luggage Storage', 'city passes', 'self-guided tours', 'private tours', 'skip the line passes', 'VIP exclusive events', 'family restrooms', 'nursing facilities', 'ramps', 'elevators', 'wheelchair rentals', 'accessible restrooms', 'photo spots', 'guided photo tours', 'charging stations', 'wheelchair rental', 'benches/rest areas']",Historic Site/Landmark,2 hours,3.5,"['Family with children', 'Elderly Travelers', 'Disabled Travelers', 'Fast-Paced Budget Travel', 'Luxury Travelers', 'Photography']",Thailand
135,Bangkok,Bangkok Night Adventure Park,"388 Sukhumvit Road, Khlong Toei District, Bangkok",100.672933,13.559257,08:30-20:00,41.56,"Bangkok Night Adventure Park is a theme park in Bangkok, Thailand, popular for its memorable experiences. Entry fee is 41.56 USD. Recommended visit: 8 hours. Discover Bangkok Night Adventure Park, a notable theme park in Bangkok, Thailand, ideal for visitors. Open 08:30-20:00, entry 41.56 USD.","['Restrooms', 'Information Desk', 'Restaurant', 'Souvenir Shop', 'First Aid Station', 'Luggage Storage', 'pet-friendly', 'pet water stations', 'pet rest area', 'city passes', 'self-guided tours', 'private tours', 'skip the line passes', 'VIP exclusive events', 'night markets', 'bars', 'evening shows', 'scenic spots', 'sunset cruises', 'special couples experiences', 'wheelchair rental', 'benches/rest areas']",Theme Park/Amusement Park,8 hours,3.75,"['Elderly Travelers', 'Pet Owners', 'Nightlife Enthusiast', 'Fast-Paced Budget Travel', 'couples trip', 'Luxury Travelers']",Thailand
136,Bangkok,Tiger Sanctuary Pattaya Entrance,"316/11 Moo 5, Na Klang Road, Bang Lamung, Chon Buri",100.735635,13.818961,08:30-16:30,332.69,"Tiger Sanctuary Pattaya Entrance is a theme park in Bangkok, Thailand, popular for its memorable experiences. Entry fee is 332.69 USD. Recommended visit: 8 hours. Discover Tiger Sanctuary Pattaya Entrance, a notable theme park in Bangkok, Thailand, ideal for visitors. Open 08:30-16:30, entry 332.69 USD.","['Restrooms', 'Information Desk', 'Restaurant', 'Souvenir Shop', 'First Aid Station', 'Luggage Storage', 'city passes', 'self-guided tours', 'group tours', 'security', 'scenic spots', 'sunset cruises', 'special couples experiences', 'family restrooms', 'nursing facilities', 'parking', 'high speed WiFi']",Theme Park/Amusement Park,8 hours,3.75,"['Family with children', 'Road trip', 'Fast-Paced Budget Travel', 'couples trip', 'Solo Woman Travelers']",Thailand
137,Bangkok,Nong Nooch Green Haven Botanical Park,"697/3 Moo 5, Srisoonthorn Road, Nongkhaem, Nakhon Pathom",100.59749,13.588221,08:30-17:30,39.97,"Nong Nooch Green Haven Botanical Park is a nature in Bangkok, Thailand, popular for its natural scenery and relaxing atmosphere. Entry fee is 39.97 USD. Recommended visit: 3 hours. Discover Nong Nooch Green Haven Botanical Park, a peaceful nature in Bangkok, Thailand, ideal for nature lovers. Open 08:30-17:30, entry 39.97 USD.","['Restrooms', 'Information Desk', 'Restaurant', 'Souvenir Shop', 'First Aid Station', 'Luggage Storage', 'city passes', 'self-guided tours', 'group tours', 'security', 'scenic spots', 'sunset cruises', 'special couples experiences', 'night markets', 'bars', 'evening shows', 'parking', 'wheelchair rental', 'benches/rest areas']",Nature/Scenery/Park,3 hours,3.7,"['Road trip', 'Elderly Travelers', 'Nightlife Enthusiast', 'Fast-Paced Budget Travel', 'couples trip', 'Solo Woman Travelers']",Thailand
138,Bangkok,Bangkok Flavor Workshop at Uncle Tum's Kitchen School,"944 Sathorn Road, Silom District, Bangkok",100.650151,13.710959,10:00-17:00,82.66,"Bangkok Flavor Workshop at Uncle Tum's Kitchen School is a museum in Bangkok, Thailand, popular for its unique collections and exhibitions. Entry fee is 82.66 USD. Recommended visit: 2 hours. Discover Bangkok Flavor Workshop at Uncle Tum's Kitchen School, a renowned museum in Bangkok, Thailand, ideal for art lovers. Open 10:00-17:00, entry 82.66 USD.","['Restrooms', 'Information Desk', 'Restaurant', 'Souvenir Shop', 'First Aid Station', 'Luggage Storage', 'pet-friendly', 'pet water stations', 'pet rest area', 'city passes', 'self-guided tours', 'food markets', 'tasting tours', 'night markets', 'bars', 'evening shows', 'parking', 'photo spots', 'guided photo tours', 'charging stations']",Museum/Art Gallery,2 hours,4.0,"['Road trip', 'Pet Owners', 'Nightlife Enthusiast', 'Fast-Paced Budget Travel', 'foodie', 'Photography']",Thailand
139,Bangkok,Ramayana Water Park,"794 Sukhumvit Road, Khlong Toei District, Bangkok",100.403816,13.605999,09:00-18:00,38.1,"Ramayana Water Park is a theme park in Bangkok, Thailand, popular for its memorable experiences. Entry fee is 38.1 USD. Recommended visit: 7 hours. Discover Ramayana Water Park, a notable theme park in Bangkok, Thailand, ideal for visitors. Open 09:00-18:00, entry 38.1 USD.","['Restrooms', 'Information Desk', 'Restaurant', 'Souvenir Shop', 'First Aid Station', 'Luggage Storage', 'group tours', 'security', 'food markets', 'tasting tours', 'scenic spots', 'sunset cruises', 'special couples experiences', 'high speed WiFi', 'photo spots', 'guided photo tours', 'charging stations', 'wheelchair rental', 'benches/rest areas']",Theme Park/Amusement Park,7 hours,3.75,"['Elderly Travelers', 'couples trip', 'Solo Woman Travelers', 'foodie', 'Photography']",Thailand
140,Bangkok,Bangkok River Temples and Cultural Cruise,"540 Sathorn Road, Wat Phra Singh Area, Bangkok",100.371539,13.690028,08:30-17:30,6.6,"Bangkok River Temples and Cultural Cruise is a nature in Bangkok, Thailand, popular for its natural scenery and relaxing atmosphere. Entry fee is 6.6 USD. Recommended visit: 3 hours. Discover Bangkok River Temples and Cultural Cruise, a peaceful nature in Bangkok, Thailand, ideal for nature lovers. Open 08:30-17:30, entry 6.6 USD.","['Restrooms', 'Information Desk', 'Restaurant', 'Souvenir Shop', 'First Aid Station', 'Luggage Storage', 'pet-friendly', 'pet water stations', 'pet rest area', 'private tours', 'skip the line passes', 'VIP exclusive events', 'food markets', 'tasting tours', 'night markets', 'bars', 'evening shows', 'high speed WiFi', 'wheelchair rental', 'benches/rest areas']",Nature/Scenery/Park,3 hours,3.7,"['Elderly Travelers', 'Pet Owners', 'Nightlife Enthusiast', 'Luxury Travelers', 'foodie']",Thailand
141,Bangkok,Enchanting Sunset Tuk Tuk Adventure with Local Guide,"352 Silom Road, Bangkok",100.594492,13.892064,08:00-18:00,33.76,"Enchanting Sunset Tuk Tuk Adventure with Local Guide is a historic site in Bangkok, Thailand, popular for its memorable experiences. Entry fee is 33.76 USD. Recommended visit: 2 hours. Discover Enchanting Sunset Tuk Tuk Adventure with Local Guide, a notable historic site in Bangkok, Thailand, ideal for visitors. Open 08:00-18:00, entry 33.76 USD.","['Restrooms', 'Information Desk', 'Restaurant', 'Souvenir Shop', 'First Aid Station', 'Luggage Storage', 'city passes', 'self-guided tours', 'food markets', 'tasting tours', 'night markets', 'bars', 'evening shows', 'high speed WiFi', 'photo spots', 'guided photo tours', 'charging stations', 'wheelchair rental', 'benches/rest areas']",Historic Site/Landmark,2 hours,3.5,"['Elderly Travelers', 'Nightlife Enthusiast', 'Fast-Paced Budget Travel', 'foodie', 'Photography']",Thailand
142,Bangkok,Bangkok SkyBridge Observation Deck,"484/10 Sukhumvit Road, Khlong Toei District, Bangkok",100.968493,13.737623,09:00-21:00,28.56,"Bangkok SkyBridge Observation Deck is a historic site in Bangkok, Thailand, popular for its memorable experiences. Entry fee is 28.56 USD. Recommended visit: 2 hours. Discover Bangkok SkyBridge Observation Deck, a notable historic site in Bangkok, Thailand, ideal for visitors. Open 09:00-21:00, entry 28.56 USD.","['Restrooms', 'Information Desk', 'Restaurant', 'Souvenir Shop', 'First Aid Station', 'Luggage Storage', 'pet-friendly', 'pet water stations', 'pet rest area', 'food markets', 'tasting tours', 'scenic spots', 'sunset cruises', 'special couples experiences', 'family restrooms', 'nursing facilities', 'ramps', 'elevators', 'wheelchair rentals', 'accessible restrooms', 'wheelchair rental', 'benches/rest areas']",Historic Site/Landmark,2 hours,3.5,"['Family with children', 'Elderly Travelers', 'Pet Owners', 'Disabled Travelers', 'couples trip', 'foodie']",Thailand
143,Bangkok,River Bazaar & Rail Hub near Bangkok,"797 Sathorn Road, Wat Phra Singh, Bangkok",100.816116,13.777888,08:30-17:30,187.53,"River Bazaar & Rail Hub near Bangkok is a historic site in Bangkok, Thailand, popular for its memorable experiences. Entry fee is 187.53 USD. Recommended visit: 2 hours. Discover River Bazaar & Rail Hub near Bangkok, a notable historic site in Bangkok, Thailand, ideal for visitors. Open 08:30-17:30, entry 187.53 USD.","['Restrooms', 'Information Desk', 'Restaurant', 'Souvenir Shop', 'First Aid Station', 'Luggage Storage', 'group tours', 'security', 'night markets', 'bars', 'evening shows', 'family restrooms', 'nursing facilities', 'parking', 'ramps', 'elevators', 'wheelchair rentals', 'accessible restrooms', 'photo spots', 'guided photo tours', 'charging stations']",Historic Site/Landmark,2 hours,3.5,"['Family with children', 'Road trip', 'Nightlife Enthusiast', 'Disabled Travelers', 'Solo Woman Travelers', 'Photography']",Thailand
144,Bangkok,Wonderscape Science Museum Bangkok,"895 Sukhumvit Road, Khlong Tan Nuea, Bangkok",100.683331,13.656422,10:00-19:00,35.01,"Wonderscape Science Museum Bangkok is a museum in Bangkok, Thailand, popular for its unique collections and exhibitions. Entry fee is 35.01 USD. Recommended visit: 2 hours. Discover Wonderscape Science Museum Bangkok, a renowned museum in Bangkok, Thailand, ideal for art lovers. Open 10:00-19:00, entry 35.01 USD.","['Restrooms', 'Information Desk', 'Restaurant', 'Souvenir Shop', 'First Aid Station', 'Luggage Storage', 'pet-friendly', 'pet water stations', 'pet rest area', 'group tours', 'security', 'scenic spots', 'sunset cruises', 'special couples experiences', 'family restrooms', 'nursing facilities', 'ramps', 'elevators', 'wheelchair rentals', 'accessible restrooms', 'high speed WiFi']",Museum/Art Gallery,2 hours,4.0,"['Family with children', 'Pet Owners', 'Disabled Travelers', 'couples trip', 'Solo Woman Travelers']",Thailand
145,Bangkok,"Free eSIM Bangsaen Secret Japanese Style (Airplane Cafe, Fish Market)","908 Sukhumvit Road, Khlong Toei District, Bangkok",100.966088,13.675665,09:00-18:00,27.7,"Free eSIM Bangsaen Secret Japanese Style (Airplane Cafe, Fish Market) is a museum in Bangkok, Thailand, popular for its unique collections and exhibitions. Entry fee is 27.7 USD. Recommended visit: 2 hours. Discover Free eSIM Bangsaen Secret Japanese Style (Airplane Cafe, Fish Market), a renowned museum in Bangkok, Thailand, ideal for art lovers. Open 09:00-18:00, entry 27.7 USD.","['Restrooms', 'Information Desk', 'Restaurant', 'Souvenir Shop', 'First Aid Station', 'Luggage Storage', 'pet-friendly', 'pet water stations', 'pet rest area', 'food markets', 'tasting tours', 'scenic spots', 'sunset cruises', 'special couples experiences', 'high speed WiFi', 'photo spots', 'guided photo tours', 'charging stations', 'wheelchair rental', 'benches/rest areas']",Museum/Art Gallery,2 hours,4.0,"['Elderly Travelers', 'Pet Owners', 'couples trip', 'foodie', 'Photography']",Thailand
146,Bangkok,Andamanda Aqua Park,"935/10 Sathorn Road, Watthana District, Bangkok",100.555874,13.913526,09:00-18:00,30.55,"Andamanda Aqua Park is a theme park in Bangkok, Thailand, popular for its memorable experiences. Entry fee is 30.55 USD. Recommended visit: 7 hours. Discover Andamanda Aqua Park, a notable theme park in Bangkok, Thailand, ideal for visitors. Open 09:00-18:00, entry 30.55 USD.","['Restrooms', 'Information Desk', 'Restaurant', 'Souvenir Shop', 'First Aid Station', 'Luggage Storage', 'private tours', 'skip the line passes', 'VIP exclusive events', 'group tours', 'security', 'family restrooms', 'nursing facilities', 'ramps', 'elevators', 'wheelchair rentals', 'accessible restrooms', 'photo spots', 'guided photo tours', 'charging stations', 'wheelchair rental', 'benches/rest areas']",Theme Park/Amusement Park,7 hours,3.75,"['Family with children', 'Elderly Travelers', 'Disabled Travelers', 'Solo Woman Travelers', 'Luxury Travelers', 'Photography']",Thailand
147,Bangkok,Khao Kheow Open Zoo Experience,"278 Moo 1, Khao Kheow Road, Nonthaburi",100.752227,13.725318,08:30-17:00,12.53,"Khao Kheow Open Zoo Experience is a nature in Bangkok, Thailand, popular for its natural scenery and relaxing atmosphere. Entry fee is 12.53 USD. Recommended visit: 3 hours. Discover Khao Kheow Open Zoo Experience, a peaceful nature in Bangkok, Thailand, ideal for nature lovers. Open 08:30-17:00, entry 12.53 USD.","['Restrooms', 'Information Desk', 'Restaurant', 'Souvenir Shop', 'First Aid Station', 'Luggage Storage', 'pet-friendly', 'pet water stations', 'pet rest area', 'city passes', 'self-guided tours', 'night markets', 'bars', 'evening shows', 'family restrooms', 'nursing facilities', 'high speed WiFi', 'wheelchair rental', 'benches/rest areas']",Nature/Scenery/Park,3 hours,3.7,"['Family with children', 'Elderly Travelers', 'Pet Owners', 'Nightlife Enthusiast', 'Fast-Paced Budget Travel']",Thailand
148,Bangkok,The Eternal Stone Garden & Crocodile Haven,"354/49 Moo 5, Khlong Luang Road, Khlong Luang, Bangkok",100.353204,13.676351,08:30-17:00,84.89,"The Eternal Stone Garden & Crocodile Haven is a nature in Bangkok, Thailand, popular for its natural scenery and relaxing atmosphere. Entry fee is 84.89 USD. Recommended visit: 3 hours. Discover The Eternal Stone Garden & Crocodile Haven, a peaceful nature in Bangkok, Thailand, ideal for nature lovers. Open 08:30-17:00, entry 84.89 USD.","['Restrooms', 'Information Desk', 'Restaurant', 'Souvenir Shop', 'First Aid Station', 'Luggage Storage', 'pet-friendly', 'pet water stations', 'pet rest area', 'city passes', 'self-guided tours', 'private tours', 'skip the line passes', 'VIP exclusive events', 'scenic spots', 'sunset cruises', 'special couples experiences', 'parking', 'photo spots', 'guided photo tours', 'charging stations']",Nature/Scenery/Park,3 hours,3.7,"['Road trip', 'Pet Owners', 'Fast-Paced Budget Travel', 'couples trip', 'Luxury Travelers', 'Photography']",Thailand
149,Bangkok,Carnival Wonderland Park,"564 Sukhumvit Road, Khlong Toei District",100.366184,13.893429,09:00-19:00,73.13,"Carnival Wonderland Park is a theme park in Bangkok, Thailand, popular for its memorable experiences. Entry fee is 73.13 USD. Recommended visit: 8 hours. Discover Carnival Wonderland Park, a notable theme park in Bangkok, Thailand, ideal for visitors. Open 09:00-19:00, entry 73.13 USD.","['Restrooms', 'Information Desk', 'Restaurant', 'Souvenir Shop', 'First Aid Station', 'Luggage Storage', 'pet-friendly', 'pet water stations', 'pet rest area', 'city passes', 'self-guided tours', 'scenic spots', 'sunset cruises', 'special couples experiences', 'ramps', 'elevators', 'wheelchair rentals', 'accessible restrooms', 'high speed WiFi', 'wheelchair rental', 'benches/rest areas']",Theme Park/Amusement Park,8 hours,3.75,"['Elderly Travelers', 'Pet Owners', 'Disabled Travelers', 'Fast-Paced Budget Travel', 'couples trip']",Thailand
150,Bangkok,Mini Siam and Mini Europe Access Pass,"362/20 Rachadaphisek Road, Pathumwan",100.920944,13.624894,09:00-18:00,50.91,"Mini Siam and Mini Europe Access Pass is a theme park in Bangkok, Thailand, popular for its memorable experiences. Entry fee is 50.91 USD. Recommended visit: 8 hours. Discover Mini Siam and Mini Europe Access Pass, a notable theme park in Bangkok, Thailand, ideal for visitors. Open 09:00-18:00, entry 50.91 USD.","['Restrooms', 'Information Desk', 'Restaurant', 'Souvenir Shop', 'First Aid Station', 'Luggage Storage', 'private tours', 'skip the line passes', 'VIP exclusive events', 'group tours', 'security', 'food markets', 'tasting tours', 'scenic spots', 'sunset cruises', 'special couples experiences', 'high speed WiFi', 'photo spots', 'guided photo tours', 'charging stations']",Theme Park/Amusement Park,8 hours,3.75,"['couples trip', 'Solo Woman Travelers', 'Luxury Travelers', 'foodie', 'Photography']",Thailand
151,Bangkok,Ocean Discovery Bangkok Aquarium,"779 Sukhumvit Road, Khlong Toei District",100.580345,13.881495,09:00-17:30,197.21,"Ocean Discovery Bangkok Aquarium is a theme park in Bangkok, Thailand, popular for its memorable experiences. Entry fee is 197.21 USD. Recommended visit: 8 hours. Discover Ocean Discovery Bangkok Aquarium, a notable theme park in Bangkok, Thailand, ideal for visitors. Open 09:00-17:30, entry 197.21 USD.","['Restrooms', 'Information Desk', 'Restaurant', 'Souvenir Shop', 'First Aid Station', 'Luggage Storage', 'group tours', 'security', 'food markets', 'tasting tours', 'scenic spots', 'sunset cruises', 'special couples experiences', 'family restrooms', 'nursing facilities', 'parking', 'wheelchair rental', 'benches/rest areas']",Theme Park/Amusement Park,8 hours,3.75,"['Family with children', 'Road trip', 'Elderly Travelers', 'couples trip', 'Solo Woman Travelers', 'foodie']",Thailand
152,Bangkok,SkyView at Kingpower Walk,"283 Sukhumvit Road, Khlong Toei District, Bangkok",100.79525,13.892169,09:00-21:00,14.5,"SkyView at Kingpower Walk is a museum in Bangkok, Thailand, popular for its unique collections and exhibitions. Entry fee is 14.5 USD. Recommended visit: 2 hours. Discover SkyView at Kingpower Walk, a renowned museum in Bangkok, Thailand, ideal for art lovers. Open 09:00-21:00, entry 14.5 USD.","['Restrooms', 'Information Desk', 'Restaurant', 'Souvenir Shop', 'First Aid Station', 'Luggage Storage', 'private tours', 'skip the line passes', 'VIP exclusive events', 'food markets', 'tasting tours', 'night markets', 'bars', 'evening shows', 'scenic spots', 'sunset cruises', 'special couples experiences', 'ramps', 'elevators', 'wheelchair rentals', 'accessible restrooms', 'high speed WiFi']",Museum/Art Gallery,2 hours,4.0,"['Nightlife Enthusiast', 'Disabled Travelers', 'couples trip', 'Luxury Travelers', 'foodie']",Thailand
153,Bangkok,Exclusive Ayutthaya and Bang Pa In Palace Boat Experience,"527 Sukhumvit Road, Khlong Toei District, Bangkok",100.865783,13.713799,08:30-17:00,32.98,"Exclusive Ayutthaya and Bang Pa In Palace Boat Experience is a historic site in Bangkok, Thailand, popular for its memorable experiences. Entry fee is 32.98 USD. Recommended visit: 2 hours. Discover Exclusive Ayutthaya and Bang Pa In Palace Boat Experience, a notable historic site in Bangkok, Thailand, ideal for visitors. Open 08:30-17:00, entry 32.98 USD.","['Restrooms', 'Information Desk', 'Restaurant', 'Souvenir Shop', 'First Aid Station', 'Luggage Storage', 'private tours', 'skip the line passes', 'VIP exclusive events', 'group tours', 'security', 'night markets', 'bars', 'evening shows', 'parking', 'ramps', 'elevators', 'wheelchair rentals', 'accessible restrooms', 'wheelchair rental', 'benches/rest areas']",Historic Site/Landmark,2 hours,3.5,"['Road trip', 'Elderly Travelers', 'Nightlife Enthusiast', 'Disabled Travelers', 'Solo Woman Travelers', 'Luxury Travelers']",Thailand
154,Bangkok,King Power MahaNakhon SkyDeck,"430 Rachadaphisek Road, Pathum Wan, Bangkok",100.767557,13.576762,10:00-22:00,11.76,"King Power MahaNakhon SkyDeck is a nature in Bangkok, Thailand, popular for its natural scenery and relaxing atmosphere. Entry fee is 11.76 USD. Recommended visit: 3 hours. Discover King Power MahaNakhon SkyDeck, a peaceful nature in Bangkok, Thailand, ideal for nature lovers. Open 10:00-22:00, entry 11.76 USD.","['Restrooms', 'Information Desk', 'Restaurant', 'Souvenir Shop', 'First Aid Station', 'Luggage Storage', 'pet-friendly', 'pet water stations', 'pet rest area', 'city passes', 'self-guided tours', 'private tours', 'skip the line passes', 'VIP exclusive events', 'high speed WiFi', 'photo spots', 'guided photo tours', 'charging stations', 'wheelchair rental', 'benches/rest areas']",Nature/Scenery/Park,3 hours,3.7,"['Elderly Travelers', 'Pet Owners', 'Fast-Paced Budget Travel', 'Luxury Travelers', 'Photography']",Thailand
155,Bangkok,3D Art Gallery Experience in Bangkok,"684 Sukhumvit Road, Khlong Toei District, Bangkok",100.635252,13.568488,10:00-22:00,27.03,"3D Art Gallery Experience in Bangkok is a museum in Bangkok, Thailand, popular for its unique collections and exhibitions. Entry fee is 27.03 USD. Recommended visit: 2 hours. Discover 3D Art Gallery Experience in Bangkok, a renowned museum in Bangkok, Thailand, ideal for art lovers. Open 10:00-22:00, entry 27.03 USD.","['Restrooms', 'Information Desk', 'Restaurant', 'Souvenir Shop', 'First Aid Station', 'Luggage Storage', 'pet-friendly', 'pet water stations', 'pet rest area', 'city passes', 'self-guided tours', 'group tours', 'security', 'food markets', 'tasting tours', 'parking', 'photo spots', 'guided photo tours', 'charging stations']",Museum/Art Gallery,2 hours,4.0,"['Road trip', 'Pet Owners', 'Fast-Paced Budget Travel', 'Solo Woman Travelers', 'foodie', 'Photography']",Thailand
156,Bangkok,Thai Muay Thai Arena,"788 Silom Road, Sukhumvit, Bangkok",100.677457,13.558642,10:00-20:00,44.6,"Thai Muay Thai Arena is a historic site in Bangkok, Thailand, popular for its memorable experiences. Entry fee is 44.6 USD. Recommended visit: 2 hours. Discover Thai Muay Thai Arena, a notable historic site in Bangkok, Thailand, ideal for visitors. Open 10:00-20:00, entry 44.6 USD.","['Restrooms', 'Information Desk', 'Restaurant', 'Souvenir Shop', 'First Aid Station', 'Luggage Storage', 'food markets', 'tasting tours', 'night markets', 'bars', 'evening shows', 'scenic spots', 'sunset cruises', 'special couples experiences', 'family restrooms', 'nursing facilities', 'parking', 'ramps', 'elevators', 'wheelchair rentals', 'accessible restrooms']",Historic Site/Landmark,2 hours,3.5,"['Family with children', 'Road trip', 'Nightlife Enthusiast', 'Disabled Travelers', 'couples trip', 'foodie']",Thailand
157,Bangkok,Sri Ayuthaya Lion Park Entrance,"739/18 Maha Chai Road, Watthana District, Bangkok",100.777824,13.718009,08:30-17:00,176.64,"Sri Ayuthaya Lion Park Entrance is a nature in Bangkok, Thailand, popular for its natural scenery and relaxing atmosphere. Entry fee is 176.64 USD. Recommended visit: 3 hours. Discover Sri Ayuthaya Lion Park Entrance, a peaceful nature in Bangkok, Thailand, ideal for nature lovers. Open 08:30-17:00, entry 176.64 USD.","['Restrooms', 'Information Desk', 'Restaurant', 'Souvenir Shop', 'First Aid Station', 'Luggage Storage', 'private tours', 'skip the line passes', 'VIP exclusive events', 'group tours', 'security', 'night markets', 'bars', 'evening shows', 'parking', 'high speed WiFi', 'photo spots', 'guided photo tours', 'charging stations']",Nature/Scenery/Park,3 hours,3.7,"['Road trip', 'Nightlife Enthusiast', 'Solo Woman Travelers', 'Luxury Travelers', 'Photography']",Thailand
158,Bangkok,Alcazar Night Club Experience,"261 Rachadaphisek Road, Pathum Wan",100.585674,13.576088,18:00-02:00,23.29,"Alcazar Night Club Experience is a theme park in Bangkok, Thailand, popular for its memorable experiences. Entry fee is 23.29 USD. Recommended visit: 7 hours. Discover Alcazar Night Club Experience, a notable theme park in Bangkok, Thailand, ideal for visitors. Open 18:00-02:00, entry 23.29 USD.","['Restrooms', 'Information Desk', 'Restaurant', 'Souvenir Shop', 'First Aid Station', 'Luggage Storage', 'private tours', 'skip the line passes', 'VIP exclusive events', 'group tours', 'security', 'food markets', 'tasting tours', 'night markets', 'bars', 'evening shows', 'ramps', 'elevators', 'wheelchair rentals', 'accessible restrooms', 'wheelchair rental', 'benches/rest areas']",Theme Park/Amusement Park,7 hours,3.75,"['Elderly Travelers', 'Nightlife Enthusiast', 'Disabled Travelers', 'Solo Woman Travelers', 'Luxury Travelers', 'foodie']",Thailand
159,Bangkok,Splash Oasis Water Park,"204/12 Moo 5, Taling Chai, Muang, Nakhon Si Thammarat",100.741824,13.615933,09:00-17:30,18.1,"Splash Oasis Water Park is a theme park in Bangkok, Thailand, popular for its memorable experiences. Entry fee is 18.1 USD. Recommended visit: 6 hours. Discover Splash Oasis Water Park, a notable theme park in Bangkok, Thailand, ideal for visitors. Open 09:00-17:30, entry 18.1 USD.","['Restrooms', 'Information Desk', 'Restaurant', 'Souvenir Shop', 'First Aid Station', 'Luggage Storage', 'pet-friendly', 'pet water stations', 'pet rest area', 'private tours', 'skip the line passes', 'VIP exclusive events', 'food markets', 'tasting tours', 'scenic spots', 'sunset cruises', 'special couples experiences', 'family restrooms', 'nursing facilities', 'photo spots', 'guided photo tours', 'charging stations']",Theme Park/Amusement Park,6 hours,3.75,"['Family with children', 'Pet Owners', 'couples trip', 'Luxury Travelers', 'foodie', 'Photography']",Thailand
160,Bangkok,Bangkok SkyView Tower Access,"342 Sukhumvit Road, Khlong Toei District, Bangkok",100.712542,13.80541,09:00-21:00,7.44,"Bangkok SkyView Tower Access is a historic site in Bangkok, Thailand, popular for its memorable experiences. Entry fee is 7.44 USD. Recommended visit: 2 hours. Discover Bangkok SkyView Tower Access, a notable historic site in Bangkok, Thailand, ideal for visitors. Open 09:00-21:00, entry 7.44 USD.","['Restrooms', 'Information Desk', 'Restaurant', 'Souvenir Shop', 'First Aid Station', 'Luggage Storage', 'pet-friendly', 'pet water stations', 'pet rest area', 'food markets', 'tasting tours', 'scenic spots', 'sunset cruises', 'special couples experiences', 'night markets', 'bars', 'evening shows', 'parking', 'wheelchair rental', 'benches/rest areas']",Historic Site/Landmark,2 hours,3.5,"['Road trip', 'Elderly Travelers', 'Pet Owners', 'Nightlife Enthusiast', 'couples trip', 'foodie']",Thailand
161,Bangkok,Buddhist Heritage & Monastery Exploration Tour,"366 Sukhumvit Road, Bangkok",100.747606,13.551191,09:00-17:00,63.68,"Buddhist Heritage & Monastery Exploration Tour is a historic site in Bangkok, Thailand, popular for its memorable experiences. Entry fee is 63.68 USD. Recommended visit: 2 hours. Discover Buddhist Heritage & Monastery Exploration Tour, a notable historic site in Bangkok, Thailand, ideal for visitors. Open 09:00-17:00, entry 63.68 USD.","['Restrooms', 'Information Desk', 'Restaurant', 'Souvenir Shop', 'First Aid Station', 'Luggage Storage', 'pet-friendly', 'pet water stations', 'pet rest area', 'food markets', 'tasting tours', 'scenic spots', 'sunset cruises', 'special couples experiences', 'parking', 'photo spots', 'guided photo tours', 'charging stations', 'wheelchair rental', 'benches/rest areas']",Historic Site/Landmark,2 hours,3.5,"['Road trip', 'Elderly Travelers', 'Pet Owners', 'couples trip', 'foodie', 'Photography']",Thailand
162,Bangkok,Bangkok Twilight Tour: Temple & City Lights by Tuk Tuk,"738 Rama IV Road, Bangkok",100.835684,13.676843,08:30-19:00,16.96,"Bangkok Twilight Tour: Temple & City Lights by Tuk Tuk is a historic site in Bangkok, Thailand, popular for its memorable experiences. Entry fee is 16.96 USD. Recommended visit: 2 hours. Discover Bangkok Twilight Tour: Temple & City Lights by Tuk Tuk, a notable historic site in Bangkok, Thailand, ideal for visitors. Open 08:30-19:00, entry 16.96 USD.","['Restrooms', 'Information Desk', 'Restaurant', 'Souvenir Shop', 'First Aid Station', 'Luggage Storage', 'pet-friendly', 'pet water stations', 'pet rest area', 'city passes', 'self-guided tours', 'group tours', 'security', 'food markets', 'tasting tours', 'family restrooms', 'nursing facilities', 'photo spots', 'guided photo tours', 'charging stations']",Historic Site/Landmark,2 hours,3.5,"['Family with children', 'Pet Owners', 'Fast-Paced Budget Travel', 'Solo Woman Travelers', 'foodie', 'Photography']",Thailand
163,Bangkok,Royal Heritage & Temples of Ayutthaya (UNESCO) by River Cruise with Buffet Lunch,"476 Chao Phraya River Promenade, Wat Phra Si Rattanakosin, Bangkok",100.659729,13.861586,08:30-17:00,149.24,"Royal Heritage & Temples of Ayutthaya (UNESCO) by River Cruise with Buffet Lunch is a historic site in Bangkok, Thailand, popular for its memorable experiences. Entry fee is 149.24 USD. Recommended visit: 2 hours. Discover Royal Heritage & Temples of Ayutthaya (UNESCO) by River Cruise with Buffet Lunch, a notable historic site in Bangkok, Thailand, ideal for visitors. Open 08:30-17:00, entry 149.24 USD.","['Restrooms', 'Information Desk', 'Restaurant', 'Souvenir Shop', 'First Aid Station', 'Luggage Storage', 'pet-friendly', 'pet water stations', 'pet rest area', 'private tours', 'skip the line passes', 'VIP exclusive events', 'parking', 'high speed WiFi', 'photo spots', 'guided photo tours', 'charging stations', 'wheelchair rental', 'benches/rest areas']",Historic Site/Landmark,2 hours,3.5,"['Road trip', 'Elderly Travelers', 'Pet Owners', 'Luxury Travelers', 'Photography']",Thailand
164,Bangkok,Bangkok Fantasia Stage Show,"835 Sukhumvit Road, Khlong Toei District, Bangkok",100.675296,13.848543,10:00-22:00,59.69,"Bangkok Fantasia Stage Show is a theme park in Bangkok, Thailand, popular for its memorable experiences. Entry fee is 59.69 USD. Recommended visit: 8 hours. Discover Bangkok Fantasia Stage Show, a notable theme park in Bangkok, Thailand, ideal for visitors. Open 10:00-22:00, entry 59.69 USD.","['Restrooms', 'Information Desk', 'Restaurant', 'Souvenir Shop', 'First Aid Station', 'Luggage Storage', 'group tours', 'security', 'food markets', 'tasting tours', 'scenic spots', 'sunset cruises', 'special couples experiences', 'family restrooms', 'nursing facilities', 'high speed WiFi', 'photo spots', 'guided photo tours', 'charging stations']",Theme Park/Amusement Park,8 hours,3.75,"['Family with children', 'couples trip', 'Solo Woman Travelers', 'foodie', 'Photography']",Thailand
165,Bangkok,Ocean World Adventure,"558 Sukhumvit Road, Khlong Toei District, Bangkok",100.561933,13.706216,09:00-17:30,40.28,"Ocean World Adventure is a theme park in Bangkok, Thailand, popular for its memorable experiences. Entry fee is 40.28 USD. Recommended visit: 7 hours. Discover Ocean World Adventure, a notable theme park in Bangkok, Thailand, ideal for visitors. Open 09:00-17:30, entry 40.28 USD.","['Restrooms', 'Information Desk', 'Restaurant', 'Souvenir Shop', 'First Aid Station', 'Luggage Storage', 'private tours', 'skip the line passes', 'VIP exclusive events', 'group tours', 'security', 'food markets', 'tasting tours', 'scenic spots', 'sunset cruises', 'special couples experiences', 'parking', 'photo spots', 'guided photo tours', 'charging stations']",Theme Park/Amusement Park,7 hours,3.75,"['Road trip', 'couples trip', 'Solo Woman Travelers', 'Luxury Travelers', 'foodie', 'Photography']",Thailand
166,Bangkok,Aquaria Bangkok Hub,"748 Sathorn Unique, Sukhumvit Road, Bangkok",100.435994,13.770059,09:00-18:00,14.54,"Aquaria Bangkok Hub is a nature in Bangkok, Thailand, popular for its natural scenery and relaxing atmosphere. Entry fee is 14.54 USD. Recommended visit: 3 hours. Discover Aquaria Bangkok Hub, a peaceful nature in Bangkok, Thailand, ideal for nature lovers. Open 09:00-18:00, entry 14.54 USD.","['Restrooms', 'Information Desk', 'Restaurant', 'Souvenir Shop', 'First Aid Station', 'Luggage Storage', 'pet-friendly', 'pet water stations', 'pet rest area', 'night markets', 'bars', 'evening shows', 'family restrooms', 'nursing facilities', 'ramps', 'elevators', 'wheelchair rentals', 'accessible restrooms', 'photo spots', 'guided photo tours', 'charging stations', 'wheelchair rental', 'benches/rest areas']",Nature/Scenery/Park,3 hours,3.7,"['Family with children', 'Elderly Travelers', 'Pet Owners', 'Nightlife Enthusiast', 'Disabled Travelers', 'Photography']",Thailand
167,Bangkok,Muay Thai Patong Boxing Arena,"781 Sukhumvit Road, Khlong Toei District, Bangkok",100.652239,13.712567,10:00-20:00,286.62,"Muay Thai Patong Boxing Arena is a historic site in Bangkok, Thailand, popular for its memorable experiences. Entry fee is 286.62 USD. Recommended visit: 2 hours. Discover Muay Thai Patong Boxing Arena, a notable historic site in Bangkok, Thailand, ideal for visitors. Open 10:00-20:00, entry 286.62 USD.","['Restrooms', 'Information Desk', 'Restaurant', 'Souvenir Shop', 'First Aid Station', 'Luggage Storage', 'group tours', 'security', 'food markets', 'tasting tours', 'scenic spots', 'sunset cruises', 'special couples experiences', 'night markets', 'bars', 'evening shows', 'photo spots', 'guided photo tours', 'charging stations', 'wheelchair rental', 'benches/rest areas']",Historic Site/Landmark,2 hours,3.5,"['Elderly Travelers', 'Nightlife Enthusiast', 'couples trip', 'Solo Woman Travelers', 'foodie', 'Photography']",Thailand
168,Bangkok,Bangkok Combat Arena,"731 Sukhumvit Road, Khlong Toei District, Bangkok",100.698741,13.760425,10:00-22:00,23.56,"Bangkok Combat Arena is a theme park in Bangkok, Thailand, popular for its memorable experiences. Entry fee is 23.56 USD. Recommended visit: 7 hours. Discover Bangkok Combat Arena, a notable theme park in Bangkok, Thailand, ideal for visitors. Open 10:00-22:00, entry 23.56 USD.","['Restrooms', 'Information Desk', 'Restaurant', 'Souvenir Shop', 'First Aid Station', 'Luggage Storage', 'city passes', 'self-guided tours', 'scenic spots', 'sunset cruises', 'special couples experiences', 'parking', 'high speed WiFi', 'photo spots', 'guided photo tours', 'charging stations', 'wheelchair rental', 'benches/rest areas']",Theme Park/Amusement Park,7 hours,3.75,"['Road trip', 'Elderly Travelers', 'Fast-Paced Budget Travel', 'couples trip', 'Photography']",Thailand
169,Bangkok,"Ayutthaya Golden Horizon, Boat Tour, Iconic Viewpoint, Local Market","814 Sathorn Road, Wat Phra Singh, Bangkok",100.794984,13.552268,08:30-17:30,27.66,"Ayutthaya Golden Horizon, Boat Tour, Iconic Viewpoint, Local Market is a nature in Bangkok, Thailand, popular for its natural scenery and relaxing atmosphere. Entry fee is 27.66 USD. Recommended visit: 3 hours. Discover Ayutthaya Golden Horizon, Boat Tour, Iconic Viewpoint, Local Market, a peaceful nature in Bangkok, Thailand, ideal for nature lovers. Open 08:30-17:30, entry 27.66 USD.","['Restrooms', 'Information Desk', 'Restaurant', 'Souvenir Shop', 'First Aid Station', 'Luggage Storage', 'pet-friendly', 'pet water stations', 'pet rest area', 'group tours', 'security', 'night markets', 'bars', 'evening shows', 'family restrooms', 'nursing facilities', 'parking', 'wheelchair rental', 'benches/rest areas']",Nature/Scenery/Park,3 hours,3.7,"['Family with children', 'Road trip', 'Elderly Travelers', 'Pet Owners', 'Nightlife Enthusiast', 'Solo Woman Travelers']",Thailand
170,Bangkok,The Royal Legacy: Grand Palace & Emerald Temple,"826 Sukhumvit Road, Khlong Toei District, Bangkok",100.643541,13.794412,08:30-17:00,37.52,"The Royal Legacy: Grand Palace & Emerald Temple is a historic site in Bangkok, Thailand, popular for its memorable experiences. Entry fee is 37.52 USD. Recommended visit: 2 hours. Discover The Royal Legacy: Grand Palace & Emerald Temple, a notable historic site in Bangkok, Thailand, ideal for visitors. Open 08:30-17:00, entry 37.52 USD.","['Restrooms', 'Information Desk', 'Restaurant', 'Souvenir Shop', 'First Aid Station', 'Luggage Storage', 'pet-friendly', 'pet water stations', 'pet rest area', 'city passes', 'self-guided tours', 'group tours', 'security', 'scenic spots', 'sunset cruises', 'special couples experiences', 'family restrooms', 'nursing facilities', 'photo spots', 'guided photo tours', 'charging stations']",Historic Site/Landmark,2 hours,3.5,"['Family with children', 'Pet Owners', 'Fast-Paced Budget Travel', 'couples trip', 'Solo Woman Travelers', 'Photography']",Thailand
171,Bangkok,Siam Adventure Park with Dining & Stay Services,"619/18 Charoenkrung Road, Watthana",100.502859,13.727821,09:00-17:30,10.16,"Siam Adventure Park with Dining & Stay Services is a theme park in Bangkok, Thailand, popular for its memorable experiences. Entry fee is 10.16 USD. Recommended visit: 6 hours. Discover Siam Adventure Park with Dining & Stay Services, a notable theme park in Bangkok, Thailand, ideal for visitors. Open 09:00-17:30, entry 10.16 USD.","['Restrooms', 'Information Desk', 'Restaurant', 'Souvenir Shop', 'First Aid Station', 'Luggage Storage', 'pet-friendly', 'pet water stations', 'pet rest area', 'private tours', 'skip the line passes', 'VIP exclusive events', 'food markets', 'tasting tours', 'scenic spots', 'sunset cruises', 'special couples experiences', 'parking', 'wheelchair rental', 'benches/rest areas']",Theme Park/Amusement Park,6 hours,3.75,"['Road trip', 'Elderly Travelers', 'Pet Owners', 'couples trip', 'Luxury Travelers', 'foodie']",Thailand
172,Bangkok,Bangkok AquaSphere Marine Center,"650 Sathorn Road, Sathorn District",100.881208,13.756713,09:30-17:00,12.82,"Bangkok AquaSphere Marine Center is a nature in Bangkok, Thailand, popular for its natural scenery and relaxing atmosphere. Entry fee is 12.82 USD. Recommended visit: 3 hours. Discover Bangkok AquaSphere Marine Center, a peaceful nature in Bangkok, Thailand, ideal for nature lovers. Open 09:30-17:00, entry 12.82 USD.","['Restrooms', 'Information Desk', 'Restaurant', 'Souvenir Shop', 'First Aid Station', 'Luggage Storage', 'pet-friendly', 'pet water stations', 'pet rest area', 'private tours', 'skip the line passes', 'VIP exclusive events', 'night markets', 'bars', 'evening shows', 'family restrooms', 'nursing facilities', 'high speed WiFi', 'photo spots', 'guided photo tours', 'charging stations']",Nature/Scenery/Park,3 hours,3.7,"['Family with children', 'Pet Owners', 'Nightlife Enthusiast', 'Luxury Travelers', 'Photography']",Thailand
173,Bangkok,SEA LIFE Aqua Park in Bangkok,"440/18 Sukhumvit Road, Khlong Tan Nuea, Wattana",100.966026,13.636272,08:00-17:00,64.28,"SEA LIFE Aqua Park in Bangkok is a theme park in Bangkok, Thailand, popular for its memorable experiences. Entry fee is 64.28 USD. Recommended visit: 8 hours. Discover SEA LIFE Aqua Park in Bangkok, a notable theme park in Bangkok, Thailand, ideal for visitors. Open 08:00-17:00, entry 64.28 USD.","['Restrooms', 'Information Desk', 'Restaurant', 'Souvenir Shop', 'First Aid Station', 'Luggage Storage', 'pet-friendly', 'pet water stations', 'pet rest area', 'city passes', 'self-guided tours', 'group tours', 'security', 'night markets', 'bars', 'evening shows', 'parking', 'photo spots', 'guided photo tours', 'charging stations']",Theme Park/Amusement Park,8 hours,3.75,"['Road trip', 'Pet Owners', 'Nightlife Enthusiast', 'Fast-Paced Budget Travel', 'Solo Woman Travelers', 'Photography']",Thailand
174,Bangkok,Thailand Pattaya Frost Magical Ice Of Siam,"252 Sathorn Road, Bangkok",100.721022,13.786885,10:00-22:00,29.86,"Thailand Pattaya Frost Magical Ice Of Siam is a theme park in Bangkok, Thailand, popular for its memorable experiences. Entry fee is 29.86 USD. Recommended visit: 7 hours. Discover Thailand Pattaya Frost Magical Ice Of Siam, a notable theme park in Bangkok, Thailand, ideal for visitors. Open 10:00-22:00, entry 29.86 USD.","['Restrooms', 'Information Desk', 'Restaurant', 'Souvenir Shop', 'First Aid Station', 'Luggage Storage', 'city passes', 'self-guided tours', 'food markets', 'tasting tours', 'family restrooms', 'nursing facilities', 'ramps', 'elevators', 'wheelchair rentals', 'accessible restrooms', 'photo spots', 'guided photo tours', 'charging stations', 'wheelchair rental', 'benches/rest areas']",Theme Park/Amusement Park,7 hours,3.75,"['Family with children', 'Elderly Travelers', 'Disabled Travelers', 'Fast-Paced Budget Travel', 'foodie', 'Photography']",Thailand
175,Bangkok,89 Adult Experience in Bangkok (Restricted to Adults 21 and Above),"979 Sukhumvit Road, Silom, Bangkok",100.499832,13.636317,10:00-22:00,54.79,"89 Adult Experience in Bangkok (Restricted to Adults 21 and Above) is a theme park in Bangkok, Thailand, popular for its memorable experiences. Entry fee is 54.79 USD. Recommended visit: 8 hours. Discover 89 Adult Experience in Bangkok (Restricted to Adults 21 and Above), a notable theme park in Bangkok, Thailand, ideal for visitors. Open 10:00-22:00, entry 54.79 USD.","['Restrooms', 'Information Desk', 'Restaurant', 'Souvenir Shop', 'First Aid Station', 'Luggage Storage', 'pet-friendly', 'pet water stations', 'pet rest area', 'private tours', 'skip the line passes', 'VIP exclusive events', 'scenic spots', 'sunset cruises', 'special couples experiences', 'ramps', 'elevators', 'wheelchair rentals', 'accessible restrooms', 'photo spots', 'guided photo tours', 'charging stations', 'wheelchair rental', 'benches/rest areas']",Theme Park/Amusement Park,8 hours,3.75,"['Elderly Travelers', 'Pet Owners', 'Disabled Travelers', 'couples trip', 'Luxury Travelers', 'Photography']",Thailand
176,Bangkok,Siam Niramit Experience,"980/2 Rama IV Road, Khlong Toei District, Bangkok",100.542493,13.916738,10:00-22:00,28.12,"Siam Niramit Experience is a museum in Bangkok, Thailand, popular for its unique collections and exhibitions. Entry fee is 28.12 USD. Recommended visit: 2 hours. Discover Siam Niramit Experience, a renowned museum in Bangkok, Thailand, ideal for art lovers. Open 10:00-22:00, entry 28.12 USD.","['Restrooms', 'Information Desk', 'Restaurant', 'Souvenir Shop', 'First Aid Station', 'Luggage Storage', 'city passes', 'self-guided tours', 'food markets', 'tasting tours', 'scenic spots', 'sunset cruises', 'special couples experiences', 'night markets', 'bars', 'evening shows', 'ramps', 'elevators', 'wheelchair rentals', 'accessible restrooms', 'photo spots', 'guided photo tours', 'charging stations']",Museum/Art Gallery,2 hours,4.0,"['Nightlife Enthusiast', 'Disabled Travelers', 'Fast-Paced Budget Travel', 'couples trip', 'foodie', 'Photography']",Thailand
177,Bangkok,Angthong Marine Adventure Park,"759/10 Moo 5, Khao Lak Road, Pratu Thani, Muang District, Bangkok",100.625173,13.640155,08:30-17:00,15.3,"Angthong Marine Adventure Park is a theme park in Bangkok, Thailand, popular for its memorable experiences. Entry fee is 15.3 USD. Recommended visit: 6 hours. Discover Angthong Marine Adventure Park, a notable theme park in Bangkok, Thailand, ideal for visitors. Open 08:30-17:00, entry 15.3 USD.","['Restrooms', 'Information Desk', 'Restaurant', 'Souvenir Shop', 'First Aid Station', 'Luggage Storage', 'pet-friendly', 'pet water stations', 'pet rest area', 'city passes', 'self-guided tours', 'private tours', 'skip the line passes', 'VIP exclusive events', 'family restrooms', 'nursing facilities', 'ramps', 'elevators', 'wheelchair rentals', 'accessible restrooms', 'wheelchair rental', 'benches/rest areas']",Theme Park/Amusement Park,6 hours,3.75,"['Family with children', 'Elderly Travelers', 'Pet Owners', 'Disabled Travelers', 'Fast-Paced Budget Travel', 'Luxury Travelers']",Thailand
178,Bangkok,Siam Dragon Entertainment Venue,"465 Sukhumvit Road, Bangkok",100.793622,13.715351,10:00-22:00,13.88,"Siam Dragon Entertainment Venue is a theme park in Bangkok, Thailand, popular for its memorable experiences. Entry fee is 13.88 USD. Recommended visit: 6 hours. Discover Siam Dragon Entertainment Venue, a notable theme park in Bangkok, Thailand, ideal for visitors. Open 10:00-22:00, entry 13.88 USD.","['Restrooms', 'Information Desk', 'Restaurant', 'Souvenir Shop', 'First Aid Station', 'Luggage Storage', 'food markets', 'tasting tours', 'scenic spots', 'sunset cruises', 'special couples experiences', 'night markets', 'bars', 'evening shows', 'high speed WiFi', 'photo spots', 'guided photo tours', 'charging stations', 'wheelchair rental', 'benches/rest areas']",Theme Park/Amusement Park,6 hours,3.75,"['Elderly Travelers', 'Nightlife Enthusiast', 'couples trip', 'foodie', 'Photography']",Thailand
179,Bangkok,Dreamland Bangkok with Round Trip Shared Transfer,"823/1 Sathorn Road, Sathorn, Bangkok",100.546649,13.735814,09:00-18:00,7.49,"Dreamland Bangkok with Round Trip Shared Transfer is a theme park in Bangkok, Thailand, popular for its memorable experiences. Entry fee is 7.49 USD. Recommended visit: 6 hours. Discover Dreamland Bangkok with Round Trip Shared Transfer, a notable theme park in Bangkok, Thailand, ideal for visitors. Open 09:00-18:00, entry 7.49 USD.","['Restrooms', 'Information Desk', 'Restaurant', 'Souvenir Shop', 'First Aid Station', 'Luggage Storage', 'pet-friendly', 'pet water stations', 'pet rest area', 'city passes', 'self-guided tours', 'group tours', 'security', 'scenic spots', 'sunset cruises', 'special couples experiences', 'night markets', 'bars', 'evening shows', 'family restrooms', 'nursing facilities']",Theme Park/Amusement Park,6 hours,3.75,"['Family with children', 'Pet Owners', 'Nightlife Enthusiast', 'Fast-Paced Budget Travel', 'couples trip', 'Solo Woman Travelers']",Thailand
180,Bangkok,Bangkok 4D Cultural & Temples Experience with Guide,"516 Sathorn Road, Pathumwan, Bangkok",100.397018,13.767678,09:00-17:00,19.53,"Bangkok 4D Cultural & Temples Experience with Guide is a historic site in Bangkok, Thailand, popular for its memorable experiences. Entry fee is 19.53 USD. Recommended visit: 2 hours. Discover Bangkok 4D Cultural & Temples Experience with Guide, a notable historic site in Bangkok, Thailand, ideal for visitors. Open 09:00-17:00, entry 19.53 USD.","['Restrooms', 'Information Desk', 'Restaurant', 'Souvenir Shop', 'First Aid Station', 'Luggage Storage', 'pet-friendly', 'pet water stations', 'pet rest area', 'private tours', 'skip the line passes', 'VIP exclusive events', 'group tours', 'security', 'scenic spots', 'sunset cruises', 'special couples experiences', 'ramps', 'elevators', 'wheelchair rentals', 'accessible restrooms', 'high speed WiFi']",Historic Site/Landmark,2 hours,3.5,"['Pet Owners', 'Disabled Travelers', 'couples trip', 'Solo Woman Travelers', 'Luxury Travelers']",Thailand
181,Bangkok,Ancient City (Mueang Boran) Entrance With Hotel Transfer,"250 Sathorn Road, Bangkok",100.705281,13.618773,08:30-17:00,38.89,"Ancient City (Mueang Boran) Entrance With Hotel Transfer is a historic site in Bangkok, Thailand, popular for its memorable experiences. Entry fee is 38.89 USD. Recommended visit: 2 hours. Discover Ancient City (Mueang Boran) Entrance With Hotel Transfer, a notable historic site in Bangkok, Thailand, ideal for visitors. Open 08:30-17:00, entry 38.89 USD.","['Restrooms', 'Information Desk', 'Restaurant', 'Souvenir Shop', 'First Aid Station', 'Luggage Storage', 'group tours', 'security', 'scenic spots', 'sunset cruises', 'special couples experiences', 'family restrooms', 'nursing facilities', 'ramps', 'elevators', 'wheelchair rentals', 'accessible restrooms', 'high speed WiFi', 'wheelchair rental', 'benches/rest areas']",Historic Site/Landmark,2 hours,3.5,"['Family with children', 'Elderly Travelers', 'Disabled Travelers', 'couples trip', 'Solo Woman Travelers']",Thailand
182,Bangkok,Half Day Bangkok Markets and Golden Buddha Temple Tour,"105 Maha Chai Road, Samran Rat, Bangkok",100.701538,13.621422,09:00-17:00,27.39,"Half Day Bangkok Markets and Golden Buddha Temple Tour is a historic site in Bangkok, Thailand, popular for its memorable experiences. Entry fee is 27.39 USD. Recommended visit: 2 hours. Discover Half Day Bangkok Markets and Golden Buddha Temple Tour, a notable historic site in Bangkok, Thailand, ideal for visitors. Open 09:00-17:00, entry 27.39 USD.","['Restrooms', 'Information Desk', 'Restaurant', 'Souvenir Shop', 'First Aid Station', 'Luggage Storage', 'pet-friendly', 'pet water stations', 'pet rest area', 'private tours', 'skip the line passes', 'VIP exclusive events', 'food markets', 'tasting tours', 'scenic spots', 'sunset cruises', 'special couples experiences', 'parking', 'wheelchair rental', 'benches/rest areas']",Historic Site/Landmark,2 hours,3.5,"['Road trip', 'Elderly Travelers', 'Pet Owners', 'couples trip', 'Luxury Travelers', 'foodie']",Thailand
183,Bangkok,Fairy Sweet Grove Bangkok,"557/12 Sathorn Nai Road, Sathorn, Bangkok",100.940659,13.552293,09:00-18:00,61.23,"Fairy Sweet Grove Bangkok is a nature in Bangkok, Thailand, popular for its natural scenery and relaxing atmosphere. Entry fee is 61.23 USD. Recommended visit: 3 hours. Discover Fairy Sweet Grove Bangkok, a peaceful nature in Bangkok, Thailand, ideal for nature lovers. Open 09:00-18:00, entry 61.23 USD.","['Restrooms', 'Information Desk', 'Restaurant', 'Souvenir Shop', 'First Aid Station', 'Luggage Storage', 'group tours', 'security', 'scenic spots', 'sunset cruises', 'special couples experiences', 'night markets', 'bars', 'evening shows', 'ramps', 'elevators', 'wheelchair rentals', 'accessible restrooms', 'high speed WiFi', 'wheelchair rental', 'benches/rest areas']",Nature/Scenery/Park,3 hours,3.7,"['Elderly Travelers', 'Nightlife Enthusiast', 'Disabled Travelers', 'couples trip', 'Solo Woman Travelers']",Thailand
184,Bangkok,Bangla Muay Thai Arena,"598 Charoenkrung Road, Samran Riverside, Bangkok",100.7115,13.860695,10:00-22:00,26.79,"Bangla Muay Thai Arena is a historic site in Bangkok, Thailand, popular for its memorable experiences. Entry fee is 26.79 USD. Recommended visit: 2 hours. Discover Bangla Muay Thai Arena, a notable historic site in Bangkok, Thailand, ideal for visitors. Open 10:00-22:00, entry 26.79 USD.","['Restrooms', 'Information Desk', 'Restaurant', 'Souvenir Shop', 'First Aid Station', 'Luggage Storage', 'pet-friendly', 'pet water stations', 'pet rest area', 'food markets', 'tasting tours', 'scenic spots', 'sunset cruises', 'special couples experiences', 'night markets', 'bars', 'evening shows', 'ramps', 'elevators', 'wheelchair rentals', 'accessible restrooms', 'photo spots', 'guided photo tours', 'charging stations']",Historic Site/Landmark,2 hours,3.5,"['Pet Owners', 'Nightlife Enthusiast', 'Disabled Travelers', 'couples trip', 'foodie', 'Photography']",Thailand
185,Bangkok,Phetch Buncha Muay Thai Arena,"743/2 Ratchadaphisek Road, Bangkok",100.467334,13.678616,10:00-20:00,82.11,"Phetch Buncha Muay Thai Arena is a historic site in Bangkok, Thailand, popular for its memorable experiences. Entry fee is 82.11 USD. Recommended visit: 2 hours. Discover Phetch Buncha Muay Thai Arena, a notable historic site in Bangkok, Thailand, ideal for visitors. Open 10:00-20:00, entry 82.11 USD.","['Restrooms', 'Information Desk', 'Restaurant', 'Souvenir Shop', 'First Aid Station', 'Luggage Storage', 'city passes', 'self-guided tours', 'group tours', 'security', 'food markets', 'tasting tours', 'night markets', 'bars', 'evening shows', 'family restrooms', 'nursing facilities', 'high speed WiFi']",Historic Site/Landmark,2 hours,3.5,"['Family with children', 'Nightlife Enthusiast', 'Fast-Paced Budget Travel', 'Solo Woman Travelers', 'foodie']",Thailand
186,Bangkok,"Mallika City Day Excursion | Bangkok, Thailand","272/3 Sukhumvit Road, Khlong Toei, Bangkok",100.683419,13.742909,09:00-17:00,47.2,"Mallika City Day Excursion | Bangkok, Thailand is a historic site in Bangkok, Thailand, popular for its memorable experiences. Entry fee is 47.2 USD. Recommended visit: 2 hours. Discover Mallika City Day Excursion | Bangkok, Thailand, a notable historic site in Bangkok, Thailand, ideal for visitors. Open 09:00-17:00, entry 47.2 USD.","['Restrooms', 'Information Desk', 'Restaurant', 'Souvenir Shop', 'First Aid Station', 'Luggage Storage', 'city passes', 'self-guided tours', 'food markets', 'tasting tours', 'night markets', 'bars', 'evening shows', 'ramps', 'elevators', 'wheelchair rentals', 'accessible restrooms', 'high speed WiFi', 'photo spots', 'guided photo tours', 'charging stations']",Historic Site/Landmark,2 hours,3.5,"['Nightlife Enthusiast', 'Disabled Travelers', 'Fast-Paced Budget Travel', 'foodie', 'Photography']",Thailand
187,Bangkok,Khao Lak Muay Thai Training Center,"155/12 Moo 5, Srinakarin Road, Wattana District, Bangkok",100.716689,13.76825,10:00-18:00,105.49,"Khao Lak Muay Thai Training Center is a museum in Bangkok, Thailand, popular for its unique collections and exhibitions. Entry fee is 105.49 USD. Recommended visit: 2 hours. Discover Khao Lak Muay Thai Training Center, a renowned museum in Bangkok, Thailand, ideal for art lovers. Open 10:00-18:00, entry 105.49 USD.","['Restrooms', 'Information Desk', 'Restaurant', 'Souvenir Shop', 'First Aid Station', 'Luggage Storage', 'scenic spots', 'sunset cruises', 'special couples experiences', 'night markets', 'bars', 'evening shows', 'family restrooms', 'nursing facilities', 'high speed WiFi', 'photo spots', 'guided photo tours', 'charging stations', 'wheelchair rental', 'benches/rest areas']",Museum/Art Gallery,2 hours,4.0,"['Family with children', 'Elderly Travelers', 'Nightlife Enthusiast', 'couples trip', 'Photography']",Thailand
188,Bangkok,Private Ayutthaya Sunset Cruise with Night Lights,"660/10 Sukhumvit Road, Khlong Toei District, Bangkok",100.638405,13.848635,08:30-18:00,41.11,"Private Ayutthaya Sunset Cruise with Night Lights is a historic site in Bangkok, Thailand, popular for its memorable experiences. Entry fee is 41.11 USD. Recommended visit: 2 hours. Discover Private Ayutthaya Sunset Cruise with Night Lights, a notable historic site in Bangkok, Thailand, ideal for visitors. Open 08:30-18:00, entry 41.11 USD.","['Restrooms', 'Information Desk', 'Restaurant', 'Souvenir Shop', 'First Aid Station', 'Luggage Storage', 'private tours', 'skip the line passes', 'VIP exclusive events', 'family restrooms', 'nursing facilities', 'parking', 'ramps', 'elevators', 'wheelchair rentals', 'accessible restrooms', 'high speed WiFi', 'wheelchair rental', 'benches/rest areas']",Historic Site/Landmark,2 hours,3.5,"['Family with children', 'Road trip', 'Elderly Travelers', 'Disabled Travelers', 'Luxury Travelers']",Thailand
189,Bangkok,Bangkok Royal Complex With Wat Phra Kaew,"178 Sathorn Road, Silom, Bangkok",100.753434,13.686876,08:30-17:00,248.4,"Bangkok Royal Complex With Wat Phra Kaew is a historic site in Bangkok, Thailand, popular for its memorable experiences. Entry fee is 248.4 USD. Recommended visit: 2 hours. Discover Bangkok Royal Complex With Wat Phra Kaew, a notable historic site in Bangkok, Thailand, ideal for visitors. Open 08:30-17:00, entry 248.4 USD.","['Restrooms', 'Information Desk', 'Restaurant', 'Souvenir Shop', 'First Aid Station', 'Luggage Storage', 'scenic spots', 'sunset cruises', 'special couples experiences', 'family restrooms', 'nursing facilities', 'ramps', 'elevators', 'wheelchair rentals', 'accessible restrooms', 'high speed WiFi', 'photo spots', 'guided photo tours', 'charging stations', 'wheelchair rental', 'benches/rest areas']",Historic Site/Landmark,2 hours,3.5,"['Family with children', 'Elderly Travelers', 'Disabled Travelers', 'couples trip', 'Photography']",Thailand
190,Bangkok,Ayutthaya Heritage Temples Tour with Floating Market and Off-Road Adventure,"350 Charoenkrung Road, Samphanthawong District, Bangkok",100.929108,13.733702,08:30-17:00,40.88,"Ayutthaya Heritage Temples Tour with Floating Market and Off-Road Adventure is a historic site in Bangkok, Thailand, popular for its memorable experiences. Entry fee is 40.88 USD. Recommended visit: 2 hours. Discover Ayutthaya Heritage Temples Tour with Floating Market and Off-Road Adventure, a notable historic site in Bangkok, Thailand, ideal for visitors. Open 08:30-17:00, entry 40.88 USD.","['Restrooms', 'Information Desk', 'Restaurant', 'Souvenir Shop', 'First Aid Station', 'Luggage Storage', 'group tours', 'security', 'scenic spots', 'sunset cruises', 'special couples experiences', 'family restrooms', 'nursing facilities', 'parking', 'ramps', 'elevators', 'wheelchair rentals', 'accessible restrooms', 'wheelchair rental', 'benches/rest areas']",Historic Site/Landmark,2 hours,3.5,"['Family with children', 'Road trip', 'Elderly Travelers', 'Disabled Travelers', 'couples trip', 'Solo Woman Travelers']",Thailand
191,Bangkok,Bangkok 4D Luxury Hotel with Dinner Cruise,"687 Sukhumvit Road, Khlong Toei District",100.421494,13.918321,09:00-22:00,3.6,"Bangkok 4D Luxury Hotel with Dinner Cruise is a nature in Bangkok, Thailand, popular for its natural scenery and relaxing atmosphere. Entry fee is 3.6 USD. Recommended visit: 3 hours. Discover Bangkok 4D Luxury Hotel with Dinner Cruise, a peaceful nature in Bangkok, Thailand, ideal for nature lovers. Open 09:00-22:00, entry 3.6 USD.","['Restrooms', 'Information Desk', 'Restaurant', 'Souvenir Shop', 'First Aid Station', 'Luggage Storage', 'pet-friendly', 'pet water stations', 'pet rest area', 'city passes', 'self-guided tours', 'private tours', 'skip the line passes', 'VIP exclusive events', 'family restrooms', 'nursing facilities', 'parking', 'wheelchair rental', 'benches/rest areas']",Nature/Scenery/Park,3 hours,3.7,"['Family with children', 'Road trip', 'Elderly Travelers', 'Pet Owners', 'Fast-Paced Budget Travel', 'Luxury Travelers']",Thailand
192,Bangkok,Historic Heritage Loop at Ayutthaya by ATV Adventure,"182 Sukhumvit Road, Khlong Toei District, Bangkok",100.791406,13.696501,08:30-17:00,79.64,"Historic Heritage Loop at Ayutthaya by ATV Adventure is a historic site in Bangkok, Thailand, popular for its memorable experiences. Entry fee is 79.64 USD. Recommended visit: 2 hours. Discover Historic Heritage Loop at Ayutthaya by ATV Adventure, a notable historic site in Bangkok, Thailand, ideal for visitors. Open 08:30-17:00, entry 79.64 USD.","['Restrooms', 'Information Desk', 'Restaurant', 'Souvenir Shop', 'First Aid Station', 'Luggage Storage', 'city passes', 'self-guided tours', 'private tours', 'skip the line passes', 'VIP exclusive events', 'food markets', 'tasting tours', 'night markets', 'bars', 'evening shows', 'family restrooms', 'nursing facilities', 'ramps', 'elevators', 'wheelchair rentals', 'accessible restrooms']",Historic Site/Landmark,2 hours,3.5,"['Family with children', 'Nightlife Enthusiast', 'Disabled Travelers', 'Fast-Paced Budget Travel', 'Luxury Travelers', 'foodie']",Thailand
193,Bangkok,Bangkok Riverside Sky Swing Access,"166 Sukhumvit Road, Khlong Toei District, Bangkok",100.74517,13.72941,08:30-17:30,28.7,"Bangkok Riverside Sky Swing Access is a nature in Bangkok, Thailand, popular for its natural scenery and relaxing atmosphere. Entry fee is 28.7 USD. Recommended visit: 3 hours. Discover Bangkok Riverside Sky Swing Access, a peaceful nature in Bangkok, Thailand, ideal for nature lovers. Open 08:30-17:30, entry 28.7 USD.","['Restrooms', 'Information Desk', 'Restaurant', 'Souvenir Shop', 'First Aid Station', 'Luggage Storage', 'city passes', 'self-guided tours', 'family restrooms', 'nursing facilities', 'parking', 'ramps', 'elevators', 'wheelchair rentals', 'accessible restrooms', 'high speed WiFi', 'wheelchair rental', 'benches/rest areas']",Nature/Scenery/Park,3 hours,3.7,"['Family with children', 'Road trip', 'Elderly Travelers', 'Disabled Travelers', 'Fast-Paced Budget Travel']",Thailand
194,Bangkok,Fantasy Realm Adventure Park,"327/18 Phra Arthit Road, Khlong Toei District",100.564823,13.699617,10:00-20:00,19.47,"Fantasy Realm Adventure Park is a theme park in Bangkok, Thailand, popular for its memorable experiences. Entry fee is 19.47 USD. Recommended visit: 6 hours. Discover Fantasy Realm Adventure Park, a notable theme park in Bangkok, Thailand, ideal for visitors. Open 10:00-20:00, entry 19.47 USD.","['Restrooms', 'Information Desk', 'Restaurant', 'Souvenir Shop', 'First Aid Station', 'Luggage Storage', 'pet-friendly', 'pet water stations', 'pet rest area', 'city passes', 'self-guided tours', 'food markets', 'tasting tours', 'scenic spots', 'sunset cruises', 'special couples experiences', 'parking', 'wheelchair rental', 'benches/rest areas']",Theme Park/Amusement Park,6 hours,3.75,"['Road trip', 'Elderly Travelers', 'Pet Owners', 'Fast-Paced Budget Travel', 'couples trip', 'foodie']",Thailand
195,Bangkok,Phra Trimurti Virtual Temple Experience,"556/12 Sathorn Road, Silom, Bangkok",100.519568,13.606546,09:00-18:00,15.52,"Phra Trimurti Virtual Temple Experience is a museum in Bangkok, Thailand, popular for its unique collections and exhibitions. Entry fee is 15.52 USD. Recommended visit: 2 hours. Discover Phra Trimurti Virtual Temple Experience, a renowned museum in Bangkok, Thailand, ideal for art lovers. Open 09:00-18:00, entry 15.52 USD.","['Restrooms', 'Information Desk', 'Restaurant', 'Souvenir Shop', 'First Aid Station', 'Luggage Storage', 'pet-friendly', 'pet water stations', 'pet rest area', 'private tours', 'skip the line passes', 'VIP exclusive events', 'group tours', 'security', 'food markets', 'tasting tours', 'high speed WiFi', 'wheelchair rental', 'benches/rest areas']",Museum/Art Gallery,2 hours,4.0,"['Elderly Travelers', 'Pet Owners', 'Solo Woman Travelers', 'Luxury Travelers', 'foodie']",Thailand
196,Bangkok,Heartbeat Gallery in Bangkok,"298 Sathorn Road, Samudwong District, Bangkok",100.886462,13.555251,10:00-20:00,13.07,"Heartbeat Gallery in Bangkok is a museum in Bangkok, Thailand, popular for its unique collections and exhibitions. Entry fee is 13.07 USD. Recommended visit: 2 hours. Discover Heartbeat Gallery in Bangkok, a renowned museum in Bangkok, Thailand, ideal for art lovers. Open 10:00-20:00, entry 13.07 USD.","['Restrooms', 'Information Desk', 'Restaurant', 'Souvenir Shop', 'First Aid Station', 'Luggage Storage', 'city passes', 'self-guided tours', 'group tours', 'security', 'food markets', 'tasting tours', 'night markets', 'bars', 'evening shows', 'family restrooms', 'nursing facilities', 'parking']",Museum/Art Gallery,2 hours,4.0,"['Family with children', 'Road trip', 'Nightlife Enthusiast', 'Fast-Paced Budget Travel', 'Solo Woman Travelers', 'foodie']",Thailand
197,Bangkok,Andamanda Water Park Experience,"747/18 Moo 5, Khlong Luang Road, Nongkorn, Samut Prakan",100.895462,13.614899,09:00-17:30,24.22,"Andamanda Water Park Experience is a theme park in Bangkok, Thailand, popular for its memorable experiences. Entry fee is 24.22 USD. Recommended visit: 7 hours. Discover Andamanda Water Park Experience, a notable theme park in Bangkok, Thailand, ideal for visitors. Open 09:00-17:30, entry 24.22 USD.","['Restrooms', 'Information Desk', 'Restaurant', 'Souvenir Shop', 'First Aid Station', 'Luggage Storage', 'city passes', 'self-guided tours', 'group tours', 'security', 'scenic spots', 'sunset cruises', 'special couples experiences', 'ramps', 'elevators', 'wheelchair rentals', 'accessible restrooms', 'photo spots', 'guided photo tours', 'charging stations', 'wheelchair rental', 'benches/rest areas']",Theme Park/Amusement Park,7 hours,3.75,"['Elderly Travelers', 'Disabled Travelers', 'Fast-Paced Budget Travel', 'couples trip', 'Solo Woman Travelers', 'Photography']",Thailand
198,Bangkok,Erawan Heritage Museum,"986 Sukhumvit Road, Khlong Toei District, Bangkok",100.660351,13.807416,10:00-18:00,63.68,"Erawan Heritage Museum is a museum in Bangkok, Thailand, popular for its unique collections and exhibitions. Entry fee is 63.68 USD. Recommended visit: 2 hours. Discover Erawan Heritage Museum, a renowned museum in Bangkok, Thailand, ideal for art lovers. Open 10:00-18:00, entry 63.68 USD.","['Restrooms', 'Information Desk', 'Restaurant', 'Souvenir Shop', 'First Aid Station', 'Luggage Storage', 'pet-friendly', 'pet water stations', 'pet rest area', 'private tours', 'skip the line passes', 'VIP exclusive events', 'night markets', 'bars', 'evening shows', 'family restrooms', 'nursing facilities', 'parking', 'wheelchair rental', 'benches/rest areas']",Museum/Art Gallery,2 hours,4.0,"['Family with children', 'Road trip', 'Elderly Travelers', 'Pet Owners', 'Nightlife Enthusiast', 'Luxury Travelers']",Thailand
199,Bangkok,Half Day Craft Grand Palace and Emerald Buddha Temple,"597/1 Rachadaphisek Road, Pathum Wan, Bangkok",100.723576,13.823766,09:00-16:30,110.9,"Half Day Craft Grand Palace and Emerald Buddha Temple is a historic site in Bangkok, Thailand, popular for its memorable experiences. Entry fee is 110.9 USD. Recommended visit: 2 hours. Discover Half Day Craft Grand Palace and Emerald Buddha Temple, a notable historic site in Bangkok, Thailand, ideal for visitors. Open 09:00-16:30, entry 110.9 USD.","['Restrooms', 'Information Desk', 'Restaurant', 'Souvenir Shop', 'First Aid Station', 'Luggage Storage', 'pet-friendly', 'pet water stations', 'pet rest area', 'group tours', 'security', 'night markets', 'bars', 'evening shows', 'family restrooms', 'nursing facilities', 'parking', 'wheelchair rental', 'benches/rest areas']",Historic Site/Landmark,2 hours,3.5,"['Family with children', 'Road trip', 'Elderly Travelers', 'Pet Owners', 'Nightlife Enthusiast', 'Solo Woman Travelers']",Thailand
200,Bangkok,Bangkok's Royal Temple Emerald Buddha with Grand Palace,"727 Maha Chai Road, Samphanthawong District",100.484851,13.597559,08:30-17:00,103.51,"Bangkok's Royal Temple Emerald Buddha with Grand Palace is a historic site in Bangkok, Thailand, popular for its memorable experiences. Entry fee is 103.51 USD. Recommended visit: 2 hours. Discover Bangkok's Royal Temple Emerald Buddha with Grand Palace, a notable historic site in Bangkok, Thailand, ideal for visitors. Open 08:30-17:00, entry 103.51 USD.","['Restrooms', 'Information Desk', 'Restaurant', 'Souvenir Shop', 'First Aid Station', 'Luggage Storage', 'city passes', 'self-guided tours', 'private tours', 'skip the line passes', 'VIP exclusive events', 'food markets', 'tasting tours', 'scenic spots', 'sunset cruises', 'special couples experiences', 'parking', 'wheelchair rental', 'benches/rest areas']",Historic Site/Landmark,2 hours,3.5,"['Road trip', 'Elderly Travelers', 'Fast-Paced Budget Travel', 'couples trip', 'Luxury Travelers', 'foodie']",Thailand
201,Bangkok,Bangkok Heritage & Royal Exploration Tour,"271 Sukhumvit Road, Khlong Toei District",100.729551,13.696447,08:30-17:00,286.62,"Bangkok Heritage & Royal Exploration Tour is a historic site in Bangkok, Thailand, popular for its memorable experiences. Entry fee is 286.62 USD. Recommended visit: 2 hours. Discover Bangkok Heritage & Royal Exploration Tour, a notable historic site in Bangkok, Thailand, ideal for visitors. Open 08:30-17:00, entry 286.62 USD.","['Restrooms', 'Information Desk', 'Restaurant', 'Souvenir Shop', 'First Aid Station', 'Luggage Storage', 'pet-friendly', 'pet water stations', 'pet rest area', 'night markets', 'bars', 'evening shows', 'family restrooms', 'nursing facilities', 'parking', 'high speed WiFi', 'wheelchair rental', 'benches/rest areas']",Historic Site/Landmark,2 hours,3.5,"['Family with children', 'Road trip', 'Elderly Travelers', 'Pet Owners', 'Nightlife Enthusiast']",Thailand
202,Bangkok,Bangkok Heritage Highlights : Grand Palace Wat Traimit Wat Pho Wat Arun,"940 Ratchadamnoen Avenue, Pathum Wan, Bangkok",100.607896,13.600184,08:30-17:00,323.12,"Bangkok Heritage Highlights : Grand Palace Wat Traimit Wat Pho Wat Arun is a historic site in Bangkok, Thailand, popular for its memorable experiences. Entry fee is 323.12 USD. Recommended visit: 2 hours. Discover Bangkok Heritage Highlights : Grand Palace Wat Traimit Wat Pho Wat Arun, a notable historic site in Bangkok, Thailand, ideal for visitors. Open 08:30-17:00, entry 323.12 USD.","['Restrooms', 'Information Desk', 'Restaurant', 'Souvenir Shop', 'First Aid Station', 'Luggage Storage', 'city passes', 'self-guided tours', 'night markets', 'bars', 'evening shows', 'scenic spots', 'sunset cruises', 'special couples experiences', 'family restrooms', 'nursing facilities', 'parking', 'wheelchair rental', 'benches/rest areas']",Historic Site/Landmark,2 hours,3.5,"['Family with children', 'Road trip', 'Elderly Travelers', 'Nightlife Enthusiast', 'Fast-Paced Budget Travel', 'couples trip']",Thailand
203,Bangkok,JF Muay Thai Training Center,"259 Sukhumvit Road, Khlong Toei District, Bangkok",100.788311,13.672147,10:00-18:00,34.12,"JF Muay Thai Training Center is a historic site in Bangkok, Thailand, popular for its memorable experiences. Entry fee is 34.12 USD. Recommended visit: 2 hours. Discover JF Muay Thai Training Center, a notable historic site in Bangkok, Thailand, ideal for visitors. Open 10:00-18:00, entry 34.12 USD.","['Restrooms', 'Information Desk', 'Restaurant', 'Souvenir Shop', 'First Aid Station', 'Luggage Storage', 'city passes', 'self-guided tours', 'private tours', 'skip the line passes', 'VIP exclusive events', 'group tours', 'security', 'night markets', 'bars', 'evening shows', 'scenic spots', 'sunset cruises', 'special couples experiences', 'high speed WiFi']",Historic Site/Landmark,2 hours,3.5,"['Nightlife Enthusiast', 'Fast-Paced Budget Travel', 'couples trip', 'Solo Woman Travelers', 'Luxury Travelers']",Thailand
204,Bangkok,Bangkok Muay Thai Boxing Show Experience,"765 Sukhumvit Road, Khlong Toei District, Bangkok",100.652157,13.703967,10:00-22:00,23.22,"Bangkok Muay Thai Boxing Show Experience is a theme park in Bangkok, Thailand, popular for its memorable experiences. Entry fee is 23.22 USD. Recommended visit: 7 hours. Discover Bangkok Muay Thai Boxing Show Experience, a notable theme park in Bangkok, Thailand, ideal for visitors. Open 10:00-22:00, entry 23.22 USD.","['Restrooms', 'Information Desk', 'Restaurant', 'Souvenir Shop', 'First Aid Station', 'Luggage Storage', 'pet-friendly', 'pet water stations', 'pet rest area', 'city passes', 'self-guided tours', 'food markets', 'tasting tours', 'scenic spots', 'sunset cruises', 'special couples experiences', 'parking', 'high speed WiFi']",Theme Park/Amusement Park,7 hours,3.75,"['Road trip', 'Pet Owners', 'Fast-Paced Budget Travel', 'couples trip', 'foodie']",Thailand
205,Bangkok,Siam Muay Thai Combat Arena,"943 Sukhumvit Road, Khlong Toei District, Bangkok",100.944616,13.831002,10:00-22:00,78.34,"Siam Muay Thai Combat Arena is a historic site in Bangkok, Thailand, popular for its memorable experiences. Entry fee is 78.34 USD. Recommended visit: 2 hours. Discover Siam Muay Thai Combat Arena, a notable historic site in Bangkok, Thailand, ideal for visitors. Open 10:00-22:00, entry 78.34 USD.","['Restrooms', 'Information Desk', 'Restaurant', 'Souvenir Shop', 'First Aid Station', 'Luggage Storage', 'private tours', 'skip the line passes', 'VIP exclusive events', 'group tours', 'security', 'food markets', 'tasting tours', 'ramps', 'elevators', 'wheelchair rentals', 'accessible restrooms', 'high speed WiFi', 'photo spots', 'guided photo tours', 'charging stations']",Historic Site/Landmark,2 hours,3.5,"['Disabled Travelers', 'Solo Woman Travelers', 'Luxury Travelers', 'foodie', 'Photography']",Thailand
206,Bangkok,Floral Paradise Bangkok,"311/19 Sukhumvit Road, Khlong Toei District",100.649593,13.658405,08:30-17:30,3.6,"Floral Paradise Bangkok is a nature in Bangkok, Thailand, popular for its natural scenery and relaxing atmosphere. Entry fee is 3.6 USD. Recommended visit: 3 hours. Discover Floral Paradise Bangkok, a peaceful nature in Bangkok, Thailand, ideal for nature lovers. Open 08:30-17:30, entry 3.6 USD.","['Restrooms', 'Information Desk', 'Restaurant', 'Souvenir Shop', 'First Aid Station', 'Luggage Storage', 'group tours', 'security', 'scenic spots', 'sunset cruises', 'special couples experiences', 'family restrooms', 'nursing facilities', 'night markets', 'bars', 'evening shows', 'parking', 'ramps', 'elevators', 'wheelchair rentals', 'accessible restrooms']",Nature/Scenery/Park,3 hours,3.7,"['Family with children', 'Road trip', 'Nightlife Enthusiast', 'Disabled Travelers', 'couples trip', 'Solo Woman Travelers']",Thailand
207,Bangkok,Phoenix Adventure Hub in Bangkok,"818 Sukhumvit Road, Khlong Toei District, Bangkok",100.51485,13.638987,09:00-18:00,78.07,"Phoenix Adventure Hub in Bangkok is a theme park in Bangkok, Thailand, popular for its memorable experiences. Entry fee is 78.07 USD. Recommended visit: 8 hours. Discover Phoenix Adventure Hub in Bangkok, a notable theme park in Bangkok, Thailand, ideal for visitors. Open 09:00-18:00, entry 78.07 USD.","['Restrooms', 'Information Desk', 'Restaurant', 'Souvenir Shop', 'First Aid Station', 'Luggage Storage', 'pet-friendly', 'pet water stations', 'pet rest area', 'food markets', 'tasting tours', 'parking', 'ramps', 'elevators', 'wheelchair rentals', 'accessible restrooms', 'photo spots', 'guided photo tours', 'charging stations', 'wheelchair rental', 'benches/rest areas']",Theme Park/Amusement Park,8 hours,3.75,"['Road trip', 'Elderly Travelers', 'Pet Owners', 'Disabled Travelers', 'foodie', 'Photography']",Thailand
208,Bangkok,Live Magic Day in Dreamland - Bangkok,"101 Sukhumvit Road, Khlong Toei District",100.678258,13.814888,09:00-18:00,6.04,"Live Magic Day in Dreamland - Bangkok is a theme park in Bangkok, Thailand, popular for its memorable experiences. Entry fee is 6.04 USD. Recommended visit: 6 hours. Discover Live Magic Day in Dreamland - Bangkok, a notable theme park in Bangkok, Thailand, ideal for visitors. Open 09:00-18:00, entry 6.04 USD.","['Restrooms', 'Information Desk', 'Restaurant', 'Souvenir Shop', 'First Aid Station', 'Luggage Storage', 'city passes', 'self-guided tours', 'group tours', 'security', 'food markets', 'tasting tours', 'night markets', 'bars', 'evening shows', 'parking', 'photo spots', 'guided photo tours', 'charging stations']",Theme Park/Amusement Park,6 hours,3.75,"['Road trip', 'Nightlife Enthusiast', 'Fast-Paced Budget Travel', 'Solo Woman Travelers', 'foodie', 'Photography']",Thailand
209,Bangkok,Siam Wonder Adventure Park in Bangkok,"256/11 Sukhumvit Road, Khlong Toei District, Bangkok",100.833284,13.847949,09:00-18:00,22.66,"Siam Wonder Adventure Park in Bangkok is a theme park in Bangkok, Thailand, popular for its memorable experiences. Entry fee is 22.66 USD. Recommended visit: 7 hours. Discover Siam Wonder Adventure Park in Bangkok, a notable theme park in Bangkok, Thailand, ideal for visitors. Open 09:00-18:00, entry 22.66 USD.","['Restrooms', 'Information Desk', 'Restaurant', 'Souvenir Shop', 'First Aid Station', 'Luggage Storage', 'city passes', 'self-guided tours', 'private tours', 'skip the line passes', 'VIP exclusive events', 'scenic spots', 'sunset cruises', 'special couples experiences', 'ramps', 'elevators', 'wheelchair rentals', 'accessible restrooms', 'photo spots', 'guided photo tours', 'charging stations', 'wheelchair rental', 'benches/rest areas']",Theme Park/Amusement Park,7 hours,3.75,"['Elderly Travelers', 'Disabled Travelers', 'Fast-Paced Budget Travel', 'couples trip', 'Luxury Travelers', 'Photography']",Thailand
210,Bangkok,Bangkok SkyView Walk,"825 Sukhumvit Road, Khlong Toei, Bangkok",100.577099,13.896217,09:00-21:00,5.15,"Bangkok SkyView Walk is a nature in Bangkok, Thailand, popular for its natural scenery and relaxing atmosphere. Entry fee is 5.15 USD. Recommended visit: 3 hours. Discover Bangkok SkyView Walk, a peaceful nature in Bangkok, Thailand, ideal for nature lovers. Open 09:00-21:00, entry 5.15 USD.","['Restrooms', 'Information Desk', 'Restaurant', 'Souvenir Shop', 'First Aid Station', 'Luggage Storage', 'city passes', 'self-guided tours', 'food markets', 'tasting tours', 'night markets', 'bars', 'evening shows', 'scenic spots', 'sunset cruises', 'special couples experiences', 'parking', 'high speed WiFi']",Nature/Scenery/Park,3 hours,3.7,"['Road trip', 'Nightlife Enthusiast', 'Fast-Paced Budget Travel', 'couples trip', 'foodie']",Thailand
211,Bangkok,Discover Ayutthaya's Ancient Legacy,"348 Sathorn Road, Wat Arun District, Bangkok",100.4007,13.749782,08:30-17:00,128.46,"Discover Ayutthaya's Ancient Legacy is a historic site in Bangkok, Thailand, popular for its memorable experiences. Entry fee is 128.46 USD. Recommended visit: 2 hours. Discover Discover Ayutthaya's Ancient Legacy, a notable historic site in Bangkok, Thailand, ideal for visitors. Open 08:30-17:00, entry 128.46 USD.","['Restrooms', 'Information Desk', 'Restaurant', 'Souvenir Shop', 'First Aid Station', 'Luggage Storage', 'pet-friendly', 'pet water stations', 'pet rest area', 'family restrooms', 'nursing facilities', 'parking', 'ramps', 'elevators', 'wheelchair rentals', 'accessible restrooms', 'photo spots', 'guided photo tours', 'charging stations', 'wheelchair rental', 'benches/rest areas']",Historic Site/Landmark,2 hours,3.5,"['Family with children', 'Road trip', 'Elderly Travelers', 'Pet Owners', 'Disabled Travelers', 'Photography']",Thailand
212,Bangkok,"Three Temple Cultural Journey to Wat Traimit, Wat Pho, Wat Arun","340 Ratchadaphisek Road, Khlong Toei District, Bangkok",100.381152,13.78501,08:30-17:00,21.31,"Three Temple Cultural Journey to Wat Traimit, Wat Pho, Wat Arun is a historic site in Bangkok, Thailand, popular for its memorable experiences. Entry fee is 21.31 USD. Recommended visit: 2 hours. Discover Three Temple Cultural Journey to Wat Traimit, Wat Pho, Wat Arun, a notable historic site in Bangkok, Thailand, ideal for visitors. Open 08:30-17:00, entry 21.31 USD.","['Restrooms', 'Information Desk', 'Restaurant', 'Souvenir Shop', 'First Aid Station', 'Luggage Storage', 'city passes', 'self-guided tours', 'food markets', 'tasting tours', 'night markets', 'bars', 'evening shows', 'family restrooms', 'nursing facilities', 'photo spots', 'guided photo tours', 'charging stations', 'wheelchair rental', 'benches/rest areas']",Historic Site/Landmark,2 hours,3.5,"['Family with children', 'Elderly Travelers', 'Nightlife Enthusiast', 'Fast-Paced Budget Travel', 'foodie', 'Photography']",Thailand
213,Bangkok,Bangkok Dino Adventure Park,"229 Khlong Toei Road, Watthana District, Bangkok",100.742507,13.719655,09:00-17:30,64.28,"Bangkok Dino Adventure Park is a theme park in Bangkok, Thailand, popular for its memorable experiences. Entry fee is 64.28 USD. Recommended visit: 8 hours. Discover Bangkok Dino Adventure Park, a notable theme park in Bangkok, Thailand, ideal for visitors. Open 09:00-17:30, entry 64.28 USD.","['Restrooms', 'Information Desk', 'Restaurant', 'Souvenir Shop', 'First Aid Station', 'Luggage Storage', 'pet-friendly', 'pet water stations', 'pet rest area', 'city passes', 'self-guided tours', 'scenic spots', 'sunset cruises', 'special couples experiences', 'ramps', 'elevators', 'wheelchair rentals', 'accessible restrooms', 'photo spots', 'guided photo tours', 'charging stations', 'wheelchair rental', 'benches/rest areas']",Theme Park/Amusement Park,8 hours,3.75,"['Elderly Travelers', 'Pet Owners', 'Disabled Travelers', 'Fast-Paced Budget Travel', 'couples trip', 'Photography']",Thailand
214,Bangkok,Kanchanaburi Safari Adventure with Damnoen Saduak Floating Market Tour,"226 Sukhumvit Road, Khlong Toei, Bangkok",100.526458,13.866385,08:30-17:00,52.2,"Kanchanaburi Safari Adventure with Damnoen Saduak Floating Market Tour is a nature in Bangkok, Thailand, popular for its natural scenery and relaxing atmosphere. Entry fee is 52.2 USD. Recommended visit: 3 hours. Discover Kanchanaburi Safari Adventure with Damnoen Saduak Floating Market Tour, a peaceful nature in Bangkok, Thailand, ideal for nature lovers. Open 08:30-17:00, entry 52.2 USD.","['Restrooms', 'Information Desk', 'Restaurant', 'Souvenir Shop', 'First Aid Station', 'Luggage Storage', 'city passes', 'self-guided tours', 'private tours', 'skip the line passes', 'VIP exclusive events', 'food markets', 'tasting tours', 'family restrooms', 'nursing facilities', 'parking', 'photo spots', 'guided photo tours', 'charging stations']",Nature/Scenery/Park,3 hours,3.7,"['Family with children', 'Road trip', 'Fast-Paced Budget Travel', 'Luxury Travelers', 'foodie', 'Photography']",Thailand
215,Bangkok,Lopburi Monkey Temple & Ayutthaya Heritage Tour from Bangkok,"661 Sukhumvit Road, Khlong Toei District, Bangkok",100.389166,13.639287,08:00-17:00,53.25,"Lopburi Monkey Temple & Ayutthaya Heritage Tour from Bangkok is a historic site in Bangkok, Thailand, popular for its memorable experiences. Entry fee is 53.25 USD. Recommended visit: 2 hours. Discover Lopburi Monkey Temple & Ayutthaya Heritage Tour from Bangkok, a notable historic site in Bangkok, Thailand, ideal for visitors. Open 08:00-17:00, entry 53.25 USD.","['Restrooms', 'Information Desk', 'Restaurant', 'Souvenir Shop', 'First Aid Station', 'Luggage Storage', 'city passes', 'self-guided tours', 'scenic spots', 'sunset cruises', 'special couples experiences', 'night markets', 'bars', 'evening shows', 'family restrooms', 'nursing facilities', 'ramps', 'elevators', 'wheelchair rentals', 'accessible restrooms', 'photo spots', 'guided photo tours', 'charging stations']",Historic Site/Landmark,2 hours,3.5,"['Family with children', 'Nightlife Enthusiast', 'Disabled Travelers', 'Fast-Paced Budget Travel', 'couples trip', 'Photography']",Thailand
216,Bangkok,"Bangkok Islands Adventure: Ko Phai, Koh Rin, Koh Ped by Premium Catamaran","838 Sathorn Road, Bangkok",100.960937,13.656494,08:30-17:00,33.66,"Bangkok Islands Adventure: Ko Phai, Koh Rin, Koh Ped by Premium Catamaran is a nature in Bangkok, Thailand, popular for its natural scenery and relaxing atmosphere. Entry fee is 33.66 USD. Recommended visit: 3 hours. Discover Bangkok Islands Adventure: Ko Phai, Koh Rin, Koh Ped by Premium Catamaran, a peaceful nature in Bangkok, Thailand, ideal for nature lovers. Open 08:30-17:00, entry 33.66 USD.","['Restrooms', 'Information Desk', 'Restaurant', 'Souvenir Shop', 'First Aid Station', 'Luggage Storage', 'city passes', 'self-guided tours', 'private tours', 'skip the line passes', 'VIP exclusive events', 'night markets', 'bars', 'evening shows', 'parking', 'high speed WiFi', 'photo spots', 'guided photo tours', 'charging stations']",Nature/Scenery/Park,3 hours,3.7,"['Road trip', 'Nightlife Enthusiast', 'Fast-Paced Budget Travel', 'Luxury Travelers', 'Photography']",Thailand
217,Bangkok,Blue Dragon Entertainment Venue,"240 Sathorn Road, Pathum Wan",100.353916,13.747498,10:00-22:00,40.54,"Blue Dragon Entertainment Venue is a theme park in Bangkok, Thailand, popular for its memorable experiences. Entry fee is 40.54 USD. Recommended visit: 8 hours. Discover Blue Dragon Entertainment Venue, a notable theme park in Bangkok, Thailand, ideal for visitors. Open 10:00-22:00, entry 40.54 USD.","['Restrooms', 'Information Desk', 'Restaurant', 'Souvenir Shop', 'First Aid Station', 'Luggage Storage', 'pet-friendly', 'pet water stations', 'pet rest area', 'private tours', 'skip the line passes', 'VIP exclusive events', 'family restrooms', 'nursing facilities', 'ramps', 'elevators', 'wheelchair rentals', 'accessible restrooms', 'high speed WiFi', 'photo spots', 'guided photo tours', 'charging stations']",Theme Park/Amusement Park,8 hours,3.75,"['Family with children', 'Pet Owners', 'Disabled Travelers', 'Luxury Travelers', 'Photography']",Thailand
218,Bangkok,Fantasy Realm Park,"632/18 Sukhumvit Road, Khlong Tan Nuea, Wattana",100.454126,13.839717,09:00-18:00,42.83,"Fantasy Realm Park is a theme park in Bangkok, Thailand, popular for its memorable experiences. Entry fee is 42.83 USD. Recommended visit: 8 hours. Discover Fantasy Realm Park, a notable theme park in Bangkok, Thailand, ideal for visitors. Open 09:00-18:00, entry 42.83 USD.","['Restrooms', 'Information Desk', 'Restaurant', 'Souvenir Shop', 'First Aid Station', 'Luggage Storage', 'pet-friendly', 'pet water stations', 'pet rest area', 'private tours', 'skip the line passes', 'VIP exclusive events', 'scenic spots', 'sunset cruises', 'special couples experiences', 'parking', 'photo spots', 'guided photo tours', 'charging stations', 'wheelchair rental', 'benches/rest areas']",Theme Park/Amusement Park,8 hours,3.75,"['Road trip', 'Elderly Travelers', 'Pet Owners', 'couples trip', 'Luxury Travelers', 'Photography']",Thailand
219,Bangkok,"River Kwai Bridge, Grand Palace, Wat Pho - Day Tour","811/18 Maha Chai Road, Bangkok",100.35764,13.737719,08:30-17:30,33.08,"River Kwai Bridge, Grand Palace, Wat Pho - Day Tour is a historic site in Bangkok, Thailand, popular for its memorable experiences. Entry fee is 33.08 USD. Recommended visit: 2 hours. Discover River Kwai Bridge, Grand Palace, Wat Pho - Day Tour, a notable historic site in Bangkok, Thailand, ideal for visitors. Open 08:30-17:30, entry 33.08 USD.","['Restrooms', 'Information Desk', 'Restaurant', 'Souvenir Shop', 'First Aid Station', 'Luggage Storage', 'pet-friendly', 'pet water stations', 'pet rest area', 'group tours', 'security', 'food markets', 'tasting tours', 'scenic spots', 'sunset cruises', 'special couples experiences', 'parking', 'photo spots', 'guided photo tours', 'charging stations']",Historic Site/Landmark,2 hours,3.5,"['Road trip', 'Pet Owners', 'couples trip', 'Solo Woman Travelers', 'foodie', 'Photography']",Thailand
220,Bangkok,Private Funky Frog Tuk Tuk Ride Tour in Ayutthaya Attractions,"784 Sukhumvit Road, Khlong Toei District, Bangkok",100.637771,13.73153,09:00-17:00,26.21,"Private Funky Frog Tuk Tuk Ride Tour in Ayutthaya Attractions is a historic site in Bangkok, Thailand, popular for its memorable experiences. Entry fee is 26.21 USD. Recommended visit: 2 hours. Discover Private Funky Frog Tuk Tuk Ride Tour in Ayutthaya Attractions, a notable historic site in Bangkok, Thailand, ideal for visitors. Open 09:00-17:00, entry 26.21 USD.","['Restrooms', 'Information Desk', 'Restaurant', 'Souvenir Shop', 'First Aid Station', 'Luggage Storage', 'pet-friendly', 'pet water stations', 'pet rest area', 'food markets', 'tasting tours', 'night markets', 'bars', 'evening shows', 'parking', 'ramps', 'elevators', 'wheelchair rentals', 'accessible restrooms', 'photo spots', 'guided photo tours', 'charging stations']",Historic Site/Landmark,2 hours,3.5,"['Road trip', 'Pet Owners', 'Nightlife Enthusiast', 'Disabled Travelers', 'foodie', 'Photography']",Thailand
221,Bangkok,Bangkok Fantasy Land,"603 Sathorn Road, Sathorn District",100.388866,13.672944,10:00-22:00,42.1,"Bangkok Fantasy Land is a theme park in Bangkok, Thailand, popular for its memorable experiences. Entry fee is 42.1 USD. Recommended visit: 8 hours. Discover Bangkok Fantasy Land, a notable theme park in Bangkok, Thailand, ideal for visitors. Open 10:00-22:00, entry 42.1 USD.","['Restrooms', 'Information Desk', 'Restaurant', 'Souvenir Shop', 'First Aid Station', 'Luggage Storage', 'city passes', 'self-guided tours', 'private tours', 'skip the line passes', 'VIP exclusive events', 'food markets', 'tasting tours', 'scenic spots', 'sunset cruises', 'special couples experiences', 'ramps', 'elevators', 'wheelchair rentals', 'accessible restrooms', 'photo spots', 'guided photo tours', 'charging stations']",Theme Park/Amusement Park,8 hours,3.75,"['Disabled Travelers', 'Fast-Paced Budget Travel', 'couples trip', 'Luxury Travelers', 'foodie', 'Photography']",Thailand
222,Bangkok,Ayuthaya Adventure Tours and Sunset Cruise,"588/10 Rachadaphisek Road, Khlong Toei District",100.436626,13.585467,08:30-17:30,12.72,"Ayuthaya Adventure Tours and Sunset Cruise is a nature in Bangkok, Thailand, popular for its natural scenery and relaxing atmosphere. Entry fee is 12.72 USD. Recommended visit: 3 hours. Discover Ayuthaya Adventure Tours and Sunset Cruise, a peaceful nature in Bangkok, Thailand, ideal for nature lovers. Open 08:30-17:30, entry 12.72 USD.","['Restrooms', 'Information Desk', 'Restaurant', 'Souvenir Shop', 'First Aid Station', 'Luggage Storage', 'pet-friendly', 'pet water stations', 'pet rest area', 'city passes', 'self-guided tours', 'scenic spots', 'sunset cruises', 'special couples experiences', 'family restrooms', 'nursing facilities', 'ramps', 'elevators', 'wheelchair rentals', 'accessible restrooms', 'wheelchair rental', 'benches/rest areas']",Nature/Scenery/Park,3 hours,3.7,"['Family with children', 'Elderly Travelers', 'Pet Owners', 'Disabled Travelers', 'Fast-Paced Budget Travel', 'couples trip']",Thailand
223,Bangkok,Lanta Muay Thai Training Center,"789/12 Sukhumvit Road, Khlong Toei District, Bangkok",100.91647,13.828278,09:00-18:00,114.46,"Lanta Muay Thai Training Center is a historic site in Bangkok, Thailand, popular for its memorable experiences. Entry fee is 114.46 USD. Recommended visit: 2 hours. Discover Lanta Muay Thai Training Center, a notable historic site in Bangkok, Thailand, ideal for visitors. Open 09:00-18:00, entry 114.46 USD.","['Restrooms', 'Information Desk', 'Restaurant', 'Souvenir Shop', 'First Aid Station', 'Luggage Storage', 'pet-friendly', 'pet water stations', 'pet rest area', 'group tours', 'security', 'food markets', 'tasting tours', 'night markets', 'bars', 'evening shows', 'family restrooms', 'nursing facilities', 'wheelchair rental', 'benches/rest areas']",Historic Site/Landmark,2 hours,3.5,"['Family with children', 'Elderly Travelers', 'Pet Owners', 'Nightlife Enthusiast', 'Solo Woman Travelers', 'foodie']",Thailand
224,Bangkok,Bangkok Muay Thai Combat Arena,"507 Sukhumvit Road, Khlong Toei District, Bangkok",100.927385,13.744004,10:00-22:00,49.61,"Bangkok Muay Thai Combat Arena is a theme park in Bangkok, Thailand, popular for its memorable experiences. Entry fee is 49.61 USD. Recommended visit: 8 hours. Discover Bangkok Muay Thai Combat Arena, a notable theme park in Bangkok, Thailand, ideal for visitors. Open 10:00-22:00, entry 49.61 USD.","['Restrooms', 'Information Desk', 'Restaurant', 'Souvenir Shop', 'First Aid Station', 'Luggage Storage', 'private tours', 'skip the line passes', 'VIP exclusive events', 'group tours', 'security', 'ramps', 'elevators', 'wheelchair rentals', 'accessible restrooms', 'high speed WiFi', 'photo spots', 'guided photo tours', 'charging stations', 'wheelchair rental', 'benches/rest areas']",Theme Park/Amusement Park,8 hours,3.75,"['Elderly Travelers', 'Disabled Travelers', 'Solo Woman Travelers', 'Luxury Travelers', 'Photography']",Thailand
225,Bangkok,Fairtex Chiangmai Boxing Stadium@Pavilion Night Bazaar | Thailand,"974 Sathorn Road, Wattana District, Bangkok",100.383315,13.902813,10:00-22:00,10.38,"Fairtex Chiangmai Boxing Stadium@Pavilion Night Bazaar | Thailand is a historic site in Bangkok, Thailand, popular for its memorable experiences. Entry fee is 10.38 USD. Recommended visit: 2 hours. Discover Fairtex Chiangmai Boxing Stadium@Pavilion Night Bazaar | Thailand, a notable historic site in Bangkok, Thailand, ideal for visitors. Open 10:00-22:00, entry 10.38 USD.","['Restrooms', 'Information Desk', 'Restaurant', 'Souvenir Shop', 'First Aid Station', 'Luggage Storage', 'city passes', 'self-guided tours', 'private tours', 'skip the line passes', 'VIP exclusive events', 'group tours', 'security', 'ramps', 'elevators', 'wheelchair rentals', 'accessible restrooms', 'high speed WiFi', 'photo spots', 'guided photo tours', 'charging stations']",Historic Site/Landmark,2 hours,3.5,"['Disabled Travelers', 'Fast-Paced Budget Travel', 'Solo Woman Travelers', 'Luxury Travelers', 'Photography']",Thailand
226,Bangkok,Junkyard Stage Experience,"299 Sathorn Road, Silom, Bangkok",100.913493,13.800731,10:00-22:00,11.68,"Junkyard Stage Experience is a historic site in Bangkok, Thailand, popular for its memorable experiences. Entry fee is 11.68 USD. Recommended visit: 2 hours. Discover Junkyard Stage Experience, a notable historic site in Bangkok, Thailand, ideal for visitors. Open 10:00-22:00, entry 11.68 USD.","['Restrooms', 'Information Desk', 'Restaurant', 'Souvenir Shop', 'First Aid Station', 'Luggage Storage', 'group tours', 'security', 'night markets', 'bars', 'evening shows', 'parking', 'ramps', 'elevators', 'wheelchair rentals', 'accessible restrooms', 'photo spots', 'guided photo tours', 'charging stations', 'wheelchair rental', 'benches/rest areas']",Historic Site/Landmark,2 hours,3.5,"['Road trip', 'Elderly Travelers', 'Nightlife Enthusiast', 'Disabled Travelers', 'Solo Woman Travelers', 'Photography']",Thailand
227,Bangkok,Relaxation Haven at La Miniera Pool Villas Bangkok,"830 Sathorn Road, Silom District, Bangkok",100.525563,13.844893,08:00-19:00,24.24,"Relaxation Haven at La Miniera Pool Villas Bangkok is a nature in Bangkok, Thailand, popular for its natural scenery and relaxing atmosphere. Entry fee is 24.24 USD. Recommended visit: 3 hours. Discover Relaxation Haven at La Miniera Pool Villas Bangkok, a peaceful nature in Bangkok, Thailand, ideal for nature lovers. Open 08:00-19:00, entry 24.24 USD.","['Restrooms', 'Information Desk', 'Restaurant', 'Souvenir Shop', 'First Aid Station', 'Luggage Storage', 'pet-friendly', 'pet water stations', 'pet rest area', 'group tours', 'security', 'food markets', 'tasting tours', 'parking', 'ramps', 'elevators', 'wheelchair rentals', 'accessible restrooms', 'wheelchair rental', 'benches/rest areas']",Nature/Scenery/Park,3 hours,3.7,"['Road trip', 'Elderly Travelers', 'Pet Owners', 'Disabled Travelers', 'Solo Woman Travelers', 'foodie']",Thailand
228,Bangkok,Bangkok Heritage River Cruise with Wat Arun and Wat Pho,"454 Sukhumvit Road, Khlong Toei District",100.698601,13.910449,08:30-17:30,33.68,"Bangkok Heritage River Cruise with Wat Arun and Wat Pho is a historic site in Bangkok, Thailand, popular for its memorable experiences. Entry fee is 33.68 USD. Recommended visit: 2 hours. Discover Bangkok Heritage River Cruise with Wat Arun and Wat Pho, a notable historic site in Bangkok, Thailand, ideal for visitors. Open 08:30-17:30, entry 33.68 USD.","['Restrooms', 'Information Desk', 'Restaurant', 'Souvenir Shop', 'First Aid Station', 'Luggage Storage', 'private tours', 'skip the line passes', 'VIP exclusive events', 'group tours', 'security', 'food markets', 'tasting tours', 'scenic spots', 'sunset cruises', 'special couples experiences', 'parking', 'photo spots', 'guided photo tours', 'charging stations']",Historic Site/Landmark,2 hours,3.5,"['Road trip', 'couples trip', 'Solo Woman Travelers', 'Luxury Travelers', 'foodie', 'Photography']",Thailand
229,Bangkok,"Bangkok's Iconic Heritage Tour : Grand Palace, Wat Pho & Wat Arun","222 Charoenkrung Road, Samphanthawong District, Bangkok",100.481101,13.654281,08:30-17:00,48.09,"Bangkok's Iconic Heritage Tour : Grand Palace, Wat Pho & Wat Arun is a historic site in Bangkok, Thailand, popular for its memorable experiences. Entry fee is 48.09 USD. Recommended visit: 2 hours. Discover Bangkok's Iconic Heritage Tour : Grand Palace, Wat Pho & Wat Arun, a notable historic site in Bangkok, Thailand, ideal for visitors. Open 08:30-17:00, entry 48.09 USD.","['Restrooms', 'Information Desk', 'Restaurant', 'Souvenir Shop', 'First Aid Station', 'Luggage Storage', 'pet-friendly', 'pet water stations', 'pet rest area', 'city passes', 'self-guided tours', 'group tours', 'security', 'scenic spots', 'sunset cruises', 'special couples experiences', 'parking', 'photo spots', 'guided photo tours', 'charging stations']",Historic Site/Landmark,2 hours,3.5,"['Road trip', 'Pet Owners', 'Fast-Paced Budget Travel', 'couples trip', 'Solo Woman Travelers', 'Photography']",Thailand
230,Bangkok,Wat Arun Heritage River Cruise Experience,"220 Chao Phraya Road, Watthana District",100.964269,13.644966,08:30-18:00,39.24,"Wat Arun Heritage River Cruise Experience is a historic site in Bangkok, Thailand, popular for its memorable experiences. Entry fee is 39.24 USD. Recommended visit: 2 hours. Discover Wat Arun Heritage River Cruise Experience, a notable historic site in Bangkok, Thailand, ideal for visitors. Open 08:30-18:00, entry 39.24 USD.","['Restrooms', 'Information Desk', 'Restaurant', 'Souvenir Shop', 'First Aid Station', 'Luggage Storage', 'pet-friendly', 'pet water stations', 'pet rest area', 'city passes', 'self-guided tours', 'group tours', 'security', 'food markets', 'tasting tours', 'scenic spots', 'sunset cruises', 'special couples experiences', 'high speed WiFi']",Historic Site/Landmark,2 hours,3.5,"['Pet Owners', 'Fast-Paced Budget Travel', 'couples trip', 'Solo Woman Travelers', 'foodie']",Thailand
231,Bangkok,Bangkok Fantasy Adventure Park,"211/11 Sukhumvit Road, Khlong Toei District, Bangkok",100.439227,13.665893,09:00-17:30,83.74,"Bangkok Fantasy Adventure Park is a theme park in Bangkok, Thailand, popular for its memorable experiences. Entry fee is 83.74 USD. Recommended visit: 8 hours. Discover Bangkok Fantasy Adventure Park, a notable theme park in Bangkok, Thailand, ideal for visitors. Open 09:00-17:30, entry 83.74 USD.","['Restrooms', 'Information Desk', 'Restaurant', 'Souvenir Shop', 'First Aid Station', 'Luggage Storage', 'city passes', 'self-guided tours', 'food markets', 'tasting tours', 'scenic spots', 'sunset cruises', 'special couples experiences', 'parking', 'high speed WiFi', 'wheelchair rental', 'benches/rest areas']",Theme Park/Amusement Park,8 hours,3.75,"['Road trip', 'Elderly Travelers', 'Fast-Paced Budget Travel', 'couples trip', 'foodie']",Thailand
232,Bangkok,Nemo Island & Nong Nooch Day Tour with Floating Market Experience,"653/12 Sathorn Nai Road, Wattana, Bangkok",100.458332,13.917835,08:30-16:00,525.82,"Nemo Island & Nong Nooch Day Tour with Floating Market Experience is a nature in Bangkok, Thailand, popular for its natural scenery and relaxing atmosphere. Entry fee is 525.82 USD. Recommended visit: 3 hours. Discover Nemo Island & Nong Nooch Day Tour with Floating Market Experience, a peaceful nature in Bangkok, Thailand, ideal for nature lovers. Open 08:30-16:00, entry 525.82 USD.","['Restrooms', 'Information Desk', 'Restaurant', 'Souvenir Shop', 'First Aid Station', 'Luggage Storage', 'pet-friendly', 'pet water stations', 'pet rest area', 'group tours', 'security', 'food markets', 'tasting tours', 'night markets', 'bars', 'evening shows', 'high speed WiFi', 'wheelchair rental', 'benches/rest areas']",Nature/Scenery/Park,3 hours,3.7,"['Elderly Travelers', 'Pet Owners', 'Nightlife Enthusiast', 'Solo Woman Travelers', 'foodie']",Thailand
233,Bangkok,Indoor Rock Climbing Experience at SkyRocks Gym,"322 Sukhumvit Road, Khlong Toei District, Bangkok",100.823724,13.604656,10:00-22:00,42.43,"Indoor Rock Climbing Experience at SkyRocks Gym is a theme park in Bangkok, Thailand, popular for its memorable experiences. Entry fee is 42.43 USD. Recommended visit: 8 hours. Discover Indoor Rock Climbing Experience at SkyRocks Gym, a notable theme park in Bangkok, Thailand, ideal for visitors. Open 10:00-22:00, entry 42.43 USD.","['Restrooms', 'Information Desk', 'Restaurant', 'Souvenir Shop', 'First Aid Station', 'Luggage Storage', 'city passes', 'self-guided tours', 'private tours', 'skip the line passes', 'VIP exclusive events', 'family restrooms', 'nursing facilities', 'parking', 'photo spots', 'guided photo tours', 'charging stations', 'wheelchair rental', 'benches/rest areas']",Theme Park/Amusement Park,8 hours,3.75,"['Family with children', 'Road trip', 'Elderly Travelers', 'Fast-Paced Budget Travel', 'Luxury Travelers', 'Photography']",Thailand
234,Bangkok,Siri Nature Reserve & Wildlife Hub,"470 Sukhumvit Road, Khlong Tan Nuea, Bangkok",100.775173,13.670116,08:30-17:00,3.13,"Siri Nature Reserve & Wildlife Hub is a nature in Bangkok, Thailand, popular for its natural scenery and relaxing atmosphere. Entry fee is 3.13 USD. Recommended visit: 3 hours. Discover Siri Nature Reserve & Wildlife Hub, a peaceful nature in Bangkok, Thailand, ideal for nature lovers. Open 08:30-17:00, entry 3.13 USD.","['Restrooms', 'Information Desk', 'Restaurant', 'Souvenir Shop', 'First Aid Station', 'Luggage Storage', 'city passes', 'self-guided tours', 'private tours', 'skip the line passes', 'VIP exclusive events', 'food markets', 'tasting tours', 'scenic spots', 'sunset cruises', 'special couples experiences', 'parking', 'high speed WiFi']",Nature/Scenery/Park,3 hours,3.7,"['Road trip', 'Fast-Paced Budget Travel', 'couples trip', 'Luxury Travelers', 'foodie']",Thailand
235,Bangkok,Bangkok: Catamaran Cruise to Coral Islands with Lunch,"423 Sathorn Road, Wat Phra Singh, Bangkok",100.685079,13.759908,08:30-17:30,20.74,"Bangkok: Catamaran Cruise to Coral Islands with Lunch is a nature in Bangkok, Thailand, popular for its natural scenery and relaxing atmosphere. Entry fee is 20.74 USD. Recommended visit: 3 hours. Discover Bangkok: Catamaran Cruise to Coral Islands with Lunch, a peaceful nature in Bangkok, Thailand, ideal for nature lovers. Open 08:30-17:30, entry 20.74 USD.","['Restrooms', 'Information Desk', 'Restaurant', 'Souvenir Shop', 'First Aid Station', 'Luggage Storage', 'pet-friendly', 'pet water stations', 'pet rest area', 'private tours', 'skip the line passes', 'VIP exclusive events', 'food markets', 'tasting tours', 'scenic spots', 'sunset cruises', 'special couples experiences', 'family restrooms', 'nursing facilities', 'ramps', 'elevators', 'wheelchair rentals', 'accessible restrooms']",Nature/Scenery/Park,3 hours,3.7,"['Family with children', 'Pet Owners', 'Disabled Travelers', 'couples trip', 'Luxury Travelers', 'foodie']",Thailand
236,Bangkok,"Flexi Walking Temple Tour: Grand Palace, Wat Pho & Wat Arun","783 Sukhumvit Road, Bangkok",100.61813,13.585558,08:30-17:00,412.1,"Flexi Walking Temple Tour: Grand Palace, Wat Pho & Wat Arun is a historic site in Bangkok, Thailand, popular for its memorable experiences. Entry fee is 412.1 USD. Recommended visit: 2 hours. Discover Flexi Walking Temple Tour: Grand Palace, Wat Pho & Wat Arun, a notable historic site in Bangkok, Thailand, ideal for visitors. Open 08:30-17:00, entry 412.1 USD.","['Restrooms', 'Information Desk', 'Restaurant', 'Souvenir Shop', 'First Aid Station', 'Luggage Storage', 'city passes', 'self-guided tours', 'group tours', 'security', 'scenic spots', 'sunset cruises', 'special couples experiences', 'family restrooms', 'nursing facilities', 'photo spots', 'guided photo tours', 'charging stations', 'wheelchair rental', 'benches/rest areas']",Historic Site/Landmark,2 hours,3.5,"['Family with children', 'Elderly Travelers', 'Fast-Paced Budget Travel', 'couples trip', 'Solo Woman Travelers', 'Photography']",Thailand
237,Bangkok,3 Day Bangkok Adventure with Stay and Exploration,"708 Sukhumvit Road, Khlong Toei District, Bangkok",100.881941,13.784255,08:00-18:00,23.16,"3 Day Bangkok Adventure with Stay and Exploration is a historic site in Bangkok, Thailand, popular for its memorable experiences. Entry fee is 23.16 USD. Recommended visit: 2 hours. Discover 3 Day Bangkok Adventure with Stay and Exploration, a notable historic site in Bangkok, Thailand, ideal for visitors. Open 08:00-18:00, entry 23.16 USD.","['Restrooms', 'Information Desk', 'Restaurant', 'Souvenir Shop', 'First Aid Station', 'Luggage Storage', 'group tours', 'security', 'night markets', 'bars', 'evening shows', 'scenic spots', 'sunset cruises', 'special couples experiences', 'family restrooms', 'nursing facilities', 'parking', 'high speed WiFi']",Historic Site/Landmark,2 hours,3.5,"['Family with children', 'Road trip', 'Nightlife Enthusiast', 'couples trip', 'Solo Woman Travelers']",Thailand
238,Bangkok,UNESCO Heritage Temple Tour to Ayutthaya,"412 Sathorn Road, Wat Arun District, Bangkok",100.61079,13.88926,08:30-17:00,151.96,"UNESCO Heritage Temple Tour to Ayutthaya is a historic site in Bangkok, Thailand, popular for its memorable experiences. Entry fee is 151.96 USD. Recommended visit: 2 hours. Discover UNESCO Heritage Temple Tour to Ayutthaya, a notable historic site in Bangkok, Thailand, ideal for visitors. Open 08:30-17:00, entry 151.96 USD.","['Restrooms', 'Information Desk', 'Restaurant', 'Souvenir Shop', 'First Aid Station', 'Luggage Storage', 'pet-friendly', 'pet water stations', 'pet rest area', 'city passes', 'self-guided tours', 'food markets', 'tasting tours', 'night markets', 'bars', 'evening shows', 'parking', 'photo spots', 'guided photo tours', 'charging stations']",Historic Site/Landmark,2 hours,3.5,"['Road trip', 'Pet Owners', 'Nightlife Enthusiast', 'Fast-Paced Budget Travel', 'foodie', 'Photography']",Thailand
239,Bangkok,"Grand Bangkok Heritage Tour : R. Grand Palace, w. Phra Kaew and Wat Arun","185 Sukhumvit Road, Khlong Toei District, Bangkok",100.382191,13.859003,08:30-17:00,28.64,"Grand Bangkok Heritage Tour : R. Grand Palace, w. Phra Kaew and Wat Arun is a historic site in Bangkok, Thailand, popular for its memorable experiences. Entry fee is 28.64 USD. Recommended visit: 2 hours. Discover Grand Bangkok Heritage Tour : R. Grand Palace, w. Phra Kaew and Wat Arun, a notable historic site in Bangkok, Thailand, ideal for visitors. Open 08:30-17:00, entry 28.64 USD.","['Restrooms', 'Information Desk', 'Restaurant', 'Souvenir Shop', 'First Aid Station', 'Luggage Storage', 'city passes', 'self-guided tours', 'scenic spots', 'sunset cruises', 'special couples experiences', 'night markets', 'bars', 'evening shows', 'ramps', 'elevators', 'wheelchair rentals', 'accessible restrooms', 'photo spots', 'guided photo tours', 'charging stations', 'wheelchair rental', 'benches/rest areas']",Historic Site/Landmark,2 hours,3.5,"['Elderly Travelers', 'Nightlife Enthusiast', 'Disabled Travelers', 'Fast-Paced Budget Travel', 'couples trip', 'Photography']",Thailand
240,Bangkok,Siam Aqua Adventure Park,"282/4 Sukhumvit Road, Khlong Tan Nuea, Wattana",100.812037,13.610515,09:00-18:00,30.31,"Siam Aqua Adventure Park is a theme park in Bangkok, Thailand, popular for its memorable experiences. Entry fee is 30.31 USD. Recommended visit: 7 hours. Discover Siam Aqua Adventure Park, a notable theme park in Bangkok, Thailand, ideal for visitors. Open 09:00-18:00, entry 30.31 USD.","['Restrooms', 'Information Desk', 'Restaurant', 'Souvenir Shop', 'First Aid Station', 'Luggage Storage', 'pet-friendly', 'pet water stations', 'pet rest area', 'night markets', 'bars', 'evening shows', 'family restrooms', 'nursing facilities', 'ramps', 'elevators', 'wheelchair rentals', 'accessible restrooms', 'high speed WiFi', 'wheelchair rental', 'benches/rest areas']",Theme Park/Amusement Park,7 hours,3.75,"['Family with children', 'Elderly Travelers', 'Pet Owners', 'Nightlife Enthusiast', 'Disabled Travelers']",Thailand
241,Bangkok,Aqua Adventure Bangkok,"328 Khlong Toei Road, Watthana",100.949356,13.909746,10:00-22:00,29.85,"Aqua Adventure Bangkok is a theme park in Bangkok, Thailand, popular for its memorable experiences. Entry fee is 29.85 USD. Recommended visit: 7 hours. Discover Aqua Adventure Bangkok, a notable theme park in Bangkok, Thailand, ideal for visitors. Open 10:00-22:00, entry 29.85 USD.","['Restrooms', 'Information Desk', 'Restaurant', 'Souvenir Shop', 'First Aid Station', 'Luggage Storage', 'food markets', 'tasting tours', 'night markets', 'bars', 'evening shows', 'scenic spots', 'sunset cruises', 'special couples experiences', 'family restrooms', 'nursing facilities', 'parking', 'high speed WiFi']",Theme Park/Amusement Park,7 hours,3.75,"['Family with children', 'Road trip', 'Nightlife Enthusiast', 'couples trip', 'foodie']",Thailand
242,Bangkok,Athena Nightclub Experience,"787 Sukhumvit Road, Khlong Toei District",100.604323,13.670998,08:00-02:00,41.41,"Athena Nightclub Experience is a theme park in Bangkok, Thailand, popular for its memorable experiences. Entry fee is 41.41 USD. Recommended visit: 8 hours. Discover Athena Nightclub Experience, a notable theme park in Bangkok, Thailand, ideal for visitors. Open 08:00-02:00, entry 41.41 USD.","['Restrooms', 'Information Desk', 'Restaurant', 'Souvenir Shop', 'First Aid Station', 'Luggage Storage', 'pet-friendly', 'pet water stations', 'pet rest area', 'group tours', 'security', 'food markets', 'tasting tours', 'family restrooms', 'nursing facilities', 'ramps', 'elevators', 'wheelchair rentals', 'accessible restrooms', 'photo spots', 'guided photo tours', 'charging stations']",Theme Park/Amusement Park,8 hours,3.75,"['Family with children', 'Pet Owners', 'Disabled Travelers', 'Solo Woman Travelers', 'foodie', 'Photography']",Thailand
243,Bangkok,Bangkok Anusarn Boxing Arena,"135 Sathorn Road, Silom District, Bangkok",100.369507,13.685562,10:00-22:00,15.16,"Bangkok Anusarn Boxing Arena is a historic site in Bangkok, Thailand, popular for its memorable experiences. Entry fee is 15.16 USD. Recommended visit: 2 hours. Discover Bangkok Anusarn Boxing Arena, a notable historic site in Bangkok, Thailand, ideal for visitors. Open 10:00-22:00, entry 15.16 USD.","['Restrooms', 'Information Desk', 'Restaurant', 'Souvenir Shop', 'First Aid Station', 'Luggage Storage', 'city passes', 'self-guided tours', 'group tours', 'security', 'food markets', 'tasting tours', 'night markets', 'bars', 'evening shows', 'family restrooms', 'nursing facilities', 'photo spots', 'guided photo tours', 'charging stations']",Historic Site/Landmark,2 hours,3.5,"['Family with children', 'Nightlife Enthusiast', 'Fast-Paced Budget Travel', 'Solo Woman Travelers', 'foodie', 'Photography']",Thailand
244,Bangkok,Live Muay Thai Show at Bangkok Boxing Arena,"991 Charoenkrung Road, Samranjit, Bangkok",100.697849,13.826368,10:00-22:00,53.21,"Live Muay Thai Show at Bangkok Boxing Arena is a theme park in Bangkok, Thailand, popular for its memorable experiences. Entry fee is 53.21 USD. Recommended visit: 8 hours. Discover Live Muay Thai Show at Bangkok Boxing Arena, a notable theme park in Bangkok, Thailand, ideal for visitors. Open 10:00-22:00, entry 53.21 USD.","['Restrooms', 'Information Desk', 'Restaurant', 'Souvenir Shop', 'First Aid Station', 'Luggage Storage', 'pet-friendly', 'pet water stations', 'pet rest area', 'group tours', 'security', 'night markets', 'bars', 'evening shows', 'family restrooms', 'nursing facilities', 'ramps', 'elevators', 'wheelchair rentals', 'accessible restrooms', 'photo spots', 'guided photo tours', 'charging stations']",Theme Park/Amusement Park,8 hours,3.75,"['Family with children', 'Pet Owners', 'Nightlife Enthusiast', 'Disabled Travelers', 'Solo Woman Travelers', 'Photography']",Thailand
245,Bangkok,Mystery Walks of Bangkok - The Queen of Kudichin,"275 Sathorn Road, Wat Phra Singh, Bangkok",100.651397,13.57634,10:00-18:00,172.14,"Mystery Walks of Bangkok - The Queen of Kudichin is a historic site in Bangkok, Thailand, popular for its memorable experiences. Entry fee is 172.14 USD. Recommended visit: 2 hours. Discover Mystery Walks of Bangkok - The Queen of Kudichin, a notable historic site in Bangkok, Thailand, ideal for visitors. Open 10:00-18:00, entry 172.14 USD.","['Restrooms', 'Information Desk', 'Restaurant', 'Souvenir Shop', 'First Aid Station', 'Luggage Storage', 'pet-friendly', 'pet water stations', 'pet rest area', 'city passes', 'self-guided tours', 'private tours', 'skip the line passes', 'VIP exclusive events', 'parking', 'photo spots', 'guided photo tours', 'charging stations', 'wheelchair rental', 'benches/rest areas']",Historic Site/Landmark,2 hours,3.5,"['Road trip', 'Elderly Travelers', 'Pet Owners', 'Fast-Paced Budget Travel', 'Luxury Travelers', 'Photography']",Thailand
246,Bangkok,Bangkok Calypso Cabaret & Dinner Cruise Transfer,"644 Sathorn Road, Wat Phra Singh, Bangkok",100.702607,13.858575,08:00-23:00,30.16,"Bangkok Calypso Cabaret & Dinner Cruise Transfer is a theme park in Bangkok, Thailand, popular for its memorable experiences. Entry fee is 30.16 USD. Recommended visit: 7 hours. Discover Bangkok Calypso Cabaret & Dinner Cruise Transfer, a notable theme park in Bangkok, Thailand, ideal for visitors. Open 08:00-23:00, entry 30.16 USD.","['Restrooms', 'Information Desk', 'Restaurant', 'Souvenir Shop', 'First Aid Station', 'Luggage Storage', 'group tours', 'security', 'food markets', 'tasting tours', 'night markets', 'bars', 'evening shows', 'parking', 'ramps', 'elevators', 'wheelchair rentals', 'accessible restrooms', 'wheelchair rental', 'benches/rest areas']",Theme Park/Amusement Park,7 hours,3.75,"['Road trip', 'Elderly Travelers', 'Nightlife Enthusiast', 'Disabled Travelers', 'Solo Woman Travelers', 'foodie']",Thailand
247,Bangkok,Dreamland Snowscape Adventure Park,"628/5 Phra Sumen Road, Sam Yan District, Bangkok",100.35327,13.855139,09:00-18:00,52.79,"Dreamland Snowscape Adventure Park is a theme park in Bangkok, Thailand, popular for its memorable experiences. Entry fee is 52.79 USD. Recommended visit: 8 hours. Discover Dreamland Snowscape Adventure Park, a notable theme park in Bangkok, Thailand, ideal for visitors. Open 09:00-18:00, entry 52.79 USD.","['Restrooms', 'Information Desk', 'Restaurant', 'Souvenir Shop', 'First Aid Station', 'Luggage Storage', 'pet-friendly', 'pet water stations', 'pet rest area', 'private tours', 'skip the line passes', 'VIP exclusive events', 'group tours', 'security', 'food markets', 'tasting tours', 'scenic spots', 'sunset cruises', 'special couples experiences', 'photo spots', 'guided photo tours', 'charging stations']",Theme Park/Amusement Park,8 hours,3.75,"['Pet Owners', 'couples trip', 'Solo Woman Travelers', 'Luxury Travelers', 'foodie', 'Photography']",Thailand
248,Bangkok,Royal Heritage Tour: Grand Palace & Classical Thai Culture,"156 Sathorn Nai Road, Bangkok",100.643375,13.76983,08:30-17:00,24.95,"Royal Heritage Tour: Grand Palace & Classical Thai Culture is a historic site in Bangkok, Thailand, popular for its memorable experiences. Entry fee is 24.95 USD. Recommended visit: 2 hours. Discover Royal Heritage Tour: Grand Palace & Classical Thai Culture, a notable historic site in Bangkok, Thailand, ideal for visitors. Open 08:30-17:00, entry 24.95 USD.","['Restrooms', 'Information Desk', 'Restaurant', 'Souvenir Shop', 'First Aid Station', 'Luggage Storage', 'pet-friendly', 'pet water stations', 'pet rest area', 'private tours', 'skip the line passes', 'VIP exclusive events', 'food markets', 'tasting tours', 'scenic spots', 'sunset cruises', 'special couples experiences', 'family restrooms', 'nursing facilities', 'photo spots', 'guided photo tours', 'charging stations']",Historic Site/Landmark,2 hours,3.5,"['Family with children', 'Pet Owners', 'couples trip', 'Luxury Travelers', 'foodie', 'Photography']",Thailand
249,Bangkok,Antza Hua Hin Muay Thai Boxing Stadium,"443/12 Sathorn Road, Samranjit, Bangphlon, Bangkok",100.973056,13.90509,10:00-18:00,28.63,"Antza Hua Hin Muay Thai Boxing Stadium is a historic site in Bangkok, Thailand, popular for its memorable experiences. Entry fee is 28.63 USD. Recommended visit: 2 hours. Discover Antza Hua Hin Muay Thai Boxing Stadium, a notable historic site in Bangkok, Thailand, ideal for visitors. Open 10:00-18:00, entry 28.63 USD.","['Restrooms', 'Information Desk', 'Restaurant', 'Souvenir Shop', 'First Aid Station', 'Luggage Storage', 'pet-friendly', 'pet water stations', 'pet rest area', 'food markets', 'tasting tours', 'night markets', 'bars', 'evening shows', 'parking', 'ramps', 'elevators', 'wheelchair rentals', 'accessible restrooms', 'high speed WiFi']",Historic Site/Landmark,2 hours,3.5,"['Road trip', 'Pet Owners', 'Nightlife Enthusiast', 'Disabled Travelers', 'foodie']",Thailand
250,Bangkok,Sanook Adventure Zone,"167/20 Sathorn Road, Sathorn, Bangkok",100.413221,13.603498,10:00-19:00,17.98,"Sanook Adventure Zone is a theme park in Bangkok, Thailand, popular for its memorable experiences. Entry fee is 17.98 USD. Recommended visit: 6 hours. Discover Sanook Adventure Zone, a notable theme park in Bangkok, Thailand, ideal for visitors. Open 10:00-19:00, entry 17.98 USD.","['Restrooms', 'Information Desk', 'Restaurant', 'Souvenir Shop', 'First Aid Station', 'Luggage Storage', 'night markets', 'bars', 'evening shows', 'family restrooms', 'nursing facilities', 'scenic spots', 'sunset cruises', 'special couples experiences', 'ramps', 'elevators', 'wheelchair rentals', 'accessible restrooms', 'high speed WiFi', 'wheelchair rental', 'benches/rest areas']",Theme Park/Amusement Park,6 hours,3.75,"['Family with children', 'Elderly Travelers', 'Nightlife Enthusiast', 'Disabled Travelers', 'couples trip']",Thailand
251,Bangkok,Hop-On Hop-Off Bus Tours and Ripley's 3 Activities Experience,"609 Sukhumvit Road, Khlong Toei District",100.760626,13.652055,09:00-18:00,32.53,"Hop-On Hop-Off Bus Tours and Ripley's 3 Activities Experience is a theme park in Bangkok, Thailand, popular for its memorable experiences. Entry fee is 32.53 USD. Recommended visit: 7 hours. Discover Hop-On Hop-Off Bus Tours and Ripley's 3 Activities Experience, a notable theme park in Bangkok, Thailand, ideal for visitors. Open 09:00-18:00, entry 32.53 USD.","['Restrooms', 'Information Desk', 'Restaurant', 'Souvenir Shop', 'First Aid Station', 'Luggage Storage', 'pet-friendly', 'pet water stations', 'pet rest area', 'city passes', 'self-guided tours', 'private tours', 'skip the line passes', 'VIP exclusive events', 'food markets', 'tasting tours', 'ramps', 'elevators', 'wheelchair rentals', 'accessible restrooms', 'wheelchair rental', 'benches/rest areas']",Theme Park/Amusement Park,7 hours,3.75,"['Elderly Travelers', 'Pet Owners', 'Disabled Travelers', 'Fast-Paced Budget Travel', 'Luxury Travelers', 'foodie']",Thailand
252,Bangkok,Half Day Private Tour Hindu Temple Selfie City Adventure,"699 Sukhumvit Road, Khlong Toei District, Bangkok",100.643336,13.756605,09:00-17:00,41.78,"Half Day Private Tour Hindu Temple Selfie City Adventure is a historic site in Bangkok, Thailand, popular for its memorable experiences. Entry fee is 41.78 USD. Recommended visit: 2 hours. Discover Half Day Private Tour Hindu Temple Selfie City Adventure, a notable historic site in Bangkok, Thailand, ideal for visitors. Open 09:00-17:00, entry 41.78 USD.","['Restrooms', 'Information Desk', 'Restaurant', 'Souvenir Shop', 'First Aid Station', 'Luggage Storage', 'pet-friendly', 'pet water stations', 'pet rest area', 'private tours', 'skip the line passes', 'VIP exclusive events', 'group tours', 'security', 'food markets', 'tasting tours', 'scenic spots', 'sunset cruises', 'special couples experiences', 'wheelchair rental', 'benches/rest areas']",Historic Site/Landmark,2 hours,3.5,"['Elderly Travelers', 'Pet Owners', 'couples trip', 'Solo Woman Travelers', 'Luxury Travelers', 'foodie']",Thailand
253,Bangkok,Siam Adventure Park with Dining & Hotel Transfer,"833 Rachadaphisek Road, Pathum Wan, Bangkok",100.591319,13.594527,09:00-18:00,56.37,"Siam Adventure Park with Dining & Hotel Transfer is a theme park in Bangkok, Thailand, popular for its memorable experiences. Entry fee is 56.37 USD. Recommended visit: 8 hours. Discover Siam Adventure Park with Dining & Hotel Transfer, a notable theme park in Bangkok, Thailand, ideal for visitors. Open 09:00-18:00, entry 56.37 USD.","['Restrooms', 'Information Desk', 'Restaurant', 'Souvenir Shop', 'First Aid Station', 'Luggage Storage', 'pet-friendly', 'pet water stations', 'pet rest area', 'private tours', 'skip the line passes', 'VIP exclusive events', 'group tours', 'security', 'scenic spots', 'sunset cruises', 'special couples experiences', 'parking', 'ramps', 'elevators', 'wheelchair rentals', 'accessible restrooms']",Theme Park/Amusement Park,8 hours,3.75,"['Road trip', 'Pet Owners', 'Disabled Travelers', 'couples trip', 'Solo Woman Travelers', 'Luxury Travelers']",Thailand
