attraction_id,city_name,country,type,attraction_name,overview,ticket_price,open_hours,duration_of_visit,rate_of_restaurant,address,latitude,longitude,facilities_group,facilities
1,Bogota,Colombia,Nature/Scenery/Park,Cerro del Sol Reserve,"Cerro del Sol Reserve is a nature in Bogota, Colombia, popular for its natural scenery and relaxing atmosphere. Entry fee is 294.64 USD. Recommended visit: 3 hours. Discover Cerro del Sol Reserve, a peaceful nature in Bogota, Colombia, ideal for nature lovers. Open 18:00-21:00, entry 294.64 USD.",294.64,18:00-21:00,3 hours,3.7,"720 Siam Road, Bogota",4.652025627101254,-74.056611895393,"['nightlife enthusiast', 'with children', 'luxury travelers']","['Restrooms', 'Information Desk', 'Restaurant', 'Souvenir Shop', 'First Aid Station', 'Luggage Storage', 'night markets', 'bars', 'evening shows', 'family restrooms', 'Nursing facilities', 'private tours', 'skip the line passes', 'VIP exclusive events']"
2,Bogota,Colombia,Nature/Scenery/Park,Cerro del Sol Wildscape Trek,"Cerro del Sol Wildscape Trek is a nature in Bogota, Colombia, popular for its natural scenery and relaxing atmosphere. Entry fee is 4.87 USD. Recommended visit: 3 hours. Discover Cerro del Sol Wildscape Trek, a peaceful nature in Bogota, Colombia, ideal for nature lovers. Open 09:00-17:30, entry 4.87 USD.",4.87,09:00-17:30,3 hours,3.7,"607-8745 Shibuya, Bogota",4.7480013570045685,-74.09519410134375,"['nightlife enthusiast', 'with children', 'couples trip']","['Restrooms', 'Information Desk', 'Restaurant', 'Souvenir Shop', 'First Aid Station', 'Luggage Storage', 'night markets', 'bars', 'evening shows', 'family restrooms', 'Nursing facilities', 'scenic spots', 'sunset cruises', 'special couples experiences']"
3,Bogota,Colombia,Nature/Scenery/Park,Cumbre Verde Sanctuary,"Cumbre Verde Sanctuary is a nature in Bogota, Colombia, popular for its natural scenery and relaxing atmosphere. Entry fee is 75.28 USD. Recommended visit: 3 hours. Discover Cumbre Verde Sanctuary, a peaceful nature in Bogota, Colombia, ideal for nature lovers. Open 08:30-17:00, entry 75.28 USD.",75.28,08:30-17:00,3 hours,3.7,"No. 456 West Lake Scenic Area, Bogota",4.645462570653811,-74.13059203270294,"['with children', 'with pets', 'foodie']","['Restrooms', 'Information Desk', 'Restaurant', 'Souvenir Shop', 'First Aid Station', 'Luggage Storage', 'family restrooms', 'Nursing facilities', 'Pet-friendly', 'pet water stations', 'Pet rest area', 'Food markets', 'tasting tours']"
4,Bogota,Colombia,Nature/Scenery/Park,Sierra Vista Loop,"Sierra Vista Loop is a nature in Bogota, Colombia, popular for its natural scenery and relaxing atmosphere. Entry fee is 31.52 USD. Recommended visit: 3 hours. Discover Sierra Vista Loop, a peaceful nature in Bogota, Colombia, ideal for nature lovers. Open 09:00-21:00, entry 31.52 USD.",31.52,09:00-21:00,3 hours,3.7,"529-2-1 Kita-Honganji, Bogota",4.7242823144301225,-74.05233271058955,"['with children', 'solo women', 'couples trip']","['Restrooms', 'Information Desk', 'Restaurant', 'Souvenir Shop', 'First Aid Station', 'Luggage Storage', 'family restrooms', 'Nursing facilities', 'group tours', 'security', 'scenic spots', 'sunset cruises', 'special couples experiences']"
5,Bogota,Colombia,Nature/Scenery/Park,Cielo Luminoso River Walk,"Cielo Luminoso River Walk is a nature in Bogota, Colombia, popular for its natural scenery and relaxing atmosphere. Entry fee is 6.39 USD. Recommended visit: 3 hours. Discover Cielo Luminoso River Walk, a peaceful nature in Bogota, Colombia, ideal for nature lovers. Open 09:00-17:00, entry 6.39 USD.",6.39,09:00-17:00,3 hours,3.7,"223 Gwangnaru-ro, Guro-gu, Bogota",4.55227748490266,-74.12848272816365,"['solo women', 'couples trip', 'disabled traveler']","['Restrooms', 'Information Desk', 'Restaurant', 'Souvenir Shop', 'First Aid Station', 'Luggage Storage', 'group tours', 'security', 'scenic spots', 'sunset cruises', 'special couples experiences', 'ramps', 'elevators', 'wheelchair rentals', 'accessible restrooms']"
6,Bogota,Colombia,Nature/Scenery/Park,Cumbre Verde Reservoir,"Cumbre Verde Reservoir is a nature in Bogota, Colombia, popular for its natural scenery and relaxing atmosphere. Entry fee is 15.4 USD. Recommended visit: 3 hours. Discover Cumbre Verde Reservoir, a peaceful nature in Bogota, Colombia, ideal for nature lovers. Open 08:30-18:00, entry 15.4 USD.",15.4,08:30-18:00,3 hours,3.7,"472-3-1 Nakanoshima, Kita-ku, Bogota",4.611791073806078,-74.18632845639846,"['fast-paced budget travel', 'couples trip', 'foodie']","['Restrooms', 'Information Desk', 'Restaurant', 'Souvenir Shop', 'First Aid Station', 'Luggage Storage', 'city passes', 'luggage storage', 'self-guided tours', 'scenic spots', 'sunset cruises', 'special couples experiences', 'Food markets', 'tasting tours']"
7,Bogota,Colombia,Nature/Scenery/Park,Cumbre Verde Eco Haven,"Cumbre Verde Eco Haven is a nature in Bogota, Colombia, popular for its natural scenery and relaxing atmosphere. Entry fee is 6.44 USD. Recommended visit: 3 hours. Discover Cumbre Verde Eco Haven, a peaceful nature in Bogota, Colombia, ideal for nature lovers. Open 08:30-17:30, entry 6.44 USD.",6.44,08:30-17:30,3 hours,3.7,"631 Seaside Promenade, Bogota",4.571908007040504,-74.0919664393447,"['with children', 'elderly travelers', 'road trip']","['Restrooms', 'Information Desk', 'Restaurant', 'Souvenir Shop', 'First Aid Station', 'Luggage Storage', 'family restrooms', 'Nursing facilities', 'wheelchair rental', 'benches/rest areas', 'parking']"
8,Bogota,Colombia,Nature/Scenery/Park,Sierra Nevada Skyline Express Pass + Parque de los Derechos Cable Car Round Trip,"Sierra Nevada Skyline Express Pass + Parque de los Derechos Cable Car Round Trip is a nature in Bogota, Colombia, popular for its natural scenery and relaxing atmosphere. Entry fee is 11.05 USD. Recommended visit: 3 hours. Discover Sierra Nevada Skyline Express Pass + Parque de los Derechos Cable Car Round Trip, a peaceful nature in Bogota, Colombia, ideal for nature lovers. Open 08:30-17:00, entry 11.05 USD.",11.05,08:30-17:00,3 hours,3.7,"973 Suthep Road, Bogota",4.67613921316644,-74.14683639148352,"['road trip', 'business travelers']","['Restrooms', 'Information Desk', 'Restaurant', 'Souvenir Shop', 'First Aid Station', 'Luggage Storage', 'parking', 'High speed WiFi']"
9,Bogota,Colombia,Nature/Scenery/Park,Skyline Vista Point,"Skyline Vista Point is a nature in Bogota, Colombia, popular for its natural scenery and relaxing atmosphere. Entry fee is 13.3 USD. Recommended visit: 3 hours. Discover Skyline Vista Point, a peaceful nature in Bogota, Colombia, ideal for nature lovers. Open 08:30-17:30, entry 13.3 USD.",13.3,08:30-17:30,3 hours,3.7,"851 Seobuk-ro, Suyeong-gu, Bogota",4.5912364684325375,-74.14237338447217,['business travelers'],"['Restrooms', 'Information Desk', 'Restaurant', 'Souvenir Shop', 'First Aid Station', 'Luggage Storage', 'High speed WiFi']"
10,Bogota,Colombia,Nature/Scenery/Park,VerdeVista Playgrounds,"VerdeVista Playgrounds is a nature in Bogota, Colombia, popular for its natural scenery and relaxing atmosphere. Entry fee is 26.32 USD. Recommended visit: 3 hours. Discover VerdeVista Playgrounds, a peaceful nature in Bogota, Colombia, ideal for nature lovers. Open 08:30-20:00, entry 26.32 USD.",26.32,08:30-20:00,3 hours,3.7,"481 Seomun-ro, Bogota",4.540311434495364,-74.15203076947033,"['with children', 'fast-paced budget travel', 'elderly travelers']","['Restrooms', 'Information Desk', 'Restaurant', 'Souvenir Shop', 'First Aid Station', 'Luggage Storage', 'family restrooms', 'Nursing facilities', 'city passes', 'luggage storage', 'self-guided tours', 'wheelchair rental', 'benches/rest areas']"
11,Bogota,Colombia,Nature/Scenery/Park,Cerro del Sol Botanical Haven,"Cerro del Sol Botanical Haven is a nature in Bogota, Colombia, popular for its natural scenery and relaxing atmosphere. Entry fee is 7.35 USD. Recommended visit: 3 hours. Discover Cerro del Sol Botanical Haven, a peaceful nature in Bogota, Colombia, ideal for nature lovers. Open 08:30-17:00, entry 7.35 USD.",7.35,08:30-17:00,3 hours,3.7,"No. 456, Riverside Park Road, Bogota",4.6201189983510655,-74.11817635086952,"['with children', 'fast-paced budget travel', 'disabled traveler']","['Restrooms', 'Information Desk', 'Restaurant', 'Souvenir Shop', 'First Aid Station', 'Luggage Storage', 'family restrooms', 'Nursing facilities', 'city passes', 'luggage storage', 'self-guided tours', 'ramps', 'elevators', 'wheelchair rentals', 'accessible restrooms']"
12,Bogota,Colombia,Nature/Scenery/Park,Cumbre Verde EcoTrail,"Cumbre Verde EcoTrail is a nature in Bogota, Colombia, popular for its natural scenery and relaxing atmosphere. Entry fee is 5.15 USD. Recommended visit: 3 hours. Discover Cumbre Verde EcoTrail, a peaceful nature in Bogota, Colombia, ideal for nature lovers. Open 19:00-23:00, entry 5.15 USD.",5.15,19:00-23:00,3 hours,3.7,"No. 567, Yucheng Road, Bogota",4.710564419567712,-74.08665261810921,"['fast-paced budget travel', 'couples trip', 'business travelers']","['Restrooms', 'Information Desk', 'Restaurant', 'Souvenir Shop', 'First Aid Station', 'Luggage Storage', 'city passes', 'luggage storage', 'self-guided tours', 'scenic spots', 'sunset cruises', 'special couples experiences', 'High speed WiFi']"
13,Bogota,Colombia,Nature/Scenery/Park,Cerro del Sol Thermal Sanctuary,"Cerro del Sol Thermal Sanctuary is a nature in Bogota, Colombia, popular for its natural scenery and relaxing atmosphere. Entry fee is 12.53 USD. Recommended visit: 3 hours. Discover Cerro del Sol Thermal Sanctuary, a peaceful nature in Bogota, Colombia, ideal for nature lovers. Open 09:30-17:00, entry 12.53 USD.",12.53,09:30-17:00,3 hours,3.7,"403 Shinsaibashi Dori, Chuo Ward, Bogota",4.612592465844946,-74.0909655305847,"['photography', 'foodie', 'disabled traveler']","['Restrooms', 'Information Desk', 'Restaurant', 'Souvenir Shop', 'First Aid Station', 'Luggage Storage', 'photo spots', 'guided photo tours', 'charging stations', 'Food markets', 'tasting tours', 'ramps', 'elevators', 'wheelchair rentals', 'accessible restrooms']"
14,Bogota,Colombia,Nature/Scenery/Park,Crimson Vista Trail,"Crimson Vista Trail is a nature in Bogota, Colombia, popular for its natural scenery and relaxing atmosphere. Entry fee is 8.12 USD. Recommended visit: 3 hours. Discover Crimson Vista Trail, a peaceful nature in Bogota, Colombia, ideal for nature lovers. Open 08:30-17:00, entry 8.12 USD.",8.12,08:30-17:00,3 hours,3.7,"726 Suthep Road, Bogota",4.6209847866827625,-74.05895169974232,"['solo women', 'elderly travelers', 'business travelers']","['Restrooms', 'Information Desk', 'Restaurant', 'Souvenir Shop', 'First Aid Station', 'Luggage Storage', 'group tours', 'security', 'wheelchair rental', 'benches/rest areas', 'High speed WiFi']"
15,Bogota,Colombia,Nature/Scenery/Park,Cerro Verde Sanctuary,"Cerro Verde Sanctuary is a nature in Bogota, Colombia, popular for its natural scenery and relaxing atmosphere. Entry fee is 7.57 USD. Recommended visit: 3 hours. Discover Cerro Verde Sanctuary, a peaceful nature in Bogota, Colombia, ideal for nature lovers. Open 09:00-17:30, entry 7.57 USD.",7.57,09:00-17:30,3 hours,3.7,"837 Shinsaibashi Dori, Chuo Ward, Bogota",4.618974371859749,-74.09208147354386,"['with children', 'road trip', 'business travelers']","['Restrooms', 'Information Desk', 'Restaurant', 'Souvenir Shop', 'First Aid Station', 'Luggage Storage', 'family restrooms', 'Nursing facilities', 'parking', 'High speed WiFi']"
16,Bogota,Colombia,Nature/Scenery/Park,Cumbaya Skyline Express,"Cumbaya Skyline Express is a nature in Bogota, Colombia, popular for its natural scenery and relaxing atmosphere. Entry fee is 2.0 USD. Recommended visit: 3 hours. Discover Cumbaya Skyline Express, a peaceful nature in Bogota, Colombia, ideal for nature lovers. Open 09:30-17:00, entry 2.0 USD.",2.0,09:30-17:00,3 hours,3.7,"422 Gukje-ro, Busanjin-gu, Bogota",4.577780291421876,-74.08763785422651,"['couples trip', 'business travelers']","['Restrooms', 'Information Desk', 'Restaurant', 'Souvenir Shop', 'First Aid Station', 'Luggage Storage', 'scenic spots', 'sunset cruises', 'special couples experiences', 'High speed WiFi']"
17,Bogota,Colombia,Nature/Scenery/Park,Verdant Haven Sanctuary,"Verdant Haven Sanctuary is a nature in Bogota, Colombia, popular for its natural scenery and relaxing atmosphere. Entry fee is 9.8 USD. Recommended visit: 3 hours. Discover Verdant Haven Sanctuary, a peaceful nature in Bogota, Colombia, ideal for nature lovers. Open 09:00-17:30, entry 9.8 USD.",9.8,09:00-17:30,3 hours,3.7,"803 Seogwipo Road, Bogota",4.581242123081903,-74.06737836997614,"['with children', 'elderly travelers', 'business travelers']","['Restrooms', 'Information Desk', 'Restaurant', 'Souvenir Shop', 'First Aid Station', 'Luggage Storage', 'family restrooms', 'Nursing facilities', 'wheelchair rental', 'benches/rest areas', 'High speed WiFi']"
18,Bogota,Colombia,Nature/Scenery/Park,Cumbaya Green Haven,"Cumbaya Green Haven is a nature in Bogota, Colombia, popular for its natural scenery and relaxing atmosphere. Entry fee is 5.6 USD. Recommended visit: 3 hours. Discover Cumbaya Green Haven, a peaceful nature in Bogota, Colombia, ideal for nature lovers. Open 09:30-17:00, entry 5.6 USD.",5.6,09:30-17:00,3 hours,3.7,"156-678 Nishi 1-chome, Bogota",4.720755615061793,-74.03046291875908,['couples trip'],"['Restrooms', 'Information Desk', 'Restaurant', 'Souvenir Shop', 'First Aid Station', 'Luggage Storage', 'scenic spots', 'sunset cruises', 'special couples experiences']"
19,Bogota,Colombia,Nature/Scenery/Park,Cerro de la Llama Botanical Sanctuary,"Cerro de la Llama Botanical Sanctuary is a nature in Bogota, Colombia, popular for its natural scenery and relaxing atmosphere. Entry fee is 8.65 USD. Recommended visit: 3 hours. Discover Cerro de la Llama Botanical Sanctuary, a peaceful nature in Bogota, Colombia, ideal for nature lovers. Open 09:00-17:30, entry 8.65 USD.",8.65,09:00-17:30,3 hours,3.7,"No. 456 Xingang Road, Bogota",4.6132332768449205,-74.20358189266489,"['solo women', 'photography', 'luxury travelers']","['Restrooms', 'Information Desk', 'Restaurant', 'Souvenir Shop', 'First Aid Station', 'Luggage Storage', 'group tours', 'security', 'photo spots', 'guided photo tours', 'charging stations', 'private tours', 'skip the line passes', 'VIP exclusive events']"
20,Bogota,Colombia,Nature/Scenery/Park,Crimson Cove,"Crimson Cove is a nature in Bogota, Colombia, popular for its natural scenery and relaxing atmosphere. Entry fee is 37.95 USD. Recommended visit: 3 hours. Discover Crimson Cove, a peaceful nature in Bogota, Colombia, ideal for nature lovers. Open 09:00-19:00, entry 37.95 USD.",37.95,09:00-19:00,3 hours,3.7,"No. 456 Cultural Arts Avenue, Bogota",4.541370217290841,-74.10260484243258,"['nightlife enthusiast', 'fast-paced budget travel', 'with children']","['Restrooms', 'Information Desk', 'Restaurant', 'Souvenir Shop', 'First Aid Station', 'Luggage Storage', 'night markets', 'bars', 'evening shows', 'city passes', 'luggage storage', 'self-guided tours', 'family restrooms', 'Nursing facilities']"
21,Bogota,Colombia,Nature/Scenery/Park,Cerro de los Sabios,"Cerro de los Sabios is a nature in Bogota, Colombia, popular for its natural scenery and relaxing atmosphere. Entry fee is 19.18 USD. Recommended visit: 3 hours. Discover Cerro de los Sabios, a peaceful nature in Bogota, Colombia, ideal for nature lovers. Open 08:30-19:00, entry 19.18 USD.",19.18,08:30-19:00,3 hours,3.7,"533 Sathorn Road, Bogota",4.490769664624377,-74.1017994973732,"['solo women', 'foodie', 'business travelers']","['Restrooms', 'Information Desk', 'Restaurant', 'Souvenir Shop', 'First Aid Station', 'Luggage Storage', 'group tours', 'security', 'Food markets', 'tasting tours', 'High speed WiFi']"
22,Bogota,Colombia,Nature/Scenery/Park,Andes Aquatic Sanctuary,"Andes Aquatic Sanctuary is a nature in Bogota, Colombia, popular for its natural scenery and relaxing atmosphere. Entry fee is 4.36 USD. Recommended visit: 3 hours. Discover Andes Aquatic Sanctuary, a peaceful nature in Bogota, Colombia, ideal for nature lovers. Open 08:00-20:00, entry 4.36 USD.",4.36,08:00-20:00,3 hours,3.7,"554 Jurong East Avenue 6, Bogota",4.549062864565598,-74.10640161759991,"['couples trip', 'disabled traveler', 'business travelers']","['Restrooms', 'Information Desk', 'Restaurant', 'Souvenir Shop', 'First Aid Station', 'Luggage Storage', 'scenic spots', 'sunset cruises', 'special couples experiences', 'ramps', 'elevators', 'wheelchair rentals', 'accessible restrooms', 'High speed WiFi']"
23,Bogota,Colombia,Nature/Scenery/Park,Verde Veil Oasis,"Verde Veil Oasis is a nature in Bogota, Colombia, popular for its natural scenery and relaxing atmosphere. Entry fee is 3.36 USD. Recommended visit: 3 hours. Discover Verde Veil Oasis, a peaceful nature in Bogota, Colombia, ideal for nature lovers. Open 09:00-18:00, entry 3.36 USD.",3.36,09:00-18:00,3 hours,3.7,"590 Nihonbashi 2-chome, Chuo City, Bogota",4.623043981973124,-74.21776700979649,"['foodie', 'disabled traveler', 'luxury travelers']","['Restrooms', 'Information Desk', 'Restaurant', 'Souvenir Shop', 'First Aid Station', 'Luggage Storage', 'Food markets', 'tasting tours', 'ramps', 'elevators', 'wheelchair rentals', 'accessible restrooms', 'private tours', 'skip the line passes', 'VIP exclusive events']"
24,Bogota,Colombia,Nature/Scenery/Park,Cerro de las Ánimas Botanical Sanctuary,"Cerro de las Ánimas Botanical Sanctuary is a nature in Bogota, Colombia, popular for its natural scenery and relaxing atmosphere. Entry fee is 2.8 USD. Recommended visit: 3 hours. Discover Cerro de las Ánimas Botanical Sanctuary, a peaceful nature in Bogota, Colombia, ideal for nature lovers. Open 09:00-17:30, entry 2.8 USD.",2.8,09:00-17:30,3 hours,3.7,"677 Sakura Street, Bogota",4.63349199905577,-74.10860895817741,"['with pets', 'foodie', 'business travelers']","['Restrooms', 'Information Desk', 'Restaurant', 'Souvenir Shop', 'First Aid Station', 'Luggage Storage', 'Pet-friendly', 'pet water stations', 'Pet rest area', 'Food markets', 'tasting tours', 'High speed WiFi']"
25,Bogota,Colombia,Nature/Scenery/Park,Cerro del Sol Hidden Canyons,"Cerro del Sol Hidden Canyons is a nature in Bogota, Colombia, popular for its natural scenery and relaxing atmosphere. Entry fee is 29.53 USD. Recommended visit: 3 hours. Discover Cerro del Sol Hidden Canyons, a peaceful nature in Bogota, Colombia, ideal for nature lovers. Open 10:00-22:00, entry 29.53 USD.",29.53,10:00-22:00,3 hours,3.7,"No. 456, West Lake Cultural Road, Bogota",4.572143699682705,-74.10707447057084,"['with children', 'business travelers']","['Restrooms', 'Information Desk', 'Restaurant', 'Souvenir Shop', 'First Aid Station', 'Luggage Storage', 'family restrooms', 'Nursing facilities', 'High speed WiFi']"
26,Bogota,Colombia,Nature/Scenery/Park,Cerro de las Flores Twilight Tour,"Cerro de las Flores Twilight Tour is a nature in Bogota, Colombia, popular for its natural scenery and relaxing atmosphere. Entry fee is 6.17 USD. Recommended visit: 3 hours. Discover Cerro de las Flores Twilight Tour, a peaceful nature in Bogota, Colombia, ideal for nature lovers. Open 09:00-17:30, entry 6.17 USD.",6.17,09:00-17:30,3 hours,3.7,"102-8 Shibuya, Shibuya City, Bogota",4.54376279647096,-74.10951060922422,"['nightlife enthusiast', 'solo women', 'business travelers']","['Restrooms', 'Information Desk', 'Restaurant', 'Souvenir Shop', 'First Aid Station', 'Luggage Storage', 'night markets', 'bars', 'evening shows', 'group tours', 'security', 'High speed WiFi']"
27,Bogota,Colombia,Nature/Scenery/Park,Andean Cloud Forest Sanctuary,"Andean Cloud Forest Sanctuary is a nature in Bogota, Colombia, popular for its natural scenery and relaxing atmosphere. Entry fee is 33.27 USD. Recommended visit: 3 hours. Discover Andean Cloud Forest Sanctuary, a peaceful nature in Bogota, Colombia, ideal for nature lovers. Open 08:30-17:30, entry 33.27 USD.",33.27,08:30-17:30,3 hours,3.7,"654 Sakura Street, Chuo Ward, Bogota",4.722064863114392,-74.11558208462719,['fast-paced budget travel'],"['Restrooms', 'Information Desk', 'Restaurant', 'Souvenir Shop', 'First Aid Station', 'Luggage Storage', 'city passes', 'luggage storage', 'self-guided tours']"
28,Bogota,Colombia,Nature/Scenery/Park,Cerro del Sol Panoramic Point,"Cerro del Sol Panoramic Point is a nature in Bogota, Colombia, popular for its natural scenery and relaxing atmosphere. Entry fee is 4.12 USD. Recommended visit: 3 hours. Discover Cerro del Sol Panoramic Point, a peaceful nature in Bogota, Colombia, ideal for nature lovers. Open 08:00-17:30, entry 4.12 USD.",4.12,08:00-17:30,3 hours,3.7,"213 Nakanoshima-dori, Chuo-ku, Bogota",4.59549508390306,-74.15358560531726,"['nightlife enthusiast', 'with pets', 'disabled traveler']","['Restrooms', 'Information Desk', 'Restaurant', 'Souvenir Shop', 'First Aid Station', 'Luggage Storage', 'night markets', 'bars', 'evening shows', 'Pet-friendly', 'pet water stations', 'Pet rest area', 'ramps', 'elevators', 'wheelchair rentals', 'accessible restrooms']"
29,Bogota,Colombia,Nature/Scenery/Park,Echoes of the Andes Trail,"Echoes of the Andes Trail is a nature in Bogota, Colombia, popular for its natural scenery and relaxing atmosphere. Entry fee is 22.61 USD. Recommended visit: 3 hours. Discover Echoes of the Andes Trail, a peaceful nature in Bogota, Colombia, ideal for nature lovers. Open 09:00-18:00, entry 22.61 USD.",22.61,09:00-18:00,3 hours,3.7,"337 Maha Chai Road, Bogota",4.662943857334743,-74.091649997705,['fast-paced budget travel'],"['Restrooms', 'Information Desk', 'Restaurant', 'Souvenir Shop', 'First Aid Station', 'Luggage Storage', 'city passes', 'luggage storage', 'self-guided tours']"
30,Bogota,Colombia,Nature/Scenery/Park,Cerro del Sol Escapade,"Cerro del Sol Escapade is a nature in Bogota, Colombia, popular for its natural scenery and relaxing atmosphere. Entry fee is 6.72 USD. Recommended visit: 3 hours. Discover Cerro del Sol Escapade, a peaceful nature in Bogota, Colombia, ideal for nature lovers. Open 09:00-21:00, entry 6.72 USD.",6.72,09:00-21:00,3 hours,3.7,"594 Shinsaibashi Dori, Chuo Ward, Bogota",4.666233391614699,-74.10061176483082,"['with children', 'elderly travelers', 'road trip']","['Restrooms', 'Information Desk', 'Restaurant', 'Souvenir Shop', 'First Aid Station', 'Luggage Storage', 'family restrooms', 'Nursing facilities', 'wheelchair rental', 'benches/rest areas', 'parking']"
31,Bogota,Colombia,Nature/Scenery/Park,Cerro de las Historias,"Cerro de las Historias is a nature in Bogota, Colombia, popular for its natural scenery and relaxing atmosphere. Entry fee is 116.65 USD. Recommended visit: 3 hours. Discover Cerro de las Historias, a peaceful nature in Bogota, Colombia, ideal for nature lovers. Open 08:30-17:30, entry 116.65 USD.",116.65,08:30-17:30,3 hours,3.7,"429 Nishi-Ku, Bogota",4.605254228198476,-74.11685146465635,['foodie'],"['Restrooms', 'Information Desk', 'Restaurant', 'Souvenir Shop', 'First Aid Station', 'Luggage Storage', 'Food markets', 'tasting tours']"
32,Bogota,Colombia,Nature/Scenery/Park,Verde Valle Sanctuary,"Verde Valle Sanctuary is a nature in Bogota, Colombia, popular for its natural scenery and relaxing atmosphere. Entry fee is 2059.2 USD. Recommended visit: 3 hours. Discover Verde Valle Sanctuary, a peaceful nature in Bogota, Colombia, ideal for nature lovers. Open 09:00-17:30, entry 2059.2 USD.",2059.2,09:00-17:30,3 hours,3.7,"156 Nathan Road, Bogota",4.600206100524677,-74.08803153858413,"['couples trip', 'foodie', 'road trip']","['Restrooms', 'Information Desk', 'Restaurant', 'Souvenir Shop', 'First Aid Station', 'Luggage Storage', 'scenic spots', 'sunset cruises', 'special couples experiences', 'Food markets', 'tasting tours', 'parking']"
33,Bogota,Colombia,Nature/Scenery/Park,Verde Mirage Sanctuary,"Verde Mirage Sanctuary is a nature in Bogota, Colombia, popular for its natural scenery and relaxing atmosphere. Entry fee is 14.4 USD. Recommended visit: 3 hours. Discover Verde Mirage Sanctuary, a peaceful nature in Bogota, Colombia, ideal for nature lovers. Open 08:00-22:00, entry 14.4 USD.",14.4,08:00-22:00,3 hours,3.7,"915 Shinko Street, Chuo Ward, Bogota",4.635980749413433,-74.06812221335376,['nightlife enthusiast'],"['Restrooms', 'Information Desk', 'Restaurant', 'Souvenir Shop', 'First Aid Station', 'Luggage Storage', 'night markets', 'bars', 'evening shows']"
34,Bogota,Colombia,Nature/Scenery/Park,Cerro del Sol Healing Oasis,"Cerro del Sol Healing Oasis is a nature in Bogota, Colombia, popular for its natural scenery and relaxing atmosphere. Entry fee is 13.95 USD. Recommended visit: 3 hours. Discover Cerro del Sol Healing Oasis, a peaceful nature in Bogota, Colombia, ideal for nature lovers. Open 08:30-17:00, entry 13.95 USD.",13.95,08:30-17:00,3 hours,3.7,"165 Seogwipo Street, Bogota",4.596369609346732,-74.16481650041699,"['nightlife enthusiast', 'luxury travelers', 'elderly travelers']","['Restrooms', 'Information Desk', 'Restaurant', 'Souvenir Shop', 'First Aid Station', 'Luggage Storage', 'night markets', 'bars', 'evening shows', 'private tours', 'skip the line passes', 'VIP exclusive events', 'wheelchair rental', 'benches/rest areas']"
35,Bogota,Colombia,Nature/Scenery/Park,Cumbre Vista Summit,"Cumbre Vista Summit is a nature in Bogota, Colombia, popular for its natural scenery and relaxing atmosphere. Entry fee is 24.24 USD. Recommended visit: 3 hours. Discover Cumbre Vista Summit, a peaceful nature in Bogota, Colombia, ideal for nature lovers. Open 08:00-20:00, entry 24.24 USD.",24.24,08:00-20:00,3 hours,3.7,"473-8-10 Shibuya KÅen 1-chome, Shibuya City, Bogota",4.588011105791349,-74.1487063101942,"['road trip', 'solo women', 'business travelers']","['Restrooms', 'Information Desk', 'Restaurant', 'Souvenir Shop', 'First Aid Station', 'Luggage Storage', 'parking', 'group tours', 'security', 'High speed WiFi']"
36,Bogota,Colombia,Nature/Scenery/Park,Cumbaya Wild Explorer Trail,"Cumbaya Wild Explorer Trail is a nature in Bogota, Colombia, popular for its natural scenery and relaxing atmosphere. Entry fee is 7.7 USD. Recommended visit: 3 hours. Discover Cumbaya Wild Explorer Trail, a peaceful nature in Bogota, Colombia, ideal for nature lovers. Open 08:30-17:30, entry 7.7 USD.",7.7,08:30-17:30,3 hours,3.7,"No. 456, Xinglin Road, Bogota",4.611361906685636,-74.12903264200133,"['couples trip', 'with pets', 'foodie']","['Restrooms', 'Information Desk', 'Restaurant', 'Souvenir Shop', 'First Aid Station', 'Luggage Storage', 'scenic spots', 'sunset cruises', 'special couples experiences', 'Pet-friendly', 'pet water stations', 'Pet rest area', 'Food markets', 'tasting tours']"
37,Bogota,Colombia,Nature/Scenery/Park,Summit Vista: Skyline Observation Lounge,"Summit Vista: Skyline Observation Lounge is a nature in Bogota, Colombia, popular for its natural scenery and relaxing atmosphere. Entry fee is 12.32 USD. Recommended visit: 3 hours. Discover Summit Vista: Skyline Observation Lounge, a peaceful nature in Bogota, Colombia, ideal for nature lovers. Open 09:00-17:00, entry 12.32 USD.",12.32,09:00-17:00,3 hours,3.7,"960 Shinsaibashi Dori, Chuo Ward, Bogota",4.651496647709552,-74.11048639042117,"['solo women', 'photography']","['Restrooms', 'Information Desk', 'Restaurant', 'Souvenir Shop', 'First Aid Station', 'Luggage Storage', 'group tours', 'security', 'photo spots', 'guided photo tours', 'charging stations']"
38,Bogota,Colombia,Nature/Scenery/Park,Verde Loma Reserve,"Verde Loma Reserve is a nature in Bogota, Colombia, popular for its natural scenery and relaxing atmosphere. Entry fee is 1.4 USD. Recommended visit: 3 hours. Discover Verde Loma Reserve, a peaceful nature in Bogota, Colombia, ideal for nature lovers. Open 08:30-17:00, entry 1.4 USD.",1.4,08:30-17:00,3 hours,3.7,"No. 456, Zhongshan South Road, Bogota",4.657406437092944,-74.04992275445537,"['solo women', 'foodie', 'elderly travelers']","['Restrooms', 'Information Desk', 'Restaurant', 'Souvenir Shop', 'First Aid Station', 'Luggage Storage', 'group tours', 'security', 'Food markets', 'tasting tours', 'wheelchair rental', 'benches/rest areas']"
39,Bogota,Colombia,Nature/Scenery/Park,Sierra Verde Sanctuary,"Sierra Verde Sanctuary is a nature in Bogota, Colombia, popular for its natural scenery and relaxing atmosphere. Entry fee is 11.76 USD. Recommended visit: 3 hours. Discover Sierra Verde Sanctuary, a peaceful nature in Bogota, Colombia, ideal for nature lovers. Open 09:00-18:00, entry 11.76 USD.",11.76,09:00-18:00,3 hours,3.7,"778 Gwanghwamun Street, Jongno-gu, Bogota",4.724503205813075,-74.15858084330294,"['with children', 'with pets']","['Restrooms', 'Information Desk', 'Restaurant', 'Souvenir Shop', 'First Aid Station', 'Luggage Storage', 'family restrooms', 'Nursing facilities', 'Pet-friendly', 'pet water stations', 'Pet rest area']"
40,Bogota,Colombia,Nature/Scenery/Park,Sierra Nevada Canoe Journey with Mountain Views,"Sierra Nevada Canoe Journey with Mountain Views is a nature in Bogota, Colombia, popular for its natural scenery and relaxing atmosphere. Entry fee is 14.98 USD. Recommended visit: 3 hours. Discover Sierra Nevada Canoe Journey with Mountain Views, a peaceful nature in Bogota, Colombia, ideal for nature lovers. Open 06:00-20:00, entry 14.98 USD.",14.98,06:00-20:00,3 hours,3.7,"637 Shibuya Dogenzaka Street, Shibuya Ward, Bogota",4.692082787887738,-74.07694491276784,"['fast-paced budget travel', 'with pets', 'disabled traveler']","['Restrooms', 'Information Desk', 'Restaurant', 'Souvenir Shop', 'First Aid Station', 'Luggage Storage', 'city passes', 'luggage storage', 'self-guided tours', 'Pet-friendly', 'pet water stations', 'Pet rest area', 'ramps', 'elevators', 'wheelchair rentals', 'accessible restrooms']"
41,Bogota,Colombia,Nature/Scenery/Park,Skyward Bloom Sky Lantern Garden,"Skyward Bloom Sky Lantern Garden is a nature in Bogota, Colombia, popular for its natural scenery and relaxing atmosphere. Entry fee is 12.93 USD. Recommended visit: 3 hours. Discover Skyward Bloom Sky Lantern Garden, a peaceful nature in Bogota, Colombia, ideal for nature lovers. Open 08:30-17:30, entry 12.93 USD.",12.93,08:30-17:30,3 hours,3.7,"975 Nai Harn Road, Bogota",4.567217294894965,-74.16695373628974,"['foodie', 'luxury travelers', 'road trip']","['Restrooms', 'Information Desk', 'Restaurant', 'Souvenir Shop', 'First Aid Station', 'Luggage Storage', 'Food markets', 'tasting tours', 'private tours', 'skip the line passes', 'VIP exclusive events', 'parking']"
42,Bogota,Colombia,Nature/Scenery/Park,Hidden Canopy Canoe Quest,"Hidden Canopy Canoe Quest is a nature in Bogota, Colombia, popular for its natural scenery and relaxing atmosphere. Entry fee is 43.59 USD. Recommended visit: 3 hours. Discover Hidden Canopy Canoe Quest, a peaceful nature in Bogota, Colombia, ideal for nature lovers. Open 09:00-17:30, entry 43.59 USD.",43.59,09:00-17:30,3 hours,3.7,"307 Seaside Drive, Bogota",4.703387340272989,-74.03082176743412,['with children'],"['Restrooms', 'Information Desk', 'Restaurant', 'Souvenir Shop', 'First Aid Station', 'Luggage Storage', 'family restrooms', 'Nursing facilities']"
43,Bogota,Colombia,Nature/Scenery/Park,Cerro de las Flores,"Cerro de las Flores is a nature in Bogota, Colombia, popular for its natural scenery and relaxing atmosphere. Entry fee is 55.55 USD. Recommended visit: 3 hours. Discover Cerro de las Flores, a peaceful nature in Bogota, Colombia, ideal for nature lovers. Open 08:00-20:00, entry 55.55 USD.",55.55,08:00-20:00,3 hours,3.7,"436 Shimbashi Street, Bogota",4.613178565750155,-74.10040472843652,"['nightlife enthusiast', 'with pets', 'photography']","['Restrooms', 'Information Desk', 'Restaurant', 'Souvenir Shop', 'First Aid Station', 'Luggage Storage', 'night markets', 'bars', 'evening shows', 'Pet-friendly', 'pet water stations', 'Pet rest area', 'photo spots', 'guided photo tours', 'charging stations']"
44,Bogota,Colombia,Nature/Scenery/Park,Cumbal Skywalk Reserve,"Cumbal Skywalk Reserve is a nature in Bogota, Colombia, popular for its natural scenery and relaxing atmosphere. Entry fee is 17.5 USD. Recommended visit: 3 hours. Discover Cumbal Skywalk Reserve, a peaceful nature in Bogota, Colombia, ideal for nature lovers. Open 08:30-17:00, entry 17.5 USD.",17.5,08:30-17:00,3 hours,3.7,"605 Suthep Road, Bogota",4.686325012048139,-74.02911348703961,"['with children', 'luxury travelers', 'business travelers']","['Restrooms', 'Information Desk', 'Restaurant', 'Souvenir Shop', 'First Aid Station', 'Luggage Storage', 'family restrooms', 'Nursing facilities', 'private tours', 'skip the line passes', 'VIP exclusive events', 'High speed WiFi']"
45,Bogota,Colombia,Nature/Scenery/Park,Cerro del Sol Eco Trail,"Cerro del Sol Eco Trail is a nature in Bogota, Colombia, popular for its natural scenery and relaxing atmosphere. Entry fee is 94.11 USD. Recommended visit: 3 hours. Discover Cerro del Sol Eco Trail, a peaceful nature in Bogota, Colombia, ideal for nature lovers. Open 08:00-19:00, entry 94.11 USD.",94.11,08:00-19:00,3 hours,3.7,"507 Chalong Road, Patong Beach, Bogota",4.70659776986724,-74.15772541908,['luxury travelers'],"['Restrooms', 'Information Desk', 'Restaurant', 'Souvenir Shop', 'First Aid Station', 'Luggage Storage', 'private tours', 'skip the line passes', 'VIP exclusive events']"
46,Bogota,Colombia,Nature/Scenery/Park,Sierra Nevada Canoe Cruises,"Sierra Nevada Canoe Cruises is a nature in Bogota, Colombia, popular for its natural scenery and relaxing atmosphere. Entry fee is 0.0 USD. Recommended visit: 3 hours. Discover Sierra Nevada Canoe Cruises, a peaceful nature in Bogota, Colombia, ideal for nature lovers. Open 10:00-18:00, entry 0.0 USD.",0.0,10:00-18:00,3 hours,3.7,"529-2-1 Kita-Honganji, Bogota",4.667615471993956,-74.15423017201857,"['nightlife enthusiast', 'disabled traveler']","['Restrooms', 'Information Desk', 'Restaurant', 'Souvenir Shop', 'First Aid Station', 'Luggage Storage', 'night markets', 'bars', 'evening shows', 'ramps', 'elevators', 'wheelchair rentals', 'accessible restrooms']"
47,Bogota,Colombia,Nature/Scenery/Park,Golden Heights Sanctuary,"Golden Heights Sanctuary is a nature in Bogota, Colombia, popular for its natural scenery and relaxing atmosphere. Entry fee is 10.5 USD. Recommended visit: 3 hours. Discover Golden Heights Sanctuary, a peaceful nature in Bogota, Colombia, ideal for nature lovers. Open 08:30-17:00, entry 10.5 USD.",10.5,08:30-17:00,3 hours,3.7,"946 Sairee Road, Bogota",4.6996406764659096,-74.14891500579311,"['fast-paced budget travel', 'couples trip', 'elderly travelers']","['Restrooms', 'Information Desk', 'Restaurant', 'Souvenir Shop', 'First Aid Station', 'Luggage Storage', 'city passes', 'luggage storage', 'self-guided tours', 'scenic spots', 'sunset cruises', 'special couples experiences', 'wheelchair rental', 'benches/rest areas']"
48,Bogota,Colombia,Nature/Scenery/Park,Cumbre Verde Eco Sanctuary,"Cumbre Verde Eco Sanctuary is a nature in Bogota, Colombia, popular for its natural scenery and relaxing atmosphere. Entry fee is 51.08 USD. Recommended visit: 3 hours. Discover Cumbre Verde Eco Sanctuary, a peaceful nature in Bogota, Colombia, ideal for nature lovers. Open 09:00-18:00, entry 51.08 USD.",51.08,09:00-18:00,3 hours,3.7,"609-12-8 Shibuya, Shibuya City, Bogota",4.767296996710743,-74.03340894235632,"['fast-paced budget travel', 'couples trip', 'road trip']","['Restrooms', 'Information Desk', 'Restaurant', 'Souvenir Shop', 'First Aid Station', 'Luggage Storage', 'city passes', 'luggage storage', 'self-guided tours', 'scenic spots', 'sunset cruises', 'special couples experiences', 'parking']"
49,Bogota,Colombia,Nature/Scenery/Park,Cumbal Jungle Retreat,"Cumbal Jungle Retreat is a nature in Bogota, Colombia, popular for its natural scenery and relaxing atmosphere. Entry fee is 20.74 USD. Recommended visit: 3 hours. Discover Cumbal Jungle Retreat, a peaceful nature in Bogota, Colombia, ideal for nature lovers. Open 08:00-18:00, entry 20.74 USD.",20.74,08:00-18:00,3 hours,3.7,"245 Sakura Street, Bogota",4.584831732812251,-74.14498497980877,"['couples trip', 'luxury travelers', 'road trip']","['Restrooms', 'Information Desk', 'Restaurant', 'Souvenir Shop', 'First Aid Station', 'Luggage Storage', 'scenic spots', 'sunset cruises', 'special couples experiences', 'private tours', 'skip the line passes', 'VIP exclusive events', 'parking']"
50,Bogota,Colombia,Theme Park/Amusement Park,Luz y Fantasía Adventure,"Luz y Fantasía Adventure is a theme park in Bogota, Colombia, popular for its memorable experiences. Entry fee is 28.0 USD. Recommended visit: 6 hours. Discover Luz y Fantasía Adventure, a notable theme park in Bogota, Colombia, ideal for visitors. Open 09:00-18:00, entry 28.0 USD.",28.0,09:00-18:00,6 hours,3.75,"506 Sakura Street, Nishi-ku, Bogota",4.711983451849112,-74.13904116044523,"['with children', 'disabled traveler', 'elderly travelers']","['Restrooms', 'Information Desk', 'Restaurant', 'Souvenir Shop', 'First Aid Station', 'Luggage Storage', 'family restrooms', 'Nursing facilities', 'ramps', 'elevators', 'wheelchair rentals', 'accessible restrooms', 'wheelchair rental', 'benches/rest areas']"
51,Bogota,Colombia,Theme Park/Amusement Park,Andean Dreamland Adventure,"Andean Dreamland Adventure is a theme park in Bogota, Colombia, popular for its memorable experiences. Entry fee is 10.15 USD. Recommended visit: 7 hours. Discover Andean Dreamland Adventure, a notable theme park in Bogota, Colombia, ideal for visitors. Open 08:30-19:00, entry 10.15 USD.",10.15,08:30-19:00,7 hours,3.75,"No. 456, Zhongshan Road, Bogota",4.7151339602804025,-74.03428503737642,"['fast-paced budget travel', 'solo women', 'foodie']","['Restrooms', 'Information Desk', 'Restaurant', 'Souvenir Shop', 'First Aid Station', 'Luggage Storage', 'city passes', 'luggage storage', 'self-guided tours', 'group tours', 'security', 'Food markets', 'tasting tours']"
52,Bogota,Colombia,Theme Park/Amusement Park,Bogota Adventure Hub,"Bogota Adventure Hub is a theme park in Bogota, Colombia, popular for its memorable experiences. Entry fee is 32.62 USD. Recommended visit: 8 hours. Discover Bogota Adventure Hub, a notable theme park in Bogota, Colombia, ideal for visitors. Open 08:00-22:00, entry 32.62 USD.",32.62,08:00-22:00,8 hours,3.75,"932 Seaside Promenade, Bogota",4.555052265371401,-74.15443858495412,"['solo women', 'with pets', 'photography']","['Restrooms', 'Information Desk', 'Restaurant', 'Souvenir Shop', 'First Aid Station', 'Luggage Storage', 'group tours', 'security', 'Pet-friendly', 'pet water stations', 'Pet rest area', 'photo spots', 'guided photo tours', 'charging stations']"
53,Bogota,Colombia,Theme Park/Amusement Park,Azure Abyss Dolphin Quest,"Azure Abyss Dolphin Quest is a theme park in Bogota, Colombia, popular for its memorable experiences. Entry fee is 17.6 USD. Recommended visit: 8 hours. Discover Azure Abyss Dolphin Quest, a notable theme park in Bogota, Colombia, ideal for visitors. Open 08:00-00:00, entry 17.6 USD.",17.6,08:00-00:00,8 hours,3.75,"819 Shiroiwa Street, Bogota",4.660194995073767,-74.15047969614582,"['with children', 'solo women', 'road trip']","['Restrooms', 'Information Desk', 'Restaurant', 'Souvenir Shop', 'First Aid Station', 'Luggage Storage', 'family restrooms', 'Nursing facilities', 'group tours', 'security', 'parking']"
54,Bogota,Colombia,Theme Park/Amusement Park,Colombia Quest Adventure Park,"Colombia Quest Adventure Park is a theme park in Bogota, Colombia, popular for its memorable experiences. Entry fee is 14.0 USD. Recommended visit: 6 hours. Discover Colombia Quest Adventure Park, a notable theme park in Bogota, Colombia, ideal for visitors. Open 09:00-17:30, entry 14.0 USD.",14.0,09:00-17:30,6 hours,3.75,"No. 45, Zhongshan Road, Bogota",4.614532443256269,-74.12249839727872,"['solo women', 'elderly travelers', 'business travelers']","['Restrooms', 'Information Desk', 'Restaurant', 'Souvenir Shop', 'First Aid Station', 'Luggage Storage', 'group tours', 'security', 'wheelchair rental', 'benches/rest areas', 'High speed WiFi']"
55,Bogota,Colombia,Theme Park/Amusement Park,Andes Brick Quest,"Andes Brick Quest is a theme park in Bogota, Colombia, popular for its memorable experiences. Entry fee is 15.98 USD. Recommended visit: 7 hours. Discover Andes Brick Quest, a notable theme park in Bogota, Colombia, ideal for visitors. Open 09:00-18:00, entry 15.98 USD.",15.98,09:00-18:00,7 hours,3.75,"No. 580, Yushan Road, Bogota",4.728718783499888,-74.04341843451768,"['solo women', 'luxury travelers', 'disabled traveler']","['Restrooms', 'Information Desk', 'Restaurant', 'Souvenir Shop', 'First Aid Station', 'Luggage Storage', 'group tours', 'security', 'private tours', 'skip the line passes', 'VIP exclusive events', 'ramps', 'elevators', 'wheelchair rentals', 'accessible restrooms']"
56,Bogota,Colombia,Theme Park/Amusement Park,Andes Snowscape Adventure,"Andes Snowscape Adventure is a theme park in Bogota, Colombia, popular for its memorable experiences. Entry fee is 89.6 USD. Recommended visit: 8 hours. Discover Andes Snowscape Adventure, a notable theme park in Bogota, Colombia, ideal for visitors. Open 08:00-22:30, entry 89.6 USD.",89.6,08:00-22:30,8 hours,3.75,"480 Sakura Street, Shibuya Ward, Bogota",4.726756632554803,-74.05409799303419,"['solo women', 'couples trip', 'luxury travelers']","['Restrooms', 'Information Desk', 'Restaurant', 'Souvenir Shop', 'First Aid Station', 'Luggage Storage', 'group tours', 'security', 'scenic spots', 'sunset cruises', 'special couples experiences', 'private tours', 'skip the line passes', 'VIP exclusive events']"
57,Bogota,Colombia,Theme Park/Amusement Park,Cumbia Heights Skyline Express,"Cumbia Heights Skyline Express is a theme park in Bogota, Colombia, popular for its memorable experiences. Entry fee is 7.4 USD. Recommended visit: 6 hours. Discover Cumbia Heights Skyline Express, a notable theme park in Bogota, Colombia, ideal for visitors. Open 08:00-22:00, entry 7.4 USD.",7.4,08:00-22:00,6 hours,3.75,"498 Sukhumvit Road, Bogota",4.6848398647399945,-74.04009917328112,"['solo women', 'photography', 'business travelers']","['Restrooms', 'Information Desk', 'Restaurant', 'Souvenir Shop', 'First Aid Station', 'Luggage Storage', 'group tours', 'security', 'photo spots', 'guided photo tours', 'charging stations', 'High speed WiFi']"
58,Bogota,Colombia,Theme Park/Amusement Park,AndesConnect 5G Mobility Hub,"AndesConnect 5G Mobility Hub is a theme park in Bogota, Colombia, popular for its memorable experiences. Entry fee is 49.0 USD. Recommended visit: 6 hours. Discover AndesConnect 5G Mobility Hub, a notable theme park in Bogota, Colombia, ideal for visitors. Open 09:00-18:00, entry 49.0 USD.",49.0,09:00-18:00,6 hours,3.75,"No. 456, Zhongshan Road, Bogota",4.718311738175041,-74.02716916814468,"['fast-paced budget travel', 'foodie', 'road trip']","['Restrooms', 'Information Desk', 'Restaurant', 'Souvenir Shop', 'First Aid Station', 'Luggage Storage', 'city passes', 'luggage storage', 'self-guided tours', 'Food markets', 'tasting tours', 'parking']"
59,Bogota,Colombia,Theme Park/Amusement Park,Skyline Adventure Hub,"Skyline Adventure Hub is a theme park in Bogota, Colombia, popular for its memorable experiences. Entry fee is 53.2 USD. Recommended visit: 7 hours. Discover Skyline Adventure Hub, a notable theme park in Bogota, Colombia, ideal for visitors. Open 08:00-22:00, entry 53.2 USD.",53.2,08:00-22:00,7 hours,3.75,"527 Suthep Road, Bogota",4.581261190517502,-74.11615890993247,"['disabled traveler', 'solo women', 'elderly travelers']","['Restrooms', 'Information Desk', 'Restaurant', 'Souvenir Shop', 'First Aid Station', 'Luggage Storage', 'ramps', 'elevators', 'wheelchair rentals', 'accessible restrooms', 'group tours', 'security', 'wheelchair rental', 'benches/rest areas']"
60,Bogota,Colombia,Theme Park/Amusement Park,Cumbia Skyline Adventure,"Cumbia Skyline Adventure is a theme park in Bogota, Colombia, popular for its memorable experiences. Entry fee is 54.32 USD. Recommended visit: 6 hours. Discover Cumbia Skyline Adventure, a notable theme park in Bogota, Colombia, ideal for visitors. Open 09:00-18:00, entry 54.32 USD.",54.32,09:00-18:00,6 hours,3.75,"412 Kita-Ku Street, Bogota",4.813886077588052,-74.03960113684298,"['nightlife enthusiast', 'with children', 'elderly travelers']","['Restrooms', 'Information Desk', 'Restaurant', 'Souvenir Shop', 'First Aid Station', 'Luggage Storage', 'night markets', 'bars', 'evening shows', 'family restrooms', 'Nursing facilities', 'wheelchair rental', 'benches/rest areas']"
61,Bogota,Colombia,Theme Park/Amusement Park,Cumbia Rapids Adventure Zone,"Cumbia Rapids Adventure Zone is a theme park in Bogota, Colombia, popular for its memorable experiences. Entry fee is 44.17 USD. Recommended visit: 7 hours. Discover Cumbia Rapids Adventure Zone, a notable theme park in Bogota, Colombia, ideal for visitors. Open 09:00-17:00, entry 44.17 USD.",44.17,09:00-17:00,7 hours,3.75,"453 Marine Road, Patong Beach, Bogota",4.74767121329361,-74.04233350048914,"['photography', 'foodie', 'business travelers']","['Restrooms', 'Information Desk', 'Restaurant', 'Souvenir Shop', 'First Aid Station', 'Luggage Storage', 'photo spots', 'guided photo tours', 'charging stations', 'Food markets', 'tasting tours', 'High speed WiFi']"
62,Bogota,Colombia,Theme Park/Amusement Park,CaliCube PlayWorld,"CaliCube PlayWorld is a theme park in Bogota, Colombia, popular for its memorable experiences. Entry fee is 9.28 USD. Recommended visit: 8 hours. Discover CaliCube PlayWorld, a notable theme park in Bogota, Colombia, ideal for visitors. Open 10:00-22:00, entry 9.28 USD.",9.28,10:00-22:00,8 hours,3.75,"788 Hibikino Street, Bogota",4.641727362912266,-74.17960146932685,"['solo women', 'luxury travelers', 'disabled traveler']","['Restrooms', 'Information Desk', 'Restaurant', 'Souvenir Shop', 'First Aid Station', 'Luggage Storage', 'group tours', 'security', 'private tours', 'skip the line passes', 'VIP exclusive events', 'ramps', 'elevators', 'wheelchair rentals', 'accessible restrooms']"
63,Bogota,Colombia,Theme Park/Amusement Park,Andes Quest Adventure Zone,"Andes Quest Adventure Zone is a theme park in Bogota, Colombia, popular for its memorable experiences. Entry fee is 18.98 USD. Recommended visit: 7 hours. Discover Andes Quest Adventure Zone, a notable theme park in Bogota, Colombia, ideal for visitors. Open 09:00-17:30, entry 18.98 USD.",18.98,09:00-17:30,7 hours,3.75,"No. 456 Jing'an Road, Bogota",4.609350777611273,-74.14669864559309,"['fast-paced budget travel', 'photography', 'elderly travelers']","['Restrooms', 'Information Desk', 'Restaurant', 'Souvenir Shop', 'First Aid Station', 'Luggage Storage', 'city passes', 'luggage storage', 'self-guided tours', 'photo spots', 'guided photo tours', 'charging stations', 'wheelchair rental', 'benches/rest areas']"
64,Bogota,Colombia,Theme Park/Amusement Park,Cumbia Sky Adventure,"Cumbia Sky Adventure is a theme park in Bogota, Colombia, popular for its memorable experiences. Entry fee is 23.37 USD. Recommended visit: 8 hours. Discover Cumbia Sky Adventure, a notable theme park in Bogota, Colombia, ideal for visitors. Open 09:00-18:00, entry 23.37 USD.",23.37,09:00-18:00,8 hours,3.75,"282/4 Sukhumvit Road, Khlong Tan Nuea, Bogota",4.617223774809537,-74.20105617156017,"['fast-paced budget travel', 'solo women', 'foodie']","['Restrooms', 'Information Desk', 'Restaurant', 'Souvenir Shop', 'First Aid Station', 'Luggage Storage', 'city passes', 'luggage storage', 'self-guided tours', 'group tours', 'security', 'Food markets', 'tasting tours']"
65,Bogota,Colombia,Theme Park/Amusement Park,Andes Quest Adventure Pass,"Andes Quest Adventure Pass is a theme park in Bogota, Colombia, popular for its memorable experiences. Entry fee is 67.2 USD. Recommended visit: 8 hours. Discover Andes Quest Adventure Pass, a notable theme park in Bogota, Colombia, ideal for visitors. Open 08:30-17:30, entry 67.2 USD.",67.2,08:30-17:30,8 hours,3.75,"156 Queen's Road Central, Bogota",4.6392811586893625,-74.17644495907126,"['nightlife enthusiast', 'fast-paced budget travel', 'road trip']","['Restrooms', 'Information Desk', 'Restaurant', 'Souvenir Shop', 'First Aid Station', 'Luggage Storage', 'night markets', 'bars', 'evening shows', 'city passes', 'luggage storage', 'self-guided tours', 'parking']"
66,Bogota,Colombia,Theme Park/Amusement Park,Cumbia Jungle Adventure Park,"Cumbia Jungle Adventure Park is a theme park in Bogota, Colombia, popular for its memorable experiences. Entry fee is 5.52 USD. Recommended visit: 6 hours. Discover Cumbia Jungle Adventure Park, a notable theme park in Bogota, Colombia, ideal for visitors. Open 09:00-17:30, entry 5.52 USD.",5.52,09:00-17:30,6 hours,3.75,"338 Suthep Road, Bogota",4.669921038095327,-74.0899745677778,"['nightlife enthusiast', 'couples trip', 'business travelers']","['Restrooms', 'Information Desk', 'Restaurant', 'Souvenir Shop', 'First Aid Station', 'Luggage Storage', 'night markets', 'bars', 'evening shows', 'scenic spots', 'sunset cruises', 'special couples experiences', 'High speed WiFi']"
67,Bogota,Colombia,Theme Park/Amusement Park,Echoes of the Andes 2025,"Echoes of the Andes 2025 is a theme park in Bogota, Colombia, popular for its memorable experiences. Entry fee is 6.56 USD. Recommended visit: 6 hours. Discover Echoes of the Andes 2025, a notable theme park in Bogota, Colombia, ideal for visitors. Open 10:00-19:00, entry 6.56 USD.",6.56,10:00-19:00,6 hours,3.75,"884 Seaside Avenue, Bogota",4.529730686411125,-74.11058206158305,"['with children', 'solo women', 'foodie']","['Restrooms', 'Information Desk', 'Restaurant', 'Souvenir Shop', 'First Aid Station', 'Luggage Storage', 'family restrooms', 'Nursing facilities', 'group tours', 'security', 'Food markets', 'tasting tours']"
68,Bogota,Colombia,Theme Park/Amusement Park,Cumbia Skyride Adventure,"Cumbia Skyride Adventure is a theme park in Bogota, Colombia, popular for its memorable experiences. Entry fee is 31.01 USD. Recommended visit: 7 hours. Discover Cumbia Skyride Adventure, a notable theme park in Bogota, Colombia, ideal for visitors. Open 09:00-21:00, entry 31.01 USD.",31.01,09:00-21:00,7 hours,3.75,"557 Shiroiwa Street, Bogota",4.69494392991462,-74.0258271595455,"['nightlife enthusiast', 'disabled traveler', 'elderly travelers']","['Restrooms', 'Information Desk', 'Restaurant', 'Souvenir Shop', 'First Aid Station', 'Luggage Storage', 'night markets', 'bars', 'evening shows', 'ramps', 'elevators', 'wheelchair rentals', 'accessible restrooms', 'wheelchair rental', 'benches/rest areas']"
69,Bogota,Colombia,Theme Park/Amusement Park,Luz del Ande Adventure Park,"Luz del Ande Adventure Park is a theme park in Bogota, Colombia, popular for its memorable experiences. Entry fee is 22.56 USD. Recommended visit: 8 hours. Discover Luz del Ande Adventure Park, a notable theme park in Bogota, Colombia, ideal for visitors. Open 10:00-22:00, entry 22.56 USD.",22.56,10:00-22:00,8 hours,3.75,"No. 456, Xueyuan Road, Bogota",4.823685684729707,-74.0522663987117,"['couples trip', 'luxury travelers']","['Restrooms', 'Information Desk', 'Restaurant', 'Souvenir Shop', 'First Aid Station', 'Luggage Storage', 'scenic spots', 'sunset cruises', 'special couples experiences', 'private tours', 'skip the line passes', 'VIP exclusive events']"
70,Bogota,Colombia,Theme Park/Amusement Park,Andes Skyline Adventure,"Andes Skyline Adventure is a theme park in Bogota, Colombia, popular for its memorable experiences. Entry fee is 171.36 USD. Recommended visit: 8 hours. Discover Andes Skyline Adventure, a notable theme park in Bogota, Colombia, ideal for visitors. Open 20:00-05:00, entry 171.36 USD.",171.36,20:00-05:00,8 hours,3.75,"No. 58, Olympic Road, Bogota",4.663081687271174,-74.05798133257515,"['fast-paced budget travel', 'foodie']","['Restrooms', 'Information Desk', 'Restaurant', 'Souvenir Shop', 'First Aid Station', 'Luggage Storage', 'city passes', 'luggage storage', 'self-guided tours', 'Food markets', 'tasting tours']"
71,Bogota,Colombia,Theme Park/Amusement Park,Cumbia Luminosa Adventure Park,"Cumbia Luminosa Adventure Park is a theme park in Bogota, Colombia, popular for its memorable experiences. Entry fee is 59.69 USD. Recommended visit: 7 hours. Discover Cumbia Luminosa Adventure Park, a notable theme park in Bogota, Colombia, ideal for visitors. Open 10:00-22:00, entry 59.69 USD.",59.69,10:00-22:00,7 hours,3.75,"191 Sakura Street, Bogota",4.695664896987037,-74.05677387225342,"['nightlife enthusiast', 'fast-paced budget travel', 'road trip']","['Restrooms', 'Information Desk', 'Restaurant', 'Souvenir Shop', 'First Aid Station', 'Luggage Storage', 'night markets', 'bars', 'evening shows', 'city passes', 'luggage storage', 'self-guided tours', 'parking']"
72,Bogota,Colombia,Theme Park/Amusement Park,Andean Night Journey,"Andean Night Journey is a theme park in Bogota, Colombia, popular for its memorable experiences. Entry fee is 26.46 USD. Recommended visit: 7 hours. Discover Andean Night Journey, a notable theme park in Bogota, Colombia, ideal for visitors. Open 09:00-20:00, entry 26.46 USD.",26.46,09:00-20:00,7 hours,3.75,"552 Chalong Road, Bogota",4.598322392245358,-74.06573435394273,"['with children', 'foodie']","['Restrooms', 'Information Desk', 'Restaurant', 'Souvenir Shop', 'First Aid Station', 'Luggage Storage', 'family restrooms', 'Nursing facilities', 'Food markets', 'tasting tours']"
73,Bogota,Colombia,Theme Park/Amusement Park,Cumbia Vortex Entertainment Hub,"Cumbia Vortex Entertainment Hub is a theme park in Bogota, Colombia, popular for its memorable experiences. Entry fee is 29.85 USD. Recommended visit: 7 hours. Discover Cumbia Vortex Entertainment Hub, a notable theme park in Bogota, Colombia, ideal for visitors. Open 09:30-17:00, entry 29.85 USD.",29.85,09:30-17:00,7 hours,3.75,"No. 456 Riverside Lane, Zhongshan District, Bogota",4.817452244580991,-74.06692915496576,"['nightlife enthusiast', 'with children', 'luxury travelers']","['Restrooms', 'Information Desk', 'Restaurant', 'Souvenir Shop', 'First Aid Station', 'Luggage Storage', 'night markets', 'bars', 'evening shows', 'family restrooms', 'Nursing facilities', 'private tours', 'skip the line passes', 'VIP exclusive events']"
74,Bogota,Colombia,Theme Park/Amusement Park,Andes Quest Adventure Park,"Andes Quest Adventure Park is a theme park in Bogota, Colombia, popular for its memorable experiences. Entry fee is 6.99 USD. Recommended visit: 6 hours. Discover Andes Quest Adventure Park, a notable theme park in Bogota, Colombia, ideal for visitors. Open 10:00-20:00, entry 6.99 USD.",6.99,10:00-20:00,6 hours,3.75,"261 Sakura Street, Naka-ku, Bogota",4.760742343232852,-74.0696936284735,"['photography', 'couples trip', 'luxury travelers']","['Restrooms', 'Information Desk', 'Restaurant', 'Souvenir Shop', 'First Aid Station', 'Luggage Storage', 'photo spots', 'guided photo tours', 'charging stations', 'scenic spots', 'sunset cruises', 'special couples experiences', 'private tours', 'skip the line passes', 'VIP exclusive events']"
75,Bogota,Colombia,Theme Park/Amusement Park,Cumbia Skyline Adventure Line,"Cumbia Skyline Adventure Line is a theme park in Bogota, Colombia, popular for its memorable experiences. Entry fee is 37.52 USD. Recommended visit: 6 hours. Discover Cumbia Skyline Adventure Line, a notable theme park in Bogota, Colombia, ideal for visitors. Open 09:00-18:00, entry 37.52 USD.",37.52,09:00-18:00,6 hours,3.75,"No. 456, Cultural Square, Haizhu District, Bogota",4.539677502490892,-74.1154001989627,"['fast-paced budget travel', 'with pets', 'disabled traveler']","['Restrooms', 'Information Desk', 'Restaurant', 'Souvenir Shop', 'First Aid Station', 'Luggage Storage', 'city passes', 'luggage storage', 'self-guided tours', 'Pet-friendly', 'pet water stations', 'Pet rest area', 'ramps', 'elevators', 'wheelchair rentals', 'accessible restrooms']"
76,Bogota,Colombia,Theme Park/Amusement Park,SkyDrive Bogota Adventure Park,"SkyDrive Bogota Adventure Park is a theme park in Bogota, Colombia, popular for its memorable experiences. Entry fee is 35.0 USD. Recommended visit: 7 hours. Discover SkyDrive Bogota Adventure Park, a notable theme park in Bogota, Colombia, ideal for visitors. Open 08:30-17:00, entry 35.0 USD.",35.0,08:30-17:00,7 hours,3.75,"636 Shibuya Digital Plaza, Shibuya, Bogota",4.7330455889164975,-74.12502384484573,"['with children', 'couples trip', 'foodie']","['Restrooms', 'Information Desk', 'Restaurant', 'Souvenir Shop', 'First Aid Station', 'Luggage Storage', 'family restrooms', 'Nursing facilities', 'scenic spots', 'sunset cruises', 'special couples experiences', 'Food markets', 'tasting tours']"
77,Bogota,Colombia,Theme Park/Amusement Park,Andean Mirage Park,"Andean Mirage Park is a theme park in Bogota, Colombia, popular for its memorable experiences. Entry fee is 22.09 USD. Recommended visit: 8 hours. Discover Andean Mirage Park, a notable theme park in Bogota, Colombia, ideal for visitors. Open 09:00-17:30, entry 22.09 USD.",22.09,09:00-17:30,8 hours,3.75,"526 Shinko Street, Chuo Ward, Bogota",4.727027590047082,-74.11429403867496,"['with children', 'foodie', 'business travelers']","['Restrooms', 'Information Desk', 'Restaurant', 'Souvenir Shop', 'First Aid Station', 'Luggage Storage', 'family restrooms', 'Nursing facilities', 'Food markets', 'tasting tours', 'High speed WiFi']"
78,Bogota,Colombia,Theme Park/Amusement Park,Cerro de Pasco Baseball Adventure | Colombian Lions Lower Level Infield Experience | Includes Official Team Towel,"Cerro de Pasco Baseball Adventure | Colombian Lions Lower Level Infield Experience | Includes Official Team Towel is a theme park in Bogota, Colombia, popular for its memorable experiences. Entry fee is 41.86 USD. Recommended visit: 8 hours. Discover Cerro de Pasco Baseball Adventure | Colombian Lions Lower Level Infield Experience | Includes Official Team Towel, a notable theme park in Bogota, Colombia, ideal for visitors. Open 10:00-20:00, entry 41.86 USD.",41.86,10:00-20:00,8 hours,3.75,"976 Sakura Street, Naka-ku, Bogota",4.560094290065499,-74.1382213658022,"['fast-paced budget travel', 'foodie', 'luxury travelers']","['Restrooms', 'Information Desk', 'Restaurant', 'Souvenir Shop', 'First Aid Station', 'Luggage Storage', 'city passes', 'luggage storage', 'self-guided tours', 'Food markets', 'tasting tours', 'private tours', 'skip the line passes', 'VIP exclusive events']"
79,Bogota,Colombia,Theme Park/Amusement Park,Andes Wild Quest,"Andes Wild Quest is a theme park in Bogota, Colombia, popular for its memorable experiences. Entry fee is 15.24 USD. Recommended visit: 7 hours. Discover Andes Wild Quest, a notable theme park in Bogota, Colombia, ideal for visitors. Open 10:00-21:00, entry 15.24 USD.",15.24,10:00-21:00,7 hours,3.75,"878 Shimbashi Park, Minato City, Bogota",4.713296057955637,-74.11206253537598,"['photography', 'disabled traveler']","['Restrooms', 'Information Desk', 'Restaurant', 'Souvenir Shop', 'First Aid Station', 'Luggage Storage', 'photo spots', 'guided photo tours', 'charging stations', 'ramps', 'elevators', 'wheelchair rentals', 'accessible restrooms']"
80,Bogota,Colombia,Theme Park/Amusement Park,Cumbia Skyline Adventure No.2,"Cumbia Skyline Adventure is a theme park in Bogota, Colombia, popular for its memorable experiences. Entry fee is 19.55 USD. Recommended visit: 7 hours. Discover Cumbia Skyline Adventure, a notable theme park in Bogota, Colombia, ideal for visitors. Open 09:00-17:30, entry 19.55 USD.",19.55,09:00-17:30,7 hours,3.75,"No. 456, Hengshan Road, Bogota",4.659772343351119,-74.14757512255827,"['solo women', 'elderly travelers', 'business travelers']","['Restrooms', 'Information Desk', 'Restaurant', 'Souvenir Shop', 'First Aid Station', 'Luggage Storage', 'group tours', 'security', 'wheelchair rental', 'benches/rest areas', 'High speed WiFi']"
81,Bogota,Colombia,Theme Park/Amusement Park,Bogotá Horizon: Echoes of the Future,"Bogotá Horizon: Echoes of the Future is a theme park in Bogota, Colombia, popular for its memorable experiences. Entry fee is 12.7 USD. Recommended visit: 8 hours. Discover Bogotá Horizon: Echoes of the Future, a notable theme park in Bogota, Colombia, ideal for visitors. Open 09:00-18:00, entry 12.7 USD.",12.7,09:00-18:00,8 hours,3.75,"703 Shinsaibashi Street, Chuo Ward, Bogota",4.59698331147451,-74.1681054535509,"['with children', 'couples trip', 'luxury travelers']","['Restrooms', 'Information Desk', 'Restaurant', 'Souvenir Shop', 'First Aid Station', 'Luggage Storage', 'family restrooms', 'Nursing facilities', 'scenic spots', 'sunset cruises', 'special couples experiences', 'private tours', 'skip the line passes', 'VIP exclusive events']"
82,Bogota,Colombia,Theme Park/Amusement Park,Colorful Quest Adventure,"Colorful Quest Adventure is a theme park in Bogota, Colombia, popular for its memorable experiences. Entry fee is 20.67 USD. Recommended visit: 7 hours. Discover Colorful Quest Adventure, a notable theme park in Bogota, Colombia, ideal for visitors. Open 09:00-17:30, entry 20.67 USD.",20.67,09:00-17:30,7 hours,3.75,"156 Victoria Harbour Road, Bogota",4.619724814721143,-74.08012121926197,"['with children', 'photography', 'foodie']","['Restrooms', 'Information Desk', 'Restaurant', 'Souvenir Shop', 'First Aid Station', 'Luggage Storage', 'family restrooms', 'Nursing facilities', 'photo spots', 'guided photo tours', 'charging stations', 'Food markets', 'tasting tours']"
83,Bogota,Colombia,Theme Park/Amusement Park,Andes Aqua Adventure,"Andes Aqua Adventure is a theme park in Bogota, Colombia, popular for its memorable experiences. Entry fee is 0.37 USD. Recommended visit: 6 hours. Discover Andes Aqua Adventure, a notable theme park in Bogota, Colombia, ideal for visitors. Open 09:00-17:30, entry 0.37 USD.",0.37,09:00-17:30,6 hours,3.75,"No. 456, Xingcheng Road, Bogota",4.624721508711393,-74.15211278165081,"['solo women', 'road trip']","['Restrooms', 'Information Desk', 'Restaurant', 'Souvenir Shop', 'First Aid Station', 'Luggage Storage', 'group tours', 'security', 'parking']"
84,Bogota,Colombia,Theme Park/Amusement Park,Andes Adventure Realm,"Andes Adventure Realm is a theme park in Bogota, Colombia, popular for its memorable experiences. Entry fee is 1654.66 USD. Recommended visit: 8 hours. Discover Andes Adventure Realm, a notable theme park in Bogota, Colombia, ideal for visitors. Open 08:00-22:00, entry 1654.66 USD.",1654.66,08:00-22:00,8 hours,3.75,"No. 456, Zhongshan Road, Bogota",4.540372675997196,-74.0845364114864,"['foodie', 'business travelers']","['Restrooms', 'Information Desk', 'Restaurant', 'Souvenir Shop', 'First Aid Station', 'Luggage Storage', 'Food markets', 'tasting tours', 'High speed WiFi']"
85,Bogota,Colombia,Theme Park/Amusement Park,Cumbia Viva Adventure Park,"Cumbia Viva Adventure Park is a theme park in Bogota, Colombia, popular for its memorable experiences. Entry fee is 13.72 USD. Recommended visit: 7 hours. Discover Cumbia Viva Adventure Park, a notable theme park in Bogota, Colombia, ideal for visitors. Open 08:00-23:00, entry 13.72 USD.",13.72,08:00-23:00,7 hours,3.75,"No. 48, Taiping Road, Bogota",4.717332865480835,-74.15390750052995,"['nightlife enthusiast', 'road trip', 'business travelers']","['Restrooms', 'Information Desk', 'Restaurant', 'Souvenir Shop', 'First Aid Station', 'Luggage Storage', 'night markets', 'bars', 'evening shows', 'parking', 'High speed WiFi']"
86,Bogota,Colombia,Theme Park/Amusement Park,Cumbia Cosmic Adventure,"Cumbia Cosmic Adventure is a theme park in Bogota, Colombia, popular for its memorable experiences. Entry fee is 11.89 USD. Recommended visit: 8 hours. Discover Cumbia Cosmic Adventure, a notable theme park in Bogota, Colombia, ideal for visitors. Open 10:00-22:00, entry 11.89 USD.",11.89,10:00-22:00,8 hours,3.75,"No. 456 Riverside Avenue, Bogota",4.7403678393551,-74.06359854104021,"['with children', 'fast-paced budget travel', 'business travelers']","['Restrooms', 'Information Desk', 'Restaurant', 'Souvenir Shop', 'First Aid Station', 'Luggage Storage', 'family restrooms', 'Nursing facilities', 'city passes', 'luggage storage', 'self-guided tours', 'High speed WiFi']"
87,Bogota,Colombia,Theme Park/Amusement Park,Bogota Build & Play,"Bogota Build & Play is a theme park in Bogota, Colombia, popular for its memorable experiences. Entry fee is 24.66 USD. Recommended visit: 6 hours. Discover Bogota Build & Play, a notable theme park in Bogota, Colombia, ideal for visitors. Open 10:00-22:00, entry 24.66 USD.",24.66,10:00-22:00,6 hours,3.75,"468 Victoria Street, Bogota",4.6188738310006725,-74.13924300120276,"['luxury travelers', 'foodie', 'business travelers']","['Restrooms', 'Information Desk', 'Restaurant', 'Souvenir Shop', 'First Aid Station', 'Luggage Storage', 'private tours', 'skip the line passes', 'VIP exclusive events', 'Food markets', 'tasting tours', 'High speed WiFi']"
88,Bogota,Colombia,Theme Park/Amusement Park,Casa del Arte Viva,"Casa del Arte Viva is a theme park in Bogota, Colombia, popular for its memorable experiences. Entry fee is 16.79 USD. Recommended visit: 6 hours. Discover Casa del Arte Viva, a notable theme park in Bogota, Colombia, ideal for visitors. Open 09:30-21:00, entry 16.79 USD.",16.79,09:30-21:00,6 hours,3.75,"104 Shimbashi Skyline, Minato City, Bogota",4.554556551437182,-74.10591234602632,"['nightlife enthusiast', 'photography', 'luxury travelers']","['Restrooms', 'Information Desk', 'Restaurant', 'Souvenir Shop', 'First Aid Station', 'Luggage Storage', 'night markets', 'bars', 'evening shows', 'photo spots', 'guided photo tours', 'charging stations', 'private tours', 'skip the line passes', 'VIP exclusive events']"
89,Bogota,Colombia,Theme Park/Amusement Park,Cumbia Sky Adventure Park,"Cumbia Sky Adventure Park is a theme park in Bogota, Colombia, popular for its memorable experiences. Entry fee is 4.06 USD. Recommended visit: 6 hours. Discover Cumbia Sky Adventure Park, a notable theme park in Bogota, Colombia, ideal for visitors. Open 10:00-22:00, entry 4.06 USD.",4.06,10:00-22:00,6 hours,3.75,"156 Nathan Road, Bogota",4.61762266057591,-74.11361452707426,"['with children', 'fast-paced budget travel', 'photography']","['Restrooms', 'Information Desk', 'Restaurant', 'Souvenir Shop', 'First Aid Station', 'Luggage Storage', 'family restrooms', 'Nursing facilities', 'city passes', 'luggage storage', 'self-guided tours', 'photo spots', 'guided photo tours', 'charging stations']"
90,Bogota,Colombia,Theme Park/Amusement Park,Lago de Colores,"Lago de Colores is a theme park in Bogota, Colombia, popular for its memorable experiences. Entry fee is 39.62 USD. Recommended visit: 8 hours. Discover Lago de Colores, a notable theme park in Bogota, Colombia, ideal for visitors. Open 10:00-19:00, entry 39.62 USD.",39.62,10:00-19:00,8 hours,3.75,"454-897 Kitahama Street, Bogota",4.626515808486143,-74.15240321138533,"['solo women', 'with pets']","['Restrooms', 'Information Desk', 'Restaurant', 'Souvenir Shop', 'First Aid Station', 'Luggage Storage', 'group tours', 'security', 'Pet-friendly', 'pet water stations', 'Pet rest area']"
91,Bogota,Colombia,Historic Site/Landmark,Cerro del Soberano Panorama,"Cerro del Soberano Panorama is a historic site in Bogota, Colombia, popular for its memorable experiences. Entry fee is 114.46 USD. Recommended visit: 2 hours. Discover Cerro del Soberano Panorama, a notable historic site in Bogota, Colombia, ideal for visitors. Open 08:30-17:00, entry 114.46 USD.",114.46,08:30-17:00,2 hours,3.5,"No. 15, Yuyuantan Road, Bogota",4.7531241921215015,-74.03452408593839,"['photography', 'road trip']","['Restrooms', 'Information Desk', 'Restaurant', 'Souvenir Shop', 'First Aid Station', 'Luggage Storage', 'photo spots', 'guided photo tours', 'charging stations', 'parking']"
92,Bogota,Colombia,Historic Site/Landmark,Cerro de las Memorias Cultural Center,"Cerro de las Memorias Cultural Center is a historic site in Bogota, Colombia, popular for its memorable experiences. Entry fee is 24.92 USD. Recommended visit: 2 hours. Discover Cerro de las Memorias Cultural Center, a notable historic site in Bogota, Colombia, ideal for visitors. Open 08:30-19:00, entry 24.92 USD.",24.92,08:30-19:00,2 hours,3.5,"721-8745 Sapporo City, Nishi 1-chome, Bogota",4.742542907666925,-74.0198592418882,['elderly travelers'],"['Restrooms', 'Information Desk', 'Restaurant', 'Souvenir Shop', 'First Aid Station', 'Luggage Storage', 'wheelchair rental', 'benches/rest areas']"
93,Bogota,Colombia,Historic Site/Landmark,Cerro de las Memorias,"Cerro de las Memorias is a historic site in Bogota, Colombia, popular for its memorable experiences. Entry fee is 29.19 USD. Recommended visit: 2 hours. Discover Cerro de las Memorias, a notable historic site in Bogota, Colombia, ideal for visitors. Open 08:30-17:30, entry 29.19 USD.",29.19,08:30-17:30,2 hours,3.5,"887 Thaweewong Road, Bogota",4.695914446501885,-74.07741745449668,['couples trip'],"['Restrooms', 'Information Desk', 'Restaurant', 'Souvenir Shop', 'First Aid Station', 'Luggage Storage', 'scenic spots', 'sunset cruises', 'special couples experiences']"
94,Bogota,Colombia,Historic Site/Landmark,Echoes of the Colonial Era Tour,"Echoes of the Colonial Era Tour is a historic site in Bogota, Colombia, popular for its memorable experiences. Entry fee is 5.38 USD. Recommended visit: 2 hours. Discover Echoes of the Colonial Era Tour, a notable historic site in Bogota, Colombia, ideal for visitors. Open 09:30-17:00, entry 5.38 USD.",5.38,09:30-17:00,2 hours,3.5,"628 Sakura Street, Nishi Ward, Bogota",4.693239870679388,-74.16658695254053,"['with children', 'solo women', 'road trip']","['Restrooms', 'Information Desk', 'Restaurant', 'Souvenir Shop', 'First Aid Station', 'Luggage Storage', 'family restrooms', 'Nursing facilities', 'group tours', 'security', 'parking']"
95,Bogota,Colombia,Historic Site/Landmark,Echoes of the Andes Museum,"Echoes of the Andes Museum is a historic site in Bogota, Colombia, popular for its memorable experiences. Entry fee is 0.0 USD. Recommended visit: 2 hours. Discover Echoes of the Andes Museum, a notable historic site in Bogota, Colombia, ideal for visitors. Open 19:30-22:30, entry 0.0 USD.",0.0,19:30-22:30,2 hours,3.5,"842 Seaside Promenade, Bogota",4.732004311494922,-74.10240376658152,['couples trip'],"['Restrooms', 'Information Desk', 'Restaurant', 'Souvenir Shop', 'First Aid Station', 'Luggage Storage', 'scenic spots', 'sunset cruises', 'special couples experiences']"
96,Bogota,Colombia,Historic Site/Landmark,Echoes of the Andes Cultural Hub,"Echoes of the Andes Cultural Hub is a historic site in Bogota, Colombia, popular for its memorable experiences. Entry fee is 16.97 USD. Recommended visit: 2 hours. Discover Echoes of the Andes Cultural Hub, a notable historic site in Bogota, Colombia, ideal for visitors. Open 08:00-18:00, entry 16.97 USD.",16.97,08:00-18:00,2 hours,3.5,"No. 456 Green Valley Road, Bogota",4.668934063669772,-74.1298766795722,"['solo women', 'photography', 'disabled traveler']","['Restrooms', 'Information Desk', 'Restaurant', 'Souvenir Shop', 'First Aid Station', 'Luggage Storage', 'group tours', 'security', 'photo spots', 'guided photo tours', 'charging stations', 'ramps', 'elevators', 'wheelchair rentals', 'accessible restrooms']"
97,Bogota,Colombia,Historic Site/Landmark,Calle de las Memorias,"Calle de las Memorias is a historic site in Bogota, Colombia, popular for its memorable experiences. Entry fee is 7.0 USD. Recommended visit: 2 hours. Discover Calle de las Memorias, a notable historic site in Bogota, Colombia, ideal for visitors. Open 09:00-17:00, entry 7.0 USD.",7.0,09:00-17:00,2 hours,3.5,"750 Jurong East Avenue 6, Bogota",4.711470343318836,-74.10739087987336,"['elderly travelers', 'with pets', 'disabled traveler']","['Restrooms', 'Information Desk', 'Restaurant', 'Souvenir Shop', 'First Aid Station', 'Luggage Storage', 'wheelchair rental', 'benches/rest areas', 'Pet-friendly', 'pet water stations', 'Pet rest area', 'ramps', 'elevators', 'wheelchair rentals', 'accessible restrooms']"
98,Bogota,Colombia,Historic Site/Landmark,Cumbre Vista Wheel,"Cumbre Vista Wheel is a historic site in Bogota, Colombia, popular for its memorable experiences. Entry fee is 6.85 USD. Recommended visit: 2 hours. Discover Cumbre Vista Wheel, a notable historic site in Bogota, Colombia, ideal for visitors. Open 09:00-21:00, entry 6.85 USD.",6.85,09:00-21:00,2 hours,3.5,"621 Sakura Street, Bogota",4.711194813464482,-74.15351221186044,"['with pets', 'photography', 'disabled traveler']","['Restrooms', 'Information Desk', 'Restaurant', 'Souvenir Shop', 'First Aid Station', 'Luggage Storage', 'Pet-friendly', 'pet water stations', 'Pet rest area', 'photo spots', 'guided photo tours', 'charging stations', 'ramps', 'elevators', 'wheelchair rentals', 'accessible restrooms']"
99,Bogota,Colombia,Historic Site/Landmark,Skywalks of San Francisco Hill,"Skywalks of San Francisco Hill is a historic site in Bogota, Colombia, popular for its memorable experiences. Entry fee is 50.54 USD. Recommended visit: 2 hours. Discover Skywalks of San Francisco Hill, a notable historic site in Bogota, Colombia, ideal for visitors. Open 09:00-18:00, entry 50.54 USD.",50.54,09:00-18:00,2 hours,3.5,"812 Tanjong Pagar Road, Bogota",4.670592863494877,-74.12722886740987,"['nightlife enthusiast', 'with pets', 'couples trip']","['Restrooms', 'Information Desk', 'Restaurant', 'Souvenir Shop', 'First Aid Station', 'Luggage Storage', 'night markets', 'bars', 'evening shows', 'Pet-friendly', 'pet water stations', 'Pet rest area', 'scenic spots', 'sunset cruises', 'special couples experiences']"
100,Bogota,Colombia,Historic Site/Landmark,Cerro del Sol Panoramic Viewpoint,"Cerro del Sol Panoramic Viewpoint is a historic site in Bogota, Colombia, popular for its memorable experiences. Entry fee is 5.6 USD. Recommended visit: 2 hours. Discover Cerro del Sol Panoramic Viewpoint, a notable historic site in Bogota, Colombia, ideal for visitors. Open 08:30-17:00, entry 5.6 USD.",5.6,08:30-17:00,2 hours,3.5,"No. 188, Yuyuantong Street, Chaoyang District, Bogota",4.724652622056228,-74.11660911670704,"['nightlife enthusiast', 'with pets', 'elderly travelers']","['Restrooms', 'Information Desk', 'Restaurant', 'Souvenir Shop', 'First Aid Station', 'Luggage Storage', 'night markets', 'bars', 'evening shows', 'Pet-friendly', 'pet water stations', 'Pet rest area', 'wheelchair rental', 'benches/rest areas']"
101,Bogota,Colombia,Historic Site/Landmark,Cerro de la Cruz Observation Deck,"Cerro de la Cruz Observation Deck is a historic site in Bogota, Colombia, popular for its memorable experiences. Entry fee is 12.6 USD. Recommended visit: 2 hours. Discover Cerro de la Cruz Observation Deck, a notable historic site in Bogota, Colombia, ideal for visitors. Open 08:30-17:30, entry 12.6 USD.",12.6,08:30-17:30,2 hours,3.5,"601-8901 Shibuya, Bogota",4.660181475025005,-74.13615476561887,"['fast-paced budget travel', 'photography', 'road trip']","['Restrooms', 'Information Desk', 'Restaurant', 'Souvenir Shop', 'First Aid Station', 'Luggage Storage', 'city passes', 'luggage storage', 'self-guided tours', 'photo spots', 'guided photo tours', 'charging stations', 'parking']"
102,Bogota,Colombia,Historic Site/Landmark,Cerro del Sol Cultural Center,"Cerro del Sol Cultural Center is a historic site in Bogota, Colombia, popular for its memorable experiences. Entry fee is 10.59 USD. Recommended visit: 2 hours. Discover Cerro del Sol Cultural Center, a notable historic site in Bogota, Colombia, ideal for visitors. Open 08:30-17:30, entry 10.59 USD.",10.59,08:30-17:30,2 hours,3.5,"616 Sakura Street, Bogota",4.593194398636862,-74.09159101760751,"['with pets', 'disabled traveler', 'business travelers']","['Restrooms', 'Information Desk', 'Restaurant', 'Souvenir Shop', 'First Aid Station', 'Luggage Storage', 'Pet-friendly', 'pet water stations', 'Pet rest area', 'ramps', 'elevators', 'wheelchair rentals', 'accessible restrooms', 'High speed WiFi']"
103,Bogota,Colombia,Historic Site/Landmark,Echoes of the Andes Heritage Walk,"Echoes of the Andes Heritage Walk is a historic site in Bogota, Colombia, popular for its memorable experiences. Entry fee is 4.2 USD. Recommended visit: 2 hours. Discover Echoes of the Andes Heritage Walk, a notable historic site in Bogota, Colombia, ideal for visitors. Open 09:00-22:00, entry 4.2 USD.",4.2,09:00-22:00,2 hours,3.5,"408 Seaside Promenade, Bogota",4.748248534639579,-74.04386165769291,"['fast-paced budget travel', 'couples trip', 'disabled traveler']","['Restrooms', 'Information Desk', 'Restaurant', 'Souvenir Shop', 'First Aid Station', 'Luggage Storage', 'city passes', 'luggage storage', 'self-guided tours', 'scenic spots', 'sunset cruises', 'special couples experiences', 'ramps', 'elevators', 'wheelchair rentals', 'accessible restrooms']"
104,Bogota,Colombia,Historic Site/Landmark,Cerro de los Recuerdos Cultural Center,"Cerro de los Recuerdos Cultural Center is a historic site in Bogota, Colombia, popular for its memorable experiences. Entry fee is 42.0 USD. Recommended visit: 2 hours. Discover Cerro de los Recuerdos Cultural Center, a notable historic site in Bogota, Colombia, ideal for visitors. Open 08:30-17:00, entry 42.0 USD.",42.0,08:30-17:00,2 hours,3.5,"No. 456, Xingcheng Road, Bogota",4.648530143114372,-74.0842749203911,"['with pets', 'luxury travelers', 'elderly travelers']","['Restrooms', 'Information Desk', 'Restaurant', 'Souvenir Shop', 'First Aid Station', 'Luggage Storage', 'Pet-friendly', 'pet water stations', 'Pet rest area', 'private tours', 'skip the line passes', 'VIP exclusive events', 'wheelchair rental', 'benches/rest areas']"
105,Bogota,Colombia,Historic Site/Landmark,Cerro de los Andes Heritage Walk,"Cerro de los Andes Heritage Walk is a historic site in Bogota, Colombia, popular for its memorable experiences. Entry fee is 26.79 USD. Recommended visit: 2 hours. Discover Cerro de los Andes Heritage Walk, a notable historic site in Bogota, Colombia, ideal for visitors. Open 09:00-17:30, entry 26.79 USD.",26.79,09:00-17:30,2 hours,3.5,"683-8 Shimbashi, Minato City, Bogota",4.5711200270032695,-74.09847151852254,"['foodie', 'couples trip', 'luxury travelers']","['Restrooms', 'Information Desk', 'Restaurant', 'Souvenir Shop', 'First Aid Station', 'Luggage Storage', 'Food markets', 'tasting tours', 'scenic spots', 'sunset cruises', 'special couples experiences', 'private tours', 'skip the line passes', 'VIP exclusive events']"
106,Bogota,Colombia,Historic Site/Landmark,Andean Heritage Pavilion,"Andean Heritage Pavilion is a historic site in Bogota, Colombia, popular for its memorable experiences. Entry fee is 13.36 USD. Recommended visit: 2 hours. Discover Andean Heritage Pavilion, a notable historic site in Bogota, Colombia, ideal for visitors. Open 10:00-22:00, entry 13.36 USD.",13.36,10:00-22:00,2 hours,3.5,"332 Jurong East Street 62, Bogota",4.72425138847956,-74.0712551986168,"['fast-paced budget travel', 'disabled traveler', 'business travelers']","['Restrooms', 'Information Desk', 'Restaurant', 'Souvenir Shop', 'First Aid Station', 'Luggage Storage', 'city passes', 'luggage storage', 'self-guided tours', 'ramps', 'elevators', 'wheelchair rentals', 'accessible restrooms', 'High speed WiFi']"
107,Bogota,Colombia,Historic Site/Landmark,Cielo Vista 61,"Cielo Vista 61 is a historic site in Bogota, Colombia, popular for its memorable experiences. Entry fee is 2.79 USD. Recommended visit: 2 hours. Discover Cielo Vista 61, a notable historic site in Bogota, Colombia, ideal for visitors. Open 09:00-17:00, entry 2.79 USD.",2.79,09:00-17:00,2 hours,3.5,"No. 456, Xiamen Cultural Street, Bogota",4.612916953980766,-74.15107099980247,"['nightlife enthusiast', 'with pets', 'luxury travelers']","['Restrooms', 'Information Desk', 'Restaurant', 'Souvenir Shop', 'First Aid Station', 'Luggage Storage', 'night markets', 'bars', 'evening shows', 'Pet-friendly', 'pet water stations', 'Pet rest area', 'private tours', 'skip the line passes', 'VIP exclusive events']"
108,Bogota,Colombia,Historic Site/Landmark,Cerro de las Memorias No.2,"Cerro de las Memorias is a historic site in Bogota, Colombia, popular for its memorable experiences. Entry fee is 78.46 USD. Recommended visit: 2 hours. Discover Cerro de las Memorias, a notable historic site in Bogota, Colombia, ideal for visitors. Open 10:00-19:00, entry 78.46 USD.",78.46,10:00-19:00,2 hours,3.5,"637 Gwanghwamun Street, Bogota",4.660370907026143,-74.10547473021404,"['nightlife enthusiast', 'solo women', 'couples trip']","['Restrooms', 'Information Desk', 'Restaurant', 'Souvenir Shop', 'First Aid Station', 'Luggage Storage', 'night markets', 'bars', 'evening shows', 'group tours', 'security', 'scenic spots', 'sunset cruises', 'special couples experiences']"
109,Bogota,Colombia,Historic Site/Landmark,Cumbre Skyview Tower,"Cumbre Skyview Tower is a historic site in Bogota, Colombia, popular for its memorable experiences. Entry fee is 1.4 USD. Recommended visit: 2 hours. Discover Cumbre Skyview Tower, a notable historic site in Bogota, Colombia, ideal for visitors. Open 09:00-17:30, entry 1.4 USD.",1.4,09:00-17:30,2 hours,3.5,"661 Nishi 2-chome, Bogota",4.597340271402573,-74.08017787662321,"['solo women', 'foodie', 'disabled traveler']","['Restrooms', 'Information Desk', 'Restaurant', 'Souvenir Shop', 'First Aid Station', 'Luggage Storage', 'group tours', 'security', 'Food markets', 'tasting tours', 'ramps', 'elevators', 'wheelchair rentals', 'accessible restrooms']"
110,Bogota,Colombia,Historic Site/Landmark,Echoing Stone Citadel,"Echoing Stone Citadel is a historic site in Bogota, Colombia, popular for its memorable experiences. Entry fee is 11.68 USD. Recommended visit: 2 hours. Discover Echoing Stone Citadel, a notable historic site in Bogota, Colombia, ideal for visitors. Open 09:00-17:30, entry 11.68 USD.",11.68,09:00-17:30,2 hours,3.5,"454-897 Kitahama Street, Bogota",4.726527840456296,-74.12689370169012,"['business travelers', 'couples trip', 'luxury travelers']","['Restrooms', 'Information Desk', 'Restaurant', 'Souvenir Shop', 'First Aid Station', 'Luggage Storage', 'High speed WiFi', 'scenic spots', 'sunset cruises', 'special couples experiences', 'private tours', 'skip the line passes', 'VIP exclusive events']"
111,Bogota,Colombia,Historic Site/Landmark,Cerro de la Cruz Cultural Immersion,"Cerro de la Cruz Cultural Immersion is a historic site in Bogota, Colombia, popular for its memorable experiences. Entry fee is 21.77 USD. Recommended visit: 2 hours. Discover Cerro de la Cruz Cultural Immersion, a notable historic site in Bogota, Colombia, ideal for visitors. Open 09:00-21:00, entry 21.77 USD.",21.77,09:00-21:00,2 hours,3.5,"647 Nishi-Kurashiki Street, Chuo Ward, Bogota",4.667959288810641,-74.04937055976522,"['with children', 'with pets', 'elderly travelers']","['Restrooms', 'Information Desk', 'Restaurant', 'Souvenir Shop', 'First Aid Station', 'Luggage Storage', 'family restrooms', 'Nursing facilities', 'Pet-friendly', 'pet water stations', 'Pet rest area', 'wheelchair rental', 'benches/rest areas']"
112,Bogota,Colombia,Historic Site/Landmark,Echoing Springs Monument,"Echoing Springs Monument is a historic site in Bogota, Colombia, popular for its memorable experiences. Entry fee is 36.54 USD. Recommended visit: 2 hours. Discover Echoing Springs Monument, a notable historic site in Bogota, Colombia, ideal for visitors. Open 09:00-18:00, entry 36.54 USD.",36.54,09:00-18:00,2 hours,3.5,"103 Shibuya Crossing Street, Shibuya Ward, Bogota",4.500933836698767,-74.11476509351158,"['with children', 'solo women', 'road trip']","['Restrooms', 'Information Desk', 'Restaurant', 'Souvenir Shop', 'First Aid Station', 'Luggage Storage', 'family restrooms', 'Nursing facilities', 'group tours', 'security', 'parking']"
113,Bogota,Colombia,Historic Site/Landmark,El Cielo Antiguo Cultural Center,"El Cielo Antiguo Cultural Center is a historic site in Bogota, Colombia, popular for its memorable experiences. Entry fee is 9.73 USD. Recommended visit: 2 hours. Discover El Cielo Antiguo Cultural Center, a notable historic site in Bogota, Colombia, ideal for visitors. Open 08:30-20:00, entry 9.73 USD.",9.73,08:30-20:00,2 hours,3.5,"541 Sim Lim Tower, Bogota",4.740668938673313,-74.12994302299532,"['fast-paced budget travel', 'couples trip', 'road trip']","['Restrooms', 'Information Desk', 'Restaurant', 'Souvenir Shop', 'First Aid Station', 'Luggage Storage', 'city passes', 'luggage storage', 'self-guided tours', 'scenic spots', 'sunset cruises', 'special couples experiences', 'parking']"
114,Bogota,Colombia,Historic Site/Landmark,Cerro del Sol Fighting Grounds,"Cerro del Sol Fighting Grounds is a historic site in Bogota, Colombia, popular for its memorable experiences. Entry fee is 474.46 USD. Recommended visit: 2 hours. Discover Cerro del Sol Fighting Grounds, a notable historic site in Bogota, Colombia, ideal for visitors. Open 06:00-18:00, entry 474.46 USD.",474.46,06:00-18:00,2 hours,3.5,"505 Suthep Road, Bogota",4.547817380122073,-74.1373942448874,"['with children', 'luxury travelers']","['Restrooms', 'Information Desk', 'Restaurant', 'Souvenir Shop', 'First Aid Station', 'Luggage Storage', 'family restrooms', 'Nursing facilities', 'private tours', 'skip the line passes', 'VIP exclusive events']"
115,Bogota,Colombia,Historic Site/Landmark,Cerro de las Ánimas Cultural Showcase,"Cerro de las Ánimas Cultural Showcase is a historic site in Bogota, Colombia, popular for its memorable experiences. Entry fee is 16.52 USD. Recommended visit: 2 hours. Discover Cerro de las Ánimas Cultural Showcase, a notable historic site in Bogota, Colombia, ideal for visitors. Open 10:00-20:00, entry 16.52 USD.",16.52,10:00-20:00,2 hours,3.5,"744 Sakura Street, Nishi Ward, Bogota",4.590857790764919,-74.14946310945312,"['disabled traveler', 'photography', 'elderly travelers']","['Restrooms', 'Information Desk', 'Restaurant', 'Souvenir Shop', 'First Aid Station', 'Luggage Storage', 'ramps', 'elevators', 'wheelchair rentals', 'accessible restrooms', 'photo spots', 'guided photo tours', 'charging stations', 'wheelchair rental', 'benches/rest areas']"
116,Bogota,Colombia,Historic Site/Landmark,Cerro de la Santa Cruz Heritage Walk,"Cerro de la Santa Cruz Heritage Walk is a historic site in Bogota, Colombia, popular for its memorable experiences. Entry fee is 15.16 USD. Recommended visit: 2 hours. Discover Cerro de la Santa Cruz Heritage Walk, a notable historic site in Bogota, Colombia, ideal for visitors. Open 10:00-22:00, entry 15.16 USD.",15.16,10:00-22:00,2 hours,3.5,"339-8632 Nagoya City, Naka Ward, Bogota",4.564081425742987,-74.16348481378276,"['nightlife enthusiast', 'couples trip']","['Restrooms', 'Information Desk', 'Restaurant', 'Souvenir Shop', 'First Aid Station', 'Luggage Storage', 'night markets', 'bars', 'evening shows', 'scenic spots', 'sunset cruises', 'special couples experiences']"
117,Bogota,Colombia,Historic Site/Landmark,Echoes of the Andes Museum No.2,"Echoes of the Andes Museum is a historic site in Bogota, Colombia, popular for its memorable experiences. Entry fee is 160.64 USD. Recommended visit: 2 hours. Discover Echoes of the Andes Museum, a notable historic site in Bogota, Colombia, ideal for visitors. Open 09:00-17:30, entry 160.64 USD.",160.64,09:00-17:30,2 hours,3.5,"230/12 Sathorn Road, Silom District, Bogota",4.709419687607344,-74.12289888739465,"['solo women', 'couples trip']","['Restrooms', 'Information Desk', 'Restaurant', 'Souvenir Shop', 'First Aid Station', 'Luggage Storage', 'group tours', 'security', 'scenic spots', 'sunset cruises', 'special couples experiences']"
118,Bogota,Colombia,Historic Site/Landmark,El Cielo Antiguo,"El Cielo Antiguo is a historic site in Bogota, Colombia, popular for its memorable experiences. Entry fee is 4.13 USD. Recommended visit: 2 hours. Discover El Cielo Antiguo, a notable historic site in Bogota, Colombia, ideal for visitors. Open 08:30-17:00, entry 4.13 USD.",4.13,08:30-17:00,2 hours,3.5,"No. 456, Huaqiang North Road, Bogota",4.649087499658189,-74.14024172001227,"['nightlife enthusiast', 'foodie', 'road trip']","['Restrooms', 'Information Desk', 'Restaurant', 'Souvenir Shop', 'First Aid Station', 'Luggage Storage', 'night markets', 'bars', 'evening shows', 'Food markets', 'tasting tours', 'parking']"
119,Bogota,Colombia,Historic Site/Landmark,Cerro de la Santa Cruz Heritage Walk No.2,"Cerro de la Santa Cruz Heritage Walk is a historic site in Bogota, Colombia, popular for its memorable experiences. Entry fee is 6.23 USD. Recommended visit: 2 hours. Discover Cerro de la Santa Cruz Heritage Walk, a notable historic site in Bogota, Colombia, ideal for visitors. Open 08:30-17:30, entry 6.23 USD.",6.23,08:30-17:30,2 hours,3.5,"617-8745 Shibuya, Bogota",4.657658179046914,-74.13266813961961,"['with pets', 'elderly travelers', 'road trip']","['Restrooms', 'Information Desk', 'Restaurant', 'Souvenir Shop', 'First Aid Station', 'Luggage Storage', 'Pet-friendly', 'pet water stations', 'Pet rest area', 'wheelchair rental', 'benches/rest areas', 'parking']"
120,Bogota,Colombia,Historic Site/Landmark,Cerro del Sol Observatory,"Cerro del Sol Observatory is a historic site in Bogota, Colombia, popular for its memorable experiences. Entry fee is 7.84 USD. Recommended visit: 2 hours. Discover Cerro del Sol Observatory, a notable historic site in Bogota, Colombia, ideal for visitors. Open 09:00-17:00, entry 7.84 USD.",7.84,09:00-17:00,2 hours,3.5,"No. 456, Lishan Road, Bogota",4.617914179180142,-74.09075635249717,"['with children', 'luxury travelers', 'disabled traveler']","['Restrooms', 'Information Desk', 'Restaurant', 'Souvenir Shop', 'First Aid Station', 'Luggage Storage', 'family restrooms', 'Nursing facilities', 'private tours', 'skip the line passes', 'VIP exclusive events', 'ramps', 'elevators', 'wheelchair rentals', 'accessible restrooms']"
121,Bogota,Colombia,Historic Site/Landmark,Echoing Stones,"Echoing Stones is a historic site in Bogota, Colombia, popular for its memorable experiences. Entry fee is 248.4 USD. Recommended visit: 2 hours. Discover Echoing Stones, a notable historic site in Bogota, Colombia, ideal for visitors. Open 10:00-18:00, entry 248.4 USD.",248.4,10:00-18:00,2 hours,3.5,"590 Siam Road, Bogota",4.66792435455229,-74.14524251920548,"['with children', 'fast-paced budget travel', 'photography']","['Restrooms', 'Information Desk', 'Restaurant', 'Souvenir Shop', 'First Aid Station', 'Luggage Storage', 'family restrooms', 'Nursing facilities', 'city passes', 'luggage storage', 'self-guided tours', 'photo spots', 'guided photo tours', 'charging stations']"
122,Bogota,Colombia,Museum/Art Gallery,Cerro de las Artes,"Cerro de las Artes is a museum in Bogota, Colombia, popular for its unique collections and exhibitions. Entry fee is 9.52 USD. Recommended visit: 2 hours. Discover Cerro de las Artes, a renowned museum in Bogota, Colombia, ideal for art lovers. Open 19:00-22:00, entry 9.52 USD.",9.52,19:00-22:00,2 hours,4.0,"No. 45, West Gate, Haidian District, Bogota",4.615672478792733,-74.08652345311926,"['disabled traveler', 'luxury travelers', 'elderly travelers']","['Restrooms', 'Information Desk', 'Restaurant', 'Souvenir Shop', 'First Aid Station', 'Luggage Storage', 'ramps', 'elevators', 'wheelchair rentals', 'accessible restrooms', 'private tours', 'skip the line passes', 'VIP exclusive events', 'wheelchair rental', 'benches/rest areas']"
123,Bogota,Colombia,Museum/Art Gallery,Echoes of the Subterranean,"Echoes of the Subterranean is a museum in Bogota, Colombia, popular for its unique collections and exhibitions. Entry fee is 24.92 USD. Recommended visit: 2 hours. Discover Echoes of the Subterranean, a renowned museum in Bogota, Colombia, ideal for art lovers. Open 10:00-18:00, entry 24.92 USD.",24.92,10:00-18:00,2 hours,4.0,"497 Shiroiwa Street, Chuo Ward, Bogota",4.701218954842176,-74.09282288373137,"['disabled traveler', 'road trip']","['Restrooms', 'Information Desk', 'Restaurant', 'Souvenir Shop', 'First Aid Station', 'Luggage Storage', 'ramps', 'elevators', 'wheelchair rentals', 'accessible restrooms', 'parking']"
124,Bogota,Colombia,Museum/Art Gallery,Echoes of the Andes Art Collective,"Echoes of the Andes Art Collective is a museum in Bogota, Colombia, popular for its unique collections and exhibitions. Entry fee is 7.79 USD. Recommended visit: 2 hours. Discover Echoes of the Andes Art Collective, a renowned museum in Bogota, Colombia, ideal for art lovers. Open 11:00-21:00, entry 7.79 USD.",7.79,11:00-21:00,2 hours,4.0,"No. 456, Zhongshan Road, Bogota",4.615600992728318,-74.08870590695734,"['solo women', 'with pets', 'luxury travelers']","['Restrooms', 'Information Desk', 'Restaurant', 'Souvenir Shop', 'First Aid Station', 'Luggage Storage', 'group tours', 'security', 'Pet-friendly', 'pet water stations', 'Pet rest area', 'private tours', 'skip the line passes', 'VIP exclusive events']"
125,Bogota,Colombia,Museum/Art Gallery,Cerro de la Luz Contemporary Collection,"Cerro de la Luz Contemporary Collection is a museum in Bogota, Colombia, popular for its unique collections and exhibitions. Entry fee is 6.37 USD. Recommended visit: 2 hours. Discover Cerro de la Luz Contemporary Collection, a renowned museum in Bogota, Colombia, ideal for art lovers. Open 09:00-18:00, entry 6.37 USD.",6.37,09:00-18:00,2 hours,4.0,"No. 128, Wuhou Road, Bogota",4.670537168323366,-74.16929142304106,['luxury travelers'],"['Restrooms', 'Information Desk', 'Restaurant', 'Souvenir Shop', 'First Aid Station', 'Luggage Storage', 'private tours', 'skip the line passes', 'VIP exclusive events']"
126,Bogota,Colombia,Museum/Art Gallery,Café de los Sueños,"Café de los Sueños is a museum in Bogota, Colombia, popular for its unique collections and exhibitions. Entry fee is 6.2 USD. Recommended visit: 2 hours. Discover Café de los Sueños, a renowned museum in Bogota, Colombia, ideal for art lovers. Open 10:00-19:00, entry 6.2 USD.",6.2,10:00-19:00,2 hours,4.0,"No. 456, Coastal Road, Nanshan District, Bogota",4.685090416726618,-74.15884460184948,['photography'],"['Restrooms', 'Information Desk', 'Restaurant', 'Souvenir Shop', 'First Aid Station', 'Luggage Storage', 'photo spots', 'guided photo tours', 'charging stations']"
127,Bogota,Colombia,Museum/Art Gallery,LuzViva Botanical Nexus,"LuzViva Botanical Nexus is a museum in Bogota, Colombia, popular for its unique collections and exhibitions. Entry fee is 86.45 USD. Recommended visit: 2 hours. Discover LuzViva Botanical Nexus, a renowned museum in Bogota, Colombia, ideal for art lovers. Open 09:00-17:30, entry 86.45 USD.",86.45,09:00-17:30,2 hours,4.0,"863 Seongsan Road, Bogota",4.6679556277144805,-74.1516913735642,"['with pets', 'elderly travelers', 'business travelers']","['Restrooms', 'Information Desk', 'Restaurant', 'Souvenir Shop', 'First Aid Station', 'Luggage Storage', 'Pet-friendly', 'pet water stations', 'Pet rest area', 'wheelchair rental', 'benches/rest areas', 'High speed WiFi']"
128,Bogota,Colombia,Museum/Art Gallery,Echoes of the Andes,"Echoes of the Andes is a museum in Bogota, Colombia, popular for its unique collections and exhibitions. Entry fee is 37.37 USD. Recommended visit: 2 hours. Discover Echoes of the Andes, a renowned museum in Bogota, Colombia, ideal for art lovers. Open 09:00-17:30, entry 37.37 USD.",37.37,09:00-17:30,2 hours,4.0,"No. 456 Xizhimen Street, Bogota",4.689837731967019,-74.03966287777205,"['with children', 'with pets', 'couples trip']","['Restrooms', 'Information Desk', 'Restaurant', 'Souvenir Shop', 'First Aid Station', 'Luggage Storage', 'family restrooms', 'Nursing facilities', 'Pet-friendly', 'pet water stations', 'Pet rest area', 'scenic spots', 'sunset cruises', 'special couples experiences']"
129,Bogota,Colombia,Museum/Art Gallery,Cerro del Arte,"Cerro del Arte is a museum in Bogota, Colombia, popular for its unique collections and exhibitions. Entry fee is 28.12 USD. Recommended visit: 2 hours. Discover Cerro del Arte, a renowned museum in Bogota, Colombia, ideal for art lovers. Open 09:00-17:30, entry 28.12 USD.",28.12,09:00-17:30,2 hours,4.0,"386 Shuri Street, Bogota",4.670220998355431,-74.09531033568723,"['photography', 'luxury travelers', 'business travelers']","['Restrooms', 'Information Desk', 'Restaurant', 'Souvenir Shop', 'First Aid Station', 'Luggage Storage', 'photo spots', 'guided photo tours', 'charging stations', 'private tours', 'skip the line passes', 'VIP exclusive events', 'High speed WiFi']"
130,Bogota,Colombia,Museum/Art Gallery,Altura de las Artes,"Altura de las Artes is a museum in Bogota, Colombia, popular for its unique collections and exhibitions. Entry fee is 52.55 USD. Recommended visit: 2 hours. Discover Altura de las Artes, a renowned museum in Bogota, Colombia, ideal for art lovers. Open 09:00-17:00, entry 52.55 USD.",52.55,09:00-17:00,2 hours,4.0,"No. 456, Ancient Road, Bogota",4.630610903363762,-74.18679400306605,"['fast-paced budget travel', 'road trip', 'business travelers']","['Restrooms', 'Information Desk', 'Restaurant', 'Souvenir Shop', 'First Aid Station', 'Luggage Storage', 'city passes', 'luggage storage', 'self-guided tours', 'parking', 'High speed WiFi']"
131,Bogota,Colombia,Museum/Art Gallery,CacaoCraft Heritage Museum,"CacaoCraft Heritage Museum is a museum in Bogota, Colombia, popular for its unique collections and exhibitions. Entry fee is 10.4 USD. Recommended visit: 2 hours. Discover CacaoCraft Heritage Museum, a renowned museum in Bogota, Colombia, ideal for art lovers. Open 09:00-17:30, entry 10.4 USD.",10.4,09:00-17:30,2 hours,4.0,"415 Nishi 1-chome, Bogota",4.813738848431228,-74.07627725971608,"['business travelers', 'with pets', 'road trip']","['Restrooms', 'Information Desk', 'Restaurant', 'Souvenir Shop', 'First Aid Station', 'Luggage Storage', 'High speed WiFi', 'Pet-friendly', 'pet water stations', 'Pet rest area', 'parking']"
132,Bogota,Colombia,Museum/Art Gallery,Shadowplay Collective,"Shadowplay Collective is a museum in Bogota, Colombia, popular for its unique collections and exhibitions. Entry fee is 15.12 USD. Recommended visit: 2 hours. Discover Shadowplay Collective, a renowned museum in Bogota, Colombia, ideal for art lovers. Open 08:30-17:00, entry 15.12 USD.",15.12,08:30-17:00,2 hours,4.0,"No. 128, Xueyuan Road, Bogota",4.698899151701038,-74.1177154721779,"['fast-paced budget travel', 'photography', 'luxury travelers']","['Restrooms', 'Information Desk', 'Restaurant', 'Souvenir Shop', 'First Aid Station', 'Luggage Storage', 'city passes', 'luggage storage', 'self-guided tours', 'photo spots', 'guided photo tours', 'charging stations', 'private tours', 'skip the line passes', 'VIP exclusive events']"
133,Bogota,Colombia,Museum/Art Gallery,Echoes of the Deep Gallery,"Echoes of the Deep Gallery is a museum in Bogota, Colombia, popular for its unique collections and exhibitions. Entry fee is 0.0 USD. Recommended visit: 2 hours. Discover Echoes of the Deep Gallery, a renowned museum in Bogota, Colombia, ideal for art lovers. Open 09:30-17:00, entry 0.0 USD.",0.0,09:30-17:00,2 hours,4.0,"755 Shuri Street, Bogota",4.606280157952458,-74.16127363788415,"['fast-paced budget travel', 'luxury travelers']","['Restrooms', 'Information Desk', 'Restaurant', 'Souvenir Shop', 'First Aid Station', 'Luggage Storage', 'city passes', 'luggage storage', 'self-guided tours', 'private tours', 'skip the line passes', 'VIP exclusive events']"
134,Bogota,Colombia,Museum/Art Gallery,Echoes of the Andes No.2,"Echoes of the Andes is a museum in Bogota, Colombia, popular for its unique collections and exhibitions. Entry fee is 11.22 USD. Recommended visit: 2 hours. Discover Echoes of the Andes, a renowned museum in Bogota, Colombia, ideal for art lovers. Open 09:00-18:00, entry 11.22 USD.",11.22,09:00-18:00,2 hours,4.0,"386 Suthep Road, Bogota",4.798097920019327,-74.03716049178155,"['couples trip', 'foodie', 'disabled traveler']","['Restrooms', 'Information Desk', 'Restaurant', 'Souvenir Shop', 'First Aid Station', 'Luggage Storage', 'scenic spots', 'sunset cruises', 'special couples experiences', 'Food markets', 'tasting tours', 'ramps', 'elevators', 'wheelchair rentals', 'accessible restrooms']"
135,Bogota,Colombia,Museum/Art Gallery,Echoes of the Andes Gallery,"Echoes of the Andes Gallery is a museum in Bogota, Colombia, popular for its unique collections and exhibitions. Entry fee is 3.78 USD. Recommended visit: 2 hours. Discover Echoes of the Andes Gallery, a renowned museum in Bogota, Colombia, ideal for art lovers. Open 10:00-22:00, entry 3.78 USD.",3.78,10:00-22:00,2 hours,4.0,"529-2-1 Kita-Honganji, Bogota",4.531788123432625,-74.15525412415528,"['nightlife enthusiast', 'foodie', 'business travelers']","['Restrooms', 'Information Desk', 'Restaurant', 'Souvenir Shop', 'First Aid Station', 'Luggage Storage', 'night markets', 'bars', 'evening shows', 'Food markets', 'tasting tours', 'High speed WiFi']"
136,Bogota,Colombia,Museum/Art Gallery,Echoes of the Soul Museum,"Echoes of the Soul Museum is a museum in Bogota, Colombia, popular for its unique collections and exhibitions. Entry fee is 8.63 USD. Recommended visit: 2 hours. Discover Echoes of the Soul Museum, a renowned museum in Bogota, Colombia, ideal for art lovers. Open 09:00-17:30, entry 8.63 USD.",8.63,09:00-17:30,2 hours,4.0,"678 Suthep Road, Bogota",4.693195920303606,-74.160518037182,"['with children', 'luxury travelers', 'road trip']","['Restrooms', 'Information Desk', 'Restaurant', 'Souvenir Shop', 'First Aid Station', 'Luggage Storage', 'family restrooms', 'Nursing facilities', 'private tours', 'skip the line passes', 'VIP exclusive events', 'parking']"
137,Bogota,Colombia,Museum/Art Gallery,Culinary Crossroads of Colombia,"Culinary Crossroads of Colombia is a museum in Bogota, Colombia, popular for its unique collections and exhibitions. Entry fee is 7.46 USD. Recommended visit: 2 hours. Discover Culinary Crossroads of Colombia, a renowned museum in Bogota, Colombia, ideal for art lovers. Open 09:30-17:00, entry 7.46 USD.",7.46,09:30-17:00,2 hours,4.0,"573 Seaside Promenade, Bogota",4.693812006805204,-74.13782780836517,"['with children', 'disabled traveler', 'business travelers']","['Restrooms', 'Information Desk', 'Restaurant', 'Souvenir Shop', 'First Aid Station', 'Luggage Storage', 'family restrooms', 'Nursing facilities', 'ramps', 'elevators', 'wheelchair rentals', 'accessible restrooms', 'High speed WiFi']"
138,Bogota,Colombia,Museum/Art Gallery,Echoes of the Andes Artisan Hub,"Echoes of the Andes Artisan Hub is a museum in Bogota, Colombia, popular for its unique collections and exhibitions. Entry fee is 8.31 USD. Recommended visit: 2 hours. Discover Echoes of the Andes Artisan Hub, a renowned museum in Bogota, Colombia, ideal for art lovers. Open 09:00-17:30, entry 8.31 USD.",8.31,09:00-17:30,2 hours,4.0,"158 Tai Tam Road, Bogota",4.602872187422799,-74.10456235053552,"['fast-paced budget travel', 'luxury travelers', 'business travelers']","['Restrooms', 'Information Desk', 'Restaurant', 'Souvenir Shop', 'First Aid Station', 'Luggage Storage', 'city passes', 'luggage storage', 'self-guided tours', 'private tours', 'skip the line passes', 'VIP exclusive events', 'High speed WiFi']"
139,Bogota,Colombia,Museum/Art Gallery,Luminous Echoes Gallery,"Luminous Echoes Gallery is a museum in Bogota, Colombia, popular for its unique collections and exhibitions. Entry fee is 5.61 USD. Recommended visit: 2 hours. Discover Luminous Echoes Gallery, a renowned museum in Bogota, Colombia, ideal for art lovers. Open 09:00-21:00, entry 5.61 USD.",5.61,09:00-21:00,2 hours,4.0,"728 Shinjuku Skywalk, Shinjuku, Bogota",4.597010292674943,-74.1031515606116,"['photography', 'luxury travelers']","['Restrooms', 'Information Desk', 'Restaurant', 'Souvenir Shop', 'First Aid Station', 'Luggage Storage', 'photo spots', 'guided photo tours', 'charging stations', 'private tours', 'skip the line passes', 'VIP exclusive events']"
140,Bogota,Colombia,Museum/Art Gallery,Cronicas de la Sierra Gallery,"Cronicas de la Sierra Gallery is a museum in Bogota, Colombia, popular for its unique collections and exhibitions. Entry fee is 4.57 USD. Recommended visit: 2 hours. Discover Cronicas de la Sierra Gallery, a renowned museum in Bogota, Colombia, ideal for art lovers. Open 10:00-20:00, entry 4.57 USD.",4.57,10:00-20:00,2 hours,4.0,"387 Castle Peak Road, Bogota",4.652927971576292,-74.05658327769657,"['with children', 'photography', 'business travelers']","['Restrooms', 'Information Desk', 'Restaurant', 'Souvenir Shop', 'First Aid Station', 'Luggage Storage', 'family restrooms', 'Nursing facilities', 'photo spots', 'guided photo tours', 'charging stations', 'High speed WiFi']"
141,Bogota,Colombia,Museum/Art Gallery,Andean Martial Arts Legacy Museum,"Andean Martial Arts Legacy Museum is a museum in Bogota, Colombia, popular for its unique collections and exhibitions. Entry fee is 2.77 USD. Recommended visit: 2 hours. Discover Andean Martial Arts Legacy Museum, a renowned museum in Bogota, Colombia, ideal for art lovers. Open 09:00-17:30, entry 2.77 USD.",2.77,09:00-17:30,2 hours,4.0,"768 Shinjuku Gyoen, Shinjuku, Bogota",4.570318562421852,-74.11825170943733,"['with children', 'solo women']","['Restrooms', 'Information Desk', 'Restaurant', 'Souvenir Shop', 'First Aid Station', 'Luggage Storage', 'family restrooms', 'Nursing facilities', 'group tours', 'security']"
142,Bogota,Colombia,Museum/Art Gallery,Andean Soul Sanctuary,"Andean Soul Sanctuary is a museum in Bogota, Colombia, popular for its unique collections and exhibitions. Entry fee is 9.17 USD. Recommended visit: 2 hours. Discover Andean Soul Sanctuary, a renowned museum in Bogota, Colombia, ideal for art lovers. Open 09:30-17:00, entry 9.17 USD.",9.17,09:30-17:00,2 hours,4.0,"991 Charoenkrung Road, Samranjit, Bogota",4.733291858197516,-74.02897280270606,"['fast-paced budget travel', 'with pets', 'luxury travelers']","['Restrooms', 'Information Desk', 'Restaurant', 'Souvenir Shop', 'First Aid Station', 'Luggage Storage', 'city passes', 'luggage storage', 'self-guided tours', 'Pet-friendly', 'pet water stations', 'Pet rest area', 'private tours', 'skip the line passes', 'VIP exclusive events']"
143,Bogota,Colombia,Museum/Art Gallery,Andean Heritage Nexus,"Andean Heritage Nexus is a museum in Bogota, Colombia, popular for its unique collections and exhibitions. Entry fee is 15.9 USD. Recommended visit: 2 hours. Discover Andean Heritage Nexus, a renowned museum in Bogota, Colombia, ideal for art lovers. Open 10:00-17:00, entry 15.9 USD.",15.9,10:00-17:00,2 hours,4.0,"703-8567 Shibuya City, Bogota",4.622276236218072,-74.12383674830315,"['with pets', 'photography', 'luxury travelers']","['Restrooms', 'Information Desk', 'Restaurant', 'Souvenir Shop', 'First Aid Station', 'Luggage Storage', 'Pet-friendly', 'pet water stations', 'Pet rest area', 'photo spots', 'guided photo tours', 'charging stations', 'private tours', 'skip the line passes', 'VIP exclusive events']"
144,Bogota,Colombia,Museum/Art Gallery,Echoes of the Andes Sound Museum,"Echoes of the Andes Sound Museum is a museum in Bogota, Colombia, popular for its unique collections and exhibitions. Entry fee is 16.33 USD. Recommended visit: 2 hours. Discover Echoes of the Andes Sound Museum, a renowned museum in Bogota, Colombia, ideal for art lovers. Open 08:30-17:30, entry 16.33 USD.",16.33,08:30-17:30,2 hours,4.0,"174 Seaside Promenade, Bogota",4.709905141481981,-74.13252315005236,"['fast-paced budget travel', 'couples trip', 'road trip']","['Restrooms', 'Information Desk', 'Restaurant', 'Souvenir Shop', 'First Aid Station', 'Luggage Storage', 'city passes', 'luggage storage', 'self-guided tours', 'scenic spots', 'sunset cruises', 'special couples experiences', 'parking']"
145,Bogota,Colombia,Museum/Art Gallery,Echoes of the Andes No.3,"Echoes of the Andes is a museum in Bogota, Colombia, popular for its unique collections and exhibitions. Entry fee is 7.0 USD. Recommended visit: 2 hours. Discover Echoes of the Andes, a renowned museum in Bogota, Colombia, ideal for art lovers. Open 10:00-17:30, entry 7.0 USD.",7.0,10:00-17:30,2 hours,4.0,"No. 188, Science Avenue, Bogota",4.700762143148558,-74.11136400922133,"['fast-paced budget travel', 'foodie', 'couples trip']","['Restrooms', 'Information Desk', 'Restaurant', 'Souvenir Shop', 'First Aid Station', 'Luggage Storage', 'city passes', 'luggage storage', 'self-guided tours', 'Food markets', 'tasting tours', 'scenic spots', 'sunset cruises', 'special couples experiences']"
146,Bogota,Colombia,Museum/Art Gallery,Echoes of Strings,"Echoes of Strings is a museum in Bogota, Colombia, popular for its unique collections and exhibitions. Entry fee is 12.28 USD. Recommended visit: 2 hours. Discover Echoes of Strings, a renowned museum in Bogota, Colombia, ideal for art lovers. Open 10:00-21:00, entry 12.28 USD.",12.28,10:00-21:00,2 hours,4.0,"No. 456, Century Avenue, Bogota",4.648798135861648,-74.09026781872981,"['fast-paced budget travel', 'with pets', 'disabled traveler']","['Restrooms', 'Information Desk', 'Restaurant', 'Souvenir Shop', 'First Aid Station', 'Luggage Storage', 'city passes', 'luggage storage', 'self-guided tours', 'Pet-friendly', 'pet water stations', 'Pet rest area', 'ramps', 'elevators', 'wheelchair rentals', 'accessible restrooms']"
147,Bogota,Colombia,Museum/Art Gallery,Echoes of the Andes No.4,"Echoes of the Andes is a museum in Bogota, Colombia, popular for its unique collections and exhibitions. Entry fee is 14.47 USD. Recommended visit: 2 hours. Discover Echoes of the Andes, a renowned museum in Bogota, Colombia, ideal for art lovers. Open 10:00-20:00, entry 14.47 USD.",14.47,10:00-20:00,2 hours,4.0,"608 Sukhumvit Road, Bogota",4.712392216501949,-74.08468969015566,"['solo women', 'couples trip', 'luxury travelers']","['Restrooms', 'Information Desk', 'Restaurant', 'Souvenir Shop', 'First Aid Station', 'Luggage Storage', 'group tours', 'security', 'scenic spots', 'sunset cruises', 'special couples experiences', 'private tours', 'skip the line passes', 'VIP exclusive events']"
148,Bogota,Colombia,Museum/Art Gallery,Cielo Luminoso Interactive Experience,"Cielo Luminoso Interactive Experience is a museum in Bogota, Colombia, popular for its unique collections and exhibitions. Entry fee is 4.35 USD. Recommended visit: 2 hours. Discover Cielo Luminoso Interactive Experience, a renowned museum in Bogota, Colombia, ideal for art lovers. Open 09:30-17:00, entry 4.35 USD.",4.35,09:30-17:00,2 hours,4.0,"No. 128, Shangxiajiu Pedestrian Street, Bogota",4.53052729341113,-74.12417295827814,"['fast-paced budget travel', 'solo women', 'business travelers']","['Restrooms', 'Information Desk', 'Restaurant', 'Souvenir Shop', 'First Aid Station', 'Luggage Storage', 'city passes', 'luggage storage', 'self-guided tours', 'group tours', 'security', 'High speed WiFi']"
149,Bogota,Colombia,Museum/Art Gallery,Echoes of the Forgotten Realm,"Echoes of the Forgotten Realm is a museum in Bogota, Colombia, popular for its unique collections and exhibitions. Entry fee is 19.51 USD. Recommended visit: 2 hours. Discover Echoes of the Forgotten Realm, a renowned museum in Bogota, Colombia, ideal for art lovers. Open 10:00-19:00, entry 19.51 USD.",19.51,10:00-19:00,2 hours,4.0,"No. 456, Xingang Road, Bogota",4.734550366053819,-74.1266733742129,"['with children', 'elderly travelers', 'disabled traveler']","['Restrooms', 'Information Desk', 'Restaurant', 'Souvenir Shop', 'First Aid Station', 'Luggage Storage', 'family restrooms', 'Nursing facilities', 'wheelchair rental', 'benches/rest areas', 'ramps', 'elevators', 'wheelchair rentals', 'accessible restrooms']"
150,Bogota,Colombia,Museum/Art Gallery,Cerro de la Catedral Artisan Collective,"Cerro de la Catedral Artisan Collective is a museum in Bogota, Colombia, popular for its unique collections and exhibitions. Entry fee is 286.14 USD. Recommended visit: 2 hours. Discover Cerro de la Catedral Artisan Collective, a renowned museum in Bogota, Colombia, ideal for art lovers. Open 10:00-22:00, entry 286.14 USD.",286.14,10:00-22:00,2 hours,4.0,"No. 567, Lingyin Road, Xihu District, Bogota",4.71951229823587,-74.15785561403013,"['nightlife enthusiast', 'with children', 'luxury travelers']","['Restrooms', 'Information Desk', 'Restaurant', 'Souvenir Shop', 'First Aid Station', 'Luggage Storage', 'night markets', 'bars', 'evening shows', 'family restrooms', 'Nursing facilities', 'private tours', 'skip the line passes', 'VIP exclusive events']"
