attraction_id,city_name,country,type,attraction_name,overview,ticket_price,open_hours,duration_of_visit,rate_of_restaurant,address,latitude,longitude,facilities_group,facilities
1,Bouches-du-Rhône,France,Nature/Scenery/Park,Les Vignes de la Côte,"Les Vignes de la Côte is a nature in Bouches-du-Rhône, France, popular for its natural scenery and relaxing atmosphere. Entry fee is 294.64 USD. Recommended visit: 3 hours. Discover Les Vignes de la Côte, a peaceful nature in Bouches-du-Rhône, France, ideal for nature lovers. Open 09:00-17:00, entry 294.64 USD.",294.64,09:00-17:00,3 hours,3.7,"345 Tung Chau Street, Bouches-du-Rhône",43.61597366911426,5.483037475920909,"['solo women', 'couples trip', 'luxury travelers']","['Restrooms', 'Information Desk', 'Restaurant', 'Souvenir Shop', 'First Aid Station', 'Luggage Storage', 'group tours', 'security', 'scenic spots', 'sunset cruises', 'special couples experiences', 'private tours', 'skip the line passes', 'VIP exclusive events']"
2,Bouches-du-Rhône,France,Nature/Scenery/Park,Lumière de la Rivière Nature Reserve,"Lumière de la Rivière Nature Reserve is a nature in Bouches-du-Rhône, France, popular for its natural scenery and relaxing atmosphere. Entry fee is 51.08 USD. Recommended visit: 3 hours. Discover Lumière de la Rivière Nature Reserve, a peaceful nature in Bouches-du-Rhône, France, ideal for nature lovers. Open 09:00-19:00, entry 51.08 USD.",51.08,09:00-19:00,3 hours,3.7,"647 Marina Bay Sands, Bouches-du-Rhône",43.55844406001194,5.063340510476828,"['solo women', 'photography', 'elderly travelers']","['Restrooms', 'Information Desk', 'Restaurant', 'Souvenir Shop', 'First Aid Station', 'Luggage Storage', 'group tours', 'security', 'photo spots', 'guided photo tours', 'charging stations', 'wheelchair rental', 'benches/rest areas']"
3,Bouches-du-Rhône,France,Nature/Scenery/Park,Lumière Valley Sanctuary,"Lumière Valley Sanctuary is a nature in Bouches-du-Rhône, France, popular for its natural scenery and relaxing atmosphere. Entry fee is 6.17 USD. Recommended visit: 3 hours. Discover Lumière Valley Sanctuary, a peaceful nature in Bouches-du-Rhône, France, ideal for nature lovers. Open 09:00-17:30, entry 6.17 USD.",6.17,09:00-17:30,3 hours,3.7,"906 Jurong East Ave 6, Bouches-du-Rhône",43.436144209581904,5.324695880835948,['solo women'],"['Restrooms', 'Information Desk', 'Restaurant', 'Souvenir Shop', 'First Aid Station', 'Luggage Storage', 'group tours', 'security']"
4,Bouches-du-Rhône,France,Nature/Scenery/Park,Camargue Shoreline Walk,"Camargue Shoreline Walk is a nature in Bouches-du-Rhône, France, popular for its natural scenery and relaxing atmosphere. Entry fee is 43.59 USD. Recommended visit: 3 hours. Discover Camargue Shoreline Walk, a peaceful nature in Bouches-du-Rhône, France, ideal for nature lovers. Open 08:30-18:00, entry 43.59 USD.",43.59,08:30-18:00,3 hours,3.7,"No. 456, Riverside Park, Bouches-du-Rhône",43.66923543023668,4.583898063781386,"['fast-paced budget travel', 'foodie']","['Restrooms', 'Information Desk', 'Restaurant', 'Souvenir Shop', 'First Aid Station', 'Luggage Storage', 'city passes', 'luggage storage', 'self-guided tours', 'Food markets', 'tasting tours']"
5,Bouches-du-Rhône,France,Nature/Scenery/Park,Lunar Bay Nightwalk,"Lunar Bay Nightwalk is a nature in Bouches-du-Rhône, France, popular for its natural scenery and relaxing atmosphere. Entry fee is 15.4 USD. Recommended visit: 3 hours. Discover Lunar Bay Nightwalk, a peaceful nature in Bouches-du-Rhône, France, ideal for nature lovers. Open 08:00-20:00, entry 15.4 USD.",15.4,08:00-20:00,3 hours,3.7,"279 Seibei-dori, Bouches-du-Rhône",43.50600847075231,5.599193785009019,"['with children', 'photography', 'elderly travelers']","['Restrooms', 'Information Desk', 'Restaurant', 'Souvenir Shop', 'First Aid Station', 'Luggage Storage', 'family restrooms', 'Nursing facilities', 'photo spots', 'guided photo tours', 'charging stations', 'wheelchair rental', 'benches/rest areas']"
6,Bouches-du-Rhône,France,Nature/Scenery/Park,Côte des Étoiles Reserve,"Côte des Étoiles Reserve is a nature in Bouches-du-Rhône, France, popular for its natural scenery and relaxing atmosphere. Entry fee is 2059.2 USD. Recommended visit: 3 hours. Discover Côte des Étoiles Reserve, a peaceful nature in Bouches-du-Rhône, France, ideal for nature lovers. Open 08:00-22:00, entry 2059.2 USD.",2059.2,08:00-22:00,3 hours,3.7,"587-789 Shuri Street, Bouches-du-Rhône",43.25922761521227,5.385371937111876,"['solo women', 'with pets', 'disabled traveler']","['Restrooms', 'Information Desk', 'Restaurant', 'Souvenir Shop', 'First Aid Station', 'Luggage Storage', 'group tours', 'security', 'Pet-friendly', 'pet water stations', 'Pet rest area', 'ramps', 'elevators', 'wheelchair rentals', 'accessible restrooms']"
7,Bouches-du-Rhône,France,Nature/Scenery/Park,Verdant Ridge Eatscape,"Verdant Ridge Eatscape is a nature in Bouches-du-Rhône, France, popular for its natural scenery and relaxing atmosphere. Entry fee is 6.72 USD. Recommended visit: 3 hours. Discover Verdant Ridge Eatscape, a peaceful nature in Bouches-du-Rhône, France, ideal for nature lovers. Open 09:00-17:30, entry 6.72 USD.",6.72,09:00-17:30,3 hours,3.7,"978 Siam Road, Patong Beach, Bouches-du-Rhône",43.61276233009968,5.560062224184137,"['nightlife enthusiast', 'with children', 'road trip']","['Restrooms', 'Information Desk', 'Restaurant', 'Souvenir Shop', 'First Aid Station', 'Luggage Storage', 'night markets', 'bars', 'evening shows', 'family restrooms', 'Nursing facilities', 'parking']"
8,Bouches-du-Rhône,France,Nature/Scenery/Park,Les Collines du Soleil Levant,"Les Collines du Soleil Levant is a nature in Bouches-du-Rhône, France, popular for its natural scenery and relaxing atmosphere. Entry fee is 116.65 USD. Recommended visit: 3 hours. Discover Les Collines du Soleil Levant, a peaceful nature in Bouches-du-Rhône, France, ideal for nature lovers. Open 08:00-18:00, entry 116.65 USD.",116.65,08:00-18:00,3 hours,3.7,"No. 588, Xipu Road, Bouches-du-Rhône",43.38876055606109,5.599318251683906,"['fast-paced budget travel', 'photography', 'business travelers']","['Restrooms', 'Information Desk', 'Restaurant', 'Souvenir Shop', 'First Aid Station', 'Luggage Storage', 'city passes', 'luggage storage', 'self-guided tours', 'photo spots', 'guided photo tours', 'charging stations', 'High speed WiFi']"
9,Bouches-du-Rhône,France,Nature/Scenery/Park,Azure Horizon Grove,"Azure Horizon Grove is a nature in Bouches-du-Rhône, France, popular for its natural scenery and relaxing atmosphere. Entry fee is 20.74 USD. Recommended visit: 3 hours. Discover Azure Horizon Grove, a peaceful nature in Bouches-du-Rhône, France, ideal for nature lovers. Open 08:30-17:30, entry 20.74 USD.",20.74,08:30-17:30,3 hours,3.7,"Lantau Island Nature Reserve, Bouches-du-Rhône",43.5137284040222,5.044848190801674,"['with pets', 'elderly travelers']","['Restrooms', 'Information Desk', 'Restaurant', 'Souvenir Shop', 'First Aid Station', 'Luggage Storage', 'Pet-friendly', 'pet water stations', 'Pet rest area', 'wheelchair rental', 'benches/rest areas']"
10,Bouches-du-Rhône,France,Nature/Scenery/Park,Lumière Forest Playland,"Lumière Forest Playland is a nature in Bouches-du-Rhône, France, popular for its natural scenery and relaxing atmosphere. Entry fee is 24.24 USD. Recommended visit: 3 hours. Discover Lumière Forest Playland, a peaceful nature in Bouches-du-Rhône, France, ideal for nature lovers. Open 08:00-17:30, entry 24.24 USD.",24.24,08:00-17:30,3 hours,3.7,"791 Kita-Hiroshima 2-chome, Bouches-du-Rhône",43.44983882915878,5.702922242877771,"['foodie', 'luxury travelers', 'business travelers']","['Restrooms', 'Information Desk', 'Restaurant', 'Souvenir Shop', 'First Aid Station', 'Luggage Storage', 'Food markets', 'tasting tours', 'private tours', 'skip the line passes', 'VIP exclusive events', 'High speed WiFi']"
11,Bouches-du-Rhône,France,Nature/Scenery/Park,Provence Coastal Delights Garden,"Provence Coastal Delights Garden is a nature in Bouches-du-Rhône, France, popular for its natural scenery and relaxing atmosphere. Entry fee is 6.44 USD. Recommended visit: 3 hours. Discover Provence Coastal Delights Garden, a peaceful nature in Bouches-du-Rhône, France, ideal for nature lovers. Open 18:00-21:00, entry 6.44 USD.",6.44,18:00-21:00,3 hours,3.7,"152 Seaside Promenade, Bouches-du-Rhône",43.683132394008965,4.877878406233418,"['couples trip', 'elderly travelers']","['Restrooms', 'Information Desk', 'Restaurant', 'Souvenir Shop', 'First Aid Station', 'Luggage Storage', 'scenic spots', 'sunset cruises', 'special couples experiences', 'wheelchair rental', 'benches/rest areas']"
12,Bouches-du-Rhône,France,Nature/Scenery/Park,Lumière de Provence Nature Reserve,"Lumière de Provence Nature Reserve is a nature in Bouches-du-Rhône, France, popular for its natural scenery and relaxing atmosphere. Entry fee is 55.55 USD. Recommended visit: 3 hours. Discover Lumière de Provence Nature Reserve, a peaceful nature in Bouches-du-Rhône, France, ideal for nature lovers. Open 09:00-21:00, entry 55.55 USD.",55.55,09:00-21:00,3 hours,3.7,"127 Victoria Peak Road, Bouches-du-Rhône",43.55652609047176,5.568221929690814,"['nightlife enthusiast', 'disabled traveler', 'road trip']","['Restrooms', 'Information Desk', 'Restaurant', 'Souvenir Shop', 'First Aid Station', 'Luggage Storage', 'night markets', 'bars', 'evening shows', 'ramps', 'elevators', 'wheelchair rentals', 'accessible restrooms', 'parking']"
13,Bouches-du-Rhône,France,Nature/Scenery/Park,Lumière Springs Sanctuary,"Lumière Springs Sanctuary is a nature in Bouches-du-Rhône, France, popular for its natural scenery and relaxing atmosphere. Entry fee is 12.93 USD. Recommended visit: 3 hours. Discover Lumière Springs Sanctuary, a peaceful nature in Bouches-du-Rhône, France, ideal for nature lovers. Open 10:00-22:00, entry 12.93 USD.",12.93,10:00-22:00,3 hours,3.7,"881 Changi Airport Road, Bouches-du-Rhône",43.24489572022255,5.454499286551341,"['solo women', 'elderly travelers', 'business travelers']","['Restrooms', 'Information Desk', 'Restaurant', 'Souvenir Shop', 'First Aid Station', 'Luggage Storage', 'group tours', 'security', 'wheelchair rental', 'benches/rest areas', 'High speed WiFi']"
14,Bouches-du-Rhône,France,Nature/Scenery/Park,Lumière Falls Trail,"Lumière Falls Trail is a nature in Bouches-du-Rhône, France, popular for its natural scenery and relaxing atmosphere. Entry fee is 22.61 USD. Recommended visit: 3 hours. Discover Lumière Falls Trail, a peaceful nature in Bouches-du-Rhône, France, ideal for nature lovers. Open 09:00-18:00, entry 22.61 USD.",22.61,09:00-18:00,3 hours,3.7,"462 Shinkocho, Bouches-du-Rhône",43.29406147580895,5.516558731051357,"['nightlife enthusiast', 'solo women', 'photography']","['Restrooms', 'Information Desk', 'Restaurant', 'Souvenir Shop', 'First Aid Station', 'Luggage Storage', 'night markets', 'bars', 'evening shows', 'group tours', 'security', 'photo spots', 'guided photo tours', 'charging stations']"
15,Bouches-du-Rhône,France,Nature/Scenery/Park,Provence Green Haven,"Provence Green Haven is a nature in Bouches-du-Rhône, France, popular for its natural scenery and relaxing atmosphere. Entry fee is 94.11 USD. Recommended visit: 3 hours. Discover Provence Green Haven, a peaceful nature in Bouches-du-Rhône, France, ideal for nature lovers. Open 08:30-17:30, entry 94.11 USD.",94.11,08:30-17:30,3 hours,3.7,"972 Charoenkrung Road, Samranjit, Bouches-du-Rhône",43.54852338191994,5.596982102363831,['elderly travelers'],"['Restrooms', 'Information Desk', 'Restaurant', 'Souvenir Shop', 'First Aid Station', 'Luggage Storage', 'wheelchair rental', 'benches/rest areas']"
16,Bouches-du-Rhône,France,Nature/Scenery/Park,Lumière d'Azur Coastal Carriage,"Lumière d'Azur Coastal Carriage is a nature in Bouches-du-Rhône, France, popular for its natural scenery and relaxing atmosphere. Entry fee is 14.98 USD. Recommended visit: 3 hours. Discover Lumière d'Azur Coastal Carriage, a peaceful nature in Bouches-du-Rhône, France, ideal for nature lovers. Open 19:00-23:00, entry 14.98 USD.",14.98,19:00-23:00,3 hours,3.7,"789-8745 Sapporo City, Nishi 1-chome, Bouches-du-Rhône",43.51936366409381,5.540019027123943,"['nightlife enthusiast', 'with children', 'disabled traveler']","['Restrooms', 'Information Desk', 'Restaurant', 'Souvenir Shop', 'First Aid Station', 'Luggage Storage', 'night markets', 'bars', 'evening shows', 'family restrooms', 'Nursing facilities', 'ramps', 'elevators', 'wheelchair rentals', 'accessible restrooms']"
17,Bouches-du-Rhône,France,Nature/Scenery/Park,Les Jardins de L'Étang,"Les Jardins de L'Étang is a nature in Bouches-du-Rhône, France, popular for its natural scenery and relaxing atmosphere. Entry fee is 2.0 USD. Recommended visit: 3 hours. Discover Les Jardins de L'Étang, a peaceful nature in Bouches-du-Rhône, France, ideal for nature lovers. Open 09:00-17:30, entry 2.0 USD.",2.0,09:00-17:30,3 hours,3.7,"146 Gukje-ro, Geumjeong-gu, Bouches-du-Rhône",43.76801022023423,5.100225639322915,"['fast-paced budget travel', 'business travelers']","['Restrooms', 'Information Desk', 'Restaurant', 'Souvenir Shop', 'First Aid Station', 'Luggage Storage', 'city passes', 'luggage storage', 'self-guided tours', 'High speed WiFi']"
18,Bouches-du-Rhône,France,Nature/Scenery/Park,Provence Green Haven No.2,"Provence Green Haven is a nature in Bouches-du-Rhône, France, popular for its natural scenery and relaxing atmosphere. Entry fee is 3.36 USD. Recommended visit: 3 hours. Discover Provence Green Haven, a peaceful nature in Bouches-du-Rhône, France, ideal for nature lovers. Open 08:30-17:00, entry 3.36 USD.",3.36,08:30-17:00,3 hours,3.7,"629-865, Nishi 1-chome, Sapporo City, Bouches-du-Rhône",43.36005492125803,5.08302413791751,"['with pets', 'road trip']","['Restrooms', 'Information Desk', 'Restaurant', 'Souvenir Shop', 'First Aid Station', 'Luggage Storage', 'Pet-friendly', 'pet water stations', 'Pet rest area', 'parking']"
19,Bouches-du-Rhône,France,Nature/Scenery/Park,Les Jardins de Lumière de Saint-Rémy,"Les Jardins de Lumière de Saint-Rémy is a nature in Bouches-du-Rhône, France, popular for its natural scenery and relaxing atmosphere. Entry fee is 19.18 USD. Recommended visit: 3 hours. Discover Les Jardins de Lumière de Saint-Rémy, a peaceful nature in Bouches-du-Rhône, France, ideal for nature lovers. Open 10:00-18:00, entry 19.18 USD.",19.18,10:00-18:00,3 hours,3.7,"No. 456, Waterfront Road, Bouches-du-Rhône",43.51899024074631,4.5295333949406,"['with pets', 'disabled traveler']","['Restrooms', 'Information Desk', 'Restaurant', 'Souvenir Shop', 'First Aid Station', 'Luggage Storage', 'Pet-friendly', 'pet water stations', 'Pet rest area', 'ramps', 'elevators', 'wheelchair rentals', 'accessible restrooms']"
20,Bouches-du-Rhône,France,Nature/Scenery/Park,Crimson Cove,"Crimson Cove is a nature in Bouches-du-Rhône, France, popular for its natural scenery and relaxing atmosphere. Entry fee is 5.15 USD. Recommended visit: 3 hours. Discover Crimson Cove, a peaceful nature in Bouches-du-Rhône, France, ideal for nature lovers. Open 08:30-17:00, entry 5.15 USD.",5.15,08:30-17:00,3 hours,3.7,"135 Beach Road, Bouches-du-Rhône",43.72500207022919,5.330582233182696,"['with children', 'photography', 'couples trip']","['Restrooms', 'Information Desk', 'Restaurant', 'Souvenir Shop', 'First Aid Station', 'Luggage Storage', 'family restrooms', 'Nursing facilities', 'photo spots', 'guided photo tours', 'charging stations', 'scenic spots', 'sunset cruises', 'special couples experiences']"
21,Bouches-du-Rhône,France,Nature/Scenery/Park,Crimson Ridge Outlook,"Crimson Ridge Outlook is a nature in Bouches-du-Rhône, France, popular for its natural scenery and relaxing atmosphere. Entry fee is 75.28 USD. Recommended visit: 3 hours. Discover Crimson Ridge Outlook, a peaceful nature in Bouches-du-Rhône, France, ideal for nature lovers. Open 08:30-17:30, entry 75.28 USD.",75.28,08:30-17:30,3 hours,3.7,"727-1 Nishi-Arima, Kita-ku, Bouches-du-Rhône",43.74144307798548,4.958237447710607,"['nightlife enthusiast', 'with pets', 'couples trip']","['Restrooms', 'Information Desk', 'Restaurant', 'Souvenir Shop', 'First Aid Station', 'Luggage Storage', 'night markets', 'bars', 'evening shows', 'Pet-friendly', 'pet water stations', 'Pet rest area', 'scenic spots', 'sunset cruises', 'special couples experiences']"
22,Bouches-du-Rhône,France,Nature/Scenery/Park,Rhône Estuary Wildlife Haven,"Rhône Estuary Wildlife Haven is a nature in Bouches-du-Rhône, France, popular for its natural scenery and relaxing atmosphere. Entry fee is 14.4 USD. Recommended visit: 3 hours. Discover Rhône Estuary Wildlife Haven, a peaceful nature in Bouches-du-Rhône, France, ideal for nature lovers. Open 06:00-20:00, entry 14.4 USD.",14.4,06:00-20:00,3 hours,3.7,"No. 128, Huanshi Road, Tianhe District, Bouches-du-Rhône",43.47630767619284,5.391187056620566,"['with pets', 'photography', 'elderly travelers']","['Restrooms', 'Information Desk', 'Restaurant', 'Souvenir Shop', 'First Aid Station', 'Luggage Storage', 'Pet-friendly', 'pet water stations', 'Pet rest area', 'photo spots', 'guided photo tours', 'charging stations', 'wheelchair rental', 'benches/rest areas']"
23,Bouches-du-Rhône,France,Nature/Scenery/Park,The Whispering Ridge Cycle Trail,"The Whispering Ridge Cycle Trail is a nature in Bouches-du-Rhône, France, popular for its natural scenery and relaxing atmosphere. Entry fee is 29.53 USD. Recommended visit: 3 hours. Discover The Whispering Ridge Cycle Trail, a peaceful nature in Bouches-du-Rhône, France, ideal for nature lovers. Open 08:30-17:00, entry 29.53 USD.",29.53,08:30-17:00,3 hours,3.7,"733 Shibuya Crossing, Shibuya-ku, Bouches-du-Rhône",43.36783759242491,5.328198765021223,"['nightlife enthusiast', 'with children', 'foodie']","['Restrooms', 'Information Desk', 'Restaurant', 'Souvenir Shop', 'First Aid Station', 'Luggage Storage', 'night markets', 'bars', 'evening shows', 'family restrooms', 'Nursing facilities', 'Food markets', 'tasting tours']"
24,Bouches-du-Rhône,France,Nature/Scenery/Park,Lumière de Provence Nature Reserve No.2,"Lumière de Provence Nature Reserve is a nature in Bouches-du-Rhône, France, popular for its natural scenery and relaxing atmosphere. Entry fee is 12.32 USD. Recommended visit: 3 hours. Discover Lumière de Provence Nature Reserve, a peaceful nature in Bouches-du-Rhône, France, ideal for nature lovers. Open 09:00-18:00, entry 12.32 USD.",12.32,09:00-18:00,3 hours,3.7,"731 Sukhumvit Road, Khlong Toei District, Bouches-du-Rhône",43.80353460808513,5.035137338540077,"['nightlife enthusiast', 'elderly travelers', 'business travelers']","['Restrooms', 'Information Desk', 'Restaurant', 'Souvenir Shop', 'First Aid Station', 'Luggage Storage', 'night markets', 'bars', 'evening shows', 'wheelchair rental', 'benches/rest areas', 'High speed WiFi']"
25,Bouches-du-Rhône,France,Nature/Scenery/Park,Lumière Caves & Coastal Trails,"Lumière Caves & Coastal Trails is a nature in Bouches-du-Rhône, France, popular for its natural scenery and relaxing atmosphere. Entry fee is 8.12 USD. Recommended visit: 3 hours. Discover Lumière Caves & Coastal Trails, a peaceful nature in Bouches-du-Rhône, France, ideal for nature lovers. Open 09:00-17:00, entry 8.12 USD.",8.12,09:00-17:00,3 hours,3.7,"No. 456 Riverside Lane, Bouches-du-Rhône",43.7062432046625,4.678998920376976,"['nightlife enthusiast', 'solo women', 'business travelers']","['Restrooms', 'Information Desk', 'Restaurant', 'Souvenir Shop', 'First Aid Station', 'Luggage Storage', 'night markets', 'bars', 'evening shows', 'group tours', 'security', 'High speed WiFi']"
26,Bouches-du-Rhône,France,Nature/Scenery/Park,Lumière du Delta Serenade,"Lumière du Delta Serenade is a nature in Bouches-du-Rhône, France, popular for its natural scenery and relaxing atmosphere. Entry fee is 7.35 USD. Recommended visit: 3 hours. Discover Lumière du Delta Serenade, a peaceful nature in Bouches-du-Rhône, France, ideal for nature lovers. Open 08:30-19:00, entry 7.35 USD.",7.35,08:30-19:00,3 hours,3.7,"561 Seaside Promenade, Hakata-ku, Bouches-du-Rhône",43.71071317026577,4.763413086089755,"['nightlife enthusiast', 'fast-paced budget travel', 'with pets']","['Restrooms', 'Information Desk', 'Restaurant', 'Souvenir Shop', 'First Aid Station', 'Luggage Storage', 'night markets', 'bars', 'evening shows', 'city passes', 'luggage storage', 'self-guided tours', 'Pet-friendly', 'pet water stations', 'Pet rest area']"
27,Bouches-du-Rhône,France,Nature/Scenery/Park,Provence Dinosaur Grove,"Provence Dinosaur Grove is a nature in Bouches-du-Rhône, France, popular for its natural scenery and relaxing atmosphere. Entry fee is 6.39 USD. Recommended visit: 3 hours. Discover Provence Dinosaur Grove, a peaceful nature in Bouches-du-Rhône, France, ideal for nature lovers. Open 08:30-17:00, entry 6.39 USD.",6.39,08:30-17:00,3 hours,3.7,"505 Chalong Beach Road, Bouches-du-Rhône",43.7027650342299,5.215889713186273,"['foodie', 'photography', 'luxury travelers']","['Restrooms', 'Information Desk', 'Restaurant', 'Souvenir Shop', 'First Aid Station', 'Luggage Storage', 'Food markets', 'tasting tours', 'photo spots', 'guided photo tours', 'charging stations', 'private tours', 'skip the line passes', 'VIP exclusive events']"
28,Bouches-du-Rhône,France,Nature/Scenery/Park,Provence Skyline Vista,"Provence Skyline Vista is a nature in Bouches-du-Rhône, France, popular for its natural scenery and relaxing atmosphere. Entry fee is 5.6 USD. Recommended visit: 3 hours. Discover Provence Skyline Vista, a peaceful nature in Bouches-du-Rhône, France, ideal for nature lovers. Open 09:00-18:00, entry 5.6 USD.",5.6,09:00-18:00,3 hours,3.7,"No. 45 Xinglin Road, Bouches-du-Rhône",43.69613763980928,5.742554975234849,"['nightlife enthusiast', 'business travelers', 'road trip']","['Restrooms', 'Information Desk', 'Restaurant', 'Souvenir Shop', 'First Aid Station', 'Luggage Storage', 'night markets', 'bars', 'evening shows', 'High speed WiFi', 'parking']"
29,Bouches-du-Rhône,France,Nature/Scenery/Park,Rhône River Serenade,"Rhône River Serenade is a nature in Bouches-du-Rhône, France, popular for its natural scenery and relaxing atmosphere. Entry fee is 7.57 USD. Recommended visit: 3 hours. Discover Rhône River Serenade, a peaceful nature in Bouches-du-Rhône, France, ideal for nature lovers. Open 08:00-19:00, entry 7.57 USD.",7.57,08:00-19:00,3 hours,3.7,"953-12-8 Kita-Nakamise, Bouches-du-Rhône",43.46695790918324,5.146986870041467,"['nightlife enthusiast', 'with children', 'couples trip']","['Restrooms', 'Information Desk', 'Restaurant', 'Souvenir Shop', 'First Aid Station', 'Luggage Storage', 'night markets', 'bars', 'evening shows', 'family restrooms', 'Nursing facilities', 'scenic spots', 'sunset cruises', 'special couples experiences']"
30,Bouches-du-Rhône,France,Nature/Scenery/Park,Mistral Valley Trails,"Mistral Valley Trails is a nature in Bouches-du-Rhône, France, popular for its natural scenery and relaxing atmosphere. Entry fee is 0.0 USD. Recommended visit: 3 hours. Discover Mistral Valley Trails, a peaceful nature in Bouches-du-Rhône, France, ideal for nature lovers. Open 09:00-17:30, entry 0.0 USD.",0.0,09:00-17:30,3 hours,3.7,"567 Harbour Road, Bouches-du-Rhône",43.72834984100821,4.768064855122433,"['foodie', 'elderly travelers', 'road trip']","['Restrooms', 'Information Desk', 'Restaurant', 'Souvenir Shop', 'First Aid Station', 'Luggage Storage', 'Food markets', 'tasting tours', 'wheelchair rental', 'benches/rest areas', 'parking']"
31,Bouches-du-Rhône,France,Nature/Scenery/Park,Provencal Sunlit Trail,"Provencal Sunlit Trail is a nature in Bouches-du-Rhône, France, popular for its natural scenery and relaxing atmosphere. Entry fee is 13.95 USD. Recommended visit: 3 hours. Discover Provencal Sunlit Trail, a peaceful nature in Bouches-du-Rhône, France, ideal for nature lovers. Open 08:30-17:00, entry 13.95 USD.",13.95,08:30-17:00,3 hours,3.7,"146 Gwanghwamun Street, Jongno-gu, Bouches-du-Rhône",43.40690283313248,4.798929294376798,"['with pets', 'photography', 'disabled traveler']","['Restrooms', 'Information Desk', 'Restaurant', 'Souvenir Shop', 'First Aid Station', 'Luggage Storage', 'Pet-friendly', 'pet water stations', 'Pet rest area', 'photo spots', 'guided photo tours', 'charging stations', 'ramps', 'elevators', 'wheelchair rentals', 'accessible restrooms']"
32,Bouches-du-Rhône,France,Nature/Scenery/Park,Lac des Merveilles,"Lac des Merveilles is a nature in Bouches-du-Rhône, France, popular for its natural scenery and relaxing atmosphere. Entry fee is 8.65 USD. Recommended visit: 3 hours. Discover Lac des Merveilles, a peaceful nature in Bouches-du-Rhône, France, ideal for nature lovers. Open 08:30-20:00, entry 8.65 USD.",8.65,08:30-20:00,3 hours,3.7,"No. 88, Zhongshan Road, Bouches-du-Rhône",43.45501780336744,5.042296195610002,"['solo women', 'photography']","['Restrooms', 'Information Desk', 'Restaurant', 'Souvenir Shop', 'First Aid Station', 'Luggage Storage', 'group tours', 'security', 'photo spots', 'guided photo tours', 'charging stations']"
33,Bouches-du-Rhône,France,Nature/Scenery/Park,Lac des Merveilles No.2,"Lac des Merveilles is a nature in Bouches-du-Rhône, France, popular for its natural scenery and relaxing atmosphere. Entry fee is 13.3 USD. Recommended visit: 3 hours. Discover Lac des Merveilles, a peaceful nature in Bouches-du-Rhône, France, ideal for nature lovers. Open 08:30-17:30, entry 13.3 USD.",13.3,08:30-17:30,3 hours,3.7,"332 Sumo Street, Shibuya, Bouches-du-Rhône",43.49656087984808,5.369431594423324,"['solo women', 'couples trip', 'disabled traveler']","['Restrooms', 'Information Desk', 'Restaurant', 'Souvenir Shop', 'First Aid Station', 'Luggage Storage', 'group tours', 'security', 'scenic spots', 'sunset cruises', 'special couples experiences', 'ramps', 'elevators', 'wheelchair rentals', 'accessible restrooms']"
34,Bouches-du-Rhône,France,Nature/Scenery/Park,Les Sables de Lumière Mud Spa & Wellness Oasis,"Les Sables de Lumière Mud Spa & Wellness Oasis is a nature in Bouches-du-Rhône, France, popular for its natural scenery and relaxing atmosphere. Entry fee is 17.5 USD. Recommended visit: 3 hours. Discover Les Sables de Lumière Mud Spa & Wellness Oasis, a peaceful nature in Bouches-du-Rhône, France, ideal for nature lovers. Open 09:00-17:30, entry 17.5 USD.",17.5,09:00-17:30,3 hours,3.7,"591 Shirokane Street, Bouches-du-Rhône",43.547896234238976,4.531678117147216,"['foodie', 'couples trip', 'elderly travelers']","['Restrooms', 'Information Desk', 'Restaurant', 'Souvenir Shop', 'First Aid Station', 'Luggage Storage', 'Food markets', 'tasting tours', 'scenic spots', 'sunset cruises', 'special couples experiences', 'wheelchair rental', 'benches/rest areas']"
35,Bouches-du-Rhône,France,Nature/Scenery/Park,Côte d'Azur Snowveil Reserve,"Côte d'Azur Snowveil Reserve is a nature in Bouches-du-Rhône, France, popular for its natural scenery and relaxing atmosphere. Entry fee is 1.4 USD. Recommended visit: 3 hours. Discover Côte d'Azur Snowveil Reserve, a peaceful nature in Bouches-du-Rhône, France, ideal for nature lovers. Open 08:00-20:00, entry 1.4 USD.",1.4,08:00-20:00,3 hours,3.7,"No. 888, Xixi Road, Bouches-du-Rhône",43.54707749538687,4.788154258376537,"['fast-paced budget travel', 'solo women', 'photography']","['Restrooms', 'Information Desk', 'Restaurant', 'Souvenir Shop', 'First Aid Station', 'Luggage Storage', 'city passes', 'luggage storage', 'self-guided tours', 'group tours', 'security', 'photo spots', 'guided photo tours', 'charging stations']"
36,Bouches-du-Rhône,France,Nature/Scenery/Park,Les Forêts Évoques de Préhistoire,"Les Forêts Évoques de Préhistoire is a nature in Bouches-du-Rhône, France, popular for its natural scenery and relaxing atmosphere. Entry fee is 37.95 USD. Recommended visit: 3 hours. Discover Les Forêts Évoques de Préhistoire, a peaceful nature in Bouches-du-Rhône, France, ideal for nature lovers. Open 09:30-17:00, entry 37.95 USD.",37.95,09:30-17:00,3 hours,3.7,"293 Seocho-ro, Ssangmundong-gu, Bouches-du-Rhône",43.57309968295159,4.413480324502821,['with children'],"['Restrooms', 'Information Desk', 'Restaurant', 'Souvenir Shop', 'First Aid Station', 'Luggage Storage', 'family restrooms', 'Nursing facilities']"
37,Bouches-du-Rhône,France,Nature/Scenery/Park,Les Oliviers Aériens,"Les Oliviers Aériens is a nature in Bouches-du-Rhône, France, popular for its natural scenery and relaxing atmosphere. Entry fee is 2.8 USD. Recommended visit: 3 hours. Discover Les Oliviers Aériens, a peaceful nature in Bouches-du-Rhône, France, ideal for nature lovers. Open 09:00-17:30, entry 2.8 USD.",2.8,09:00-17:30,3 hours,3.7,"No. 456, Jiangbei New District, Bouches-du-Rhône",43.54952664803829,5.569737545886271,['foodie'],"['Restrooms', 'Information Desk', 'Restaurant', 'Souvenir Shop', 'First Aid Station', 'Luggage Storage', 'Food markets', 'tasting tours']"
38,Bouches-du-Rhône,France,Nature/Scenery/Park,Verdant Vale Nature Reserve,"Verdant Vale Nature Reserve is a nature in Bouches-du-Rhône, France, popular for its natural scenery and relaxing atmosphere. Entry fee is 4.12 USD. Recommended visit: 3 hours. Discover Verdant Vale Nature Reserve, a peaceful nature in Bouches-du-Rhône, France, ideal for nature lovers. Open 08:00-20:00, entry 4.12 USD.",4.12,08:00-20:00,3 hours,3.7,"482 Seogwipo Street, Bouches-du-Rhône",43.64429362952866,4.782759802158942,"['nightlife enthusiast', 'with pets', 'disabled traveler']","['Restrooms', 'Information Desk', 'Restaurant', 'Souvenir Shop', 'First Aid Station', 'Luggage Storage', 'night markets', 'bars', 'evening shows', 'Pet-friendly', 'pet water stations', 'Pet rest area', 'ramps', 'elevators', 'wheelchair rentals', 'accessible restrooms']"
39,Bouches-du-Rhône,France,Nature/Scenery/Park,Les Jardins de l'Étang Émeraude,"Les Jardins de l'Étang Émeraude is a nature in Bouches-du-Rhône, France, popular for its natural scenery and relaxing atmosphere. Entry fee is 26.32 USD. Recommended visit: 3 hours. Discover Les Jardins de l'Étang Émeraude, a peaceful nature in Bouches-du-Rhône, France, ideal for nature lovers. Open 09:00-21:00, entry 26.32 USD.",26.32,09:00-21:00,3 hours,3.7,"481 Seomun-ro, Bouches-du-Rhône",43.44748597734248,4.73184604586975,"['luxury travelers', 'disabled traveler']","['Restrooms', 'Information Desk', 'Restaurant', 'Souvenir Shop', 'First Aid Station', 'Luggage Storage', 'private tours', 'skip the line passes', 'VIP exclusive events', 'ramps', 'elevators', 'wheelchair rentals', 'accessible restrooms']"
40,Bouches-du-Rhône,France,Nature/Scenery/Park,Provence Sunset Sail to the Azure Cliffs,"Provence Sunset Sail to the Azure Cliffs is a nature in Bouches-du-Rhône, France, popular for its natural scenery and relaxing atmosphere. Entry fee is 11.05 USD. Recommended visit: 3 hours. Discover Provence Sunset Sail to the Azure Cliffs, a peaceful nature in Bouches-du-Rhône, France, ideal for nature lovers. Open 08:30-17:00, entry 11.05 USD.",11.05,08:30-17:00,3 hours,3.7,"No. 456 Innovation Avenue, Bouches-du-Rhône",43.36972348596633,4.584640412871907,"['solo women', 'photography', 'elderly travelers']","['Restrooms', 'Information Desk', 'Restaurant', 'Souvenir Shop', 'First Aid Station', 'Luggage Storage', 'group tours', 'security', 'photo spots', 'guided photo tours', 'charging stations', 'wheelchair rental', 'benches/rest areas']"
41,Bouches-du-Rhône,France,Nature/Scenery/Park,Les Lanternes de la Baie,"Les Lanternes de la Baie is a nature in Bouches-du-Rhône, France, popular for its natural scenery and relaxing atmosphere. Entry fee is 11.76 USD. Recommended visit: 3 hours. Discover Les Lanternes de la Baie, a peaceful nature in Bouches-du-Rhône, France, ideal for nature lovers. Open 08:30-17:00, entry 11.76 USD.",11.76,08:30-17:00,3 hours,3.7,"499 Samseong-ro, Ssangmundong-gu, Bouches-du-Rhône",43.3811148517329,5.105521165185596,"['photography', 'couples trip', 'elderly travelers']","['Restrooms', 'Information Desk', 'Restaurant', 'Souvenir Shop', 'First Aid Station', 'Luggage Storage', 'photo spots', 'guided photo tours', 'charging stations', 'scenic spots', 'sunset cruises', 'special couples experiences', 'wheelchair rental', 'benches/rest areas']"
42,Bouches-du-Rhône,France,Nature/Scenery/Park,Secret Cove Canoe Escape,"Secret Cove Canoe Escape is a nature in Bouches-du-Rhône, France, popular for its natural scenery and relaxing atmosphere. Entry fee is 31.52 USD. Recommended visit: 3 hours. Discover Secret Cove Canoe Escape, a peaceful nature in Bouches-du-Rhône, France, ideal for nature lovers. Open 09:30-17:00, entry 31.52 USD.",31.52,09:30-17:00,3 hours,3.7,"210 Shimbashi Street, Shibuya Ward, Bouches-du-Rhône",43.59769302183377,5.448629028425887,"['nightlife enthusiast', 'elderly travelers', 'business travelers']","['Restrooms', 'Information Desk', 'Restaurant', 'Souvenir Shop', 'First Aid Station', 'Luggage Storage', 'night markets', 'bars', 'evening shows', 'wheelchair rental', 'benches/rest areas', 'High speed WiFi']"
43,Bouches-du-Rhône,France,Nature/Scenery/Park,Provence Pink Bloom Trail,"Provence Pink Bloom Trail is a nature in Bouches-du-Rhône, France, popular for its natural scenery and relaxing atmosphere. Entry fee is 7.7 USD. Recommended visit: 3 hours. Discover Provence Pink Bloom Trail, a peaceful nature in Bouches-du-Rhône, France, ideal for nature lovers. Open 08:30-17:30, entry 7.7 USD.",7.7,08:30-17:30,3 hours,3.7,"200 Sukhumvit Road, Bouches-du-Rhône",43.7693057802257,4.805951621657598,"['nightlife enthusiast', 'disabled traveler']","['Restrooms', 'Information Desk', 'Restaurant', 'Souvenir Shop', 'First Aid Station', 'Luggage Storage', 'night markets', 'bars', 'evening shows', 'ramps', 'elevators', 'wheelchair rentals', 'accessible restrooms']"
44,Bouches-du-Rhône,France,Nature/Scenery/Park,Les Grottes Émeraude,"Les Grottes Émeraude is a nature in Bouches-du-Rhône, France, popular for its natural scenery and relaxing atmosphere. Entry fee is 33.27 USD. Recommended visit: 3 hours. Discover Les Grottes Émeraude, a peaceful nature in Bouches-du-Rhône, France, ideal for nature lovers. Open 08:30-17:30, entry 33.27 USD.",33.27,08:30-17:30,3 hours,3.7,"496 Shiroiwa Street, Bouches-du-Rhône",43.5336233990063,4.567689358904334,"['disabled traveler', 'couples trip', 'elderly travelers']","['Restrooms', 'Information Desk', 'Restaurant', 'Souvenir Shop', 'First Aid Station', 'Luggage Storage', 'ramps', 'elevators', 'wheelchair rentals', 'accessible restrooms', 'scenic spots', 'sunset cruises', 'special couples experiences', 'wheelchair rental', 'benches/rest areas']"
45,Bouches-du-Rhône,France,Nature/Scenery/Park,Lumière de Provence Nature Reserve No.3,"Lumière de Provence Nature Reserve is a nature in Bouches-du-Rhône, France, popular for its natural scenery and relaxing atmosphere. Entry fee is 4.87 USD. Recommended visit: 3 hours. Discover Lumière de Provence Nature Reserve, a peaceful nature in Bouches-du-Rhône, France, ideal for nature lovers. Open 09:30-17:00, entry 4.87 USD.",4.87,09:30-17:00,3 hours,3.7,"830-456 Nakasu 1-chome, Bouches-du-Rhône",43.3722238917072,5.0894049413317655,"['nightlife enthusiast', 'luxury travelers', 'disabled traveler']","['Restrooms', 'Information Desk', 'Restaurant', 'Souvenir Shop', 'First Aid Station', 'Luggage Storage', 'night markets', 'bars', 'evening shows', 'private tours', 'skip the line passes', 'VIP exclusive events', 'ramps', 'elevators', 'wheelchair rentals', 'accessible restrooms']"
46,Bouches-du-Rhône,France,Nature/Scenery/Park,Côte d'Azur Dolphin Safaris,"Côte d'Azur Dolphin Safaris is a nature in Bouches-du-Rhône, France, popular for its natural scenery and relaxing atmosphere. Entry fee is 10.5 USD. Recommended visit: 3 hours. Discover Côte d'Azur Dolphin Safaris, a peaceful nature in Bouches-du-Rhône, France, ideal for nature lovers. Open 09:00-17:30, entry 10.5 USD.",10.5,09:00-17:30,3 hours,3.7,"No. 128, Xibei Road, Bouches-du-Rhône",43.646427483216485,4.97474708815088,"['photography', 'elderly travelers']","['Restrooms', 'Information Desk', 'Restaurant', 'Souvenir Shop', 'First Aid Station', 'Luggage Storage', 'photo spots', 'guided photo tours', 'charging stations', 'wheelchair rental', 'benches/rest areas']"
47,Bouches-du-Rhône,France,Nature/Scenery/Park,Golden堤岸绿洲,"Golden堤岸绿洲 is a nature in Bouches-du-Rhône, France, popular for its natural scenery and relaxing atmosphere. Entry fee is 4.36 USD. Recommended visit: 3 hours. Discover Golden堤岸绿洲, a peaceful nature in Bouches-du-Rhône, France, ideal for nature lovers. Open 09:00-18:00, entry 4.36 USD.",4.36,09:00-18:00,3 hours,3.7,"976 Shibuya Crossing Street, Shibuya Ward, Bouches-du-Rhône",43.57885557686707,4.477212715332367,"['nightlife enthusiast', 'photography', 'couples trip']","['Restrooms', 'Information Desk', 'Restaurant', 'Souvenir Shop', 'First Aid Station', 'Luggage Storage', 'night markets', 'bars', 'evening shows', 'photo spots', 'guided photo tours', 'charging stations', 'scenic spots', 'sunset cruises', 'special couples experiences']"
48,Bouches-du-Rhône,France,Nature/Scenery/Park,Lumière de Provence Nature Reserve No.4,"Lumière de Provence Nature Reserve is a nature in Bouches-du-Rhône, France, popular for its natural scenery and relaxing atmosphere. Entry fee is 9.8 USD. Recommended visit: 3 hours. Discover Lumière de Provence Nature Reserve, a peaceful nature in Bouches-du-Rhône, France, ideal for nature lovers. Open 09:00-17:30, entry 9.8 USD.",9.8,09:00-17:30,3 hours,3.7,"No. 456 Riverside Lane, Bouches-du-Rhône",43.77192685169448,4.713186203530417,"['with pets', 'couples trip', 'business travelers']","['Restrooms', 'Information Desk', 'Restaurant', 'Souvenir Shop', 'First Aid Station', 'Luggage Storage', 'Pet-friendly', 'pet water stations', 'Pet rest area', 'scenic spots', 'sunset cruises', 'special couples experiences', 'High speed WiFi']"
49,Bouches-du-Rhône,France,Nature/Scenery/Park,Lumière Forest Reserve,"Lumière Forest Reserve is a nature in Bouches-du-Rhône, France, popular for its natural scenery and relaxing atmosphere. Entry fee is 12.53 USD. Recommended visit: 3 hours. Discover Lumière Forest Reserve, a peaceful nature in Bouches-du-Rhône, France, ideal for nature lovers. Open 08:30-17:00, entry 12.53 USD.",12.53,08:30-17:00,3 hours,3.7,"310-876 Shirokanedai Street, Bouches-du-Rhône",43.48939430724026,5.022873333136172,"['nightlife enthusiast', 'solo women', 'business travelers']","['Restrooms', 'Information Desk', 'Restaurant', 'Souvenir Shop', 'First Aid Station', 'Luggage Storage', 'night markets', 'bars', 'evening shows', 'group tours', 'security', 'High speed WiFi']"
50,Bouches-du-Rhône,France,Theme Park/Amusement Park,Lumière Fantastique Adventure,"Lumière Fantastique Adventure is a theme park in Bouches-du-Rhône, France, popular for its memorable experiences. Entry fee is 22.56 USD. Recommended visit: 7 hours. Discover Lumière Fantastique Adventure, a notable theme park in Bouches-du-Rhône, France, ideal for visitors. Open 10:00-22:00, entry 22.56 USD.",22.56,10:00-22:00,7 hours,3.75,"558 Gukje-ro, Gukje-gu, Bouches-du-Rhône",43.536352702643015,5.203405493263392,"['solo women', 'photography', 'business travelers']","['Restrooms', 'Information Desk', 'Restaurant', 'Souvenir Shop', 'First Aid Station', 'Luggage Storage', 'group tours', 'security', 'photo spots', 'guided photo tours', 'charging stations', 'High speed WiFi']"
51,Bouches-du-Rhône,France,Theme Park/Amusement Park,Provence Dreamland,"Provence Dreamland is a theme park in Bouches-du-Rhône, France, popular for its memorable experiences. Entry fee is 22.09 USD. Recommended visit: 6 hours. Discover Provence Dreamland, a notable theme park in Bouches-du-Rhône, France, ideal for visitors. Open 09:00-18:00, entry 22.09 USD.",22.09,09:00-18:00,6 hours,3.75,"120 Gwangbok-ro, Ssangmundong-gu, Bouches-du-Rhône",43.60402483050252,4.9165004590820285,"['road trip', 'foodie', 'business travelers']","['Restrooms', 'Information Desk', 'Restaurant', 'Souvenir Shop', 'First Aid Station', 'Luggage Storage', 'parking', 'Food markets', 'tasting tours', 'High speed WiFi']"
52,Bouches-du-Rhône,France,Theme Park/Amusement Park,LumièreLand Adventure,"LumièreLand Adventure is a theme park in Bouches-du-Rhône, France, popular for its memorable experiences. Entry fee is 18.98 USD. Recommended visit: 7 hours. Discover LumièreLand Adventure, a notable theme park in Bouches-du-Rhône, France, ideal for visitors. Open 10:00-22:00, entry 18.98 USD.",18.98,10:00-22:00,7 hours,3.75,"849 Suthep Road, Bouches-du-Rhône",43.69705633835929,5.266640583884161,['disabled traveler'],"['Restrooms', 'Information Desk', 'Restaurant', 'Souvenir Shop', 'First Aid Station', 'Luggage Storage', 'ramps', 'elevators', 'wheelchair rentals', 'accessible restrooms']"
53,Bouches-du-Rhône,France,Theme Park/Amusement Park,Rhône Tides Explorer,"Rhône Tides Explorer is a theme park in Bouches-du-Rhône, France, popular for its memorable experiences. Entry fee is 15.98 USD. Recommended visit: 7 hours. Discover Rhône Tides Explorer, a notable theme park in Bouches-du-Rhône, France, ideal for visitors. Open 10:00-22:00, entry 15.98 USD.",15.98,10:00-22:00,7 hours,3.75,"658 Sakura Street, Naka Ward, Bouches-du-Rhône",43.75329304111786,4.632401359249074,"['couples trip', 'photography', 'foodie']","['Restrooms', 'Information Desk', 'Restaurant', 'Souvenir Shop', 'First Aid Station', 'Luggage Storage', 'scenic spots', 'sunset cruises', 'special couples experiences', 'photo spots', 'guided photo tours', 'charging stations', 'Food markets', 'tasting tours']"
54,Bouches-du-Rhône,France,Theme Park/Amusement Park,Rhône Quest Adventure Park,"Rhône Quest Adventure Park is a theme park in Bouches-du-Rhône, France, popular for its memorable experiences. Entry fee is 1654.66 USD. Recommended visit: 8 hours. Discover Rhône Quest Adventure Park, a notable theme park in Bouches-du-Rhône, France, ideal for visitors. Open 10:00-20:00, entry 1654.66 USD.",1654.66,10:00-20:00,8 hours,3.75,"383 Shinsaibashi Dori, Chuo Ward, Bouches-du-Rhône",43.78229818173201,4.664869760878463,"['with children', 'luxury travelers', 'business travelers']","['Restrooms', 'Information Desk', 'Restaurant', 'Souvenir Shop', 'First Aid Station', 'Luggage Storage', 'family restrooms', 'Nursing facilities', 'private tours', 'skip the line passes', 'VIP exclusive events', 'High speed WiFi']"
55,Bouches-du-Rhône,France,Theme Park/Amusement Park,Provence Brick Quest,"Provence Brick Quest is a theme park in Bouches-du-Rhône, France, popular for its memorable experiences. Entry fee is 0.37 USD. Recommended visit: 7 hours. Discover Provence Brick Quest, a notable theme park in Bouches-du-Rhône, France, ideal for visitors. Open 09:00-17:00, entry 0.37 USD.",0.37,09:00-17:00,7 hours,3.75,"No. 456, Innovation Avenue, Bouches-du-Rhône",43.41809917580618,5.260384220173033,"['nightlife enthusiast', 'fast-paced budget travel', 'road trip']","['Restrooms', 'Information Desk', 'Restaurant', 'Souvenir Shop', 'First Aid Station', 'Luggage Storage', 'night markets', 'bars', 'evening shows', 'city passes', 'luggage storage', 'self-guided tours', 'parking']"
56,Bouches-du-Rhône,France,Theme Park/Amusement Park,Rhône Chill Adventure Zone,"Rhône Chill Adventure Zone is a theme park in Bouches-du-Rhône, France, popular for its memorable experiences. Entry fee is 29.85 USD. Recommended visit: 8 hours. Discover Rhône Chill Adventure Zone, a notable theme park in Bouches-du-Rhône, France, ideal for visitors. Open 08:30-17:00, entry 29.85 USD.",29.85,08:30-17:00,8 hours,3.75,"No. 456, Cultural Arts Avenue, Bouches-du-Rhône",43.541920819030345,4.964640185402304,"['couples trip', 'disabled traveler', 'road trip']","['Restrooms', 'Information Desk', 'Restaurant', 'Souvenir Shop', 'First Aid Station', 'Luggage Storage', 'scenic spots', 'sunset cruises', 'special couples experiences', 'ramps', 'elevators', 'wheelchair rentals', 'accessible restrooms', 'parking']"
57,Bouches-du-Rhône,France,Theme Park/Amusement Park,Horizon Heights Adventure Loop,"Horizon Heights Adventure Loop is a theme park in Bouches-du-Rhône, France, popular for its memorable experiences. Entry fee is 5.52 USD. Recommended visit: 8 hours. Discover Horizon Heights Adventure Loop, a notable theme park in Bouches-du-Rhône, France, ideal for visitors. Open 09:00-17:30, entry 5.52 USD.",5.52,09:00-17:30,8 hours,3.75,"No. 456, Riverside Avenue, Bouches-du-Rhône",43.26640594162325,5.581797679288544,"['elderly travelers', 'photography', 'disabled traveler']","['Restrooms', 'Information Desk', 'Restaurant', 'Souvenir Shop', 'First Aid Station', 'Luggage Storage', 'wheelchair rental', 'benches/rest areas', 'photo spots', 'guided photo tours', 'charging stations', 'ramps', 'elevators', 'wheelchair rentals', 'accessible restrooms']"
58,Bouches-du-Rhône,France,Theme Park/Amusement Park,Provence Tech Hub,"Provence Tech Hub is a theme park in Bouches-du-Rhône, France, popular for its memorable experiences. Entry fee is 32.62 USD. Recommended visit: 7 hours. Discover Provence Tech Hub, a notable theme park in Bouches-du-Rhône, France, ideal for visitors. Open 09:00-18:00, entry 32.62 USD.",32.62,09:00-18:00,7 hours,3.75,"613 Sakura Street, Chuo Ward, Bouches-du-Rhône",43.40757588081976,5.173867775909256,"['with children', 'couples trip', 'business travelers']","['Restrooms', 'Information Desk', 'Restaurant', 'Souvenir Shop', 'First Aid Station', 'Luggage Storage', 'family restrooms', 'Nursing facilities', 'scenic spots', 'sunset cruises', 'special couples experiences', 'High speed WiFi']"
59,Bouches-du-Rhône,France,Theme Park/Amusement Park,Lumière Adventure Park,"Lumière Adventure Park is a theme park in Bouches-du-Rhône, France, popular for its memorable experiences. Entry fee is 10.15 USD. Recommended visit: 6 hours. Discover Lumière Adventure Park, a notable theme park in Bouches-du-Rhône, France, ideal for visitors. Open 08:00-22:00, entry 10.15 USD.",10.15,08:00-22:00,6 hours,3.75,"148 Shuri Street, Bouches-du-Rhône",43.76883475130836,4.769732605050896,"['foodie', 'disabled traveler', 'business travelers']","['Restrooms', 'Information Desk', 'Restaurant', 'Souvenir Shop', 'First Aid Station', 'Luggage Storage', 'Food markets', 'tasting tours', 'ramps', 'elevators', 'wheelchair rentals', 'accessible restrooms', 'High speed WiFi']"
60,Bouches-du-Rhône,France,Theme Park/Amusement Park,Provence Quest Adventure,"Provence Quest Adventure is a theme park in Bouches-du-Rhône, France, popular for its memorable experiences. Entry fee is 171.36 USD. Recommended visit: 6 hours. Discover Provence Quest Adventure, a notable theme park in Bouches-du-Rhône, France, ideal for visitors. Open 09:00-17:30, entry 171.36 USD.",171.36,09:00-17:30,6 hours,3.75,"567 Harbour Road, Bouches-du-Rhône",43.7195763428177,4.760356120377014,"['luxury travelers', 'elderly travelers']","['Restrooms', 'Information Desk', 'Restaurant', 'Souvenir Shop', 'First Aid Station', 'Luggage Storage', 'private tours', 'skip the line passes', 'VIP exclusive events', 'wheelchair rental', 'benches/rest areas']"
61,Bouches-du-Rhône,France,Theme Park/Amusement Park,Lac des Étoiles Waterplay,"Lac des Étoiles Waterplay is a theme park in Bouches-du-Rhône, France, popular for its memorable experiences. Entry fee is 14.0 USD. Recommended visit: 8 hours. Discover Lac des Étoiles Waterplay, a notable theme park in Bouches-du-Rhône, France, ideal for visitors. Open 09:00-18:00, entry 14.0 USD.",14.0,09:00-18:00,8 hours,3.75,"588 Seopjeong-ro, Bouches-du-Rhône",43.469513460560655,5.6170833423048325,"['business travelers', 'couples trip', 'road trip']","['Restrooms', 'Information Desk', 'Restaurant', 'Souvenir Shop', 'First Aid Station', 'Luggage Storage', 'High speed WiFi', 'scenic spots', 'sunset cruises', 'special couples experiences', 'parking']"
62,Bouches-du-Rhône,France,Theme Park/Amusement Park,Provence Puzzle Palace,"Provence Puzzle Palace is a theme park in Bouches-du-Rhône, France, popular for its memorable experiences. Entry fee is 9.28 USD. Recommended visit: 8 hours. Discover Provence Puzzle Palace, a notable theme park in Bouches-du-Rhône, France, ideal for visitors. Open 08:00-22:00, entry 9.28 USD.",9.28,08:00-22:00,8 hours,3.75,"377-1 Gukje-gil, Gukje District, Bouches-du-Rhône",43.81023377051017,4.668654798559301,"['nightlife enthusiast', 'photography', 'disabled traveler']","['Restrooms', 'Information Desk', 'Restaurant', 'Souvenir Shop', 'First Aid Station', 'Luggage Storage', 'night markets', 'bars', 'evening shows', 'photo spots', 'guided photo tours', 'charging stations', 'ramps', 'elevators', 'wheelchair rentals', 'accessible restrooms']"
63,Bouches-du-Rhône,France,Theme Park/Amusement Park,Provence Quest Adventure No.2,"Provence Quest Adventure is a theme park in Bouches-du-Rhône, France, popular for its memorable experiences. Entry fee is 7.4 USD. Recommended visit: 7 hours. Discover Provence Quest Adventure, a notable theme park in Bouches-du-Rhône, France, ideal for visitors. Open 10:00-22:00, entry 7.4 USD.",7.4,10:00-22:00,7 hours,3.75,"828 Siam Road, Bouches-du-Rhône",43.68608015529183,5.158635727349535,"['with children', 'photography', 'luxury travelers']","['Restrooms', 'Information Desk', 'Restaurant', 'Souvenir Shop', 'First Aid Station', 'Luggage Storage', 'family restrooms', 'Nursing facilities', 'photo spots', 'guided photo tours', 'charging stations', 'private tours', 'skip the line passes', 'VIP exclusive events']"
64,Bouches-du-Rhône,France,Theme Park/Amusement Park,Lumière Voyageur Hub,"Lumière Voyageur Hub is a theme park in Bouches-du-Rhône, France, popular for its memorable experiences. Entry fee is 37.52 USD. Recommended visit: 6 hours. Discover Lumière Voyageur Hub, a notable theme park in Bouches-du-Rhône, France, ideal for visitors. Open 10:00-20:00, entry 37.52 USD.",37.52,10:00-20:00,6 hours,3.75,"No. 125, Beilu Road, Bouches-du-Rhône",43.49609313448454,4.552841605120145,"['fast-paced budget travel', 'business travelers']","['Restrooms', 'Information Desk', 'Restaurant', 'Souvenir Shop', 'First Aid Station', 'Luggage Storage', 'city passes', 'luggage storage', 'self-guided tours', 'High speed WiFi']"
65,Bouches-du-Rhône,France,Theme Park/Amusement Park,Provence Quest Adventure Pass,"Provence Quest Adventure Pass is a theme park in Bouches-du-Rhône, France, popular for its memorable experiences. Entry fee is 6.56 USD. Recommended visit: 6 hours. Discover Provence Quest Adventure Pass, a notable theme park in Bouches-du-Rhône, France, ideal for visitors. Open 09:00-18:00, entry 6.56 USD.",6.56,09:00-18:00,6 hours,3.75,"294 Nishinari-ku, Bouches-du-Rhône",43.263686639450896,5.449178969430538,"['with children', 'photography', 'elderly travelers']","['Restrooms', 'Information Desk', 'Restaurant', 'Souvenir Shop', 'First Aid Station', 'Luggage Storage', 'family restrooms', 'Nursing facilities', 'photo spots', 'guided photo tours', 'charging stations', 'wheelchair rental', 'benches/rest areas']"
66,Bouches-du-Rhône,France,Theme Park/Amusement Park,Lumière Mirage Adventure Park,"Lumière Mirage Adventure Park is a theme park in Bouches-du-Rhône, France, popular for its memorable experiences. Entry fee is 67.2 USD. Recommended visit: 8 hours. Discover Lumière Mirage Adventure Park, a notable theme park in Bouches-du-Rhône, France, ideal for visitors. Open 08:30-19:00, entry 67.2 USD.",67.2,08:30-19:00,8 hours,3.75,"163-12-8 Roppongi, Minato City, Bouches-du-Rhône",43.5108196229812,4.504194193443828,"['with pets', 'luxury travelers', 'elderly travelers']","['Restrooms', 'Information Desk', 'Restaurant', 'Souvenir Shop', 'First Aid Station', 'Luggage Storage', 'Pet-friendly', 'pet water stations', 'Pet rest area', 'private tours', 'skip the line passes', 'VIP exclusive events', 'wheelchair rental', 'benches/rest areas']"
67,Bouches-du-Rhône,France,Theme Park/Amusement Park,Echoes of the Rhône,"Echoes of the Rhône is a theme park in Bouches-du-Rhône, France, popular for its memorable experiences. Entry fee is 49.0 USD. Recommended visit: 7 hours. Discover Echoes of the Rhône, a notable theme park in Bouches-du-Rhône, France, ideal for visitors. Open 09:00-18:00, entry 49.0 USD.",49.0,09:00-18:00,7 hours,3.75,"No. 456 Zhongshan Road, Bouches-du-Rhône",43.547419470347634,4.572362697831438,"['with children', 'elderly travelers', 'disabled traveler']","['Restrooms', 'Information Desk', 'Restaurant', 'Souvenir Shop', 'First Aid Station', 'Luggage Storage', 'family restrooms', 'Nursing facilities', 'wheelchair rental', 'benches/rest areas', 'ramps', 'elevators', 'wheelchair rentals', 'accessible restrooms']"
68,Bouches-du-Rhône,France,Theme Park/Amusement Park,Lacrima Rhône Rapids,"Lacrima Rhône Rapids is a theme park in Bouches-du-Rhône, France, popular for its memorable experiences. Entry fee is 16.79 USD. Recommended visit: 6 hours. Discover Lacrima Rhône Rapids, a notable theme park in Bouches-du-Rhône, France, ideal for visitors. Open 08:00-22:30, entry 16.79 USD.",16.79,08:00-22:30,6 hours,3.75,"594 Sakura Avenue, Naka-ku, Bouches-du-Rhône",43.40579944363718,5.623637230105179,"['business travelers', 'disabled traveler', 'road trip']","['Restrooms', 'Information Desk', 'Restaurant', 'Souvenir Shop', 'First Aid Station', 'Luggage Storage', 'High speed WiFi', 'ramps', 'elevators', 'wheelchair rentals', 'accessible restrooms', 'parking']"
69,Bouches-du-Rhône,France,Theme Park/Amusement Park,Lumière Forest Adventure,"Lumière Forest Adventure is a theme park in Bouches-du-Rhône, France, popular for its memorable experiences. Entry fee is 59.69 USD. Recommended visit: 6 hours. Discover Lumière Forest Adventure, a notable theme park in Bouches-du-Rhône, France, ideal for visitors. Open 09:00-18:00, entry 59.69 USD.",59.69,09:00-18:00,6 hours,3.75,"803 Seogwipo Road, Bouches-du-Rhône",43.50029999740733,5.636495437297837,"['with children', 'couples trip', 'disabled traveler']","['Restrooms', 'Information Desk', 'Restaurant', 'Souvenir Shop', 'First Aid Station', 'Luggage Storage', 'family restrooms', 'Nursing facilities', 'scenic spots', 'sunset cruises', 'special couples experiences', 'ramps', 'elevators', 'wheelchair rentals', 'accessible restrooms']"
70,Bouches-du-Rhône,France,Theme Park/Amusement Park,Provence Sunscape Adventure,"Provence Sunscape Adventure is a theme park in Bouches-du-Rhône, France, popular for its memorable experiences. Entry fee is 44.17 USD. Recommended visit: 7 hours. Discover Provence Sunscape Adventure, a notable theme park in Bouches-du-Rhône, France, ideal for visitors. Open 10:00-21:00, entry 44.17 USD.",44.17,10:00-21:00,7 hours,3.75,"684-12-8 SensÅ-ji, TaitÅ City, Bouches-du-Rhône",43.53312166200242,4.476894797592874,"['foodie', 'couples trip', 'luxury travelers']","['Restrooms', 'Information Desk', 'Restaurant', 'Souvenir Shop', 'First Aid Station', 'Luggage Storage', 'Food markets', 'tasting tours', 'scenic spots', 'sunset cruises', 'special couples experiences', 'private tours', 'skip the line passes', 'VIP exclusive events']"
71,Bouches-du-Rhône,France,Theme Park/Amusement Park,Lumière Étoilée Adventure Park,"Lumière Étoilée Adventure Park is a theme park in Bouches-du-Rhône, France, popular for its memorable experiences. Entry fee is 28.0 USD. Recommended visit: 8 hours. Discover Lumière Étoilée Adventure Park, a notable theme park in Bouches-du-Rhône, France, ideal for visitors. Open 08:00-22:00, entry 28.0 USD.",28.0,08:00-22:00,8 hours,3.75,"587 Shinjuku Gyoen, Shinjuku City, Bouches-du-Rhône",43.533105923307566,5.380027491943065,"['fast-paced budget travel', 'solo women', 'foodie']","['Restrooms', 'Information Desk', 'Restaurant', 'Souvenir Shop', 'First Aid Station', 'Luggage Storage', 'city passes', 'luggage storage', 'self-guided tours', 'group tours', 'security', 'Food markets', 'tasting tours']"
72,Bouches-du-Rhône,France,Theme Park/Amusement Park,Provence Midnight Wildlife Trek,"Provence Midnight Wildlife Trek is a theme park in Bouches-du-Rhône, France, popular for its memorable experiences. Entry fee is 17.6 USD. Recommended visit: 8 hours. Discover Provence Midnight Wildlife Trek, a notable theme park in Bouches-du-Rhône, France, ideal for visitors. Open 09:00-21:00, entry 17.6 USD.",17.6,09:00-21:00,8 hours,3.75,"506/19 Maha Chai Road, Khlong Toei District, Bouches-du-Rhône",43.52181553282369,4.564802570853878,"['photography', 'luxury travelers', 'road trip']","['Restrooms', 'Information Desk', 'Restaurant', 'Souvenir Shop', 'First Aid Station', 'Luggage Storage', 'photo spots', 'guided photo tours', 'charging stations', 'private tours', 'skip the line passes', 'VIP exclusive events', 'parking']"
73,Bouches-du-Rhône,France,Theme Park/Amusement Park,Lumière Viva Live Stage & Lounge,"Lumière Viva Live Stage & Lounge is a theme park in Bouches-du-Rhône, France, popular for its memorable experiences. Entry fee is 24.66 USD. Recommended visit: 7 hours. Discover Lumière Viva Live Stage & Lounge, a notable theme park in Bouches-du-Rhône, France, ideal for visitors. Open 09:00-18:00, entry 24.66 USD.",24.66,09:00-18:00,7 hours,3.75,"975 Sakura Street, Chuo Ward, Bouches-du-Rhône",43.54130678653688,5.303335258987559,"['with children', 'luxury travelers', 'disabled traveler']","['Restrooms', 'Information Desk', 'Restaurant', 'Souvenir Shop', 'First Aid Station', 'Luggage Storage', 'family restrooms', 'Nursing facilities', 'private tours', 'skip the line passes', 'VIP exclusive events', 'ramps', 'elevators', 'wheelchair rentals', 'accessible restrooms']"
74,Bouches-du-Rhône,France,Theme Park/Amusement Park,Provence Wildscape Adventure,"Provence Wildscape Adventure is a theme park in Bouches-du-Rhône, France, popular for its memorable experiences. Entry fee is 41.86 USD. Recommended visit: 8 hours. Discover Provence Wildscape Adventure, a notable theme park in Bouches-du-Rhône, France, ideal for visitors. Open 08:00-23:00, entry 41.86 USD.",41.86,08:00-23:00,8 hours,3.75,"No. 456, Zhongshan Road, Bouches-du-Rhône",43.60202670213657,4.916454554477494,"['with pets', 'luxury travelers', 'elderly travelers']","['Restrooms', 'Information Desk', 'Restaurant', 'Souvenir Shop', 'First Aid Station', 'Luggage Storage', 'Pet-friendly', 'pet water stations', 'Pet rest area', 'private tours', 'skip the line passes', 'VIP exclusive events', 'wheelchair rental', 'benches/rest areas']"
75,Bouches-du-Rhône,France,Theme Park/Amusement Park,Les Monts Luminaux Express,"Les Monts Luminaux Express is a theme park in Bouches-du-Rhône, France, popular for its memorable experiences. Entry fee is 6.99 USD. Recommended visit: 8 hours. Discover Les Monts Luminaux Express, a notable theme park in Bouches-du-Rhône, France, ideal for visitors. Open 09:00-17:30, entry 6.99 USD.",6.99,09:00-17:30,8 hours,3.75,"483 Shinjuku Garden Street, Shinjuku Ward, Bouches-du-Rhône",43.54875422605284,5.1839718648484805,"['photography', 'elderly travelers']","['Restrooms', 'Information Desk', 'Restaurant', 'Souvenir Shop', 'First Aid Station', 'Luggage Storage', 'photo spots', 'guided photo tours', 'charging stations', 'wheelchair rental', 'benches/rest areas']"
76,Bouches-du-Rhône,France,Theme Park/Amusement Park,Lumière Lagoon Adventure,"Lumière Lagoon Adventure is a theme park in Bouches-du-Rhône, France, popular for its memorable experiences. Entry fee is 23.37 USD. Recommended visit: 7 hours. Discover Lumière Lagoon Adventure, a notable theme park in Bouches-du-Rhône, France, ideal for visitors. Open 10:00-19:00, entry 23.37 USD.",23.37,10:00-19:00,7 hours,3.75,"No. 456 Cultural Road, Bouches-du-Rhône",43.6251354118054,5.41458306492063,"['nightlife enthusiast', 'foodie', 'luxury travelers']","['Restrooms', 'Information Desk', 'Restaurant', 'Souvenir Shop', 'First Aid Station', 'Luggage Storage', 'night markets', 'bars', 'evening shows', 'Food markets', 'tasting tours', 'private tours', 'skip the line passes', 'VIP exclusive events']"
77,Bouches-du-Rhône,France,Theme Park/Amusement Park,Echoes of the Silk Road,"Echoes of the Silk Road is a theme park in Bouches-du-Rhône, France, popular for its memorable experiences. Entry fee is 4.06 USD. Recommended visit: 7 hours. Discover Echoes of the Silk Road, a notable theme park in Bouches-du-Rhône, France, ideal for visitors. Open 09:00-17:30, entry 4.06 USD.",4.06,09:00-17:30,7 hours,3.75,"708 Beach Road, Bouches-du-Rhône",43.50206257993055,4.531518386016889,"['photography', 'couples trip']","['Restrooms', 'Information Desk', 'Restaurant', 'Souvenir Shop', 'First Aid Station', 'Luggage Storage', 'photo spots', 'guided photo tours', 'charging stations', 'scenic spots', 'sunset cruises', 'special couples experiences']"
78,Bouches-du-Rhône,France,Theme Park/Amusement Park,Provence Field Encounter | Regional League Lower Level Infield Seat Ticket | Includes Official Team Support Towel,"Provence Field Encounter | Regional League Lower Level Infield Seat Ticket | Includes Official Team Support Towel is a theme park in Bouches-du-Rhône, France, popular for its memorable experiences. Entry fee is 39.62 USD. Recommended visit: 8 hours. Discover Provence Field Encounter | Regional League Lower Level Infield Seat Ticket | Includes Official Team Support Towel, a notable theme park in Bouches-du-Rhône, France, ideal for visitors. Open 08:00-22:00, entry 39.62 USD.",39.62,08:00-22:00,8 hours,3.75,"158 West Zhongshan Road, Bouches-du-Rhône",43.4633433661724,4.367433893643077,"['solo women', 'disabled traveler', 'business travelers']","['Restrooms', 'Information Desk', 'Restaurant', 'Souvenir Shop', 'First Aid Station', 'Luggage Storage', 'group tours', 'security', 'ramps', 'elevators', 'wheelchair rentals', 'accessible restrooms', 'High speed WiFi']"
79,Bouches-du-Rhône,France,Theme Park/Amusement Park,Cretaceous Cove Discovery Park,"Cretaceous Cove Discovery Park is a theme park in Bouches-du-Rhône, France, popular for its memorable experiences. Entry fee is 89.6 USD. Recommended visit: 7 hours. Discover Cretaceous Cove Discovery Park, a notable theme park in Bouches-du-Rhône, France, ideal for visitors. Open 09:30-17:00, entry 89.6 USD.",89.6,09:30-17:00,7 hours,3.75,"691 Sumo Street, Nakamura-ku, Bouches-du-Rhône",43.36137417434952,4.852593701200755,"['fast-paced budget travel', 'elderly travelers', 'business travelers']","['Restrooms', 'Information Desk', 'Restaurant', 'Souvenir Shop', 'First Aid Station', 'Luggage Storage', 'city passes', 'luggage storage', 'self-guided tours', 'wheelchair rental', 'benches/rest areas', 'High speed WiFi']"
80,Bouches-du-Rhône,France,Theme Park/Amusement Park,Lac des Étoiles Adventure Hub,"Lac des Étoiles Adventure Hub is a theme park in Bouches-du-Rhône, France, popular for its memorable experiences. Entry fee is 20.67 USD. Recommended visit: 6 hours. Discover Lac des Étoiles Adventure Hub, a notable theme park in Bouches-du-Rhône, France, ideal for visitors. Open 09:00-17:30, entry 20.67 USD.",20.67,09:00-17:30,6 hours,3.75,"903 Shirokane Street, Chuo Ward, Bouches-du-Rhône",43.458070837107314,5.128424531348733,"['nightlife enthusiast', 'fast-paced budget travel', 'disabled traveler']","['Restrooms', 'Information Desk', 'Restaurant', 'Souvenir Shop', 'First Aid Station', 'Luggage Storage', 'night markets', 'bars', 'evening shows', 'city passes', 'luggage storage', 'self-guided tours', 'ramps', 'elevators', 'wheelchair rentals', 'accessible restrooms']"
81,Bouches-du-Rhône,France,Theme Park/Amusement Park,Lumière Horizon: Echoes of the Future,"Lumière Horizon: Echoes of the Future is a theme park in Bouches-du-Rhône, France, popular for its memorable experiences. Entry fee is 11.89 USD. Recommended visit: 6 hours. Discover Lumière Horizon: Echoes of the Future, a notable theme park in Bouches-du-Rhône, France, ideal for visitors. Open 08:30-17:30, entry 11.89 USD.",11.89,08:30-17:30,6 hours,3.75,"542 Seogwipo Street, Bouches-du-Rhône",43.75406068123377,5.1028977484871945,"['fast-paced budget travel', 'luxury travelers', 'business travelers']","['Restrooms', 'Information Desk', 'Restaurant', 'Souvenir Shop', 'First Aid Station', 'Luggage Storage', 'city passes', 'luggage storage', 'self-guided tours', 'private tours', 'skip the line passes', 'VIP exclusive events', 'High speed WiFi']"
82,Bouches-du-Rhône,France,Theme Park/Amusement Park,Rhône Quest Adventure,"Rhône Quest Adventure is a theme park in Bouches-du-Rhône, France, popular for its memorable experiences. Entry fee is 15.24 USD. Recommended visit: 7 hours. Discover Rhône Quest Adventure, a notable theme park in Bouches-du-Rhône, France, ideal for visitors. Open 09:00-20:00, entry 15.24 USD.",15.24,09:00-20:00,7 hours,3.75,"944 Shuri Street, Bouches-du-Rhône",43.49148695311855,4.945348975702467,"['with children', 'couples trip', 'disabled traveler']","['Restrooms', 'Information Desk', 'Restaurant', 'Souvenir Shop', 'First Aid Station', 'Luggage Storage', 'family restrooms', 'Nursing facilities', 'scenic spots', 'sunset cruises', 'special couples experiences', 'ramps', 'elevators', 'wheelchair rentals', 'accessible restrooms']"
83,Bouches-du-Rhône,France,Theme Park/Amusement Park,Provence Aqua Adventure,"Provence Aqua Adventure is a theme park in Bouches-du-Rhône, France, popular for its memorable experiences. Entry fee is 26.46 USD. Recommended visit: 6 hours. Discover Provence Aqua Adventure, a notable theme park in Bouches-du-Rhône, France, ideal for visitors. Open 08:00-00:00, entry 26.46 USD.",26.46,08:00-00:00,6 hours,3.75,"No. 456, Xingye Road, Tianhe District, Bouches-du-Rhône",43.32235331215768,5.525611541913694,"['foodie', 'luxury travelers', 'elderly travelers']","['Restrooms', 'Information Desk', 'Restaurant', 'Souvenir Shop', 'First Aid Station', 'Luggage Storage', 'Food markets', 'tasting tours', 'private tours', 'skip the line passes', 'VIP exclusive events', 'wheelchair rental', 'benches/rest areas']"
84,Bouches-du-Rhône,France,Theme Park/Amusement Park,Provence Wildscape Adventure Park,"Provence Wildscape Adventure Park is a theme park in Bouches-du-Rhône, France, popular for its memorable experiences. Entry fee is 19.55 USD. Recommended visit: 8 hours. Discover Provence Wildscape Adventure Park, a notable theme park in Bouches-du-Rhône, France, ideal for visitors. Open 09:00-17:30, entry 19.55 USD.",19.55,09:00-17:30,8 hours,3.75,"No. 456, Xinglin Road, Bouches-du-Rhône",43.280261876893455,5.380689923733703,"['with children', 'solo women', 'elderly travelers']","['Restrooms', 'Information Desk', 'Restaurant', 'Souvenir Shop', 'First Aid Station', 'Luggage Storage', 'family restrooms', 'Nursing facilities', 'group tours', 'security', 'wheelchair rental', 'benches/rest areas']"
85,Bouches-du-Rhône,France,Theme Park/Amusement Park,Rhône Harmony Oasis,"Rhône Harmony Oasis is a theme park in Bouches-du-Rhône, France, popular for its memorable experiences. Entry fee is 35.0 USD. Recommended visit: 6 hours. Discover Rhône Harmony Oasis, a notable theme park in Bouches-du-Rhône, France, ideal for visitors. Open 20:00-05:00, entry 35.0 USD.",35.0,20:00-05:00,6 hours,3.75,"851 Seobuk-ro, Suyeong-gu, Bouches-du-Rhône",43.88329213077552,4.735157271985835,"['nightlife enthusiast', 'road trip', 'business travelers']","['Restrooms', 'Information Desk', 'Restaurant', 'Souvenir Shop', 'First Aid Station', 'Luggage Storage', 'night markets', 'bars', 'evening shows', 'parking', 'High speed WiFi']"
86,Bouches-du-Rhône,France,Theme Park/Amusement Park,Lumière Adventure Domain,"Lumière Adventure Domain is a theme park in Bouches-du-Rhône, France, popular for its memorable experiences. Entry fee is 54.32 USD. Recommended visit: 8 hours. Discover Lumière Adventure Domain, a notable theme park in Bouches-du-Rhône, France, ideal for visitors. Open 10:00-19:00, entry 54.32 USD.",54.32,10:00-19:00,8 hours,3.75,"397 Seaside Promenade, Bouches-du-Rhône",43.55545943002504,4.914712590049167,"['disabled traveler', 'business travelers']","['Restrooms', 'Information Desk', 'Restaurant', 'Souvenir Shop', 'First Aid Station', 'Luggage Storage', 'ramps', 'elevators', 'wheelchair rentals', 'accessible restrooms', 'High speed WiFi']"
87,Bouches-du-Rhône,France,Theme Park/Amusement Park,Miniature Marvels Provence,"Miniature Marvels Provence is a theme park in Bouches-du-Rhône, France, popular for its memorable experiences. Entry fee is 31.01 USD. Recommended visit: 7 hours. Discover Miniature Marvels Provence, a notable theme park in Bouches-du-Rhône, France, ideal for visitors. Open 10:00-22:00, entry 31.01 USD.",31.01,10:00-22:00,7 hours,3.75,"No. 567, Zhongshan Road, Beilin District, Bouches-du-Rhône",43.62884165645493,5.265943093872446,"['nightlife enthusiast', 'with children', 'photography']","['Restrooms', 'Information Desk', 'Restaurant', 'Souvenir Shop', 'First Aid Station', 'Luggage Storage', 'night markets', 'bars', 'evening shows', 'family restrooms', 'Nursing facilities', 'photo spots', 'guided photo tours', 'charging stations']"
88,Bouches-du-Rhône,France,Theme Park/Amusement Park,Villa des Mers: Rhône Renaissance,"Villa des Mers: Rhône Renaissance is a theme park in Bouches-du-Rhône, France, popular for its memorable experiences. Entry fee is 13.72 USD. Recommended visit: 8 hours. Discover Villa des Mers: Rhône Renaissance, a notable theme park in Bouches-du-Rhône, France, ideal for visitors. Open 09:00-17:30, entry 13.72 USD.",13.72,09:00-17:30,8 hours,3.75,"591 Shirokane Street, Bouches-du-Rhône",43.69976899035908,5.783091484443039,"['photography', 'luxury travelers', 'road trip']","['Restrooms', 'Information Desk', 'Restaurant', 'Souvenir Shop', 'First Aid Station', 'Luggage Storage', 'photo spots', 'guided photo tours', 'charging stations', 'private tours', 'skip the line passes', 'VIP exclusive events', 'parking']"
89,Bouches-du-Rhône,France,Theme Park/Amusement Park,Lumière des Mers Aquapark,"Lumière des Mers Aquapark is a theme park in Bouches-du-Rhône, France, popular for its memorable experiences. Entry fee is 53.2 USD. Recommended visit: 6 hours. Discover Lumière des Mers Aquapark, a notable theme park in Bouches-du-Rhône, France, ideal for visitors. Open 09:30-21:00, entry 53.2 USD.",53.2,09:30-21:00,6 hours,3.75,"650 Sathorn Road, Bouches-du-Rhône",43.73916316307447,5.004497473866786,"['fast-paced budget travel', 'disabled traveler', 'business travelers']","['Restrooms', 'Information Desk', 'Restaurant', 'Souvenir Shop', 'First Aid Station', 'Luggage Storage', 'city passes', 'luggage storage', 'self-guided tours', 'ramps', 'elevators', 'wheelchair rentals', 'accessible restrooms', 'High speed WiFi']"
90,Bouches-du-Rhône,France,Theme Park/Amusement Park,Lumière Splash Realm,"Lumière Splash Realm is a theme park in Bouches-du-Rhône, France, popular for its memorable experiences. Entry fee is 12.7 USD. Recommended visit: 6 hours. Discover Lumière Splash Realm, a notable theme park in Bouches-du-Rhône, France, ideal for visitors. Open 10:00-22:00, entry 12.7 USD.",12.7,10:00-22:00,6 hours,3.75,"350 Charoenkrung Road, Samphanthawong District, Bouches-du-Rhône",43.480938703399566,4.87399895473332,"['photography', 'disabled traveler', 'road trip']","['Restrooms', 'Information Desk', 'Restaurant', 'Souvenir Shop', 'First Aid Station', 'Luggage Storage', 'photo spots', 'guided photo tours', 'charging stations', 'ramps', 'elevators', 'wheelchair rentals', 'accessible restrooms', 'parking']"
91,Bouches-du-Rhône,France,Historic Site/Landmark,Les Jardins du Soleil Éclatant,"Les Jardins du Soleil Éclatant is a historic site in Bouches-du-Rhône, France, popular for its memorable experiences. Entry fee is 0.0 USD. Recommended visit: 2 hours. Discover Les Jardins du Soleil Éclatant, a notable historic site in Bouches-du-Rhône, France, ideal for visitors. Open 19:30-22:30, entry 0.0 USD.",0.0,19:30-22:30,2 hours,3.5,"402 Thaweewong Road, Bouches-du-Rhône",43.206925824309046,5.601649860521391,"['nightlife enthusiast', 'fast-paced budget travel', 'elderly travelers']","['Restrooms', 'Information Desk', 'Restaurant', 'Souvenir Shop', 'First Aid Station', 'Luggage Storage', 'night markets', 'bars', 'evening shows', 'city passes', 'luggage storage', 'self-guided tours', 'wheelchair rental', 'benches/rest areas']"
92,Bouches-du-Rhône,France,Historic Site/Landmark,Provence Thermal Enclave,"Provence Thermal Enclave is a historic site in Bouches-du-Rhône, France, popular for its memorable experiences. Entry fee is 114.46 USD. Recommended visit: 2 hours. Discover Provence Thermal Enclave, a notable historic site in Bouches-du-Rhône, France, ideal for visitors. Open 08:30-17:00, entry 114.46 USD.",114.46,08:30-17:00,2 hours,3.5,"No. 888, Guangming Avenue, Haizhu District, Bouches-du-Rhône",43.89639426355094,4.7887278167023,"['with children', 'photography', 'elderly travelers']","['Restrooms', 'Information Desk', 'Restaurant', 'Souvenir Shop', 'First Aid Station', 'Luggage Storage', 'family restrooms', 'Nursing facilities', 'photo spots', 'guided photo tours', 'charging stations', 'wheelchair rental', 'benches/rest areas']"
93,Bouches-du-Rhône,France,Historic Site/Landmark,Villa des Temps Perdus,"Villa des Temps Perdus is a historic site in Bouches-du-Rhône, France, popular for its memorable experiences. Entry fee is 4.13 USD. Recommended visit: 2 hours. Discover Villa des Temps Perdus, a notable historic site in Bouches-du-Rhône, France, ideal for visitors. Open 08:00-18:00, entry 4.13 USD.",4.13,08:00-18:00,2 hours,3.5,"546-1 Nishi 10-chome, Bouches-du-Rhône",43.65643026788105,4.816618226066753,"['luxury travelers', 'disabled traveler']","['Restrooms', 'Information Desk', 'Restaurant', 'Souvenir Shop', 'First Aid Station', 'Luggage Storage', 'private tours', 'skip the line passes', 'VIP exclusive events', 'ramps', 'elevators', 'wheelchair rentals', 'accessible restrooms']"
94,Bouches-du-Rhône,France,Historic Site/Landmark,Echoes of the Provençal Court,"Echoes of the Provençal Court is a historic site in Bouches-du-Rhône, France, popular for its memorable experiences. Entry fee is 9.73 USD. Recommended visit: 2 hours. Discover Echoes of the Provençal Court, a notable historic site in Bouches-du-Rhône, France, ideal for visitors. Open 08:30-17:30, entry 9.73 USD.",9.73,08:30-17:30,2 hours,3.5,"No. 456, Xingqing West Road, Bouches-du-Rhône",43.3864844597785,4.68341268371215,"['luxury travelers', 'disabled traveler', 'business travelers']","['Restrooms', 'Information Desk', 'Restaurant', 'Souvenir Shop', 'First Aid Station', 'Luggage Storage', 'private tours', 'skip the line passes', 'VIP exclusive events', 'ramps', 'elevators', 'wheelchair rentals', 'accessible restrooms', 'High speed WiFi']"
95,Bouches-du-Rhône,France,Historic Site/Landmark,Provencal Heritage Hall,"Provencal Heritage Hall is a historic site in Bouches-du-Rhône, France, popular for its memorable experiences. Entry fee is 42.0 USD. Recommended visit: 2 hours. Discover Provencal Heritage Hall, a notable historic site in Bouches-du-Rhône, France, ideal for visitors. Open 08:30-17:00, entry 42.0 USD.",42.0,08:30-17:00,2 hours,3.5,"700 Orchard Road, Bouches-du-Rhône",43.6459915000076,4.834379392008561,"['couples trip', 'luxury travelers', 'road trip']","['Restrooms', 'Information Desk', 'Restaurant', 'Souvenir Shop', 'First Aid Station', 'Luggage Storage', 'scenic spots', 'sunset cruises', 'special couples experiences', 'private tours', 'skip the line passes', 'VIP exclusive events', 'parking']"
96,Bouches-du-Rhône,France,Historic Site/Landmark,Provencal Heritage and Athletic Hall,"Provencal Heritage and Athletic Hall is a historic site in Bouches-du-Rhône, France, popular for its memorable experiences. Entry fee is 36.54 USD. Recommended visit: 2 hours. Discover Provencal Heritage and Athletic Hall, a notable historic site in Bouches-du-Rhône, France, ideal for visitors. Open 08:30-17:30, entry 36.54 USD.",36.54,08:30-17:30,2 hours,3.5,"333-789 Shinkocho, Bouches-du-Rhône",43.49934482437874,5.1563435603310985,"['couples trip', 'with pets', 'luxury travelers']","['Restrooms', 'Information Desk', 'Restaurant', 'Souvenir Shop', 'First Aid Station', 'Luggage Storage', 'scenic spots', 'sunset cruises', 'special couples experiences', 'Pet-friendly', 'pet water stations', 'Pet rest area', 'private tours', 'skip the line passes', 'VIP exclusive events']"
97,Bouches-du-Rhône,France,Historic Site/Landmark,Cours des Anciens,"Cours des Anciens is a historic site in Bouches-du-Rhône, France, popular for its memorable experiences. Entry fee is 11.68 USD. Recommended visit: 2 hours. Discover Cours des Anciens, a notable historic site in Bouches-du-Rhône, France, ideal for visitors. Open 09:00-17:30, entry 11.68 USD.",11.68,09:00-17:30,2 hours,3.5,"187/4 Rajdamnoen Avenue, Sathorn District, Bouches-du-Rhône",43.45860638242091,5.181175477327463,"['solo women', 'couples trip', 'disabled traveler']","['Restrooms', 'Information Desk', 'Restaurant', 'Souvenir Shop', 'First Aid Station', 'Luggage Storage', 'group tours', 'security', 'scenic spots', 'sunset cruises', 'special couples experiences', 'ramps', 'elevators', 'wheelchair rentals', 'accessible restrooms']"
98,Bouches-du-Rhône,France,Historic Site/Landmark,Aether Sky Spire,"Aether Sky Spire is a historic site in Bouches-du-Rhône, France, popular for its memorable experiences. Entry fee is 1.4 USD. Recommended visit: 2 hours. Discover Aether Sky Spire, a notable historic site in Bouches-du-Rhône, France, ideal for visitors. Open 09:00-17:00, entry 1.4 USD.",1.4,09:00-17:00,2 hours,3.5,"965 Sakura Street, Naka Ward, Bouches-du-Rhône",43.70946116298628,5.325288590137596,"['photography', 'disabled traveler', 'business travelers']","['Restrooms', 'Information Desk', 'Restaurant', 'Souvenir Shop', 'First Aid Station', 'Luggage Storage', 'photo spots', 'guided photo tours', 'charging stations', 'ramps', 'elevators', 'wheelchair rentals', 'accessible restrooms', 'High speed WiFi']"
99,Bouches-du-Rhône,France,Historic Site/Landmark,Provence Skyline Adventure,"Provence Skyline Adventure is a historic site in Bouches-du-Rhône, France, popular for its memorable experiences. Entry fee is 24.92 USD. Recommended visit: 2 hours. Discover Provence Skyline Adventure, a notable historic site in Bouches-du-Rhône, France, ideal for visitors. Open 08:30-19:00, entry 24.92 USD.",24.92,08:30-19:00,2 hours,3.5,"215 Sakura Street, Bouches-du-Rhône",43.446734317282434,5.513821840285651,"['photography', 'disabled traveler', 'road trip']","['Restrooms', 'Information Desk', 'Restaurant', 'Souvenir Shop', 'First Aid Station', 'Luggage Storage', 'photo spots', 'guided photo tours', 'charging stations', 'ramps', 'elevators', 'wheelchair rentals', 'accessible restrooms', 'parking']"
100,Bouches-du-Rhône,France,Historic Site/Landmark,Provence Skyline Panorama,"Provence Skyline Panorama is a historic site in Bouches-du-Rhône, France, popular for its memorable experiences. Entry fee is 10.59 USD. Recommended visit: 2 hours. Discover Provence Skyline Panorama, a notable historic site in Bouches-du-Rhône, France, ideal for visitors. Open 09:00-21:00, entry 10.59 USD.",10.59,09:00-21:00,2 hours,3.5,"No. 456 Riverside Avenue, Bouches-du-Rhône",43.60951737624988,5.6741425330163855,"['nightlife enthusiast', 'couples trip', 'disabled traveler']","['Restrooms', 'Information Desk', 'Restaurant', 'Souvenir Shop', 'First Aid Station', 'Luggage Storage', 'night markets', 'bars', 'evening shows', 'scenic spots', 'sunset cruises', 'special couples experiences', 'ramps', 'elevators', 'wheelchair rentals', 'accessible restrooms']"
101,Bouches-du-Rhône,France,Historic Site/Landmark,Provence Heritage Spire,"Provence Heritage Spire is a historic site in Bouches-du-Rhône, France, popular for its memorable experiences. Entry fee is 12.6 USD. Recommended visit: 2 hours. Discover Provence Heritage Spire, a notable historic site in Bouches-du-Rhône, France, ideal for visitors. Open 09:00-21:00, entry 12.6 USD.",12.6,09:00-21:00,2 hours,3.5,"829-8543 Sapporo City, Nishi 1-chome, Bouches-du-Rhône",43.62971793132125,5.46370272350089,"['solo women', 'road trip']","['Restrooms', 'Information Desk', 'Restaurant', 'Souvenir Shop', 'First Aid Station', 'Luggage Storage', 'group tours', 'security', 'parking']"
102,Bouches-du-Rhône,France,Historic Site/Landmark,Les Jardins de la Mémoire,"Les Jardins de la Mémoire is a historic site in Bouches-du-Rhône, France, popular for its memorable experiences. Entry fee is 29.19 USD. Recommended visit: 2 hours. Discover Les Jardins de la Mémoire, a notable historic site in Bouches-du-Rhône, France, ideal for visitors. Open 09:00-17:00, entry 29.19 USD.",29.19,09:00-17:00,2 hours,3.5,"598 Shinkawa Street, Naka-ku, Bouches-du-Rhône",43.74732860410733,4.794470066081304,"['elderly travelers', 'disabled traveler', 'business travelers']","['Restrooms', 'Information Desk', 'Restaurant', 'Souvenir Shop', 'First Aid Station', 'Luggage Storage', 'wheelchair rental', 'benches/rest areas', 'ramps', 'elevators', 'wheelchair rentals', 'accessible restrooms', 'High speed WiFi']"
103,Bouches-du-Rhône,France,Historic Site/Landmark,Provencal Legacy Monastery Trail,"Provencal Legacy Monastery Trail is a historic site in Bouches-du-Rhône, France, popular for its memorable experiences. Entry fee is 5.38 USD. Recommended visit: 2 hours. Discover Provencal Legacy Monastery Trail, a notable historic site in Bouches-du-Rhône, France, ideal for visitors. Open 10:00-22:00, entry 5.38 USD.",5.38,10:00-22:00,2 hours,3.5,"No. 88, Zhongshan Road, Bouches-du-Rhône",43.83070749144439,4.877573586988082,"['nightlife enthusiast', 'elderly travelers', 'disabled traveler']","['Restrooms', 'Information Desk', 'Restaurant', 'Souvenir Shop', 'First Aid Station', 'Luggage Storage', 'night markets', 'bars', 'evening shows', 'wheelchair rental', 'benches/rest areas', 'ramps', 'elevators', 'wheelchair rentals', 'accessible restrooms']"
104,Bouches-du-Rhône,France,Historic Site/Landmark,La Maison des Combats Rhodaniens,"La Maison des Combats Rhodaniens is a historic site in Bouches-du-Rhône, France, popular for its memorable experiences. Entry fee is 474.46 USD. Recommended visit: 2 hours. Discover La Maison des Combats Rhodaniens, a notable historic site in Bouches-du-Rhône, France, ideal for visitors. Open 06:00-18:00, entry 474.46 USD.",474.46,06:00-18:00,2 hours,3.5,"976 Gwanghwamun Street, Bouches-du-Rhône",43.45116751099576,5.10092346648232,"['fast-paced budget travel', 'foodie', 'business travelers']","['Restrooms', 'Information Desk', 'Restaurant', 'Souvenir Shop', 'First Aid Station', 'Luggage Storage', 'city passes', 'luggage storage', 'self-guided tours', 'Food markets', 'tasting tours', 'High speed WiFi']"
105,Bouches-du-Rhône,France,Historic Site/Landmark,Lumière of the Rhône Temple Complex,"Lumière of the Rhône Temple Complex is a historic site in Bouches-du-Rhône, France, popular for its memorable experiences. Entry fee is 78.46 USD. Recommended visit: 2 hours. Discover Lumière of the Rhône Temple Complex, a notable historic site in Bouches-du-Rhône, France, ideal for visitors. Open 09:00-17:30, entry 78.46 USD.",78.46,09:00-17:30,2 hours,3.5,"307 Sakura Street, Bouches-du-Rhône",43.70239980029552,4.764425946531565,"['solo women', 'elderly travelers', 'road trip']","['Restrooms', 'Information Desk', 'Restaurant', 'Souvenir Shop', 'First Aid Station', 'Luggage Storage', 'group tours', 'security', 'wheelchair rental', 'benches/rest areas', 'parking']"
106,Bouches-du-Rhône,France,Historic Site/Landmark,Provencal Garb Museum,"Provencal Garb Museum is a historic site in Bouches-du-Rhône, France, popular for its memorable experiences. Entry fee is 21.77 USD. Recommended visit: 2 hours. Discover Provencal Garb Museum, a notable historic site in Bouches-du-Rhône, France, ideal for visitors. Open 08:30-17:30, entry 21.77 USD.",21.77,08:30-17:30,2 hours,3.5,"No. 125, Xianhu Road, Futian District, Bouches-du-Rhône",43.24290416929357,5.475419341472399,"['nightlife enthusiast', 'solo women']","['Restrooms', 'Information Desk', 'Restaurant', 'Souvenir Shop', 'First Aid Station', 'Luggage Storage', 'night markets', 'bars', 'evening shows', 'group tours', 'security']"
107,Bouches-du-Rhône,France,Historic Site/Landmark,Golden Horizon Promenade,"Golden Horizon Promenade is a historic site in Bouches-du-Rhône, France, popular for its memorable experiences. Entry fee is 7.0 USD. Recommended visit: 2 hours. Discover Golden Horizon Promenade, a notable historic site in Bouches-du-Rhône, France, ideal for visitors. Open 08:30-17:00, entry 7.0 USD.",7.0,08:30-17:00,2 hours,3.5,"No. 456, West Lake Road, Bouches-du-Rhône",43.7080209935352,5.054050647555943,"['with children', 'disabled traveler', 'road trip']","['Restrooms', 'Information Desk', 'Restaurant', 'Souvenir Shop', 'First Aid Station', 'Luggage Storage', 'family restrooms', 'Nursing facilities', 'ramps', 'elevators', 'wheelchair rentals', 'accessible restrooms', 'parking']"
108,Bouches-du-Rhône,France,Historic Site/Landmark,La Maison des Miroirs Anciens,"La Maison des Miroirs Anciens is a historic site in Bouches-du-Rhône, France, popular for its memorable experiences. Entry fee is 16.97 USD. Recommended visit: 2 hours. Discover La Maison des Miroirs Anciens, a notable historic site in Bouches-du-Rhône, France, ideal for visitors. Open 09:00-18:00, entry 16.97 USD.",16.97,09:00-18:00,2 hours,3.5,"No. 589, Xueyuan Road, Bouches-du-Rhône",43.51189140598565,4.543480601264926,"['with children', 'with pets']","['Restrooms', 'Information Desk', 'Restaurant', 'Souvenir Shop', 'First Aid Station', 'Luggage Storage', 'family restrooms', 'Nursing facilities', 'Pet-friendly', 'pet water stations', 'Pet rest area']"
109,Bouches-du-Rhône,France,Historic Site/Landmark,Cité des Cimes Observation Tower,"Cité des Cimes Observation Tower is a historic site in Bouches-du-Rhône, France, popular for its memorable experiences. Entry fee is 6.23 USD. Recommended visit: 2 hours. Discover Cité des Cimes Observation Tower, a notable historic site in Bouches-du-Rhône, France, ideal for visitors. Open 08:30-20:00, entry 6.23 USD.",6.23,08:30-20:00,2 hours,3.5,"No. 456, Riverside Lane, Xiaoshan District, Bouches-du-Rhône",43.58889541262594,5.132932947156558,"['with children', 'solo women', 'couples trip']","['Restrooms', 'Information Desk', 'Restaurant', 'Souvenir Shop', 'First Aid Station', 'Luggage Storage', 'family restrooms', 'Nursing facilities', 'group tours', 'security', 'scenic spots', 'sunset cruises', 'special couples experiences']"
110,Bouches-du-Rhône,France,Historic Site/Landmark,Lumière Citadel · Sunspire Gorge Heritage,"Lumière Citadel · Sunspire Gorge Heritage is a historic site in Bouches-du-Rhône, France, popular for its memorable experiences. Entry fee is 4.2 USD. Recommended visit: 2 hours. Discover Lumière Citadel · Sunspire Gorge Heritage, a notable historic site in Bouches-du-Rhône, France, ideal for visitors. Open 08:30-17:30, entry 4.2 USD.",4.2,08:30-17:30,2 hours,3.5,"557 Shiroiwa Street, Bouches-du-Rhône",43.54084106526801,4.549298697849294,"['nightlife enthusiast', 'photography']","['Restrooms', 'Information Desk', 'Restaurant', 'Souvenir Shop', 'First Aid Station', 'Luggage Storage', 'night markets', 'bars', 'evening shows', 'photo spots', 'guided photo tours', 'charging stations']"
111,Bouches-du-Rhône,France,Historic Site/Landmark,Celtic Thermal Baths and Drum Circle,"Celtic Thermal Baths and Drum Circle is a historic site in Bouches-du-Rhône, France, popular for its memorable experiences. Entry fee is 5.6 USD. Recommended visit: 2 hours. Discover Celtic Thermal Baths and Drum Circle, a notable historic site in Bouches-du-Rhône, France, ideal for visitors. Open 09:00-17:30, entry 5.6 USD.",5.6,09:00-17:30,2 hours,3.5,"No. 567 Riverside Lane, Bouches-du-Rhône",43.82552159425428,4.750477204313349,"['fast-paced budget travel', 'couples trip', 'road trip']","['Restrooms', 'Information Desk', 'Restaurant', 'Souvenir Shop', 'First Aid Station', 'Luggage Storage', 'city passes', 'luggage storage', 'self-guided tours', 'scenic spots', 'sunset cruises', 'special couples experiences', 'parking']"
112,Bouches-du-Rhône,France,Historic Site/Landmark,Aqua Sanctum,"Aqua Sanctum is a historic site in Bouches-du-Rhône, France, popular for its memorable experiences. Entry fee is 2.79 USD. Recommended visit: 2 hours. Discover Aqua Sanctum, a notable historic site in Bouches-du-Rhône, France, ideal for visitors. Open 09:00-17:00, entry 2.79 USD.",2.79,09:00-17:00,2 hours,3.5,"473-1 Kita-Honganji-machi, Chuo Ward, Bouches-du-Rhône",43.4808440827995,5.004571378138696,"['nightlife enthusiast', 'with pets', 'couples trip']","['Restrooms', 'Information Desk', 'Restaurant', 'Souvenir Shop', 'First Aid Station', 'Luggage Storage', 'night markets', 'bars', 'evening shows', 'Pet-friendly', 'pet water stations', 'Pet rest area', 'scenic spots', 'sunset cruises', 'special couples experiences']"
113,Bouches-du-Rhône,France,Historic Site/Landmark,Vallée des Sables Étincelants,"Vallée des Sables Étincelants is a historic site in Bouches-du-Rhône, France, popular for its memorable experiences. Entry fee is 7.84 USD. Recommended visit: 2 hours. Discover Vallée des Sables Étincelants, a notable historic site in Bouches-du-Rhône, France, ideal for visitors. Open 10:00-22:00, entry 7.84 USD.",7.84,10:00-22:00,2 hours,3.5,"531 Chalong Road, Bouches-du-Rhône",43.66417891826309,4.815163856487786,"['photography', 'couples trip', 'luxury travelers']","['Restrooms', 'Information Desk', 'Restaurant', 'Souvenir Shop', 'First Aid Station', 'Luggage Storage', 'photo spots', 'guided photo tours', 'charging stations', 'scenic spots', 'sunset cruises', 'special couples experiences', 'private tours', 'skip the line passes', 'VIP exclusive events']"
114,Bouches-du-Rhône,France,Historic Site/Landmark,La Forge des Étoiles,"La Forge des Étoiles is a historic site in Bouches-du-Rhône, France, popular for its memorable experiences. Entry fee is 13.36 USD. Recommended visit: 2 hours. Discover La Forge des Étoiles, a notable historic site in Bouches-du-Rhône, France, ideal for visitors. Open 09:30-17:00, entry 13.36 USD.",13.36,09:30-17:00,2 hours,3.5,"376 Sakura Street, Naka-ku, Bouches-du-Rhône",43.38721007086982,5.537238595219485,"['solo women', 'with pets', 'business travelers']","['Restrooms', 'Information Desk', 'Restaurant', 'Souvenir Shop', 'First Aid Station', 'Luggage Storage', 'group tours', 'security', 'Pet-friendly', 'pet water stations', 'Pet rest area', 'High speed WiFi']"
115,Bouches-du-Rhône,France,Historic Site/Landmark,Les Combats de la Citadelle de Marseille,"Les Combats de la Citadelle de Marseille is a historic site in Bouches-du-Rhône, France, popular for its memorable experiences. Entry fee is 160.64 USD. Recommended visit: 2 hours. Discover Les Combats de la Citadelle de Marseille, a notable historic site in Bouches-du-Rhône, France, ideal for visitors. Open 09:00-22:00, entry 160.64 USD.",160.64,09:00-22:00,2 hours,3.5,"391 Seaside Promenade, Hakata-ku, Bouches-du-Rhône",43.2451866723928,5.492017112023182,"['luxury travelers', 'elderly travelers', 'business travelers']","['Restrooms', 'Information Desk', 'Restaurant', 'Souvenir Shop', 'First Aid Station', 'Luggage Storage', 'private tours', 'skip the line passes', 'VIP exclusive events', 'wheelchair rental', 'benches/rest areas', 'High speed WiFi']"
116,Bouches-du-Rhône,France,Historic Site/Landmark,Lumière Valley Heritage Walk,"Lumière Valley Heritage Walk is a historic site in Bouches-du-Rhône, France, popular for its memorable experiences. Entry fee is 248.4 USD. Recommended visit: 2 hours. Discover Lumière Valley Heritage Walk, a notable historic site in Bouches-du-Rhône, France, ideal for visitors. Open 09:00-17:30, entry 248.4 USD.",248.4,09:00-17:30,2 hours,3.5,"255 Sakura Street, Shibuya Ward, Bouches-du-Rhône",43.384960041381376,5.654983113705875,"['fast-paced budget travel', 'photography', 'elderly travelers']","['Restrooms', 'Information Desk', 'Restaurant', 'Souvenir Shop', 'First Aid Station', 'Luggage Storage', 'city passes', 'luggage storage', 'self-guided tours', 'photo spots', 'guided photo tours', 'charging stations', 'wheelchair rental', 'benches/rest areas']"
117,Bouches-du-Rhône,France,Historic Site/Landmark,Lumière Heritage Hall,"Lumière Heritage Hall is a historic site in Bouches-du-Rhône, France, popular for its memorable experiences. Entry fee is 16.52 USD. Recommended visit: 2 hours. Discover Lumière Heritage Hall, a notable historic site in Bouches-du-Rhône, France, ideal for visitors. Open 10:00-19:00, entry 16.52 USD.",16.52,10:00-19:00,2 hours,3.5,"No. 456, Cultural Avenue, Bouches-du-Rhône",43.37668382138134,4.777311230920265,"['foodie', 'photography', 'luxury travelers']","['Restrooms', 'Information Desk', 'Restaurant', 'Souvenir Shop', 'First Aid Station', 'Luggage Storage', 'Food markets', 'tasting tours', 'photo spots', 'guided photo tours', 'charging stations', 'private tours', 'skip the line passes', 'VIP exclusive events']"
118,Bouches-du-Rhône,France,Historic Site/Landmark,Villa des Muses,"Villa des Muses is a historic site in Bouches-du-Rhône, France, popular for its memorable experiences. Entry fee is 15.16 USD. Recommended visit: 2 hours. Discover Villa des Muses, a notable historic site in Bouches-du-Rhône, France, ideal for visitors. Open 10:00-18:00, entry 15.16 USD.",15.16,10:00-18:00,2 hours,3.5,"654 Thaweewong Road, Bouches-du-Rhône",43.38562159754124,5.657107424148012,"['with pets', 'foodie', 'elderly travelers']","['Restrooms', 'Information Desk', 'Restaurant', 'Souvenir Shop', 'First Aid Station', 'Luggage Storage', 'Pet-friendly', 'pet water stations', 'Pet rest area', 'Food markets', 'tasting tours', 'wheelchair rental', 'benches/rest areas']"
119,Bouches-du-Rhône,France,Historic Site/Landmark,Château de la Renaissance,"Château de la Renaissance is a historic site in Bouches-du-Rhône, France, popular for its memorable experiences. Entry fee is 50.54 USD. Recommended visit: 2 hours. Discover Château de la Renaissance, a notable historic site in Bouches-du-Rhône, France, ideal for visitors. Open 08:30-17:00, entry 50.54 USD.",50.54,08:30-17:00,2 hours,3.5,"418-12, Gwanggyo-ro, Gwangjin-gu, Bouches-du-Rhône",43.21976412783541,5.4907205523542135,"['nightlife enthusiast', 'fast-paced budget travel', 'with pets']","['Restrooms', 'Information Desk', 'Restaurant', 'Souvenir Shop', 'First Aid Station', 'Luggage Storage', 'night markets', 'bars', 'evening shows', 'city passes', 'luggage storage', 'self-guided tours', 'Pet-friendly', 'pet water stations', 'Pet rest area']"
120,Bouches-du-Rhône,France,Historic Site/Landmark,La Maison des Mers,"La Maison des Mers is a historic site in Bouches-du-Rhône, France, popular for its memorable experiences. Entry fee is 26.79 USD. Recommended visit: 2 hours. Discover La Maison des Mers, a notable historic site in Bouches-du-Rhône, France, ideal for visitors. Open 09:00-18:00, entry 26.79 USD.",26.79,09:00-18:00,2 hours,3.5,"496 Shuri Street, Bouches-du-Rhône",43.482106438542566,4.542362362574075,"['nightlife enthusiast', 'fast-paced budget travel', 'couples trip']","['Restrooms', 'Information Desk', 'Restaurant', 'Souvenir Shop', 'First Aid Station', 'Luggage Storage', 'night markets', 'bars', 'evening shows', 'city passes', 'luggage storage', 'self-guided tours', 'scenic spots', 'sunset cruises', 'special couples experiences']"
121,Bouches-du-Rhône,France,Historic Site/Landmark,Echoing Stones,"Echoing Stones is a historic site in Bouches-du-Rhône, France, popular for its memorable experiences. Entry fee is 6.85 USD. Recommended visit: 2 hours. Discover Echoing Stones, a notable historic site in Bouches-du-Rhône, France, ideal for visitors. Open 10:00-20:00, entry 6.85 USD.",6.85,10:00-20:00,2 hours,3.5,"No. 456, Xinglong Road, Bouches-du-Rhône",43.44393513072789,4.868653343003602,"['luxury travelers', 'disabled traveler', 'road trip']","['Restrooms', 'Information Desk', 'Restaurant', 'Souvenir Shop', 'First Aid Station', 'Luggage Storage', 'private tours', 'skip the line passes', 'VIP exclusive events', 'ramps', 'elevators', 'wheelchair rentals', 'accessible restrooms', 'parking']"
122,Bouches-du-Rhône,France,Museum/Art Gallery,Lumière de Provence Gallery,"Lumière de Provence Gallery is a museum in Bouches-du-Rhône, France, popular for its unique collections and exhibitions. Entry fee is 7.46 USD. Recommended visit: 2 hours. Discover Lumière de Provence Gallery, a renowned museum in Bouches-du-Rhône, France, ideal for art lovers. Open 09:00-21:00, entry 7.46 USD.",7.46,09:00-21:00,2 hours,4.0,"128 Victoria Street, Bouches-du-Rhône",43.85426163929428,4.781949598705257,"['fast-paced budget travel', 'business travelers', 'road trip']","['Restrooms', 'Information Desk', 'Restaurant', 'Souvenir Shop', 'First Aid Station', 'Luggage Storage', 'city passes', 'luggage storage', 'self-guided tours', 'High speed WiFi', 'parking']"
123,Bouches-du-Rhône,France,Museum/Art Gallery,Echoes of the Subterranean,"Echoes of the Subterranean is a museum in Bouches-du-Rhône, France, popular for its unique collections and exhibitions. Entry fee is 28.12 USD. Recommended visit: 2 hours. Discover Echoes of the Subterranean, a renowned museum in Bouches-du-Rhône, France, ideal for art lovers. Open 08:30-17:00, entry 28.12 USD.",28.12,08:30-17:00,2 hours,4.0,"505 Nishi-Nakamichi, Chuo Ward, Bouches-du-Rhône",43.382026628909735,5.479827248028,"['fast-paced budget travel', 'luxury travelers', 'road trip']","['Restrooms', 'Information Desk', 'Restaurant', 'Souvenir Shop', 'First Aid Station', 'Luggage Storage', 'city passes', 'luggage storage', 'self-guided tours', 'private tours', 'skip the line passes', 'VIP exclusive events', 'parking']"
124,Bouches-du-Rhône,France,Museum/Art Gallery,Les Murals de la Cité,"Les Murals de la Cité is a museum in Bouches-du-Rhône, France, popular for its unique collections and exhibitions. Entry fee is 5.61 USD. Recommended visit: 2 hours. Discover Les Murals de la Cité, a renowned museum in Bouches-du-Rhône, France, ideal for art lovers. Open 09:00-17:30, entry 5.61 USD.",5.61,09:00-17:30,2 hours,4.0,"305 Gwanghwamun Street, Bouches-du-Rhône",43.36493541537722,4.781649051615745,"['road trip', 'disabled traveler', 'business travelers']","['Restrooms', 'Information Desk', 'Restaurant', 'Souvenir Shop', 'First Aid Station', 'Luggage Storage', 'parking', 'ramps', 'elevators', 'wheelchair rentals', 'accessible restrooms', 'High speed WiFi']"
125,Bouches-du-Rhône,France,Museum/Art Gallery,Lumière Éclatante Contemporary Art Space,"Lumière Éclatante Contemporary Art Space is a museum in Bouches-du-Rhône, France, popular for its unique collections and exhibitions. Entry fee is 286.14 USD. Recommended visit: 2 hours. Discover Lumière Éclatante Contemporary Art Space, a renowned museum in Bouches-du-Rhône, France, ideal for art lovers. Open 10:00-20:00, entry 286.14 USD.",286.14,10:00-20:00,2 hours,4.0,"846 Jurong East Ave 6, Bouches-du-Rhône",43.405008834994405,4.713540842820534,"['nightlife enthusiast', 'with pets', 'disabled traveler']","['Restrooms', 'Information Desk', 'Restaurant', 'Souvenir Shop', 'First Aid Station', 'Luggage Storage', 'night markets', 'bars', 'evening shows', 'Pet-friendly', 'pet water stations', 'Pet rest area', 'ramps', 'elevators', 'wheelchair rentals', 'accessible restrooms']"
126,Bouches-du-Rhône,France,Museum/Art Gallery,The Whispering Leaf Gallery,"The Whispering Leaf Gallery is a museum in Bouches-du-Rhône, France, popular for its unique collections and exhibitions. Entry fee is 10.4 USD. Recommended visit: 2 hours. Discover The Whispering Leaf Gallery, a renowned museum in Bouches-du-Rhône, France, ideal for art lovers. Open 10:00-20:00, entry 10.4 USD.",10.4,10:00-20:00,2 hours,4.0,"767 Tuas Link, Bouches-du-Rhône",43.60193594752122,5.655654699261538,"['nightlife enthusiast', 'couples trip', 'foodie']","['Restrooms', 'Information Desk', 'Restaurant', 'Souvenir Shop', 'First Aid Station', 'Luggage Storage', 'night markets', 'bars', 'evening shows', 'scenic spots', 'sunset cruises', 'special couples experiences', 'Food markets', 'tasting tours']"
127,Bouches-du-Rhône,France,Museum/Art Gallery,Lumière Écologique de Marseille,"Lumière Écologique de Marseille is a museum in Bouches-du-Rhône, France, popular for its unique collections and exhibitions. Entry fee is 4.35 USD. Recommended visit: 2 hours. Discover Lumière Écologique de Marseille, a renowned museum in Bouches-du-Rhône, France, ideal for art lovers. Open 10:00-19:00, entry 4.35 USD.",4.35,10:00-19:00,2 hours,4.0,"306 Beach Road, Bouches-du-Rhône",43.55692784216469,4.529350989984351,['photography'],"['Restrooms', 'Information Desk', 'Restaurant', 'Souvenir Shop', 'First Aid Station', 'Luggage Storage', 'photo spots', 'guided photo tours', 'charging stations']"
128,Bouches-du-Rhône,France,Museum/Art Gallery,Rhône Valley Legends Museum,"Rhône Valley Legends Museum is a museum in Bouches-du-Rhône, France, popular for its unique collections and exhibitions. Entry fee is 19.51 USD. Recommended visit: 2 hours. Discover Rhône Valley Legends Museum, a renowned museum in Bouches-du-Rhône, France, ideal for art lovers. Open 09:30-17:00, entry 19.51 USD.",19.51,09:30-17:00,2 hours,4.0,"784 Shuri Street, Naha City, Bouches-du-Rhône",43.30966677508626,5.647813538744419,"['with children', 'photography', 'luxury travelers']","['Restrooms', 'Information Desk', 'Restaurant', 'Souvenir Shop', 'First Aid Station', 'Luggage Storage', 'family restrooms', 'Nursing facilities', 'photo spots', 'guided photo tours', 'charging stations', 'private tours', 'skip the line passes', 'VIP exclusive events']"
129,Bouches-du-Rhône,France,Museum/Art Gallery,Provence Modern Vision Gallery,"Provence Modern Vision Gallery is a museum in Bouches-du-Rhône, France, popular for its unique collections and exhibitions. Entry fee is 8.31 USD. Recommended visit: 2 hours. Discover Provence Modern Vision Gallery, a renowned museum in Bouches-du-Rhône, France, ideal for art lovers. Open 09:00-17:30, entry 8.31 USD.",8.31,09:00-17:30,2 hours,4.0,"No. 456, Xizhimen Street, Bouches-du-Rhône",43.46374486501424,4.702484136386088,"['disabled traveler', 'couples trip', 'elderly travelers']","['Restrooms', 'Information Desk', 'Restaurant', 'Souvenir Shop', 'First Aid Station', 'Luggage Storage', 'ramps', 'elevators', 'wheelchair rentals', 'accessible restrooms', 'scenic spots', 'sunset cruises', 'special couples experiences', 'wheelchair rental', 'benches/rest areas']"
130,Bouches-du-Rhône,France,Museum/Art Gallery,Provence Heritage Hall,"Provence Heritage Hall is a museum in Bouches-du-Rhône, France, popular for its unique collections and exhibitions. Entry fee is 3.78 USD. Recommended visit: 2 hours. Discover Provence Heritage Hall, a renowned museum in Bouches-du-Rhône, France, ideal for art lovers. Open 08:30-17:30, entry 3.78 USD.",3.78,08:30-17:30,2 hours,4.0,"No. 456, Riverside Avenue, Bouches-du-Rhône",43.68372777305966,5.735571122302229,"['photography', 'foodie', 'elderly travelers']","['Restrooms', 'Information Desk', 'Restaurant', 'Souvenir Shop', 'First Aid Station', 'Luggage Storage', 'photo spots', 'guided photo tours', 'charging stations', 'Food markets', 'tasting tours', 'wheelchair rental', 'benches/rest areas']"
131,Bouches-du-Rhône,France,Museum/Art Gallery,CacaoCraft Heritage Studio,"CacaoCraft Heritage Studio is a museum in Bouches-du-Rhône, France, popular for its unique collections and exhibitions. Entry fee is 12.28 USD. Recommended visit: 2 hours. Discover CacaoCraft Heritage Studio, a renowned museum in Bouches-du-Rhône, France, ideal for art lovers. Open 09:00-17:30, entry 12.28 USD.",12.28,09:00-17:30,2 hours,4.0,"No. 456, Xingqing West Road, Bouches-du-Rhône",43.37851457360407,5.052413011624364,"['nightlife enthusiast', 'fast-paced budget travel', 'photography']","['Restrooms', 'Information Desk', 'Restaurant', 'Souvenir Shop', 'First Aid Station', 'Luggage Storage', 'night markets', 'bars', 'evening shows', 'city passes', 'luggage storage', 'self-guided tours', 'photo spots', 'guided photo tours', 'charging stations']"
132,Bouches-du-Rhône,France,Museum/Art Gallery,Shadowplay Gallery,"Shadowplay Gallery is a museum in Bouches-du-Rhône, France, popular for its unique collections and exhibitions. Entry fee is 37.37 USD. Recommended visit: 2 hours. Discover Shadowplay Gallery, a renowned museum in Bouches-du-Rhône, France, ideal for art lovers. Open 09:00-18:00, entry 37.37 USD.",37.37,09:00-18:00,2 hours,4.0,"539 Sakura Street, Naka-ku, Bouches-du-Rhône",43.26861943011969,5.606075161270952,"['fast-paced budget travel', 'couples trip', 'elderly travelers']","['Restrooms', 'Information Desk', 'Restaurant', 'Souvenir Shop', 'First Aid Station', 'Luggage Storage', 'city passes', 'luggage storage', 'self-guided tours', 'scenic spots', 'sunset cruises', 'special couples experiences', 'wheelchair rental', 'benches/rest areas']"
133,Bouches-du-Rhône,France,Museum/Art Gallery,Tideborne Horizon Gallery,"Tideborne Horizon Gallery is a museum in Bouches-du-Rhône, France, popular for its unique collections and exhibitions. Entry fee is 15.12 USD. Recommended visit: 2 hours. Discover Tideborne Horizon Gallery, a renowned museum in Bouches-du-Rhône, France, ideal for art lovers. Open 11:00-21:00, entry 15.12 USD.",15.12,11:00-21:00,2 hours,4.0,"250 Suthep Road, Bouches-du-Rhône",43.49878888744792,5.272544230450087,"['foodie', 'luxury travelers']","['Restrooms', 'Information Desk', 'Restaurant', 'Souvenir Shop', 'First Aid Station', 'Luggage Storage', 'Food markets', 'tasting tours', 'private tours', 'skip the line passes', 'VIP exclusive events']"
134,Bouches-du-Rhône,France,Museum/Art Gallery,Rhône Heritage Hub,"Rhône Heritage Hub is a museum in Bouches-du-Rhône, France, popular for its unique collections and exhibitions. Entry fee is 52.55 USD. Recommended visit: 2 hours. Discover Rhône Heritage Hub, a renowned museum in Bouches-du-Rhône, France, ideal for art lovers. Open 10:00-17:00, entry 52.55 USD.",52.55,10:00-17:00,2 hours,4.0,"274 Seaside Promenade, Bouches-du-Rhône",43.475155576686845,4.393064501866555,"['with children', 'luxury travelers', 'road trip']","['Restrooms', 'Information Desk', 'Restaurant', 'Souvenir Shop', 'First Aid Station', 'Luggage Storage', 'family restrooms', 'Nursing facilities', 'private tours', 'skip the line passes', 'VIP exclusive events', 'parking']"
135,Bouches-du-Rhône,France,Museum/Art Gallery,Lumière Path of Discovery,"Lumière Path of Discovery is a museum in Bouches-du-Rhône, France, popular for its unique collections and exhibitions. Entry fee is 15.9 USD. Recommended visit: 2 hours. Discover Lumière Path of Discovery, a renowned museum in Bouches-du-Rhône, France, ideal for art lovers. Open 09:00-17:00, entry 15.9 USD.",15.9,09:00-17:00,2 hours,4.0,"558 Gukje-ro, Gukje-gu, Bouches-du-Rhône",43.71157166894853,4.959760381180224,"['nightlife enthusiast', 'luxury travelers']","['Restrooms', 'Information Desk', 'Restaurant', 'Souvenir Shop', 'First Aid Station', 'Luggage Storage', 'night markets', 'bars', 'evening shows', 'private tours', 'skip the line passes', 'VIP exclusive events']"
136,Bouches-du-Rhône,France,Museum/Art Gallery,Echoes of the Riviera,"Echoes of the Riviera is a museum in Bouches-du-Rhône, France, popular for its unique collections and exhibitions. Entry fee is 6.37 USD. Recommended visit: 2 hours. Discover Echoes of the Riviera, a renowned museum in Bouches-du-Rhône, France, ideal for art lovers. Open 09:00-18:00, entry 6.37 USD.",6.37,09:00-18:00,2 hours,4.0,"643-12-8 Shibuya, Shibuya City, Bouches-du-Rhône",43.84663305305244,4.701178946519385,['elderly travelers'],"['Restrooms', 'Information Desk', 'Restaurant', 'Souvenir Shop', 'First Aid Station', 'Luggage Storage', 'wheelchair rental', 'benches/rest areas']"
137,Bouches-du-Rhône,France,Museum/Art Gallery,Lumière Fusion Bistro & Artisanal Teppanyaki Gallery,"Lumière Fusion Bistro & Artisanal Teppanyaki Gallery is a museum in Bouches-du-Rhône, France, popular for its unique collections and exhibitions. Entry fee is 7.79 USD. Recommended visit: 2 hours. Discover Lumière Fusion Bistro & Artisanal Teppanyaki Gallery, a renowned museum in Bouches-du-Rhône, France, ideal for art lovers. Open 10:00-22:00, entry 7.79 USD.",7.79,10:00-22:00,2 hours,4.0,"610-789 Shinkawa Street, Bouches-du-Rhône",43.89906827192668,4.871523549675317,"['foodie', 'solo women', 'luxury travelers']","['Restrooms', 'Information Desk', 'Restaurant', 'Souvenir Shop', 'First Aid Station', 'Luggage Storage', 'Food markets', 'tasting tours', 'group tours', 'security', 'private tours', 'skip the line passes', 'VIP exclusive events']"
138,Bouches-du-Rhône,France,Museum/Art Gallery,Provence Heritage Lantern Gallery,"Provence Heritage Lantern Gallery is a museum in Bouches-du-Rhône, France, popular for its unique collections and exhibitions. Entry fee is 8.63 USD. Recommended visit: 2 hours. Discover Provence Heritage Lantern Gallery, a renowned museum in Bouches-du-Rhône, France, ideal for art lovers. Open 09:30-17:00, entry 8.63 USD.",8.63,09:30-17:00,2 hours,4.0,"403-8901 Shinjuku, Bouches-du-Rhône",43.49133847914405,4.814395892353217,"['nightlife enthusiast', 'luxury travelers', 'business travelers']","['Restrooms', 'Information Desk', 'Restaurant', 'Souvenir Shop', 'First Aid Station', 'Luggage Storage', 'night markets', 'bars', 'evening shows', 'private tours', 'skip the line passes', 'VIP exclusive events', 'High speed WiFi']"
139,Bouches-du-Rhône,France,Museum/Art Gallery,Lumière d'Azur Art Gallery,"Lumière d'Azur Art Gallery is a museum in Bouches-du-Rhône, France, popular for its unique collections and exhibitions. Entry fee is 9.17 USD. Recommended visit: 2 hours. Discover Lumière d'Azur Art Gallery, a renowned museum in Bouches-du-Rhône, France, ideal for art lovers. Open 09:00-17:30, entry 9.17 USD.",9.17,09:00-17:30,2 hours,4.0,"459 Kitahama Street, Bouches-du-Rhône",43.50475304516979,5.196027410301336,"['with pets', 'foodie']","['Restrooms', 'Information Desk', 'Restaurant', 'Souvenir Shop', 'First Aid Station', 'Luggage Storage', 'Pet-friendly', 'pet water stations', 'Pet rest area', 'Food markets', 'tasting tours']"
140,Bouches-du-Rhône,France,Museum/Art Gallery,Lumière de Provence Artistry,"Lumière de Provence Artistry is a museum in Bouches-du-Rhône, France, popular for its unique collections and exhibitions. Entry fee is 16.33 USD. Recommended visit: 2 hours. Discover Lumière de Provence Artistry, a renowned museum in Bouches-du-Rhône, France, ideal for art lovers. Open 10:00-22:00, entry 16.33 USD.",16.33,10:00-22:00,2 hours,4.0,"248 Beach Road, Bouches-du-Rhône",43.65276925490837,4.948042284770672,"['with children', 'elderly travelers']","['Restrooms', 'Information Desk', 'Restaurant', 'Souvenir Shop', 'First Aid Station', 'Luggage Storage', 'family restrooms', 'Nursing facilities', 'wheelchair rental', 'benches/rest areas']"
141,Bouches-du-Rhône,France,Museum/Art Gallery,Provence Muay Thai Heritage Center,"Provence Muay Thai Heritage Center is a museum in Bouches-du-Rhône, France, popular for its unique collections and exhibitions. Entry fee is 4.57 USD. Recommended visit: 2 hours. Discover Provence Muay Thai Heritage Center, a renowned museum in Bouches-du-Rhône, France, ideal for art lovers. Open 19:00-22:00, entry 4.57 USD.",4.57,19:00-22:00,2 hours,4.0,"429 Shuri Street, Bouches-du-Rhône",43.854376065593016,4.652247010838372,"['with children', 'with pets', 'photography']","['Restrooms', 'Information Desk', 'Restaurant', 'Souvenir Shop', 'First Aid Station', 'Luggage Storage', 'family restrooms', 'Nursing facilities', 'Pet-friendly', 'pet water stations', 'Pet rest area', 'photo spots', 'guided photo tours', 'charging stations']"
142,Bouches-du-Rhône,France,Museum/Art Gallery,Rhône Heritage & Wellness Nexus,"Rhône Heritage & Wellness Nexus is a museum in Bouches-du-Rhône, France, popular for its unique collections and exhibitions. Entry fee is 86.45 USD. Recommended visit: 2 hours. Discover Rhône Heritage & Wellness Nexus, a renowned museum in Bouches-du-Rhône, France, ideal for art lovers. Open 09:30-17:00, entry 86.45 USD.",86.45,09:30-17:00,2 hours,4.0,"641 Suthep Road, Bouches-du-Rhône",43.59033168766061,5.412032696472991,"['foodie', 'elderly travelers', 'luxury travelers']","['Restrooms', 'Information Desk', 'Restaurant', 'Souvenir Shop', 'First Aid Station', 'Luggage Storage', 'Food markets', 'tasting tours', 'wheelchair rental', 'benches/rest areas', 'private tours', 'skip the line passes', 'VIP exclusive events']"
143,Bouches-du-Rhône,France,Museum/Art Gallery,Provence Heritage Gallery,"Provence Heritage Gallery is a museum in Bouches-du-Rhône, France, popular for its unique collections and exhibitions. Entry fee is 9.52 USD. Recommended visit: 2 hours. Discover Provence Heritage Gallery, a renowned museum in Bouches-du-Rhône, France, ideal for art lovers. Open 10:00-21:00, entry 9.52 USD.",9.52,10:00-21:00,2 hours,4.0,"686 Suthep Road, Bouches-du-Rhône",43.50755679984544,5.116838743063193,"['solo women', 'photography', 'elderly travelers']","['Restrooms', 'Information Desk', 'Restaurant', 'Souvenir Shop', 'First Aid Station', 'Luggage Storage', 'group tours', 'security', 'photo spots', 'guided photo tours', 'charging stations', 'wheelchair rental', 'benches/rest areas']"
144,Bouches-du-Rhône,France,Museum/Art Gallery,Provence Soundscapes Gallery,"Provence Soundscapes Gallery is a museum in Bouches-du-Rhône, France, popular for its unique collections and exhibitions. Entry fee is 7.0 USD. Recommended visit: 2 hours. Discover Provence Soundscapes Gallery, a renowned museum in Bouches-du-Rhône, France, ideal for art lovers. Open 09:00-17:30, entry 7.0 USD.",7.0,09:00-17:30,2 hours,4.0,"156 East Riverside Avenue, Bouches-du-Rhône",43.34377587417176,5.583482414271309,"['photography', 'road trip']","['Restrooms', 'Information Desk', 'Restaurant', 'Souvenir Shop', 'First Aid Station', 'Luggage Storage', 'photo spots', 'guided photo tours', 'charging stations', 'parking']"
145,Bouches-du-Rhône,France,Museum/Art Gallery,Lumière and Wax Legacy,"Lumière and Wax Legacy is a museum in Bouches-du-Rhône, France, popular for its unique collections and exhibitions. Entry fee is 2.77 USD. Recommended visit: 2 hours. Discover Lumière and Wax Legacy, a renowned museum in Bouches-du-Rhône, France, ideal for art lovers. Open 10:00-18:00, entry 2.77 USD.",2.77,10:00-18:00,2 hours,4.0,"627 Seogwipo Street, Bouches-du-Rhône",43.78956765774476,5.044716187719174,"['fast-paced budget travel', 'with pets', 'elderly travelers']","['Restrooms', 'Information Desk', 'Restaurant', 'Souvenir Shop', 'First Aid Station', 'Luggage Storage', 'city passes', 'luggage storage', 'self-guided tours', 'Pet-friendly', 'pet water stations', 'Pet rest area', 'wheelchair rental', 'benches/rest areas']"
146,Bouches-du-Rhône,France,Museum/Art Gallery,Harmonies de Provence Art Studio,"Harmonies de Provence Art Studio is a museum in Bouches-du-Rhône, France, popular for its unique collections and exhibitions. Entry fee is 6.2 USD. Recommended visit: 2 hours. Discover Harmonies de Provence Art Studio, a renowned museum in Bouches-du-Rhône, France, ideal for art lovers. Open 09:00-17:30, entry 6.2 USD.",6.2,09:00-17:30,2 hours,4.0,"158 Nathan Road, Bouches-du-Rhône",43.36189805001911,5.3406716066779385,"['nightlife enthusiast', 'fast-paced budget travel', 'disabled traveler']","['Restrooms', 'Information Desk', 'Restaurant', 'Souvenir Shop', 'First Aid Station', 'Luggage Storage', 'night markets', 'bars', 'evening shows', 'city passes', 'luggage storage', 'self-guided tours', 'ramps', 'elevators', 'wheelchair rentals', 'accessible restrooms']"
147,Bouches-du-Rhône,France,Museum/Art Gallery,Clos des Muses,"Clos des Muses is a museum in Bouches-du-Rhône, France, popular for its unique collections and exhibitions. Entry fee is 11.22 USD. Recommended visit: 2 hours. Discover Clos des Muses, a renowned museum in Bouches-du-Rhône, France, ideal for art lovers. Open 09:00-17:30, entry 11.22 USD.",11.22,09:00-17:30,2 hours,4.0,"356 Seaside Promenade, Bouches-du-Rhône",43.47477627413375,4.776641707889403,"['nightlife enthusiast', 'solo women', 'luxury travelers']","['Restrooms', 'Information Desk', 'Restaurant', 'Souvenir Shop', 'First Aid Station', 'Luggage Storage', 'night markets', 'bars', 'evening shows', 'group tours', 'security', 'private tours', 'skip the line passes', 'VIP exclusive events']"
148,Bouches-du-Rhône,France,Museum/Art Gallery,Lumière Horizon Interactive Gallery,"Lumière Horizon Interactive Gallery is a museum in Bouches-du-Rhône, France, popular for its unique collections and exhibitions. Entry fee is 24.92 USD. Recommended visit: 2 hours. Discover Lumière Horizon Interactive Gallery, a renowned museum in Bouches-du-Rhône, France, ideal for art lovers. Open 10:00-17:30, entry 24.92 USD.",24.92,10:00-17:30,2 hours,4.0,"No. 456, Xuhui Park Road, Bouches-du-Rhône",43.46508712275232,4.576425071717918,"['with children', 'disabled traveler', 'business travelers']","['Restrooms', 'Information Desk', 'Restaurant', 'Souvenir Shop', 'First Aid Station', 'Luggage Storage', 'family restrooms', 'Nursing facilities', 'ramps', 'elevators', 'wheelchair rentals', 'accessible restrooms', 'High speed WiFi']"
149,Bouches-du-Rhône,France,Museum/Art Gallery,Echoes of the Forgotten Realm,"Echoes of the Forgotten Realm is a museum in Bouches-du-Rhône, France, popular for its unique collections and exhibitions. Entry fee is 0.0 USD. Recommended visit: 2 hours. Discover Echoes of the Forgotten Realm, a renowned museum in Bouches-du-Rhône, France, ideal for art lovers. Open 09:30-17:00, entry 0.0 USD.",0.0,09:30-17:00,2 hours,4.0,"No. 456, Linhuang Road, Bouches-du-Rhône",43.57868838398527,5.568853240368594,"['nightlife enthusiast', 'luxury travelers', 'road trip']","['Restrooms', 'Information Desk', 'Restaurant', 'Souvenir Shop', 'First Aid Station', 'Luggage Storage', 'night markets', 'bars', 'evening shows', 'private tours', 'skip the line passes', 'VIP exclusive events', 'parking']"
150,Bouches-du-Rhône,France,Museum/Art Gallery,Lumière des Marais Wellness Center,"Lumière des Marais Wellness Center is a museum in Bouches-du-Rhône, France, popular for its unique collections and exhibitions. Entry fee is 14.47 USD. Recommended visit: 2 hours. Discover Lumière des Marais Wellness Center, a renowned museum in Bouches-du-Rhône, France, ideal for art lovers. Open 10:00-19:00, entry 14.47 USD.",14.47,10:00-19:00,2 hours,4.0,"No. 456 Cultural Lane, Bouches-du-Rhône",43.520566645385166,4.6945646763273965,"['fast-paced budget travel', 'foodie', 'elderly travelers']","['Restrooms', 'Information Desk', 'Restaurant', 'Souvenir Shop', 'First Aid Station', 'Luggage Storage', 'city passes', 'luggage storage', 'self-guided tours', 'Food markets', 'tasting tours', 'wheelchair rental', 'benches/rest areas']"
