attraction_id,city_name,country,type,attraction_name,overview,ticket_price,open_hours,duration_of_visit,rate_of_restaurant,address,latitude,longitude,facilities_group,facilities
1,Dalian,China,Nature/Scenery/Park,Lushan Green Haven,"Lushan Green Haven is a nature in Dalian, China, popular for its natural scenery and relaxing atmosphere. Entry fee is 4.87 USD. Recommended visit: 3 hours. Discover Lushan Green Haven, a peaceful nature in Dalian, China, ideal for nature lovers. Open 09:30-17:00, entry 4.87 USD.",4.87,09:30-17:00,3 hours,3.7,"607 Seomyeon-ro, Busanjin-gu, Dalian",36.85151466529703,114.51336522704077,"['foodie', 'couples trip', 'elderly travelers']","['Restrooms', 'Information Desk', 'Restaurant', 'Souvenir Shop', 'First Aid Station', 'Luggage Storage', 'Food markets', 'tasting tours', 'scenic spots', 'sunset cruises', 'special couples experiences', 'wheelchair rental', 'benches/rest areas']"
2,Dalian,China,Nature/Scenery/Park,Greenleaf Trail Discovery,"Greenleaf Trail Discovery is a nature in Dalian, China, popular for its natural scenery and relaxing atmosphere. Entry fee is 5.15 USD. Recommended visit: 3 hours. Discover Greenleaf Trail Discovery, a peaceful nature in Dalian, China, ideal for nature lovers. Open 08:30-17:00, entry 5.15 USD.",5.15,08:30-17:00,3 hours,3.7,"119 Sakura Street, Naka-ku, Dalian",36.85856927242384,114.53796892630942,"['couples trip', 'luxury travelers', 'disabled traveler']","['Restrooms', 'Information Desk', 'Restaurant', 'Souvenir Shop', 'First Aid Station', 'Luggage Storage', 'scenic spots', 'sunset cruises', 'special couples experiences', 'private tours', 'skip the line passes', 'VIP exclusive events', 'ramps', 'elevators', 'wheelchair rentals', 'accessible restrooms']"
3,Dalian,China,Nature/Scenery/Park,Emerald Hollow Sanctuary,"Emerald Hollow Sanctuary is a nature in Dalian, China, popular for its natural scenery and relaxing atmosphere. Entry fee is 116.65 USD. Recommended visit: 3 hours. Discover Emerald Hollow Sanctuary, a peaceful nature in Dalian, China, ideal for nature lovers. Open 19:00-23:00, entry 116.65 USD.",116.65,19:00-23:00,3 hours,3.7,"No. 123, Xingang Road, Haizhu District, Dalian",36.84840447550605,114.53754019281942,"['solo women', 'luxury travelers', 'elderly travelers']","['Restrooms', 'Information Desk', 'Restaurant', 'Souvenir Shop', 'First Aid Station', 'Luggage Storage', 'group tours', 'security', 'private tours', 'skip the line passes', 'VIP exclusive events', 'wheelchair rental', 'benches/rest areas']"
4,Dalian,China,Nature/Scenery/Park,Lushan Bay Walk,"Lushan Bay Walk is a nature in Dalian, China, popular for its natural scenery and relaxing atmosphere. Entry fee is 1.4 USD. Recommended visit: 3 hours. Discover Lushan Bay Walk, a peaceful nature in Dalian, China, ideal for nature lovers. Open 08:00-20:00, entry 1.4 USD.",1.4,08:00-20:00,3 hours,3.7,"343 Suthep Road, Dalian",36.85243581461171,114.51139065705328,"['fast-paced budget travel', 'couples trip', 'disabled traveler']","['Restrooms', 'Information Desk', 'Restaurant', 'Souvenir Shop', 'First Aid Station', 'Luggage Storage', 'city passes', 'luggage storage', 'self-guided tours', 'scenic spots', 'sunset cruises', 'special couples experiences', 'ramps', 'elevators', 'wheelchair rentals', 'accessible restrooms']"
5,Dalian,China,Nature/Scenery/Park,Lunar Bay Lantern Voyage,"Lunar Bay Lantern Voyage is a nature in Dalian, China, popular for its natural scenery and relaxing atmosphere. Entry fee is 37.95 USD. Recommended visit: 3 hours. Discover Lunar Bay Lantern Voyage, a peaceful nature in Dalian, China, ideal for nature lovers. Open 09:00-21:00, entry 37.95 USD.",37.95,09:00-21:00,3 hours,3.7,"515 Sakura Street, Dalian",36.83380820334648,114.53904882933972,"['nightlife enthusiast', 'foodie', 'disabled traveler']","['Restrooms', 'Information Desk', 'Restaurant', 'Souvenir Shop', 'First Aid Station', 'Luggage Storage', 'night markets', 'bars', 'evening shows', 'Food markets', 'tasting tours', 'ramps', 'elevators', 'wheelchair rentals', 'accessible restrooms']"
6,Dalian,China,Nature/Scenery/Park,Emerald Hollow Nature Reserve,"Emerald Hollow Nature Reserve is a nature in Dalian, China, popular for its natural scenery and relaxing atmosphere. Entry fee is 7.35 USD. Recommended visit: 3 hours. Discover Emerald Hollow Nature Reserve, a peaceful nature in Dalian, China, ideal for nature lovers. Open 08:30-17:00, entry 7.35 USD.",7.35,08:30-17:00,3 hours,3.7,"896 Suthep Road, Dalian",36.85653198515899,114.53864552393348,"['fast-paced budget travel', 'luxury travelers', 'disabled traveler']","['Restrooms', 'Information Desk', 'Restaurant', 'Souvenir Shop', 'First Aid Station', 'Luggage Storage', 'city passes', 'luggage storage', 'self-guided tours', 'private tours', 'skip the line passes', 'VIP exclusive events', 'ramps', 'elevators', 'wheelchair rentals', 'accessible restrooms']"
7,Dalian,China,Nature/Scenery/Park,Evergreen Ridge Culinary Escape,"Evergreen Ridge Culinary Escape is a nature in Dalian, China, popular for its natural scenery and relaxing atmosphere. Entry fee is 0.0 USD. Recommended visit: 3 hours. Discover Evergreen Ridge Culinary Escape, a peaceful nature in Dalian, China, ideal for nature lovers. Open 08:30-17:00, entry 0.0 USD.",0.0,08:30-17:00,3 hours,3.7,"449 Orchard Road, Dalian",36.84297138053592,114.53729970638784,"['solo women', 'couples trip', 'foodie']","['Restrooms', 'Information Desk', 'Restaurant', 'Souvenir Shop', 'First Aid Station', 'Luggage Storage', 'group tours', 'security', 'scenic spots', 'sunset cruises', 'special couples experiences', 'Food markets', 'tasting tours']"
8,Dalian,China,Nature/Scenery/Park,Lushan Skyline Adventure Pass,"Lushan Skyline Adventure Pass is a nature in Dalian, China, popular for its natural scenery and relaxing atmosphere. Entry fee is 17.5 USD. Recommended visit: 3 hours. Discover Lushan Skyline Adventure Pass, a peaceful nature in Dalian, China, ideal for nature lovers. Open 10:00-22:00, entry 17.5 USD.",17.5,10:00-22:00,3 hours,3.7,"No. 456, West Lake Cultural Street, Dalian",36.84860769462809,114.52257306070352,"['nightlife enthusiast', 'solo women', 'road trip']","['Restrooms', 'Information Desk', 'Restaurant', 'Souvenir Shop', 'First Aid Station', 'Luggage Storage', 'night markets', 'bars', 'evening shows', 'group tours', 'security', 'parking']"
9,Dalian,China,Nature/Scenery/Park,Azure Horizon Grove,"Azure Horizon Grove is a nature in Dalian, China, popular for its natural scenery and relaxing atmosphere. Entry fee is 12.32 USD. Recommended visit: 3 hours. Discover Azure Horizon Grove, a peaceful nature in Dalian, China, ideal for nature lovers. Open 09:00-18:00, entry 12.32 USD.",12.32,09:00-18:00,3 hours,3.7,"No. 456 Xinglin Road, Dalian",36.85010414019967,114.5085113203047,"['nightlife enthusiast', 'road trip']","['Restrooms', 'Information Desk', 'Restaurant', 'Souvenir Shop', 'First Aid Station', 'Luggage Storage', 'night markets', 'bars', 'evening shows', 'parking']"
10,Dalian,China,Nature/Scenery/Park,Wavecrest Explorers' Haven,"Wavecrest Explorers' Haven is a nature in Dalian, China, popular for its natural scenery and relaxing atmosphere. Entry fee is 12.93 USD. Recommended visit: 3 hours. Discover Wavecrest Explorers' Haven, a peaceful nature in Dalian, China, ideal for nature lovers. Open 09:00-18:00, entry 12.93 USD.",12.93,09:00-18:00,3 hours,3.7,"456 Seaside Promenade, Dalian",36.83662926606433,114.5194780317493,"['fast-paced budget travel', 'photography']","['Restrooms', 'Information Desk', 'Restaurant', 'Souvenir Shop', 'First Aid Station', 'Luggage Storage', 'city passes', 'luggage storage', 'self-guided tours', 'photo spots', 'guided photo tours', 'charging stations']"
11,Dalian,China,Nature/Scenery/Park,Lushan Bay Shell Garden,"Lushan Bay Shell Garden is a nature in Dalian, China, popular for its natural scenery and relaxing atmosphere. Entry fee is 9.8 USD. Recommended visit: 3 hours. Discover Lushan Bay Shell Garden, a peaceful nature in Dalian, China, ideal for nature lovers. Open 08:30-17:30, entry 9.8 USD.",9.8,08:30-17:30,3 hours,3.7,"642 Seomyeon-ro, Busanjin-gu, Dalian",36.859954099036045,114.49905411191372,"['nightlife enthusiast', 'with children', 'business travelers']","['Restrooms', 'Information Desk', 'Restaurant', 'Souvenir Shop', 'First Aid Station', 'Luggage Storage', 'night markets', 'bars', 'evening shows', 'family restrooms', 'Nursing facilities', 'High speed WiFi']"
12,Dalian,China,Nature/Scenery/Park,Lushwave Eco Sanctuary,"Lushwave Eco Sanctuary is a nature in Dalian, China, popular for its natural scenery and relaxing atmosphere. Entry fee is 6.17 USD. Recommended visit: 3 hours. Discover Lushwave Eco Sanctuary, a peaceful nature in Dalian, China, ideal for nature lovers. Open 08:00-20:00, entry 6.17 USD.",6.17,08:00-20:00,3 hours,3.7,"No. 456, Zhongshan Road, Dalian",36.86212325641176,114.54372698559963,"['with children', 'elderly travelers', 'road trip']","['Restrooms', 'Information Desk', 'Restaurant', 'Souvenir Shop', 'First Aid Station', 'Luggage Storage', 'family restrooms', 'Nursing facilities', 'wheelchair rental', 'benches/rest areas', 'parking']"
13,Dalian,China,Nature/Scenery/Park,Everbloom Thermal Retreat,"Everbloom Thermal Retreat is a nature in Dalian, China, popular for its natural scenery and relaxing atmosphere. Entry fee is 8.12 USD. Recommended visit: 3 hours. Discover Everbloom Thermal Retreat, a peaceful nature in Dalian, China, ideal for nature lovers. Open 08:30-17:30, entry 8.12 USD.",8.12,08:30-17:30,3 hours,3.7,"194-12 Shibuya-dai 1-chome, Shibuya City, Dalian",36.85575298547499,114.49883925286149,"['nightlife enthusiast', 'solo women', 'foodie']","['Restrooms', 'Information Desk', 'Restaurant', 'Souvenir Shop', 'First Aid Station', 'Luggage Storage', 'night markets', 'bars', 'evening shows', 'group tours', 'security', 'Food markets', 'tasting tours']"
14,Dalian,China,Nature/Scenery/Park,Lantern Hollow Greenway,"Lantern Hollow Greenway is a nature in Dalian, China, popular for its natural scenery and relaxing atmosphere. Entry fee is 13.95 USD. Recommended visit: 3 hours. Discover Lantern Hollow Greenway, a peaceful nature in Dalian, China, ideal for nature lovers. Open 08:30-18:00, entry 13.95 USD.",13.95,08:30-18:00,3 hours,3.7,"182 Beach Road, Dalian",36.8540408468746,114.50092185600852,"['foodie', 'business travelers']","['Restrooms', 'Information Desk', 'Restaurant', 'Souvenir Shop', 'First Aid Station', 'Luggage Storage', 'Food markets', 'tasting tours', 'High speed WiFi']"
15,Dalian,China,Nature/Scenery/Park,Lushan Green Sanctuary,"Lushan Green Sanctuary is a nature in Dalian, China, popular for its natural scenery and relaxing atmosphere. Entry fee is 4.12 USD. Recommended visit: 3 hours. Discover Lushan Green Sanctuary, a peaceful nature in Dalian, China, ideal for nature lovers. Open 08:30-17:00, entry 4.12 USD.",4.12,08:30-17:00,3 hours,3.7,"416-1-1 Nakanoshima, Kita-ku, Dalian",36.843764092416016,114.49851901386818,"['nightlife enthusiast', 'business travelers', 'road trip']","['Restrooms', 'Information Desk', 'Restaurant', 'Souvenir Shop', 'First Aid Station', 'Luggage Storage', 'night markets', 'bars', 'evening shows', 'High speed WiFi', 'parking']"
16,Dalian,China,Nature/Scenery/Park,Skyline Coastal Express,"Skyline Coastal Express is a nature in Dalian, China, popular for its natural scenery and relaxing atmosphere. Entry fee is 15.4 USD. Recommended visit: 3 hours. Discover Skyline Coastal Express, a peaceful nature in Dalian, China, ideal for nature lovers. Open 09:00-17:30, entry 15.4 USD.",15.4,09:00-17:30,3 hours,3.7,"745 Sakura Street, Naka-ku, Dalian",36.85609715606616,114.5029761994459,"['nightlife enthusiast', 'foodie', 'business travelers']","['Restrooms', 'Information Desk', 'Restaurant', 'Souvenir Shop', 'First Aid Station', 'Luggage Storage', 'night markets', 'bars', 'evening shows', 'Food markets', 'tasting tours', 'High speed WiFi']"
17,Dalian,China,Nature/Scenery/Park,Lushan Green Haven No.2,"Lushan Green Haven is a nature in Dalian, China, popular for its natural scenery and relaxing atmosphere. Entry fee is 2.0 USD. Recommended visit: 3 hours. Discover Lushan Green Haven, a peaceful nature in Dalian, China, ideal for nature lovers. Open 06:00-20:00, entry 2.0 USD.",2.0,06:00-20:00,3 hours,3.7,"338-456 Shinjuku 1-chome, Dalian",36.84088033300905,114.53468942786552,"['nightlife enthusiast', 'luxury travelers', 'road trip']","['Restrooms', 'Information Desk', 'Restaurant', 'Souvenir Shop', 'First Aid Station', 'Luggage Storage', 'night markets', 'bars', 'evening shows', 'private tours', 'skip the line passes', 'VIP exclusive events', 'parking']"
18,Dalian,China,Nature/Scenery/Park,Azure Heritage Grove,"Azure Heritage Grove is a nature in Dalian, China, popular for its natural scenery and relaxing atmosphere. Entry fee is 22.61 USD. Recommended visit: 3 hours. Discover Azure Heritage Grove, a peaceful nature in Dalian, China, ideal for nature lovers. Open 09:00-18:00, entry 22.61 USD.",22.61,09:00-18:00,3 hours,3.7,"153-12-8 Shibuya, Shibuya City, Dalian",36.86115757685725,114.51062394599744,"['with children', 'luxury travelers', 'road trip']","['Restrooms', 'Information Desk', 'Restaurant', 'Souvenir Shop', 'First Aid Station', 'Luggage Storage', 'family restrooms', 'Nursing facilities', 'private tours', 'skip the line passes', 'VIP exclusive events', 'parking']"
19,Dalian,China,Nature/Scenery/Park,Lushan Pine Grove and Coastal Pathway,"Lushan Pine Grove and Coastal Pathway is a nature in Dalian, China, popular for its natural scenery and relaxing atmosphere. Entry fee is 10.5 USD. Recommended visit: 3 hours. Discover Lushan Pine Grove and Coastal Pathway, a peaceful nature in Dalian, China, ideal for nature lovers. Open 08:30-17:30, entry 10.5 USD.",10.5,08:30-17:30,3 hours,3.7,"No. 456, West Lake Scenic Avenue, Dalian",36.84632127211466,114.52088839005766,"['photography', 'luxury travelers', 'elderly travelers']","['Restrooms', 'Information Desk', 'Restaurant', 'Souvenir Shop', 'First Aid Station', 'Luggage Storage', 'photo spots', 'guided photo tours', 'charging stations', 'private tours', 'skip the line passes', 'VIP exclusive events', 'wheelchair rental', 'benches/rest areas']"
20,Dalian,China,Nature/Scenery/Park,Azure Cove,"Azure Cove is a nature in Dalian, China, popular for its natural scenery and relaxing atmosphere. Entry fee is 33.27 USD. Recommended visit: 3 hours. Discover Azure Cove, a peaceful nature in Dalian, China, ideal for nature lovers. Open 08:30-17:30, entry 33.27 USD.",33.27,08:30-17:30,3 hours,3.7,"420-234 Kitahama Street, Dalian",36.854557473639765,114.53018588452416,"['fast-paced budget travel', 'couples trip']","['Restrooms', 'Information Desk', 'Restaurant', 'Souvenir Shop', 'First Aid Station', 'Luggage Storage', 'city passes', 'luggage storage', 'self-guided tours', 'scenic spots', 'sunset cruises', 'special couples experiences']"
21,Dalian,China,Nature/Scenery/Park,Whispering Peaks,"Whispering Peaks is a nature in Dalian, China, popular for its natural scenery and relaxing atmosphere. Entry fee is 51.08 USD. Recommended visit: 3 hours. Discover Whispering Peaks, a peaceful nature in Dalian, China, ideal for nature lovers. Open 09:00-17:30, entry 51.08 USD.",51.08,09:00-17:30,3 hours,3.7,"313 Gwangjang Street, Mapo-gu, Dalian",36.854790788079626,114.5444167196782,"['solo women', 'photography', 'elderly travelers']","['Restrooms', 'Information Desk', 'Restaurant', 'Souvenir Shop', 'First Aid Station', 'Luggage Storage', 'group tours', 'security', 'photo spots', 'guided photo tours', 'charging stations', 'wheelchair rental', 'benches/rest areas']"
22,Dalian,China,Nature/Scenery/Park,Azure Bay Marine Sanctuary,"Azure Bay Marine Sanctuary is a nature in Dalian, China, popular for its natural scenery and relaxing atmosphere. Entry fee is 3.36 USD. Recommended visit: 3 hours. Discover Azure Bay Marine Sanctuary, a peaceful nature in Dalian, China, ideal for nature lovers. Open 08:30-17:30, entry 3.36 USD.",3.36,08:30-17:30,3 hours,3.7,"491 Seomyeon-ro, Dalian",36.861107490333424,114.50348887580246,"['solo women', 'photography', 'disabled traveler']","['Restrooms', 'Information Desk', 'Restaurant', 'Souvenir Shop', 'First Aid Station', 'Luggage Storage', 'group tours', 'security', 'photo spots', 'guided photo tours', 'charging stations', 'ramps', 'elevators', 'wheelchair rentals', 'accessible restrooms']"
23,Dalian,China,Nature/Scenery/Park,Verdant Skyway Coastal Haven,"Verdant Skyway Coastal Haven is a nature in Dalian, China, popular for its natural scenery and relaxing atmosphere. Entry fee is 7.7 USD. Recommended visit: 3 hours. Discover Verdant Skyway Coastal Haven, a peaceful nature in Dalian, China, ideal for nature lovers. Open 08:30-20:00, entry 7.7 USD.",7.7,08:30-20:00,3 hours,3.7,"108A Nathan Road, Dalian",36.84182415195298,114.49782195139828,"['nightlife enthusiast', 'solo women', 'road trip']","['Restrooms', 'Information Desk', 'Restaurant', 'Souvenir Shop', 'First Aid Station', 'Luggage Storage', 'night markets', 'bars', 'evening shows', 'group tours', 'security', 'parking']"
24,Dalian,China,Nature/Scenery/Park,Lushan Heritage and Scenic Walk,"Lushan Heritage and Scenic Walk is a nature in Dalian, China, popular for its natural scenery and relaxing atmosphere. Entry fee is 12.53 USD. Recommended visit: 3 hours. Discover Lushan Heritage and Scenic Walk, a peaceful nature in Dalian, China, ideal for nature lovers. Open 09:00-17:30, entry 12.53 USD.",12.53,09:00-17:30,3 hours,3.7,"248 Gwanghwamun-ro, Jongno-gu, Dalian",36.84633937918675,114.54046297665604,"['fast-paced budget travel', 'photography', 'business travelers']","['Restrooms', 'Information Desk', 'Restaurant', 'Souvenir Shop', 'First Aid Station', 'Luggage Storage', 'city passes', 'luggage storage', 'self-guided tours', 'photo spots', 'guided photo tours', 'charging stations', 'High speed WiFi']"
25,Dalian,China,Nature/Scenery/Park,Azure Mirage Bay & Seaweed Hollow,"Azure Mirage Bay & Seaweed Hollow is a nature in Dalian, China, popular for its natural scenery and relaxing atmosphere. Entry fee is 24.24 USD. Recommended visit: 3 hours. Discover Azure Mirage Bay & Seaweed Hollow, a peaceful nature in Dalian, China, ideal for nature lovers. Open 09:00-18:00, entry 24.24 USD.",24.24,09:00-18:00,3 hours,3.7,"587-789 Shuri Street, Dalian",36.85054512359852,114.52623279113628,"['nightlife enthusiast', 'solo women', 'road trip']","['Restrooms', 'Information Desk', 'Restaurant', 'Souvenir Shop', 'First Aid Station', 'Luggage Storage', 'night markets', 'bars', 'evening shows', 'group tours', 'security', 'parking']"
26,Dalian,China,Nature/Scenery/Park,Azure Horizon Seaside Spectacular,"Azure Horizon Seaside Spectacular is a nature in Dalian, China, popular for its natural scenery and relaxing atmosphere. Entry fee is 294.64 USD. Recommended visit: 3 hours. Discover Azure Horizon Seaside Spectacular, a peaceful nature in Dalian, China, ideal for nature lovers. Open 08:00-19:00, entry 294.64 USD.",294.64,08:00-19:00,3 hours,3.7,"670 Jurong East Street 62, Dalian",36.84145983017471,114.49705557089932,"['road trip', 'solo women', 'business travelers']","['Restrooms', 'Information Desk', 'Restaurant', 'Souvenir Shop', 'First Aid Station', 'Luggage Storage', 'parking', 'group tours', 'security', 'High speed WiFi']"
27,Dalian,China,Nature/Scenery/Park,Crystal Grove of the Eastern Seas,"Crystal Grove of the Eastern Seas is a nature in Dalian, China, popular for its natural scenery and relaxing atmosphere. Entry fee is 13.3 USD. Recommended visit: 3 hours. Discover Crystal Grove of the Eastern Seas, a peaceful nature in Dalian, China, ideal for nature lovers. Open 08:00-22:00, entry 13.3 USD.",13.3,08:00-22:00,3 hours,3.7,"846 Nakanoshima Dori, Chuo Ward, Dalian",36.84925662361829,114.52042782656665,"['solo women', 'with pets', 'foodie']","['Restrooms', 'Information Desk', 'Restaurant', 'Souvenir Shop', 'First Aid Station', 'Luggage Storage', 'group tours', 'security', 'Pet-friendly', 'pet water stations', 'Pet rest area', 'Food markets', 'tasting tours']"
28,Dalian,China,Nature/Scenery/Park,Lighthouse Horizon Viewpoint,"Lighthouse Horizon Viewpoint is a nature in Dalian, China, popular for its natural scenery and relaxing atmosphere. Entry fee is 6.72 USD. Recommended visit: 3 hours. Discover Lighthouse Horizon Viewpoint, a peaceful nature in Dalian, China, ideal for nature lovers. Open 08:30-17:00, entry 6.72 USD.",6.72,08:30-17:00,3 hours,3.7,"105 Maha Chai Road, Samran Rat, Dalian",36.86468929183934,114.54586607109395,"['with pets', 'foodie', 'road trip']","['Restrooms', 'Information Desk', 'Restaurant', 'Souvenir Shop', 'First Aid Station', 'Luggage Storage', 'Pet-friendly', 'pet water stations', 'Pet rest area', 'Food markets', 'tasting tours', 'parking']"
29,Dalian,China,Nature/Scenery/Park,Tide Whisper Trail,"Tide Whisper Trail is a nature in Dalian, China, popular for its natural scenery and relaxing atmosphere. Entry fee is 5.6 USD. Recommended visit: 3 hours. Discover Tide Whisper Trail, a peaceful nature in Dalian, China, ideal for nature lovers. Open 08:00-20:00, entry 5.6 USD.",5.6,08:00-20:00,3 hours,3.7,"483 Shinjuku Garden Street, Shinjuku Ward, Dalian",36.85437222361662,114.53084002700392,"['couples trip', 'foodie', 'elderly travelers']","['Restrooms', 'Information Desk', 'Restaurant', 'Souvenir Shop', 'First Aid Station', 'Luggage Storage', 'scenic spots', 'sunset cruises', 'special couples experiences', 'Food markets', 'tasting tours', 'wheelchair rental', 'benches/rest areas']"
30,Dalian,China,Nature/Scenery/Park,Lushan Coastal Trail,"Lushan Coastal Trail is a nature in Dalian, China, popular for its natural scenery and relaxing atmosphere. Entry fee is 31.52 USD. Recommended visit: 3 hours. Discover Lushan Coastal Trail, a peaceful nature in Dalian, China, ideal for nature lovers. Open 09:00-17:30, entry 31.52 USD.",31.52,09:00-17:30,3 hours,3.7,"200-8 Higashi 1-chome, Dalian",36.84145745699154,114.53160660534992,"['solo women', 'photography', 'luxury travelers']","['Restrooms', 'Information Desk', 'Restaurant', 'Souvenir Shop', 'First Aid Station', 'Luggage Storage', 'group tours', 'security', 'photo spots', 'guided photo tours', 'charging stations', 'private tours', 'skip the line passes', 'VIP exclusive events']"
31,Dalian,China,Nature/Scenery/Park,Lushan Coastal Walk,"Lushan Coastal Walk is a nature in Dalian, China, popular for its natural scenery and relaxing atmosphere. Entry fee is 14.98 USD. Recommended visit: 3 hours. Discover Lushan Coastal Walk, a peaceful nature in Dalian, China, ideal for nature lovers. Open 09:00-19:00, entry 14.98 USD.",14.98,09:00-19:00,3 hours,3.7,"579 Nakanoshima-dori, Chuo Ward, Dalian",36.84846103131152,114.51457649328316,"['solo women', 'foodie', 'disabled traveler']","['Restrooms', 'Information Desk', 'Restaurant', 'Souvenir Shop', 'First Aid Station', 'Luggage Storage', 'group tours', 'security', 'Food markets', 'tasting tours', 'ramps', 'elevators', 'wheelchair rentals', 'accessible restrooms']"
32,Dalian,China,Nature/Scenery/Park,Azure Ripple Reserve,"Azure Ripple Reserve is a nature in Dalian, China, popular for its natural scenery and relaxing atmosphere. Entry fee is 2.8 USD. Recommended visit: 3 hours. Discover Azure Ripple Reserve, a peaceful nature in Dalian, China, ideal for nature lovers. Open 09:00-17:30, entry 2.8 USD.",2.8,09:00-17:30,3 hours,3.7,"561 Seaside Promenade, Hakata-ku, Dalian",36.85297804433305,114.50566007355252,"['nightlife enthusiast', 'foodie', 'disabled traveler']","['Restrooms', 'Information Desk', 'Restaurant', 'Souvenir Shop', 'First Aid Station', 'Luggage Storage', 'night markets', 'bars', 'evening shows', 'Food markets', 'tasting tours', 'ramps', 'elevators', 'wheelchair rentals', 'accessible restrooms']"
33,Dalian,China,Nature/Scenery/Park,Emerald Bay Sanctuary,"Emerald Bay Sanctuary is a nature in Dalian, China, popular for its natural scenery and relaxing atmosphere. Entry fee is 14.4 USD. Recommended visit: 3 hours. Discover Emerald Bay Sanctuary, a peaceful nature in Dalian, China, ideal for nature lovers. Open 09:00-17:00, entry 14.4 USD.",14.4,09:00-17:00,3 hours,3.7,"968 Hibikino Street, Dalian",36.84413731044526,114.55052573909904,['with pets'],"['Restrooms', 'Information Desk', 'Restaurant', 'Souvenir Shop', 'First Aid Station', 'Luggage Storage', 'Pet-friendly', 'pet water stations', 'Pet rest area']"
34,Dalian,China,Nature/Scenery/Park,Lantern Bay Botanical Sanctuary,"Lantern Bay Botanical Sanctuary is a nature in Dalian, China, popular for its natural scenery and relaxing atmosphere. Entry fee is 55.55 USD. Recommended visit: 3 hours. Discover Lantern Bay Botanical Sanctuary, a peaceful nature in Dalian, China, ideal for nature lovers. Open 09:00-17:30, entry 55.55 USD.",55.55,09:00-17:30,3 hours,3.7,"256 Victoria Harbour Promenade, Dalian",36.86206291779166,114.52107762503638,['solo women'],"['Restrooms', 'Information Desk', 'Restaurant', 'Souvenir Shop', 'First Aid Station', 'Luggage Storage', 'group tours', 'security']"
35,Dalian,China,Nature/Scenery/Park,Evergreen Summit Retreat,"Evergreen Summit Retreat is a nature in Dalian, China, popular for its natural scenery and relaxing atmosphere. Entry fee is 94.11 USD. Recommended visit: 3 hours. Discover Evergreen Summit Retreat, a peaceful nature in Dalian, China, ideal for nature lovers. Open 18:00-21:00, entry 94.11 USD.",94.11,18:00-21:00,3 hours,3.7,"795 Thaweewong Road, Dalian",36.85950539967019,114.54655787860176,"['photography', 'luxury travelers', 'business travelers']","['Restrooms', 'Information Desk', 'Restaurant', 'Souvenir Shop', 'First Aid Station', 'Luggage Storage', 'photo spots', 'guided photo tours', 'charging stations', 'private tours', 'skip the line passes', 'VIP exclusive events', 'High speed WiFi']"
36,Dalian,China,Nature/Scenery/Park,Linglong Jungle Quest,"Linglong Jungle Quest is a nature in Dalian, China, popular for its natural scenery and relaxing atmosphere. Entry fee is 75.28 USD. Recommended visit: 3 hours. Discover Linglong Jungle Quest, a peaceful nature in Dalian, China, ideal for nature lovers. Open 10:00-18:00, entry 75.28 USD.",75.28,10:00-18:00,3 hours,3.7,"704 Moo 7, Sankampaeng Road, Dalian",36.84561755725432,114.51758813707136,"['photography', 'elderly travelers']","['Restrooms', 'Information Desk', 'Restaurant', 'Souvenir Shop', 'First Aid Station', 'Luggage Storage', 'photo spots', 'guided photo tours', 'charging stations', 'wheelchair rental', 'benches/rest areas']"
37,Dalian,China,Nature/Scenery/Park,Lighthouse Horizon Vista,"Lighthouse Horizon Vista is a nature in Dalian, China, popular for its natural scenery and relaxing atmosphere. Entry fee is 8.65 USD. Recommended visit: 3 hours. Discover Lighthouse Horizon Vista, a peaceful nature in Dalian, China, ideal for nature lovers. Open 08:00-17:30, entry 8.65 USD.",8.65,08:00-17:30,3 hours,3.7,"868 Sairee Road, Dalian",36.85803193203392,114.52174790205574,"['with children', 'couples trip', 'elderly travelers']","['Restrooms', 'Information Desk', 'Restaurant', 'Souvenir Shop', 'First Aid Station', 'Luggage Storage', 'family restrooms', 'Nursing facilities', 'scenic spots', 'sunset cruises', 'special couples experiences', 'wheelchair rental', 'benches/rest areas']"
38,Dalian,China,Nature/Scenery/Park,Lianhua Wild Reserve,"Lianhua Wild Reserve is a nature in Dalian, China, popular for its natural scenery and relaxing atmosphere. Entry fee is 11.05 USD. Recommended visit: 3 hours. Discover Lianhua Wild Reserve, a peaceful nature in Dalian, China, ideal for nature lovers. Open 09:30-17:00, entry 11.05 USD.",11.05,09:30-17:00,3 hours,3.7,"725-8901 Shibuya City, Dalian",36.84556204311518,114.51406912280714,"['business travelers', 'foodie', 'road trip']","['Restrooms', 'Information Desk', 'Restaurant', 'Souvenir Shop', 'First Aid Station', 'Luggage Storage', 'High speed WiFi', 'Food markets', 'tasting tours', 'parking']"
39,Dalian,China,Nature/Scenery/Park,Emerald Bay Sanctuary No.2,"Emerald Bay Sanctuary is a nature in Dalian, China, popular for its natural scenery and relaxing atmosphere. Entry fee is 11.76 USD. Recommended visit: 3 hours. Discover Emerald Bay Sanctuary, a peaceful nature in Dalian, China, ideal for nature lovers. Open 08:30-17:00, entry 11.76 USD.",11.76,08:30-17:00,3 hours,3.7,"691 Seaside Promenade, Dalian",36.85749216533176,114.51597506940068,"['fast-paced budget travel', 'with pets']","['Restrooms', 'Information Desk', 'Restaurant', 'Souvenir Shop', 'First Aid Station', 'Luggage Storage', 'city passes', 'luggage storage', 'self-guided tours', 'Pet-friendly', 'pet water stations', 'Pet rest area']"
40,Dalian,China,Nature/Scenery/Park,Golden Bay Sunset Sail with Seafood Feast,"Golden Bay Sunset Sail with Seafood Feast is a nature in Dalian, China, popular for its natural scenery and relaxing atmosphere. Entry fee is 6.44 USD. Recommended visit: 3 hours. Discover Golden Bay Sunset Sail with Seafood Feast, a peaceful nature in Dalian, China, ideal for nature lovers. Open 09:00-17:30, entry 6.44 USD.",6.44,09:00-17:30,3 hours,3.7,"567 Harbour Road, Dalian",36.83414224753621,114.53400522024138,"['foodie', 'couples trip']","['Restrooms', 'Information Desk', 'Restaurant', 'Souvenir Shop', 'First Aid Station', 'Luggage Storage', 'Food markets', 'tasting tours', 'scenic spots', 'sunset cruises', 'special couples experiences']"
41,Dalian,China,Nature/Scenery/Park,Luminous Bay Sky Lantern Garden,"Luminous Bay Sky Lantern Garden is a nature in Dalian, China, popular for its natural scenery and relaxing atmosphere. Entry fee is 19.18 USD. Recommended visit: 3 hours. Discover Luminous Bay Sky Lantern Garden, a peaceful nature in Dalian, China, ideal for nature lovers. Open 08:30-17:30, entry 19.18 USD.",19.18,08:30-17:30,3 hours,3.7,"865 Nihonbashi 1-chome, Chuo City, Dalian",36.83665662954268,114.52612697331578,"['elderly travelers', 'road trip']","['Restrooms', 'Information Desk', 'Restaurant', 'Souvenir Shop', 'First Aid Station', 'Luggage Storage', 'wheelchair rental', 'benches/rest areas', 'parking']"
42,Dalian,China,Nature/Scenery/Park,Seaside Canoe Quest,"Seaside Canoe Quest is a nature in Dalian, China, popular for its natural scenery and relaxing atmosphere. Entry fee is 7.57 USD. Recommended visit: 3 hours. Discover Seaside Canoe Quest, a peaceful nature in Dalian, China, ideal for nature lovers. Open 08:30-19:00, entry 7.57 USD.",7.57,08:30-19:00,3 hours,3.7,"110 Sukhumvit Road, Dalian",36.83620764904965,114.50932833453248,"['with children', 'luxury travelers', 'road trip']","['Restrooms', 'Information Desk', 'Restaurant', 'Souvenir Shop', 'First Aid Station', 'Luggage Storage', 'family restrooms', 'Nursing facilities', 'private tours', 'skip the line passes', 'VIP exclusive events', 'parking']"
43,Dalian,China,Nature/Scenery/Park,Lushan Spring Bloom Trail,"Lushan Spring Bloom Trail is a nature in Dalian, China, popular for its natural scenery and relaxing atmosphere. Entry fee is 26.32 USD. Recommended visit: 3 hours. Discover Lushan Spring Bloom Trail, a peaceful nature in Dalian, China, ideal for nature lovers. Open 08:00-18:00, entry 26.32 USD.",26.32,08:00-18:00,3 hours,3.7,"665 Sukhumvit Road, Dalian",36.83682983687185,114.54037292075505,"['road trip', 'business travelers']","['Restrooms', 'Information Desk', 'Restaurant', 'Souvenir Shop', 'First Aid Station', 'Luggage Storage', 'parking', 'High speed WiFi']"
44,Dalian,China,Nature/Scenery/Park,Dragon's Breath Caverns,"Dragon's Breath Caverns is a nature in Dalian, China, popular for its natural scenery and relaxing atmosphere. Entry fee is 2059.2 USD. Recommended visit: 3 hours. Discover Dragon's Breath Caverns, a peaceful nature in Dalian, China, ideal for nature lovers. Open 08:30-17:00, entry 2059.2 USD.",2059.2,08:30-17:00,3 hours,3.7,"569 Suthep Road, Dalian",36.84040015001329,114.52982775765878,"['with pets', 'foodie', 'disabled traveler']","['Restrooms', 'Information Desk', 'Restaurant', 'Souvenir Shop', 'First Aid Station', 'Luggage Storage', 'Pet-friendly', 'pet water stations', 'Pet rest area', 'Food markets', 'tasting tours', 'ramps', 'elevators', 'wheelchair rentals', 'accessible restrooms']"
45,Dalian,China,Nature/Scenery/Park,Lushan EcoAdventure Trail,"Lushan EcoAdventure Trail is a nature in Dalian, China, popular for its natural scenery and relaxing atmosphere. Entry fee is 6.39 USD. Recommended visit: 3 hours. Discover Lushan EcoAdventure Trail, a peaceful nature in Dalian, China, ideal for nature lovers. Open 09:30-17:00, entry 6.39 USD.",6.39,09:30-17:00,3 hours,3.7,"251-12-8 Shibuya, Shibuya City, Dalian",36.84306756684319,114.54937199743677,"['fast-paced budget travel', 'business travelers']","['Restrooms', 'Information Desk', 'Restaurant', 'Souvenir Shop', 'First Aid Station', 'Luggage Storage', 'city passes', 'luggage storage', 'self-guided tours', 'High speed WiFi']"
46,Dalian,China,Nature/Scenery/Park,Azure Bay Marine Adventure,"Azure Bay Marine Adventure is a nature in Dalian, China, popular for its natural scenery and relaxing atmosphere. Entry fee is 20.74 USD. Recommended visit: 3 hours. Discover Azure Bay Marine Adventure, a peaceful nature in Dalian, China, ideal for nature lovers. Open 09:00-21:00, entry 20.74 USD.",20.74,09:00-21:00,3 hours,3.7,"869 Sakura Street, Nakamura Ward, Dalian",36.84502359080012,114.54515046533751,"['with children', 'photography', 'elderly travelers']","['Restrooms', 'Information Desk', 'Restaurant', 'Souvenir Shop', 'First Aid Station', 'Luggage Storage', 'family restrooms', 'Nursing facilities', 'photo spots', 'guided photo tours', 'charging stations', 'wheelchair rental', 'benches/rest areas']"
47,Dalian,China,Nature/Scenery/Park,Golden Bayland Reserve,"Golden Bayland Reserve is a nature in Dalian, China, popular for its natural scenery and relaxing atmosphere. Entry fee is 29.53 USD. Recommended visit: 3 hours. Discover Golden Bayland Reserve, a peaceful nature in Dalian, China, ideal for nature lovers. Open 09:00-17:00, entry 29.53 USD.",29.53,09:00-17:00,3 hours,3.7,"No. 456, Xingye Road, Tianhe District, Dalian",36.84258278215786,114.50233568470657,['luxury travelers'],"['Restrooms', 'Information Desk', 'Restaurant', 'Souvenir Shop', 'First Aid Station', 'Luggage Storage', 'private tours', 'skip the line passes', 'VIP exclusive events']"
48,Dalian,China,Nature/Scenery/Park,Lushan Evergreen Sanctuary,"Lushan Evergreen Sanctuary is a nature in Dalian, China, popular for its natural scenery and relaxing atmosphere. Entry fee is 4.36 USD. Recommended visit: 3 hours. Discover Lushan Evergreen Sanctuary, a peaceful nature in Dalian, China, ideal for nature lovers. Open 09:00-17:30, entry 4.36 USD.",4.36,09:00-17:30,3 hours,3.7,"No. 456, Xinghai Road, Dalian",36.84997726120096,114.54353182586264,['luxury travelers'],"['Restrooms', 'Information Desk', 'Restaurant', 'Souvenir Shop', 'First Aid Station', 'Luggage Storage', 'private tours', 'skip the line passes', 'VIP exclusive events']"
49,Dalian,China,Nature/Scenery/Park,Whispering Grove Wildlife Reserve,"Whispering Grove Wildlife Reserve is a nature in Dalian, China, popular for its natural scenery and relaxing atmosphere. Entry fee is 43.59 USD. Recommended visit: 3 hours. Discover Whispering Grove Wildlife Reserve, a peaceful nature in Dalian, China, ideal for nature lovers. Open 08:30-17:00, entry 43.59 USD.",43.59,08:30-17:00,3 hours,3.7,"102 Nishi 4-chome, Dalian",36.83874599650751,114.52092054678928,"['nightlife enthusiast', 'with pets']","['Restrooms', 'Information Desk', 'Restaurant', 'Souvenir Shop', 'First Aid Station', 'Luggage Storage', 'night markets', 'bars', 'evening shows', 'Pet-friendly', 'pet water stations', 'Pet rest area']"
50,Dalian,China,Theme Park/Amusement Park,Fantasy Nightscape Adventure,"Fantasy Nightscape Adventure is a theme park in Dalian, China, popular for its memorable experiences. Entry fee is 41.86 USD. Recommended visit: 8 hours. Discover Fantasy Nightscape Adventure, a notable theme park in Dalian, China, ideal for visitors. Open 10:00-19:00, entry 41.86 USD.",41.86,10:00-19:00,8 hours,3.75,"986 Sukhumvit Road, Khlong Toei District, Dalian",36.84567021260591,114.49405462928058,"['nightlife enthusiast', 'fast-paced budget travel', 'couples trip']","['Restrooms', 'Information Desk', 'Restaurant', 'Souvenir Shop', 'First Aid Station', 'Luggage Storage', 'night markets', 'bars', 'evening shows', 'city passes', 'luggage storage', 'self-guided tours', 'scenic spots', 'sunset cruises', 'special couples experiences']"
51,Dalian,China,Theme Park/Amusement Park,Oceanic Dreamland Studio,"Oceanic Dreamland Studio is a theme park in Dalian, China, popular for its memorable experiences. Entry fee is 16.79 USD. Recommended visit: 6 hours. Discover Oceanic Dreamland Studio, a notable theme park in Dalian, China, ideal for visitors. Open 10:00-22:00, entry 16.79 USD.",16.79,10:00-22:00,6 hours,3.75,"104 Shimbashi Skyline, Minato City, Dalian",36.84161704405977,114.52243371836984,"['fast-paced budget travel', 'photography', 'elderly travelers']","['Restrooms', 'Information Desk', 'Restaurant', 'Souvenir Shop', 'First Aid Station', 'Luggage Storage', 'city passes', 'luggage storage', 'self-guided tours', 'photo spots', 'guided photo tours', 'charging stations', 'wheelchair rental', 'benches/rest areas']"
52,Dalian,China,Theme Park/Amusement Park,Dolphin Dreams Cove,"Dolphin Dreams Cove is a theme park in Dalian, China, popular for its memorable experiences. Entry fee is 10.15 USD. Recommended visit: 6 hours. Discover Dolphin Dreams Cove, a notable theme park in Dalian, China, ideal for visitors. Open 10:00-22:00, entry 10.15 USD.",10.15,10:00-22:00,6 hours,3.75,"271 Gwangsimni-ro, Gwangsimni-gu, Dalian",36.85085429817449,114.5161774370723,"['with children', 'couples trip', 'luxury travelers']","['Restrooms', 'Information Desk', 'Restaurant', 'Souvenir Shop', 'First Aid Station', 'Luggage Storage', 'family restrooms', 'Nursing facilities', 'scenic spots', 'sunset cruises', 'special couples experiences', 'private tours', 'skip the line passes', 'VIP exclusive events']"
53,Dalian,China,Theme Park/Amusement Park,Tidebreaker Ocean Quest,"Tidebreaker Ocean Quest is a theme park in Dalian, China, popular for its memorable experiences. Entry fee is 20.67 USD. Recommended visit: 6 hours. Discover Tidebreaker Ocean Quest, a notable theme park in Dalian, China, ideal for visitors. Open 09:00-17:30, entry 20.67 USD.",20.67,09:00-17:30,6 hours,3.75,"332 Sumo Street, Shibuya, Dalian",36.8493644498527,114.50764442495198,['photography'],"['Restrooms', 'Information Desk', 'Restaurant', 'Souvenir Shop', 'First Aid Station', 'Luggage Storage', 'photo spots', 'guided photo tours', 'charging stations']"
54,Dalian,China,Theme Park/Amusement Park,Dalian Dreamplay Nexus,"Dalian Dreamplay Nexus is a theme park in Dalian, China, popular for its memorable experiences. Entry fee is 13.72 USD. Recommended visit: 6 hours. Discover Dalian Dreamplay Nexus, a notable theme park in Dalian, China, ideal for visitors. Open 08:00-23:00, entry 13.72 USD.",13.72,08:00-23:00,6 hours,3.75,"No. 456, Winter Street, Dalian",36.85002128837167,114.51716361910556,"['nightlife enthusiast', 'with pets', 'road trip']","['Restrooms', 'Information Desk', 'Restaurant', 'Souvenir Shop', 'First Aid Station', 'Luggage Storage', 'night markets', 'bars', 'evening shows', 'Pet-friendly', 'pet water stations', 'Pet rest area', 'parking']"
55,Dalian,China,Theme Park/Amusement Park,Dalian Brick Quest Realm,"Dalian Brick Quest Realm is a theme park in Dalian, China, popular for its memorable experiences. Entry fee is 171.36 USD. Recommended visit: 6 hours. Discover Dalian Brick Quest Realm, a notable theme park in Dalian, China, ideal for visitors. Open 08:00-22:00, entry 171.36 USD.",171.36,08:00-22:00,6 hours,3.75,"No. 456, Xiamen Bay Road, Dalian",36.84929676068454,114.50269378122836,"['solo women', 'couples trip', 'business travelers']","['Restrooms', 'Information Desk', 'Restaurant', 'Souvenir Shop', 'First Aid Station', 'Luggage Storage', 'group tours', 'security', 'scenic spots', 'sunset cruises', 'special couples experiences', 'High speed WiFi']"
56,Dalian,China,Theme Park/Amusement Park,Northern Winds Winter Wonderland,"Northern Winds Winter Wonderland is a theme park in Dalian, China, popular for its memorable experiences. Entry fee is 14.0 USD. Recommended visit: 6 hours. Discover Northern Winds Winter Wonderland, a notable theme park in Dalian, China, ideal for visitors. Open 20:00-05:00, entry 14.0 USD.",14.0,20:00-05:00,6 hours,3.75,"242 Seaside Promenade, Dalian",36.85735883413092,114.53508602514302,"['nightlife enthusiast', 'with pets', 'elderly travelers']","['Restrooms', 'Information Desk', 'Restaurant', 'Souvenir Shop', 'First Aid Station', 'Luggage Storage', 'night markets', 'bars', 'evening shows', 'Pet-friendly', 'pet water stations', 'Pet rest area', 'wheelchair rental', 'benches/rest areas']"
57,Dalian,China,Theme Park/Amusement Park,Oceanic Skyline Loop,"Oceanic Skyline Loop is a theme park in Dalian, China, popular for its memorable experiences. Entry fee is 49.0 USD. Recommended visit: 6 hours. Discover Oceanic Skyline Loop, a notable theme park in Dalian, China, ideal for visitors. Open 09:00-17:30, entry 49.0 USD.",49.0,09:00-17:30,6 hours,3.75,"284 Thaweewong Road, Dalian",36.84960249252227,114.54502243753642,"['with children', 'disabled traveler', 'road trip']","['Restrooms', 'Information Desk', 'Restaurant', 'Souvenir Shop', 'First Aid Station', 'Luggage Storage', 'family restrooms', 'Nursing facilities', 'ramps', 'elevators', 'wheelchair rentals', 'accessible restrooms', 'parking']"
58,Dalian,China,Theme Park/Amusement Park,Dalian SkyLink Wireless Hub,"Dalian SkyLink Wireless Hub is a theme park in Dalian, China, popular for its memorable experiences. Entry fee is 9.28 USD. Recommended visit: 7 hours. Discover Dalian SkyLink Wireless Hub, a notable theme park in Dalian, China, ideal for visitors. Open 09:00-18:00, entry 9.28 USD.",9.28,09:00-18:00,7 hours,3.75,"473 Beach Road, Dalian",36.85803138516941,114.54692881906388,"['with children', 'photography', 'foodie']","['Restrooms', 'Information Desk', 'Restaurant', 'Souvenir Shop', 'First Aid Station', 'Luggage Storage', 'family restrooms', 'Nursing facilities', 'photo spots', 'guided photo tours', 'charging stations', 'Food markets', 'tasting tours']"
59,Dalian,China,Theme Park/Amusement Park,Skyline Adventure Zone,"Skyline Adventure Zone is a theme park in Dalian, China, popular for its memorable experiences. Entry fee is 24.66 USD. Recommended visit: 7 hours. Discover Skyline Adventure Zone, a notable theme park in Dalian, China, ideal for visitors. Open 08:30-19:00, entry 24.66 USD.",24.66,08:30-19:00,7 hours,3.75,"No. 456, Riverside Lane, Dalian",36.85763763342226,114.51776718437924,"['solo women', 'photography', 'elderly travelers']","['Restrooms', 'Information Desk', 'Restaurant', 'Souvenir Shop', 'First Aid Station', 'Luggage Storage', 'group tours', 'security', 'photo spots', 'guided photo tours', 'charging stations', 'wheelchair rental', 'benches/rest areas']"
60,Dalian,China,Theme Park/Amusement Park,Skyline Quest Adventure,"Skyline Quest Adventure is a theme park in Dalian, China, popular for its memorable experiences. Entry fee is 31.01 USD. Recommended visit: 7 hours. Discover Skyline Quest Adventure, a notable theme park in Dalian, China, ideal for visitors. Open 10:00-21:00, entry 31.01 USD.",31.01,10:00-21:00,7 hours,3.75,"610 Nishi-Umeda Street, Dalian",36.86151212754475,114.50865649717464,"['with pets', 'couples trip', 'road trip']","['Restrooms', 'Information Desk', 'Restaurant', 'Souvenir Shop', 'First Aid Station', 'Luggage Storage', 'Pet-friendly', 'pet water stations', 'Pet rest area', 'scenic spots', 'sunset cruises', 'special couples experiences', 'parking']"
61,Dalian,China,Theme Park/Amusement Park,Azure Wave Adventure Zone,"Azure Wave Adventure Zone is a theme park in Dalian, China, popular for its memorable experiences. Entry fee is 37.52 USD. Recommended visit: 8 hours. Discover Azure Wave Adventure Zone, a notable theme park in Dalian, China, ideal for visitors. Open 08:00-22:00, entry 37.52 USD.",37.52,08:00-22:00,8 hours,3.75,"No. 456, Xueyuan Road, Yuzhong District, Dalian",36.856089760030855,114.54511876462696,"['with children', 'photography', 'luxury travelers']","['Restrooms', 'Information Desk', 'Restaurant', 'Souvenir Shop', 'First Aid Station', 'Luggage Storage', 'family restrooms', 'Nursing facilities', 'photo spots', 'guided photo tours', 'charging stations', 'private tours', 'skip the line passes', 'VIP exclusive events']"
62,Dalian,China,Theme Park/Amusement Park,Dalian Dream Builders Complex,"Dalian Dream Builders Complex is a theme park in Dalian, China, popular for its memorable experiences. Entry fee is 4.06 USD. Recommended visit: 7 hours. Discover Dalian Dream Builders Complex, a notable theme park in Dalian, China, ideal for visitors. Open 10:00-22:00, entry 4.06 USD.",4.06,10:00-22:00,7 hours,3.75,"638 Seaside Promenade, Dalian",36.85705966706065,114.49138747816436,"['solo women', 'couples trip', 'disabled traveler']","['Restrooms', 'Information Desk', 'Restaurant', 'Souvenir Shop', 'First Aid Station', 'Luggage Storage', 'group tours', 'security', 'scenic spots', 'sunset cruises', 'special couples experiences', 'ramps', 'elevators', 'wheelchair rentals', 'accessible restrooms']"
63,Dalian,China,Theme Park/Amusement Park,Dalian DreamQuest Adventure Zone,"Dalian DreamQuest Adventure Zone is a theme park in Dalian, China, popular for its memorable experiences. Entry fee is 26.46 USD. Recommended visit: 8 hours. Discover Dalian DreamQuest Adventure Zone, a notable theme park in Dalian, China, ideal for visitors. Open 10:00-22:00, entry 26.46 USD.",26.46,10:00-22:00,8 hours,3.75,"No. 456 Cultural Street, Dalian",36.84496519282007,114.5003242970557,"['fast-paced budget travel', 'luxury travelers', 'road trip']","['Restrooms', 'Information Desk', 'Restaurant', 'Souvenir Shop', 'First Aid Station', 'Luggage Storage', 'city passes', 'luggage storage', 'self-guided tours', 'private tours', 'skip the line passes', 'VIP exclusive events', 'parking']"
64,Dalian,China,Theme Park/Amusement Park,Oceanic Fantasia Ticket Center,"Oceanic Fantasia Ticket Center is a theme park in Dalian, China, popular for its memorable experiences. Entry fee is 44.17 USD. Recommended visit: 7 hours. Discover Oceanic Fantasia Ticket Center, a notable theme park in Dalian, China, ideal for visitors. Open 09:00-21:00, entry 44.17 USD.",44.17,09:00-21:00,7 hours,3.75,"688-876 Nakajima Park, Dalian",36.839985533699966,114.54818087128828,"['nightlife enthusiast', 'couples trip']","['Restrooms', 'Information Desk', 'Restaurant', 'Souvenir Shop', 'First Aid Station', 'Luggage Storage', 'night markets', 'bars', 'evening shows', 'scenic spots', 'sunset cruises', 'special couples experiences']"
65,Dalian,China,Theme Park/Amusement Park,Dragon Bay Adventure Quest,"Dragon Bay Adventure Quest is a theme park in Dalian, China, popular for its memorable experiences. Entry fee is 17.6 USD. Recommended visit: 8 hours. Discover Dragon Bay Adventure Quest, a notable theme park in Dalian, China, ideal for visitors. Open 09:00-18:00, entry 17.6 USD.",17.6,09:00-18:00,8 hours,3.75,"No. 188, Science Avenue, Dalian",36.84606190571647,114.52889992179298,"['fast-paced budget travel', 'solo women', 'couples trip']","['Restrooms', 'Information Desk', 'Restaurant', 'Souvenir Shop', 'First Aid Station', 'Luggage Storage', 'city passes', 'luggage storage', 'self-guided tours', 'group tours', 'security', 'scenic spots', 'sunset cruises', 'special couples experiences']"
66,Dalian,China,Theme Park/Amusement Park,Skyward Serpent Adventure Park,"Skyward Serpent Adventure Park is a theme park in Dalian, China, popular for its memorable experiences. Entry fee is 53.2 USD. Recommended visit: 8 hours. Discover Skyward Serpent Adventure Park, a notable theme park in Dalian, China, ideal for visitors. Open 10:00-22:00, entry 53.2 USD.",53.2,10:00-22:00,8 hours,3.75,"220 Chao Phraya Road, Dalian",36.86472792029491,114.53152438876636,"['fast-paced budget travel', 'photography', 'foodie']","['Restrooms', 'Information Desk', 'Restaurant', 'Souvenir Shop', 'First Aid Station', 'Luggage Storage', 'city passes', 'luggage storage', 'self-guided tours', 'photo spots', 'guided photo tours', 'charging stations', 'Food markets', 'tasting tours']"
67,Dalian,China,Theme Park/Amusement Park,ChronoWave Dalian,"ChronoWave Dalian is a theme park in Dalian, China, popular for its memorable experiences. Entry fee is 54.32 USD. Recommended visit: 8 hours. Discover ChronoWave Dalian, a notable theme park in Dalian, China, ideal for visitors. Open 08:30-17:30, entry 54.32 USD.",54.32,08:30-17:30,8 hours,3.75,"514 Sakura Street, Naka Ward, Dalian",36.84326672790738,114.55063459812536,"['nightlife enthusiast', 'luxury travelers', 'elderly travelers']","['Restrooms', 'Information Desk', 'Restaurant', 'Souvenir Shop', 'First Aid Station', 'Luggage Storage', 'night markets', 'bars', 'evening shows', 'private tours', 'skip the line passes', 'VIP exclusive events', 'wheelchair rental', 'benches/rest areas']"
68,Dalian,China,Theme Park/Amusement Park,Seaside Serenade Adventure Park,"Seaside Serenade Adventure Park is a theme park in Dalian, China, popular for its memorable experiences. Entry fee is 1654.66 USD. Recommended visit: 7 hours. Discover Seaside Serenade Adventure Park, a notable theme park in Dalian, China, ideal for visitors. Open 10:00-19:00, entry 1654.66 USD.",1654.66,10:00-19:00,7 hours,3.75,"664 Sakura-dai, Setagaya-ku, Dalian",36.86400036841605,114.53003661278072,['road trip'],"['Restrooms', 'Information Desk', 'Restaurant', 'Souvenir Shop', 'First Aid Station', 'Luggage Storage', 'parking']"
69,Dalian,China,Theme Park/Amusement Park,Echoes of the Deep: Oceanic Adventure Zone,"Echoes of the Deep: Oceanic Adventure Zone is a theme park in Dalian, China, popular for its memorable experiences. Entry fee is 39.62 USD. Recommended visit: 7 hours. Discover Echoes of the Deep: Oceanic Adventure Zone, a notable theme park in Dalian, China, ideal for visitors. Open 09:30-17:00, entry 39.62 USD.",39.62,09:30-17:00,7 hours,3.75,"No. 456, Lingyin Road, Xihu District, Dalian",36.84588611868556,114.52752507342392,"['elderly travelers', 'solo women', 'disabled traveler']","['Restrooms', 'Information Desk', 'Restaurant', 'Souvenir Shop', 'First Aid Station', 'Luggage Storage', 'wheelchair rental', 'benches/rest areas', 'group tours', 'security', 'ramps', 'elevators', 'wheelchair rentals', 'accessible restrooms']"
70,Dalian,China,Theme Park/Amusement Park,Dragon Bay Escape Velocity,"Dragon Bay Escape Velocity is a theme park in Dalian, China, popular for its memorable experiences. Entry fee is 35.0 USD. Recommended visit: 6 hours. Discover Dragon Bay Escape Velocity, a notable theme park in Dalian, China, ideal for visitors. Open 09:00-17:30, entry 35.0 USD.",35.0,09:00-17:30,6 hours,3.75,"177-12-8 Shibuya, Shibuya City, Dalian",36.83836637404511,114.5187343916804,"['disabled traveler', 'with pets', 'elderly travelers']","['Restrooms', 'Information Desk', 'Restaurant', 'Souvenir Shop', 'First Aid Station', 'Luggage Storage', 'ramps', 'elevators', 'wheelchair rentals', 'accessible restrooms', 'Pet-friendly', 'pet water stations', 'Pet rest area', 'wheelchair rental', 'benches/rest areas']"
71,Dalian,China,Theme Park/Amusement Park,Oceanic Mirage Entertainment Hub,"Oceanic Mirage Entertainment Hub is a theme park in Dalian, China, popular for its memorable experiences. Entry fee is 7.4 USD. Recommended visit: 6 hours. Discover Oceanic Mirage Entertainment Hub, a notable theme park in Dalian, China, ideal for visitors. Open 09:00-18:00, entry 7.4 USD.",7.4,09:00-18:00,6 hours,3.75,"727 Shinjuku Park, Shinjuku-ku, Dalian",36.85442433821437,114.53956360802354,"['fast-paced budget travel', 'road trip']","['Restrooms', 'Information Desk', 'Restaurant', 'Souvenir Shop', 'First Aid Station', 'Luggage Storage', 'city passes', 'luggage storage', 'self-guided tours', 'parking']"
72,Dalian,China,Theme Park/Amusement Park,Dalian Midnight Wildlife Journey,"Dalian Midnight Wildlife Journey is a theme park in Dalian, China, popular for its memorable experiences. Entry fee is 12.7 USD. Recommended visit: 6 hours. Discover Dalian Midnight Wildlife Journey, a notable theme park in Dalian, China, ideal for visitors. Open 09:00-18:00, entry 12.7 USD.",12.7,09:00-18:00,6 hours,3.75,"692-876 Shibuya, Dalian",36.838860167996415,114.53249208797062,"['elderly travelers', 'disabled traveler', 'road trip']","['Restrooms', 'Information Desk', 'Restaurant', 'Souvenir Shop', 'First Aid Station', 'Luggage Storage', 'wheelchair rental', 'benches/rest areas', 'ramps', 'elevators', 'wheelchair rentals', 'accessible restrooms', 'parking']"
73,Dalian,China,Theme Park/Amusement Park,Luminara Sky Stage & Lounge,"Luminara Sky Stage & Lounge is a theme park in Dalian, China, popular for its memorable experiences. Entry fee is 59.69 USD. Recommended visit: 8 hours. Discover Luminara Sky Stage & Lounge, a notable theme park in Dalian, China, ideal for visitors. Open 09:00-18:00, entry 59.69 USD.",59.69,09:00-18:00,8 hours,3.75,"680 Sirayakorn Road, Dalian",36.84316179736796,114.54196673638953,"['couples trip', 'elderly travelers']","['Restrooms', 'Information Desk', 'Restaurant', 'Souvenir Shop', 'First Aid Station', 'Luggage Storage', 'scenic spots', 'sunset cruises', 'special couples experiences', 'wheelchair rental', 'benches/rest areas']"
74,Dalian,China,Theme Park/Amusement Park,Sea Dragon Adventure Hub,"Sea Dragon Adventure Hub is a theme park in Dalian, China, popular for its memorable experiences. Entry fee is 11.89 USD. Recommended visit: 7 hours. Discover Sea Dragon Adventure Hub, a notable theme park in Dalian, China, ideal for visitors. Open 08:00-22:00, entry 11.89 USD.",11.89,08:00-22:00,7 hours,3.75,"845 Thanon Suthep, Dalian",36.84897318171376,114.51604140123568,['with children'],"['Restrooms', 'Information Desk', 'Restaurant', 'Souvenir Shop', 'First Aid Station', 'Luggage Storage', 'family restrooms', 'Nursing facilities']"
75,Dalian,China,Theme Park/Amusement Park,Oceanic Skyline Adventure Express,"Oceanic Skyline Adventure Express is a theme park in Dalian, China, popular for its memorable experiences. Entry fee is 6.56 USD. Recommended visit: 7 hours. Discover Oceanic Skyline Adventure Express, a notable theme park in Dalian, China, ideal for visitors. Open 08:00-00:00, entry 6.56 USD.",6.56,08:00-00:00,7 hours,3.75,"178 Sathorn Road, Silom, Dalian",36.853260890894845,114.53811468176644,['with pets'],"['Restrooms', 'Information Desk', 'Restaurant', 'Souvenir Shop', 'First Aid Station', 'Luggage Storage', 'Pet-friendly', 'pet water stations', 'Pet rest area']"
76,Dalian,China,Theme Park/Amusement Park,SkyLark Dalian Adventure Park,"SkyLark Dalian Adventure Park is a theme park in Dalian, China, popular for its memorable experiences. Entry fee is 29.85 USD. Recommended visit: 8 hours. Discover SkyLark Dalian Adventure Park, a notable theme park in Dalian, China, ideal for visitors. Open 09:30-21:00, entry 29.85 USD.",29.85,09:30-21:00,8 hours,3.75,"290 Sakura Street, Naka-ku, Dalian",36.84615312995577,114.52051111133504,"['nightlife enthusiast', 'fast-paced budget travel', 'elderly travelers']","['Restrooms', 'Information Desk', 'Restaurant', 'Souvenir Shop', 'First Aid Station', 'Luggage Storage', 'night markets', 'bars', 'evening shows', 'city passes', 'luggage storage', 'self-guided tours', 'wheelchair rental', 'benches/rest areas']"
77,Dalian,China,Theme Park/Amusement Park,Imperial Echoes Park,"Imperial Echoes Park is a theme park in Dalian, China, popular for its memorable experiences. Entry fee is 6.99 USD. Recommended visit: 7 hours. Discover Imperial Echoes Park, a notable theme park in Dalian, China, ideal for visitors. Open 08:30-17:00, entry 6.99 USD.",6.99,08:30-17:00,7 hours,3.75,"251 Seongsan-ro, Dalian",36.86509373680633,114.53703115938976,"['nightlife enthusiast', 'photography', 'business travelers']","['Restrooms', 'Information Desk', 'Restaurant', 'Souvenir Shop', 'First Aid Station', 'Luggage Storage', 'night markets', 'bars', 'evening shows', 'photo spots', 'guided photo tours', 'charging stations', 'High speed WiFi']"
78,Dalian,China,Theme Park/Amusement Park,Dalian Dragon Stadium Interactive Baseball Adventure,"Dalian Dragon Stadium Interactive Baseball Adventure is a theme park in Dalian, China, popular for its memorable experiences. Entry fee is 32.62 USD. Recommended visit: 8 hours. Discover Dalian Dragon Stadium Interactive Baseball Adventure, a notable theme park in Dalian, China, ideal for visitors. Open 08:00-22:00, entry 32.62 USD.",32.62,08:00-22:00,8 hours,3.75,"700 Orchard Road, Dalian",36.83424751514918,114.51383550877092,"['fast-paced budget travel', 'with pets']","['Restrooms', 'Information Desk', 'Restaurant', 'Souvenir Shop', 'First Aid Station', 'Luggage Storage', 'city passes', 'luggage storage', 'self-guided tours', 'Pet-friendly', 'pet water stations', 'Pet rest area']"
79,Dalian,China,Theme Park/Amusement Park,Panda Grove Explorer,"Panda Grove Explorer is a theme park in Dalian, China, popular for its memorable experiences. Entry fee is 67.2 USD. Recommended visit: 8 hours. Discover Panda Grove Explorer, a notable theme park in Dalian, China, ideal for visitors. Open 09:00-20:00, entry 67.2 USD.",67.2,09:00-20:00,8 hours,3.75,"555 Sakura Street, Chuo Ward, Dalian",36.85994590552537,114.53679248570651,"['nightlife enthusiast', 'solo women']","['Restrooms', 'Information Desk', 'Restaurant', 'Souvenir Shop', 'First Aid Station', 'Luggage Storage', 'night markets', 'bars', 'evening shows', 'group tours', 'security']"
80,Dalian,China,Theme Park/Amusement Park,Skyfall Oceanic Quest,"Skyfall Oceanic Quest is a theme park in Dalian, China, popular for its memorable experiences. Entry fee is 15.98 USD. Recommended visit: 8 hours. Discover Skyfall Oceanic Quest, a notable theme park in Dalian, China, ideal for visitors. Open 08:00-22:30, entry 15.98 USD.",15.98,08:00-22:30,8 hours,3.75,"992 Chom Phon Road, Suthep Subdistrict, Dalian",36.84917066460909,114.51856637433096,"['photography', 'foodie', 'business travelers']","['Restrooms', 'Information Desk', 'Restaurant', 'Souvenir Shop', 'First Aid Station', 'Luggage Storage', 'photo spots', 'guided photo tours', 'charging stations', 'Food markets', 'tasting tours', 'High speed WiFi']"
81,Dalian,China,Theme Park/Amusement Park,Futura Echoes Pavilion,"Futura Echoes Pavilion is a theme park in Dalian, China, popular for its memorable experiences. Entry fee is 0.37 USD. Recommended visit: 7 hours. Discover Futura Echoes Pavilion, a notable theme park in Dalian, China, ideal for visitors. Open 09:00-18:00, entry 0.37 USD.",0.37,09:00-18:00,7 hours,3.75,"No. 188, Guangming Road, Dalian",36.844295355182496,114.53206363978616,"['with children', 'foodie', 'road trip']","['Restrooms', 'Information Desk', 'Restaurant', 'Souvenir Shop', 'First Aid Station', 'Luggage Storage', 'family restrooms', 'Nursing facilities', 'Food markets', 'tasting tours', 'parking']"
82,Dalian,China,Theme Park/Amusement Park,Nautical Quest Zone,"Nautical Quest Zone is a theme park in Dalian, China, popular for its memorable experiences. Entry fee is 5.52 USD. Recommended visit: 8 hours. Discover Nautical Quest Zone, a notable theme park in Dalian, China, ideal for visitors. Open 09:00-17:00, entry 5.52 USD.",5.52,09:00-17:00,8 hours,3.75,"146 Shimbashi Street, Dalian",36.84648584988299,114.49842757838374,"['solo women', 'couples trip', 'disabled traveler']","['Restrooms', 'Information Desk', 'Restaurant', 'Souvenir Shop', 'First Aid Station', 'Luggage Storage', 'group tours', 'security', 'scenic spots', 'sunset cruises', 'special couples experiences', 'ramps', 'elevators', 'wheelchair rentals', 'accessible restrooms']"
83,Dalian,China,Theme Park/Amusement Park,Azure Bay Aqua Adventure,"Azure Bay Aqua Adventure is a theme park in Dalian, China, popular for its memorable experiences. Entry fee is 22.56 USD. Recommended visit: 8 hours. Discover Azure Bay Aqua Adventure, a notable theme park in Dalian, China, ideal for visitors. Open 10:00-20:00, entry 22.56 USD.",22.56,10:00-20:00,8 hours,3.75,"810 Nai Harn Beach Road, Dalian",36.8617947525567,114.49583542704308,"['with children', 'elderly travelers', 'business travelers']","['Restrooms', 'Information Desk', 'Restaurant', 'Souvenir Shop', 'First Aid Station', 'Luggage Storage', 'family restrooms', 'Nursing facilities', 'wheelchair rental', 'benches/rest areas', 'High speed WiFi']"
84,Dalian,China,Theme Park/Amusement Park,Oceanic Quest Adventure Park,"Oceanic Quest Adventure Park is a theme park in Dalian, China, popular for its memorable experiences. Entry fee is 22.09 USD. Recommended visit: 6 hours. Discover Oceanic Quest Adventure Park, a notable theme park in Dalian, China, ideal for visitors. Open 10:00-20:00, entry 22.09 USD.",22.09,10:00-20:00,6 hours,3.75,"573 Seaside Promenade, Dalian",36.85717949549913,114.50601930342862,"['couples trip', 'foodie', 'road trip']","['Restrooms', 'Information Desk', 'Restaurant', 'Souvenir Shop', 'First Aid Station', 'Luggage Storage', 'scenic spots', 'sunset cruises', 'special couples experiences', 'Food markets', 'tasting tours', 'parking']"
85,Dalian,China,Theme Park/Amusement Park,LunaWave Harmonic Adventure,"LunaWave Harmonic Adventure is a theme park in Dalian, China, popular for its memorable experiences. Entry fee is 89.6 USD. Recommended visit: 8 hours. Discover LunaWave Harmonic Adventure, a notable theme park in Dalian, China, ideal for visitors. Open 09:00-18:00, entry 89.6 USD.",89.6,09:00-18:00,8 hours,3.75,"187 Siam Road, Dalian",36.840105859763305,114.49830636932104,"['fast-paced budget travel', 'photography', 'disabled traveler']","['Restrooms', 'Information Desk', 'Restaurant', 'Souvenir Shop', 'First Aid Station', 'Luggage Storage', 'city passes', 'luggage storage', 'self-guided tours', 'photo spots', 'guided photo tours', 'charging stations', 'ramps', 'elevators', 'wheelchair rentals', 'accessible restrooms']"
86,Dalian,China,Theme Park/Amusement Park,Dalian Horizon Quest Adventure Park,"Dalian Horizon Quest Adventure Park is a theme park in Dalian, China, popular for its memorable experiences. Entry fee is 23.37 USD. Recommended visit: 6 hours. Discover Dalian Horizon Quest Adventure Park, a notable theme park in Dalian, China, ideal for visitors. Open 09:00-17:30, entry 23.37 USD.",23.37,09:00-17:30,6 hours,3.75,"No. 128, Yushan Road, Xihu District, Dalian",36.86220732556232,114.5148018158537,"['luxury travelers', 'elderly travelers', 'business travelers']","['Restrooms', 'Information Desk', 'Restaurant', 'Souvenir Shop', 'First Aid Station', 'Luggage Storage', 'private tours', 'skip the line passes', 'VIP exclusive events', 'wheelchair rental', 'benches/rest areas', 'High speed WiFi']"
87,Dalian,China,Theme Park/Amusement Park,Dalian Dreamplay Island,"Dalian Dreamplay Island is a theme park in Dalian, China, popular for its memorable experiences. Entry fee is 19.55 USD. Recommended visit: 7 hours. Discover Dalian Dreamplay Island, a notable theme park in Dalian, China, ideal for visitors. Open 09:00-17:30, entry 19.55 USD.",19.55,09:00-17:30,7 hours,3.75,"114 Cherry Blossom Avenue, Dalian",36.85543462871414,114.5008186912154,"['disabled traveler', 'business travelers']","['Restrooms', 'Information Desk', 'Restaurant', 'Souvenir Shop', 'First Aid Station', 'Luggage Storage', 'ramps', 'elevators', 'wheelchair rentals', 'accessible restrooms', 'High speed WiFi']"
88,Dalian,China,Theme Park/Amusement Park,Harbor Harmony Park,"Harbor Harmony Park is a theme park in Dalian, China, popular for its memorable experiences. Entry fee is 18.98 USD. Recommended visit: 6 hours. Discover Harbor Harmony Park, a notable theme park in Dalian, China, ideal for visitors. Open 09:00-17:30, entry 18.98 USD.",18.98,09:00-17:30,6 hours,3.75,"No. 456 West Riverside Road, Dalian",36.84604530899597,114.50294382885804,"['nightlife enthusiast', 'with pets', 'disabled traveler']","['Restrooms', 'Information Desk', 'Restaurant', 'Souvenir Shop', 'First Aid Station', 'Luggage Storage', 'night markets', 'bars', 'evening shows', 'Pet-friendly', 'pet water stations', 'Pet rest area', 'ramps', 'elevators', 'wheelchair rentals', 'accessible restrooms']"
89,Dalian,China,Theme Park/Amusement Park,Dalian Skyward Mirage,"Dalian Skyward Mirage is a theme park in Dalian, China, popular for its memorable experiences. Entry fee is 28.0 USD. Recommended visit: 7 hours. Discover Dalian Skyward Mirage, a notable theme park in Dalian, China, ideal for visitors. Open 10:00-22:00, entry 28.0 USD.",28.0,10:00-22:00,7 hours,3.75,"692-876 Shibuya, Dalian",36.84840159903559,114.52237611761494,"['with pets', 'elderly travelers', 'road trip']","['Restrooms', 'Information Desk', 'Restaurant', 'Souvenir Shop', 'First Aid Station', 'Luggage Storage', 'Pet-friendly', 'pet water stations', 'Pet rest area', 'wheelchair rental', 'benches/rest areas', 'parking']"
90,Dalian,China,Theme Park/Amusement Park,Lagoon Dreamscape,"Lagoon Dreamscape is a theme park in Dalian, China, popular for its memorable experiences. Entry fee is 15.24 USD. Recommended visit: 7 hours. Discover Lagoon Dreamscape, a notable theme park in Dalian, China, ideal for visitors. Open 09:00-17:30, entry 15.24 USD.",15.24,09:00-17:30,7 hours,3.75,"423-8654 Shibuya, Shibuya City, Dalian",36.858333718047874,114.49227673370446,"['with children', 'solo women', 'foodie']","['Restrooms', 'Information Desk', 'Restaurant', 'Souvenir Shop', 'First Aid Station', 'Luggage Storage', 'family restrooms', 'Nursing facilities', 'group tours', 'security', 'Food markets', 'tasting tours']"
91,Dalian,China,Historic Site/Landmark,Skyline Vista Point,"Skyline Vista Point is a historic site in Dalian, China, popular for its memorable experiences. Entry fee is 11.68 USD. Recommended visit: 2 hours. Discover Skyline Vista Point, a notable historic site in Dalian, China, ideal for visitors. Open 08:00-18:00, entry 11.68 USD.",11.68,08:00-18:00,2 hours,3.5,"430 Sakura Street, Naka Ward, Dalian",36.85090030280422,114.52813859399735,"['nightlife enthusiast', 'foodie']","['Restrooms', 'Information Desk', 'Restaurant', 'Souvenir Shop', 'First Aid Station', 'Luggage Storage', 'night markets', 'bars', 'evening shows', 'Food markets', 'tasting tours']"
92,Dalian,China,Historic Site/Landmark,Lushan Ancient Craftworks Museum,"Lushan Ancient Craftworks Museum is a historic site in Dalian, China, popular for its memorable experiences. Entry fee is 12.6 USD. Recommended visit: 2 hours. Discover Lushan Ancient Craftworks Museum, a notable historic site in Dalian, China, ideal for visitors. Open 08:30-19:00, entry 12.6 USD.",12.6,08:30-19:00,2 hours,3.5,"961-8745 Sapporo City, Nishi 1-chome, Dalian",36.84850601309799,114.51486904237947,"['nightlife enthusiast', 'elderly travelers', 'road trip']","['Restrooms', 'Information Desk', 'Restaurant', 'Souvenir Shop', 'First Aid Station', 'Luggage Storage', 'night markets', 'bars', 'evening shows', 'wheelchair rental', 'benches/rest areas', 'parking']"
93,Dalian,China,Historic Site/Landmark,Huanghuagang Legacy Park,"Huanghuagang Legacy Park is a historic site in Dalian, China, popular for its memorable experiences. Entry fee is 24.92 USD. Recommended visit: 2 hours. Discover Huanghuagang Legacy Park, a notable historic site in Dalian, China, ideal for visitors. Open 19:30-22:30, entry 24.92 USD.",24.92,19:30-22:30,2 hours,3.5,"811 Suthep Road, Dalian",36.84424487136324,114.54064283572812,"['nightlife enthusiast', 'road trip']","['Restrooms', 'Information Desk', 'Restaurant', 'Souvenir Shop', 'First Aid Station', 'Luggage Storage', 'night markets', 'bars', 'evening shows', 'parking']"
94,Dalian,China,Historic Site/Landmark,Eternal Courtyard Heritage Tour,"Eternal Courtyard Heritage Tour is a historic site in Dalian, China, popular for its memorable experiences. Entry fee is 114.46 USD. Recommended visit: 2 hours. Discover Eternal Courtyard Heritage Tour, a notable historic site in Dalian, China, ideal for visitors. Open 08:30-17:30, entry 114.46 USD.",114.46,08:30-17:30,2 hours,3.5,"848 Seaside Boulevard, Minato Ward, Dalian",36.86272578658362,114.53873641600448,"['with pets', 'foodie', 'business travelers']","['Restrooms', 'Information Desk', 'Restaurant', 'Souvenir Shop', 'First Aid Station', 'Luggage Storage', 'Pet-friendly', 'pet water stations', 'Pet rest area', 'Food markets', 'tasting tours', 'High speed WiFi']"
95,Dalian,China,Historic Site/Landmark,Lushan Echoes Museum,"Lushan Echoes Museum is a historic site in Dalian, China, popular for its memorable experiences. Entry fee is 36.54 USD. Recommended visit: 2 hours. Discover Lushan Echoes Museum, a notable historic site in Dalian, China, ideal for visitors. Open 08:30-17:00, entry 36.54 USD.",36.54,08:30-17:00,2 hours,3.5,"312 Seongsan Road, Dalian",36.84334309798861,114.5101691331299,"['foodie', 'luxury travelers', 'business travelers']","['Restrooms', 'Information Desk', 'Restaurant', 'Souvenir Shop', 'First Aid Station', 'Luggage Storage', 'Food markets', 'tasting tours', 'private tours', 'skip the line passes', 'VIP exclusive events', 'High speed WiFi']"
96,Dalian,China,Historic Site/Landmark,East Sea Heritage and Recreation Hub,"East Sea Heritage and Recreation Hub is a historic site in Dalian, China, popular for its memorable experiences. Entry fee is 6.85 USD. Recommended visit: 2 hours. Discover East Sea Heritage and Recreation Hub, a notable historic site in Dalian, China, ideal for visitors. Open 06:00-18:00, entry 6.85 USD.",6.85,06:00-18:00,2 hours,3.5,"787 Suthep Road, Dalian",36.83920483466407,114.53951987076064,"['nightlife enthusiast', 'solo women', 'couples trip']","['Restrooms', 'Information Desk', 'Restaurant', 'Souvenir Shop', 'First Aid Station', 'Luggage Storage', 'night markets', 'bars', 'evening shows', 'group tours', 'security', 'scenic spots', 'sunset cruises', 'special couples experiences']"
97,Dalian,China,Historic Site/Landmark,Old Quarter Pathways,"Old Quarter Pathways is a historic site in Dalian, China, popular for its memorable experiences. Entry fee is 248.4 USD. Recommended visit: 2 hours. Discover Old Quarter Pathways, a notable historic site in Dalian, China, ideal for visitors. Open 09:30-17:00, entry 248.4 USD.",248.4,09:30-17:00,2 hours,3.5,"576 Sakura Street, Nishi Ward, Dalian",36.83529737075312,114.53187719364648,"['photography', 'couples trip', 'elderly travelers']","['Restrooms', 'Information Desk', 'Restaurant', 'Souvenir Shop', 'First Aid Station', 'Luggage Storage', 'photo spots', 'guided photo tours', 'charging stations', 'scenic spots', 'sunset cruises', 'special couples experiences', 'wheelchair rental', 'benches/rest areas']"
98,Dalian,China,Historic Site/Landmark,Celestial Horizon Wheel,"Celestial Horizon Wheel is a historic site in Dalian, China, popular for its memorable experiences. Entry fee is 29.19 USD. Recommended visit: 2 hours. Discover Celestial Horizon Wheel, a notable historic site in Dalian, China, ideal for visitors. Open 08:30-17:00, entry 29.19 USD.",29.19,08:30-17:00,2 hours,3.5,"730 Sathorn Road, Dalian",36.83748028879771,114.50822983014204,"['disabled traveler', 'elderly travelers', 'road trip']","['Restrooms', 'Information Desk', 'Restaurant', 'Souvenir Shop', 'First Aid Station', 'Luggage Storage', 'ramps', 'elevators', 'wheelchair rentals', 'accessible restrooms', 'wheelchair rental', 'benches/rest areas', 'parking']"
99,Dalian,China,Historic Site/Landmark,Dalian Skyline Heritage Trail,"Dalian Skyline Heritage Trail is a historic site in Dalian, China, popular for its memorable experiences. Entry fee is 0.0 USD. Recommended visit: 2 hours. Discover Dalian Skyline Heritage Trail, a notable historic site in Dalian, China, ideal for visitors. Open 09:00-21:00, entry 0.0 USD.",0.0,09:00-21:00,2 hours,3.5,"468 Shinsaibashi Dori, Chuo Ward, Dalian",36.847730126068974,114.53920204712917,"['luxury travelers', 'elderly travelers']","['Restrooms', 'Information Desk', 'Restaurant', 'Souvenir Shop', 'First Aid Station', 'Luggage Storage', 'private tours', 'skip the line passes', 'VIP exclusive events', 'wheelchair rental', 'benches/rest areas']"
100,Dalian,China,Historic Site/Landmark,Dragon's Eye Skyline Pavilion,"Dragon's Eye Skyline Pavilion is a historic site in Dalian, China, popular for its memorable experiences. Entry fee is 42.0 USD. Recommended visit: 2 hours. Discover Dragon's Eye Skyline Pavilion, a notable historic site in Dalian, China, ideal for visitors. Open 08:30-17:00, entry 42.0 USD.",42.0,08:30-17:00,2 hours,3.5,"377 Sakura Street, Chuo-ku, Dalian",36.84400336562673,114.51265403083926,"['with children', 'with pets', 'disabled traveler']","['Restrooms', 'Information Desk', 'Restaurant', 'Souvenir Shop', 'First Aid Station', 'Luggage Storage', 'family restrooms', 'Nursing facilities', 'Pet-friendly', 'pet water stations', 'Pet rest area', 'ramps', 'elevators', 'wheelchair rentals', 'accessible restrooms']"
101,Dalian,China,Historic Site/Landmark,Lighthouse of the Golden Bay,"Lighthouse of the Golden Bay is a historic site in Dalian, China, popular for its memorable experiences. Entry fee is 16.97 USD. Recommended visit: 2 hours. Discover Lighthouse of the Golden Bay, a notable historic site in Dalian, China, ideal for visitors. Open 09:00-22:00, entry 16.97 USD.",16.97,09:00-22:00,2 hours,3.5,"No. 123, Xingang Road, Haizhu District, Dalian",36.85009873820849,114.54015367379458,"['with children', 'with pets', 'road trip']","['Restrooms', 'Information Desk', 'Restaurant', 'Souvenir Shop', 'First Aid Station', 'Luggage Storage', 'family restrooms', 'Nursing facilities', 'Pet-friendly', 'pet water stations', 'Pet rest area', 'parking']"
102,Dalian,China,Historic Site/Landmark,Linglong Cultural Pavilion,"Linglong Cultural Pavilion is a historic site in Dalian, China, popular for its memorable experiences. Entry fee is 2.79 USD. Recommended visit: 2 hours. Discover Linglong Cultural Pavilion, a notable historic site in Dalian, China, ideal for visitors. Open 10:00-22:00, entry 2.79 USD.",2.79,10:00-22:00,2 hours,3.5,"464 Charoenkrung Road, Samran Rat, Bang Rak, Dalian",36.83524881455846,114.50923573096748,['foodie'],"['Restrooms', 'Information Desk', 'Restaurant', 'Souvenir Shop', 'First Aid Station', 'Luggage Storage', 'Food markets', 'tasting tours']"
103,Dalian,China,Historic Site/Landmark,Harbor Heritage Walk,"Harbor Heritage Walk is a historic site in Dalian, China, popular for its memorable experiences. Entry fee is 26.79 USD. Recommended visit: 2 hours. Discover Harbor Heritage Walk, a notable historic site in Dalian, China, ideal for visitors. Open 10:00-18:00, entry 26.79 USD.",26.79,10:00-18:00,2 hours,3.5,"889-8745 Shibuya-ku, Dalian",36.85030275146857,114.51173089207282,"['nightlife enthusiast', 'foodie', 'road trip']","['Restrooms', 'Information Desk', 'Restaurant', 'Souvenir Shop', 'First Aid Station', 'Luggage Storage', 'night markets', 'bars', 'evening shows', 'Food markets', 'tasting tours', 'parking']"
104,Dalian,China,Historic Site/Landmark,Dragon's Gate Martial Arts Heritage Hall,"Dragon's Gate Martial Arts Heritage Hall is a historic site in Dalian, China, popular for its memorable experiences. Entry fee is 1.4 USD. Recommended visit: 2 hours. Discover Dragon's Gate Martial Arts Heritage Hall, a notable historic site in Dalian, China, ideal for visitors. Open 09:00-17:30, entry 1.4 USD.",1.4,09:00-17:30,2 hours,3.5,"No. 456, Zhongshan Road, Dalian",36.83696264110289,114.54045354243176,"['nightlife enthusiast', 'elderly travelers', 'business travelers']","['Restrooms', 'Information Desk', 'Restaurant', 'Souvenir Shop', 'First Aid Station', 'Luggage Storage', 'night markets', 'bars', 'evening shows', 'wheelchair rental', 'benches/rest areas', 'High speed WiFi']"
105,Dalian,China,Historic Site/Landmark,Lantern Grove of the Sea Dragon,"Lantern Grove of the Sea Dragon is a historic site in Dalian, China, popular for its memorable experiences. Entry fee is 160.64 USD. Recommended visit: 2 hours. Discover Lantern Grove of the Sea Dragon, a notable historic site in Dalian, China, ideal for visitors. Open 09:00-17:00, entry 160.64 USD.",160.64,09:00-17:00,2 hours,3.5,"860 Siree Road, Old Phuket Town, Dalian",36.84005345237746,114.5226464253618,"['with children', 'solo women', 'with pets']","['Restrooms', 'Information Desk', 'Restaurant', 'Souvenir Shop', 'First Aid Station', 'Luggage Storage', 'family restrooms', 'Nursing facilities', 'group tours', 'security', 'Pet-friendly', 'pet water stations', 'Pet rest area']"
106,Dalian,China,Historic Site/Landmark,Lushan Ancient Costume Museum,"Lushan Ancient Costume Museum is a historic site in Dalian, China, popular for its memorable experiences. Entry fee is 21.77 USD. Recommended visit: 2 hours. Discover Lushan Ancient Costume Museum, a notable historic site in Dalian, China, ideal for visitors. Open 10:00-22:00, entry 21.77 USD.",21.77,10:00-22:00,2 hours,3.5,"309 Seogwipo Street, Dalian",36.8506532912392,114.5211675977664,"['with children', 'luxury travelers', 'business travelers']","['Restrooms', 'Information Desk', 'Restaurant', 'Souvenir Shop', 'First Aid Station', 'Luggage Storage', 'family restrooms', 'Nursing facilities', 'private tours', 'skip the line passes', 'VIP exclusive events', 'High speed WiFi']"
107,Dalian,China,Historic Site/Landmark,Horizon's Peak Observation Tower,"Horizon's Peak Observation Tower is a historic site in Dalian, China, popular for its memorable experiences. Entry fee is 13.36 USD. Recommended visit: 2 hours. Discover Horizon's Peak Observation Tower, a notable historic site in Dalian, China, ideal for visitors. Open 09:00-21:00, entry 13.36 USD.",13.36,09:00-21:00,2 hours,3.5,"No. 456, Cultural Street, Dalian",36.84558303715569,114.547052075841,"['nightlife enthusiast', 'fast-paced budget travel', 'with pets']","['Restrooms', 'Information Desk', 'Restaurant', 'Souvenir Shop', 'First Aid Station', 'Luggage Storage', 'night markets', 'bars', 'evening shows', 'city passes', 'luggage storage', 'self-guided tours', 'Pet-friendly', 'pet water stations', 'Pet rest area']"
108,Dalian,China,Historic Site/Landmark,Echoing Imperial Courtyard,"Echoing Imperial Courtyard is a historic site in Dalian, China, popular for its memorable experiences. Entry fee is 5.38 USD. Recommended visit: 2 hours. Discover Echoing Imperial Courtyard, a notable historic site in Dalian, China, ideal for visitors. Open 10:00-20:00, entry 5.38 USD.",5.38,10:00-20:00,2 hours,3.5,"No. 456, Zhongshan Road, Dalian",36.84196486849455,114.4934233270661,"['with children', 'foodie', 'road trip']","['Restrooms', 'Information Desk', 'Restaurant', 'Souvenir Shop', 'First Aid Station', 'Luggage Storage', 'family restrooms', 'Nursing facilities', 'Food markets', 'tasting tours', 'parking']"
109,Dalian,China,Historic Site/Landmark,Skyward Echo Observation Lounge,"Skyward Echo Observation Lounge is a historic site in Dalian, China, popular for its memorable experiences. Entry fee is 7.84 USD. Recommended visit: 2 hours. Discover Skyward Echo Observation Lounge, a notable historic site in Dalian, China, ideal for visitors. Open 08:30-20:00, entry 7.84 USD.",7.84,08:30-20:00,2 hours,3.5,"246-1 Kitahama, Dalian",36.856364701847255,114.54738274194143,"['nightlife enthusiast', 'disabled traveler', 'road trip']","['Restrooms', 'Information Desk', 'Restaurant', 'Souvenir Shop', 'First Aid Station', 'Luggage Storage', 'night markets', 'bars', 'evening shows', 'ramps', 'elevators', 'wheelchair rentals', 'accessible restrooms', 'parking']"
110,Dalian,China,Historic Site/Landmark,Celestial Citadel Cultural Complex,"Celestial Citadel Cultural Complex is a historic site in Dalian, China, popular for its memorable experiences. Entry fee is 15.16 USD. Recommended visit: 2 hours. Discover Celestial Citadel Cultural Complex, a notable historic site in Dalian, China, ideal for visitors. Open 09:00-18:00, entry 15.16 USD.",15.16,09:00-18:00,2 hours,3.5,"499-8745 Naha City, Okinawa Prefecture, Dalian",36.85338804661711,114.53299138428136,"['with children', 'disabled traveler', 'road trip']","['Restrooms', 'Information Desk', 'Restaurant', 'Souvenir Shop', 'First Aid Station', 'Luggage Storage', 'family restrooms', 'Nursing facilities', 'ramps', 'elevators', 'wheelchair rentals', 'accessible restrooms', 'parking']"
111,Dalian,China,Historic Site/Landmark,Seaside Drumming Heritage Trail,"Seaside Drumming Heritage Trail is a historic site in Dalian, China, popular for its memorable experiences. Entry fee is 6.23 USD. Recommended visit: 2 hours. Discover Seaside Drumming Heritage Trail, a notable historic site in Dalian, China, ideal for visitors. Open 08:30-17:30, entry 6.23 USD.",6.23,08:30-17:30,2 hours,3.5,"702/1 Sukhumvit Road, Khlong Toei District, Dalian",36.85076533069429,114.49207069518962,"['photography', 'road trip']","['Restrooms', 'Information Desk', 'Restaurant', 'Souvenir Shop', 'First Aid Station', 'Luggage Storage', 'photo spots', 'guided photo tours', 'charging stations', 'parking']"
112,Dalian,China,Historic Site/Landmark,Azure Harmony Hall,"Azure Harmony Hall is a historic site in Dalian, China, popular for its memorable experiences. Entry fee is 10.59 USD. Recommended visit: 2 hours. Discover Azure Harmony Hall, a notable historic site in Dalian, China, ideal for visitors. Open 09:00-17:30, entry 10.59 USD.",10.59,09:00-17:30,2 hours,3.5,"548-10 Gukje-gil, Bukchon, Dalian",36.85369908108744,114.53847483802254,"['nightlife enthusiast', 'solo women', 'business travelers']","['Restrooms', 'Information Desk', 'Restaurant', 'Souvenir Shop', 'First Aid Station', 'Luggage Storage', 'night markets', 'bars', 'evening shows', 'group tours', 'security', 'High speed WiFi']"
113,Dalian,China,Historic Site/Landmark,Hakone Heritage Ensemble,"Hakone Heritage Ensemble is a historic site in Dalian, China, popular for its memorable experiences. Entry fee is 50.54 USD. Recommended visit: 2 hours. Discover Hakone Heritage Ensemble, a notable historic site in Dalian, China, ideal for visitors. Open 09:00-18:00, entry 50.54 USD.",50.54,09:00-18:00,2 hours,3.5,"No. 456, West Mountain Road, Dalian",36.85304331254535,114.53976875389527,"['with children', 'elderly travelers', 'business travelers']","['Restrooms', 'Information Desk', 'Restaurant', 'Souvenir Shop', 'First Aid Station', 'Luggage Storage', 'family restrooms', 'Nursing facilities', 'wheelchair rental', 'benches/rest areas', 'High speed WiFi']"
114,Dalian,China,Historic Site/Landmark,Dragon's Hollow Fighting Hall,"Dragon's Hollow Fighting Hall is a historic site in Dalian, China, popular for its memorable experiences. Entry fee is 5.6 USD. Recommended visit: 2 hours. Discover Dragon's Hollow Fighting Hall, a notable historic site in Dalian, China, ideal for visitors. Open 09:00-17:00, entry 5.6 USD.",5.6,09:00-17:00,2 hours,3.5,"496 Sukhumvit Road, Khlong Toei District, Dalian",36.86308641674351,114.5424732747781,"['with pets', 'couples trip', 'business travelers']","['Restrooms', 'Information Desk', 'Restaurant', 'Souvenir Shop', 'First Aid Station', 'Luggage Storage', 'Pet-friendly', 'pet water stations', 'Pet rest area', 'scenic spots', 'sunset cruises', 'special couples experiences', 'High speed WiFi']"
115,Dalian,China,Historic Site/Landmark,Dragon's Gate Martial Arts Hall,"Dragon's Gate Martial Arts Hall is a historic site in Dalian, China, popular for its memorable experiences. Entry fee is 7.0 USD. Recommended visit: 2 hours. Discover Dragon's Gate Martial Arts Hall, a notable historic site in Dalian, China, ideal for visitors. Open 09:00-17:00, entry 7.0 USD.",7.0,09:00-17:00,2 hours,3.5,"531 Suthep Road, Dalian",36.84058772245789,114.5212128594088,"['fast-paced budget travel', 'solo women', 'business travelers']","['Restrooms', 'Information Desk', 'Restaurant', 'Souvenir Shop', 'First Aid Station', 'Luggage Storage', 'city passes', 'luggage storage', 'self-guided tours', 'group tours', 'security', 'High speed WiFi']"
116,Dalian,China,Historic Site/Landmark,Haiyang Heritage Walk,"Haiyang Heritage Walk is a historic site in Dalian, China, popular for its memorable experiences. Entry fee is 474.46 USD. Recommended visit: 2 hours. Discover Haiyang Heritage Walk, a notable historic site in Dalian, China, ideal for visitors. Open 08:30-17:00, entry 474.46 USD.",474.46,08:30-17:00,2 hours,3.5,"No. 45, Xidan West Street, Dalian",36.84401759301856,114.51621138013527,"['with children', 'disabled traveler', 'road trip']","['Restrooms', 'Information Desk', 'Restaurant', 'Souvenir Shop', 'First Aid Station', 'Luggage Storage', 'family restrooms', 'Nursing facilities', 'ramps', 'elevators', 'wheelchair rentals', 'accessible restrooms', 'parking']"
117,Dalian,China,Historic Site/Landmark,Lianyungang Heritage Hall,"Lianyungang Heritage Hall is a historic site in Dalian, China, popular for its memorable experiences. Entry fee is 9.73 USD. Recommended visit: 2 hours. Discover Lianyungang Heritage Hall, a notable historic site in Dalian, China, ideal for visitors. Open 10:00-19:00, entry 9.73 USD.",9.73,10:00-19:00,2 hours,3.5,"523 Shinjuku Park, Shinjuku, Dalian",36.83864272597666,114.53896193302556,['luxury travelers'],"['Restrooms', 'Information Desk', 'Restaurant', 'Souvenir Shop', 'First Aid Station', 'Luggage Storage', 'private tours', 'skip the line passes', 'VIP exclusive events']"
118,Dalian,China,Historic Site/Landmark,Echoes of the Old Quarter,"Echoes of the Old Quarter is a historic site in Dalian, China, popular for its memorable experiences. Entry fee is 78.46 USD. Recommended visit: 2 hours. Discover Echoes of the Old Quarter, a notable historic site in Dalian, China, ideal for visitors. Open 09:00-17:30, entry 78.46 USD.",78.46,09:00-17:30,2 hours,3.5,"584 Upper Bukit Timah Road, Dalian",36.8437833993059,114.49762001449407,"['fast-paced budget travel', 'photography', 'luxury travelers']","['Restrooms', 'Information Desk', 'Restaurant', 'Souvenir Shop', 'First Aid Station', 'Luggage Storage', 'city passes', 'luggage storage', 'self-guided tours', 'photo spots', 'guided photo tours', 'charging stations', 'private tours', 'skip the line passes', 'VIP exclusive events']"
119,Dalian,China,Historic Site/Landmark,Lushan Imperial Courtyard,"Lushan Imperial Courtyard is a historic site in Dalian, China, popular for its memorable experiences. Entry fee is 16.52 USD. Recommended visit: 2 hours. Discover Lushan Imperial Courtyard, a notable historic site in Dalian, China, ideal for visitors. Open 08:30-17:30, entry 16.52 USD.",16.52,08:30-17:30,2 hours,3.5,"No. 456, Lingfeng Road, Xihu District, Dalian",36.84687553240657,114.5019898592807,"['with children', 'with pets', 'business travelers']","['Restrooms', 'Information Desk', 'Restaurant', 'Souvenir Shop', 'First Aid Station', 'Luggage Storage', 'family restrooms', 'Nursing facilities', 'Pet-friendly', 'pet water stations', 'Pet rest area', 'High speed WiFi']"
120,Dalian,China,Historic Site/Landmark,Windward Shrine of the Sea,"Windward Shrine of the Sea is a historic site in Dalian, China, popular for its memorable experiences. Entry fee is 4.13 USD. Recommended visit: 2 hours. Discover Windward Shrine of the Sea, a notable historic site in Dalian, China, ideal for visitors. Open 09:00-17:30, entry 4.13 USD.",4.13,09:00-17:30,2 hours,3.5,"704 Moo 7, Sankampaeng Road, Dalian",36.85355769800985,114.49843333930956,"['nightlife enthusiast', 'couples trip', 'foodie']","['Restrooms', 'Information Desk', 'Restaurant', 'Souvenir Shop', 'First Aid Station', 'Luggage Storage', 'night markets', 'bars', 'evening shows', 'scenic spots', 'sunset cruises', 'special couples experiences', 'Food markets', 'tasting tours']"
121,Dalian,China,Historic Site/Landmark,Evergreen Hall,"Evergreen Hall is a historic site in Dalian, China, popular for its memorable experiences. Entry fee is 4.2 USD. Recommended visit: 2 hours. Discover Evergreen Hall, a notable historic site in Dalian, China, ideal for visitors. Open 08:30-17:30, entry 4.2 USD.",4.2,08:30-17:30,2 hours,3.5,"523 Shirokanedai Street, Dalian",36.83573873587882,114.52870001520296,"['with children', 'with pets', 'photography']","['Restrooms', 'Information Desk', 'Restaurant', 'Souvenir Shop', 'First Aid Station', 'Luggage Storage', 'family restrooms', 'Nursing facilities', 'Pet-friendly', 'pet water stations', 'Pet rest area', 'photo spots', 'guided photo tours', 'charging stations']"
122,Dalian,China,Museum/Art Gallery,Luna Canvas Studio,"Luna Canvas Studio is a museum in Dalian, China, popular for its unique collections and exhibitions. Entry fee is 4.35 USD. Recommended visit: 2 hours. Discover Luna Canvas Studio, a renowned museum in Dalian, China, ideal for art lovers. Open 09:30-17:00, entry 4.35 USD.",4.35,09:30-17:00,2 hours,4.0,"654 Shibuya Digital Street, Dalian",36.83331083438875,114.5323878796551,"['photography', 'disabled traveler', 'road trip']","['Restrooms', 'Information Desk', 'Restaurant', 'Souvenir Shop', 'First Aid Station', 'Luggage Storage', 'photo spots', 'guided photo tours', 'charging stations', 'ramps', 'elevators', 'wheelchair rentals', 'accessible restrooms', 'parking']"
123,Dalian,China,Museum/Art Gallery,Echoes of the Subterranean Realm,"Echoes of the Subterranean Realm is a museum in Dalian, China, popular for its unique collections and exhibitions. Entry fee is 28.12 USD. Recommended visit: 2 hours. Discover Echoes of the Subterranean Realm, a renowned museum in Dalian, China, ideal for art lovers. Open 10:00-19:00, entry 28.12 USD.",28.12,10:00-19:00,2 hours,4.0,"218 Shimbashi-dori, Shinjuku City, Dalian",36.83959885730213,114.52564617951978,"['with children', 'fast-paced budget travel', 'foodie']","['Restrooms', 'Information Desk', 'Restaurant', 'Souvenir Shop', 'First Aid Station', 'Luggage Storage', 'family restrooms', 'Nursing facilities', 'city passes', 'luggage storage', 'self-guided tours', 'Food markets', 'tasting tours']"
124,Dalian,China,Museum/Art Gallery,Lantern Bay Contemporary Nexus,"Lantern Bay Contemporary Nexus is a museum in Dalian, China, popular for its unique collections and exhibitions. Entry fee is 15.9 USD. Recommended visit: 2 hours. Discover Lantern Bay Contemporary Nexus, a renowned museum in Dalian, China, ideal for art lovers. Open 10:00-21:00, entry 15.9 USD.",15.9,10:00-21:00,2 hours,4.0,"219 Shuri Street, Dalian",36.84549652442588,114.50137266192822,"['photography', 'foodie', 'disabled traveler']","['Restrooms', 'Information Desk', 'Restaurant', 'Souvenir Shop', 'First Aid Station', 'Luggage Storage', 'photo spots', 'guided photo tours', 'charging stations', 'Food markets', 'tasting tours', 'ramps', 'elevators', 'wheelchair rentals', 'accessible restrooms']"
125,Dalian,China,Museum/Art Gallery,Lantern Light Contemporary Studio,"Lantern Light Contemporary Studio is a museum in Dalian, China, popular for its unique collections and exhibitions. Entry fee is 15.12 USD. Recommended visit: 2 hours. Discover Lantern Light Contemporary Studio, a renowned museum in Dalian, China, ideal for art lovers. Open 10:00-22:00, entry 15.12 USD.",15.12,10:00-22:00,2 hours,4.0,"959 Shinsaibashi Street, Chuo Ward, Dalian",36.854824835341766,114.51229443993874,"['fast-paced budget travel', 'solo women', 'business travelers']","['Restrooms', 'Information Desk', 'Restaurant', 'Souvenir Shop', 'First Aid Station', 'Luggage Storage', 'city passes', 'luggage storage', 'self-guided tours', 'group tours', 'security', 'High speed WiFi']"
126,Dalian,China,Museum/Art Gallery,Whispering Leaf Gallery,"Whispering Leaf Gallery is a museum in Dalian, China, popular for its unique collections and exhibitions. Entry fee is 11.22 USD. Recommended visit: 2 hours. Discover Whispering Leaf Gallery, a renowned museum in Dalian, China, ideal for art lovers. Open 09:00-17:30, entry 11.22 USD.",11.22,09:00-17:30,2 hours,4.0,"741-8623 Osaka-shi, Kita-ku, Dalian",36.864403057664966,114.52835744589652,"['with children', 'foodie', 'couples trip']","['Restrooms', 'Information Desk', 'Restaurant', 'Souvenir Shop', 'First Aid Station', 'Luggage Storage', 'family restrooms', 'Nursing facilities', 'Food markets', 'tasting tours', 'scenic spots', 'sunset cruises', 'special couples experiences']"
127,Dalian,China,Museum/Art Gallery,Luminous Grove of Dalian,"Luminous Grove of Dalian is a museum in Dalian, China, popular for its unique collections and exhibitions. Entry fee is 86.45 USD. Recommended visit: 2 hours. Discover Luminous Grove of Dalian, a renowned museum in Dalian, China, ideal for art lovers. Open 09:00-17:30, entry 86.45 USD.",86.45,09:00-17:30,2 hours,4.0,"No. 125 Jianfu Temple Road, Dalian",36.85044464023224,114.53886406140336,"['with pets', 'luxury travelers', 'business travelers']","['Restrooms', 'Information Desk', 'Restaurant', 'Souvenir Shop', 'First Aid Station', 'Luggage Storage', 'Pet-friendly', 'pet water stations', 'Pet rest area', 'private tours', 'skip the line passes', 'VIP exclusive events', 'High speed WiFi']"
128,Dalian,China,Museum/Art Gallery,Dragon's Roar Cultural Nexus,"Dragon's Roar Cultural Nexus is a museum in Dalian, China, popular for its unique collections and exhibitions. Entry fee is 7.46 USD. Recommended visit: 2 hours. Discover Dragon's Roar Cultural Nexus, a renowned museum in Dalian, China, ideal for art lovers. Open 11:00-21:00, entry 7.46 USD.",7.46,11:00-21:00,2 hours,4.0,"400 Shinsaibashi Street, Dalian",36.85606624447581,114.50785524885248,"['photography', 'couples trip']","['Restrooms', 'Information Desk', 'Restaurant', 'Souvenir Shop', 'First Aid Station', 'Luggage Storage', 'photo spots', 'guided photo tours', 'charging stations', 'scenic spots', 'sunset cruises', 'special couples experiences']"
129,Dalian,China,Museum/Art Gallery,Lighthouse Modern Vision,"Lighthouse Modern Vision is a museum in Dalian, China, popular for its unique collections and exhibitions. Entry fee is 286.14 USD. Recommended visit: 2 hours. Discover Lighthouse Modern Vision, a renowned museum in Dalian, China, ideal for art lovers. Open 09:00-17:30, entry 286.14 USD.",286.14,09:00-17:30,2 hours,4.0,"691 Sumo Street, Nakamura-ku, Dalian",36.84735971100558,114.49471728174989,"['with children', 'photography']","['Restrooms', 'Information Desk', 'Restaurant', 'Souvenir Shop', 'First Aid Station', 'Luggage Storage', 'family restrooms', 'Nursing facilities', 'photo spots', 'guided photo tours', 'charging stations']"
130,Dalian,China,Museum/Art Gallery,Lingering Brush Gallery,"Lingering Brush Gallery is a museum in Dalian, China, popular for its unique collections and exhibitions. Entry fee is 12.28 USD. Recommended visit: 2 hours. Discover Lingering Brush Gallery, a renowned museum in Dalian, China, ideal for art lovers. Open 10:00-19:00, entry 12.28 USD.",12.28,10:00-19:00,2 hours,4.0,"533 Sathorn Road, Dalian",36.85962477041413,114.51249823227378,"['nightlife enthusiast', 'foodie', 'disabled traveler']","['Restrooms', 'Information Desk', 'Restaurant', 'Souvenir Shop', 'First Aid Station', 'Luggage Storage', 'night markets', 'bars', 'evening shows', 'Food markets', 'tasting tours', 'ramps', 'elevators', 'wheelchair rentals', 'accessible restrooms']"
131,Dalian,China,Museum/Art Gallery,SweetHaven Chocolate Workshop,"SweetHaven Chocolate Workshop is a museum in Dalian, China, popular for its unique collections and exhibitions. Entry fee is 8.31 USD. Recommended visit: 2 hours. Discover SweetHaven Chocolate Workshop, a renowned museum in Dalian, China, ideal for art lovers. Open 09:30-17:00, entry 8.31 USD.",8.31,09:30-17:00,2 hours,4.0,"249-7, Gukje-gil, Seo-gu, Dalian",36.847261815458594,114.53800715168616,"['with pets', 'disabled traveler', 'business travelers']","['Restrooms', 'Information Desk', 'Restaurant', 'Souvenir Shop', 'First Aid Station', 'Luggage Storage', 'Pet-friendly', 'pet water stations', 'Pet rest area', 'ramps', 'elevators', 'wheelchair rentals', 'accessible restrooms', 'High speed WiFi']"
132,Dalian,China,Museum/Art Gallery,Shadowplay Studio Dalian,"Shadowplay Studio Dalian is a museum in Dalian, China, popular for its unique collections and exhibitions. Entry fee is 19.51 USD. Recommended visit: 2 hours. Discover Shadowplay Studio Dalian, a renowned museum in Dalian, China, ideal for art lovers. Open 10:00-18:00, entry 19.51 USD.",19.51,10:00-18:00,2 hours,4.0,"896 Suthep Road, Dalian",36.85763165423313,114.5067289150168,"['nightlife enthusiast', 'with children', 'photography']","['Restrooms', 'Information Desk', 'Restaurant', 'Souvenir Shop', 'First Aid Station', 'Luggage Storage', 'night markets', 'bars', 'evening shows', 'family restrooms', 'Nursing facilities', 'photo spots', 'guided photo tours', 'charging stations']"
133,Dalian,China,Museum/Art Gallery,Abyssal Tide Interpretive Center,"Abyssal Tide Interpretive Center is a museum in Dalian, China, popular for its unique collections and exhibitions. Entry fee is 4.57 USD. Recommended visit: 2 hours. Discover Abyssal Tide Interpretive Center, a renowned museum in Dalian, China, ideal for art lovers. Open 10:00-17:30, entry 4.57 USD.",4.57,10:00-17:30,2 hours,4.0,"515 Sakura Street, Dalian",36.85823531090546,114.51892323954031,"['photography', 'couples trip', 'road trip']","['Restrooms', 'Information Desk', 'Restaurant', 'Souvenir Shop', 'First Aid Station', 'Luggage Storage', 'photo spots', 'guided photo tours', 'charging stations', 'scenic spots', 'sunset cruises', 'special couples experiences', 'parking']"
134,Dalian,China,Museum/Art Gallery,Harbor Heritage Gallery,"Harbor Heritage Gallery is a museum in Dalian, China, popular for its unique collections and exhibitions. Entry fee is 2.77 USD. Recommended visit: 2 hours. Discover Harbor Heritage Gallery, a renowned museum in Dalian, China, ideal for art lovers. Open 09:30-17:00, entry 2.77 USD.",2.77,09:30-17:00,2 hours,4.0,"868 Makkasan Road, Pathumwan, Dalian",36.836932779458834,114.5325415378367,"['with children', 'disabled traveler', 'elderly travelers']","['Restrooms', 'Information Desk', 'Restaurant', 'Souvenir Shop', 'First Aid Station', 'Luggage Storage', 'family restrooms', 'Nursing facilities', 'ramps', 'elevators', 'wheelchair rentals', 'accessible restrooms', 'wheelchair rental', 'benches/rest areas']"
135,Dalian,China,Museum/Art Gallery,Lantern Lane Creative Walk,"Lantern Lane Creative Walk is a museum in Dalian, China, popular for its unique collections and exhibitions. Entry fee is 10.4 USD. Recommended visit: 2 hours. Discover Lantern Lane Creative Walk, a renowned museum in Dalian, China, ideal for art lovers. Open 09:00-21:00, entry 10.4 USD.",10.4,09:00-21:00,2 hours,4.0,"No. 588, Huaqiangbei Road, Futian District, Dalian",36.83510990247687,114.53605245448124,"['solo women', 'disabled traveler']","['Restrooms', 'Information Desk', 'Restaurant', 'Souvenir Shop', 'First Aid Station', 'Luggage Storage', 'group tours', 'security', 'ramps', 'elevators', 'wheelchair rentals', 'accessible restrooms']"
136,Dalian,China,Museum/Art Gallery,Echoes of the Coastal Soul,"Echoes of the Coastal Soul is a museum in Dalian, China, popular for its unique collections and exhibitions. Entry fee is 8.63 USD. Recommended visit: 2 hours. Discover Echoes of the Coastal Soul, a renowned museum in Dalian, China, ideal for art lovers. Open 10:00-22:00, entry 8.63 USD.",8.63,10:00-22:00,2 hours,4.0,"540-8521 Shibuya, Dalian",36.85159606749119,114.51608747139748,"['solo women', 'photography', 'luxury travelers']","['Restrooms', 'Information Desk', 'Restaurant', 'Souvenir Shop', 'First Aid Station', 'Luggage Storage', 'group tours', 'security', 'photo spots', 'guided photo tours', 'charging stations', 'private tours', 'skip the line passes', 'VIP exclusive events']"
137,Dalian,China,Museum/Art Gallery,Linglong Fusion Art Gallery,"Linglong Fusion Art Gallery is a museum in Dalian, China, popular for its unique collections and exhibitions. Entry fee is 37.37 USD. Recommended visit: 2 hours. Discover Linglong Fusion Art Gallery, a renowned museum in Dalian, China, ideal for art lovers. Open 09:00-18:00, entry 37.37 USD.",37.37,09:00-18:00,2 hours,4.0,"135-8521, 3-11-18 Nishi-Shinjuku, Shinjuku City, Dalian",36.85723983051104,114.50092112249985,['solo women'],"['Restrooms', 'Information Desk', 'Restaurant', 'Souvenir Shop', 'First Aid Station', 'Luggage Storage', 'group tours', 'security']"
138,Dalian,China,Museum/Art Gallery,Luminous Lantern Artistry Hall,"Luminous Lantern Artistry Hall is a museum in Dalian, China, popular for its unique collections and exhibitions. Entry fee is 9.17 USD. Recommended visit: 2 hours. Discover Luminous Lantern Artistry Hall, a renowned museum in Dalian, China, ideal for art lovers. Open 10:00-20:00, entry 9.17 USD.",9.17,10:00-20:00,2 hours,4.0,"596 Myeongdong Street, Jongno-gu, Dalian",36.86114408282045,114.49113915330044,"['photography', 'foodie', 'business travelers']","['Restrooms', 'Information Desk', 'Restaurant', 'Souvenir Shop', 'First Aid Station', 'Luggage Storage', 'photo spots', 'guided photo tours', 'charging stations', 'Food markets', 'tasting tours', 'High speed WiFi']"
139,Dalian,China,Museum/Art Gallery,Luminous Heritage Gallery,"Luminous Heritage Gallery is a museum in Dalian, China, popular for its unique collections and exhibitions. Entry fee is 24.92 USD. Recommended visit: 2 hours. Discover Luminous Heritage Gallery, a renowned museum in Dalian, China, ideal for art lovers. Open 09:30-17:00, entry 24.92 USD.",24.92,09:30-17:00,2 hours,4.0,"No. 456, Zhongguancun Science Park, Dalian",36.83952620606048,114.50006422540427,['road trip'],"['Restrooms', 'Information Desk', 'Restaurant', 'Souvenir Shop', 'First Aid Station', 'Luggage Storage', 'parking']"
140,Dalian,China,Museum/Art Gallery,Lanterns of the Sea Museum,"Lanterns of the Sea Museum is a museum in Dalian, China, popular for its unique collections and exhibitions. Entry fee is 14.47 USD. Recommended visit: 2 hours. Discover Lanterns of the Sea Museum, a renowned museum in Dalian, China, ideal for art lovers. Open 10:00-20:00, entry 14.47 USD.",14.47,10:00-20:00,2 hours,4.0,"712 Seaside Promenade, Dalian",36.85901123845231,114.51582783247426,"['fast-paced budget travel', 'couples trip', 'disabled traveler']","['Restrooms', 'Information Desk', 'Restaurant', 'Souvenir Shop', 'First Aid Station', 'Luggage Storage', 'city passes', 'luggage storage', 'self-guided tours', 'scenic spots', 'sunset cruises', 'special couples experiences', 'ramps', 'elevators', 'wheelchair rentals', 'accessible restrooms']"
141,Dalian,China,Museum/Art Gallery,Dalian Traditional Combat Arts Museum,"Dalian Traditional Combat Arts Museum is a museum in Dalian, China, popular for its unique collections and exhibitions. Entry fee is 6.2 USD. Recommended visit: 2 hours. Discover Dalian Traditional Combat Arts Museum, a renowned museum in Dalian, China, ideal for art lovers. Open 10:00-17:00, entry 6.2 USD.",6.2,10:00-17:00,2 hours,4.0,"853 Seaside Promenade, Dalian",36.85627232669519,114.4998404510415,"['nightlife enthusiast', 'with pets']","['Restrooms', 'Information Desk', 'Restaurant', 'Souvenir Shop', 'First Aid Station', 'Luggage Storage', 'night markets', 'bars', 'evening shows', 'Pet-friendly', 'pet water stations', 'Pet rest area']"
142,Dalian,China,Museum/Art Gallery,Oceanic Insight Gallery,"Oceanic Insight Gallery is a museum in Dalian, China, popular for its unique collections and exhibitions. Entry fee is 52.55 USD. Recommended visit: 2 hours. Discover Oceanic Insight Gallery, a renowned museum in Dalian, China, ideal for art lovers. Open 09:00-17:00, entry 52.55 USD.",52.55,09:00-17:00,2 hours,4.0,"816 Beach Road, Dalian",36.83708561049772,114.52256688376193,"['with children', 'fast-paced budget travel', 'couples trip']","['Restrooms', 'Information Desk', 'Restaurant', 'Souvenir Shop', 'First Aid Station', 'Luggage Storage', 'family restrooms', 'Nursing facilities', 'city passes', 'luggage storage', 'self-guided tours', 'scenic spots', 'sunset cruises', 'special couples experiences']"
143,Dalian,China,Museum/Art Gallery,East Sea Heritage Gallery,"East Sea Heritage Gallery is a museum in Dalian, China, popular for its unique collections and exhibitions. Entry fee is 5.61 USD. Recommended visit: 2 hours. Discover East Sea Heritage Gallery, a renowned museum in Dalian, China, ideal for art lovers. Open 08:30-17:00, entry 5.61 USD.",5.61,08:30-17:00,2 hours,4.0,"517 Shinko-dori, Chuo-ku, Dalian",36.83506586222503,114.5344858256164,"['nightlife enthusiast', 'fast-paced budget travel', 'couples trip']","['Restrooms', 'Information Desk', 'Restaurant', 'Souvenir Shop', 'First Aid Station', 'Luggage Storage', 'night markets', 'bars', 'evening shows', 'city passes', 'luggage storage', 'self-guided tours', 'scenic spots', 'sunset cruises', 'special couples experiences']"
144,Dalian,China,Museum/Art Gallery,Harbor Echoes Sound & Story Center,"Harbor Echoes Sound & Story Center is a museum in Dalian, China, popular for its unique collections and exhibitions. Entry fee is 7.0 USD. Recommended visit: 2 hours. Discover Harbor Echoes Sound & Story Center, a renowned museum in Dalian, China, ideal for art lovers. Open 09:00-18:00, entry 7.0 USD.",7.0,09:00-18:00,2 hours,4.0,"143 Sakura Street, Naka-ku, Dalian",36.844436960566206,114.54087117333688,"['with children', 'couples trip', 'road trip']","['Restrooms', 'Information Desk', 'Restaurant', 'Souvenir Shop', 'First Aid Station', 'Luggage Storage', 'family restrooms', 'Nursing facilities', 'scenic spots', 'sunset cruises', 'special couples experiences', 'parking']"
145,Dalian,China,Museum/Art Gallery,Tide Reflections Interactive Gallery,"Tide Reflections Interactive Gallery is a museum in Dalian, China, popular for its unique collections and exhibitions. Entry fee is 0.0 USD. Recommended visit: 2 hours. Discover Tide Reflections Interactive Gallery, a renowned museum in Dalian, China, ideal for art lovers. Open 19:00-22:00, entry 0.0 USD.",0.0,19:00-22:00,2 hours,4.0,"634-8745 Shibuya, Dalian",36.845871683476624,114.50263206580068,"['with children', 'elderly travelers']","['Restrooms', 'Information Desk', 'Restaurant', 'Souvenir Shop', 'First Aid Station', 'Luggage Storage', 'family restrooms', 'Nursing facilities', 'wheelchair rental', 'benches/rest areas']"
146,Dalian,China,Museum/Art Gallery,Harbor Echoes Art Collective,"Harbor Echoes Art Collective is a museum in Dalian, China, popular for its unique collections and exhibitions. Entry fee is 7.79 USD. Recommended visit: 2 hours. Discover Harbor Echoes Art Collective, a renowned museum in Dalian, China, ideal for art lovers. Open 09:00-17:30, entry 7.79 USD.",7.79,09:00-17:30,2 hours,4.0,"No. 456, Cultural Arts Avenue, Haizhu District, Dalian",36.84644656112475,114.53566107735595,['couples trip'],"['Restrooms', 'Information Desk', 'Restaurant', 'Souvenir Shop', 'First Aid Station', 'Luggage Storage', 'scenic spots', 'sunset cruises', 'special couples experiences']"
147,Dalian,China,Museum/Art Gallery,Echoes of the Coastal Realm,"Echoes of the Coastal Realm is a museum in Dalian, China, popular for its unique collections and exhibitions. Entry fee is 3.78 USD. Recommended visit: 2 hours. Discover Echoes of the Coastal Realm, a renowned museum in Dalian, China, ideal for art lovers. Open 09:00-17:30, entry 3.78 USD.",3.78,09:00-17:30,2 hours,4.0,"696-12-5 Nakano, Nakano City, Dalian",36.84467321152062,114.5422493457598,"['photography', 'couples trip', 'disabled traveler']","['Restrooms', 'Information Desk', 'Restaurant', 'Souvenir Shop', 'First Aid Station', 'Luggage Storage', 'photo spots', 'guided photo tours', 'charging stations', 'scenic spots', 'sunset cruises', 'special couples experiences', 'ramps', 'elevators', 'wheelchair rentals', 'accessible restrooms']"
148,Dalian,China,Museum/Art Gallery,Neon Nexus Interactive Gallery,"Neon Nexus Interactive Gallery is a museum in Dalian, China, popular for its unique collections and exhibitions. Entry fee is 16.33 USD. Recommended visit: 2 hours. Discover Neon Nexus Interactive Gallery, a renowned museum in Dalian, China, ideal for art lovers. Open 08:30-17:30, entry 16.33 USD.",16.33,08:30-17:30,2 hours,4.0,"787 Seongsan Road, Dalian",36.84473815173073,114.50017788079693,"['with children', 'foodie', 'road trip']","['Restrooms', 'Information Desk', 'Restaurant', 'Souvenir Shop', 'First Aid Station', 'Luggage Storage', 'family restrooms', 'Nursing facilities', 'Food markets', 'tasting tours', 'parking']"
149,Dalian,China,Museum/Art Gallery,Echoes of the Samurai,"Echoes of the Samurai is a museum in Dalian, China, popular for its unique collections and exhibitions. Entry fee is 9.52 USD. Recommended visit: 2 hours. Discover Echoes of the Samurai, a renowned museum in Dalian, China, ideal for art lovers. Open 09:00-17:30, entry 9.52 USD.",9.52,09:00-17:30,2 hours,4.0,"129-15, Jongno 1-ga, Jongno-gu, Dalian",36.84209872858451,114.53905353668604,['elderly travelers'],"['Restrooms', 'Information Desk', 'Restaurant', 'Souvenir Shop', 'First Aid Station', 'Luggage Storage', 'wheelchair rental', 'benches/rest areas']"
150,Dalian,China,Museum/Art Gallery,Lushan Serenity Gallery,"Lushan Serenity Gallery is a museum in Dalian, China, popular for its unique collections and exhibitions. Entry fee is 6.37 USD. Recommended visit: 2 hours. Discover Lushan Serenity Gallery, a renowned museum in Dalian, China, ideal for art lovers. Open 09:00-17:30, entry 6.37 USD.",6.37,09:00-17:30,2 hours,4.0,"647-8 Shirokane 1-chome, Bunkyo-ku, Dalian",36.8461165081923,114.49931177495768,['luxury travelers'],"['Restrooms', 'Information Desk', 'Restaurant', 'Souvenir Shop', 'First Aid Station', 'Luggage Storage', 'private tours', 'skip the line passes', 'VIP exclusive events']"
