attraction_id,city_name,country,type,attraction_name,overview,ticket_price,open_hours,duration_of_visit,rate_of_restaurant,address,latitude,longitude,facilities_group,facilities
1,Faro,Portugal,Nature/Scenery/Park,Algarve Wild Haven,"Algarve Wild Haven is a nature in Faro, Portugal, popular for its natural scenery and relaxing atmosphere. Entry fee is 3.36 USD. Recommended visit: 3 hours. Discover Algarve Wild Haven, a peaceful nature in Faro, Portugal, ideal for nature lovers. Open 08:30-17:30, entry 3.36 USD.",3.36,08:30-17:30,3 hours,3.7,"893 Seibei-cho, Faro",37.01429595245834,-7.923617567807943,"['business travelers', 'couples trip', 'road trip']","['Restrooms', 'Information Desk', 'Restaurant', 'Souvenir Shop', 'First Aid Station', 'Luggage Storage', 'High speed WiFi', 'scenic spots', 'sunset cruises', 'special couples experiences', 'parking']"
2,Faro,Portugal,Nature/Scenery/Park,Algarve Wildflower Trail,"Algarve Wildflower Trail is a nature in Faro, Portugal, popular for its natural scenery and relaxing atmosphere. Entry fee is 294.64 USD. Recommended visit: 3 hours. Discover Algarve Wildflower Trail, a peaceful nature in Faro, Portugal, ideal for nature lovers. Open 08:30-17:30, entry 294.64 USD.",294.64,08:30-17:30,3 hours,3.7,"123 Queen's Road Central, Faro",37.10089471532344,-7.994780623872699,['nightlife enthusiast'],"['Restrooms', 'Information Desk', 'Restaurant', 'Souvenir Shop', 'First Aid Station', 'Luggage Storage', 'night markets', 'bars', 'evening shows']"
3,Faro,Portugal,Nature/Scenery/Park,Aldeia Verde Sanctuary,"Aldeia Verde Sanctuary is a nature in Faro, Portugal, popular for its natural scenery and relaxing atmosphere. Entry fee is 6.72 USD. Recommended visit: 3 hours. Discover Aldeia Verde Sanctuary, a peaceful nature in Faro, Portugal, ideal for nature lovers. Open 09:00-18:00, entry 6.72 USD.",6.72,09:00-18:00,3 hours,3.7,"No. 588, Dongping Road, Faro",37.11763662988421,-7.921462417480571,"['nightlife enthusiast', 'with pets', 'road trip']","['Restrooms', 'Information Desk', 'Restaurant', 'Souvenir Shop', 'First Aid Station', 'Luggage Storage', 'night markets', 'bars', 'evening shows', 'Pet-friendly', 'pet water stations', 'Pet rest area', 'parking']"
4,Faro,Portugal,Nature/Scenery/Park,Algarve Shoreline Sanctuary,"Algarve Shoreline Sanctuary is a nature in Faro, Portugal, popular for its natural scenery and relaxing atmosphere. Entry fee is 94.11 USD. Recommended visit: 3 hours. Discover Algarve Shoreline Sanctuary, a peaceful nature in Faro, Portugal, ideal for nature lovers. Open 09:00-18:00, entry 94.11 USD.",94.11,09:00-18:00,3 hours,3.7,"679 Sathorn Unique Tower, Silom Road, Faro",37.08021495081992,-7.878558731952665,"['with children', 'fast-paced budget travel', 'foodie']","['Restrooms', 'Information Desk', 'Restaurant', 'Souvenir Shop', 'First Aid Station', 'Luggage Storage', 'family restrooms', 'Nursing facilities', 'city passes', 'luggage storage', 'self-guided tours', 'Food markets', 'tasting tours']"
5,Faro,Portugal,Nature/Scenery/Park,Moonlit Bay Excursion,"Moonlit Bay Excursion is a nature in Faro, Portugal, popular for its natural scenery and relaxing atmosphere. Entry fee is 4.36 USD. Recommended visit: 3 hours. Discover Moonlit Bay Excursion, a peaceful nature in Faro, Portugal, ideal for nature lovers. Open 08:30-20:00, entry 4.36 USD.",4.36,08:30-20:00,3 hours,3.7,"496 Sukhumvit Road, Khlong Toei District, Faro",36.97923783892124,-7.879744662511733,"['with pets', 'photography']","['Restrooms', 'Information Desk', 'Restaurant', 'Souvenir Shop', 'First Aid Station', 'Luggage Storage', 'Pet-friendly', 'pet water stations', 'Pet rest area', 'photo spots', 'guided photo tours', 'charging stations']"
6,Faro,Portugal,Nature/Scenery/Park,Cerro das Laranjeiras Viewpoint,"Cerro das Laranjeiras Viewpoint is a nature in Faro, Portugal, popular for its natural scenery and relaxing atmosphere. Entry fee is 14.98 USD. Recommended visit: 3 hours. Discover Cerro das Laranjeiras Viewpoint, a peaceful nature in Faro, Portugal, ideal for nature lovers. Open 08:00-20:00, entry 14.98 USD.",14.98,08:00-20:00,3 hours,3.7,"986 Sukhumvit Road, Khlong Toei District, Faro",37.04276789254986,-7.938859470090237,"['couples trip', 'luxury travelers', 'disabled traveler']","['Restrooms', 'Information Desk', 'Restaurant', 'Souvenir Shop', 'First Aid Station', 'Luggage Storage', 'scenic spots', 'sunset cruises', 'special couples experiences', 'private tours', 'skip the line passes', 'VIP exclusive events', 'ramps', 'elevators', 'wheelchair rentals', 'accessible restrooms']"
7,Faro,Portugal,Nature/Scenery/Park,Verdant Vista Escapade,"Verdant Vista Escapade is a nature in Faro, Portugal, popular for its natural scenery and relaxing atmosphere. Entry fee is 4.12 USD. Recommended visit: 3 hours. Discover Verdant Vista Escapade, a peaceful nature in Faro, Portugal, ideal for nature lovers. Open 09:30-17:00, entry 4.12 USD.",4.12,09:30-17:00,3 hours,3.7,"272 Sakura Street, Nakamura Ward, Faro",37.05661213998631,-7.914037880725759,"['fast-paced budget travel', 'with pets', 'disabled traveler']","['Restrooms', 'Information Desk', 'Restaurant', 'Souvenir Shop', 'First Aid Station', 'Luggage Storage', 'city passes', 'luggage storage', 'self-guided tours', 'Pet-friendly', 'pet water stations', 'Pet rest area', 'ramps', 'elevators', 'wheelchair rentals', 'accessible restrooms']"
8,Faro,Portugal,Nature/Scenery/Park,Algarve Skyline Summit Pass + Ria Formosa Cable Car Round Trip,"Algarve Skyline Summit Pass + Ria Formosa Cable Car Round Trip is a nature in Faro, Portugal, popular for its natural scenery and relaxing atmosphere. Entry fee is 12.53 USD. Recommended visit: 3 hours. Discover Algarve Skyline Summit Pass + Ria Formosa Cable Car Round Trip, a peaceful nature in Faro, Portugal, ideal for nature lovers. Open 08:30-17:00, entry 12.53 USD.",12.53,08:30-17:00,3 hours,3.7,"No. 123 Xujiahui Road, Faro",37.00330767331273,-7.862629042912413,"['fast-paced budget travel', 'solo women', 'couples trip']","['Restrooms', 'Information Desk', 'Restaurant', 'Souvenir Shop', 'First Aid Station', 'Luggage Storage', 'city passes', 'luggage storage', 'self-guided tours', 'group tours', 'security', 'scenic spots', 'sunset cruises', 'special couples experiences']"
9,Faro,Portugal,Nature/Scenery/Park,Horizon Vista,"Horizon Vista is a nature in Faro, Portugal, popular for its natural scenery and relaxing atmosphere. Entry fee is 6.39 USD. Recommended visit: 3 hours. Discover Horizon Vista, a peaceful nature in Faro, Portugal, ideal for nature lovers. Open 09:30-17:00, entry 6.39 USD.",6.39,09:30-17:00,3 hours,3.7,"663 Shimbashi Street, Shibuya Ward, Faro",37.06204114113177,-7.966984576664288,"['with children', 'fast-paced budget travel', 'luxury travelers']","['Restrooms', 'Information Desk', 'Restaurant', 'Souvenir Shop', 'First Aid Station', 'Luggage Storage', 'family restrooms', 'Nursing facilities', 'city passes', 'luggage storage', 'self-guided tours', 'private tours', 'skip the line passes', 'VIP exclusive events']"
10,Faro,Portugal,Nature/Scenery/Park,Lagoon Leap Adventure Park,"Lagoon Leap Adventure Park is a nature in Faro, Portugal, popular for its natural scenery and relaxing atmosphere. Entry fee is 29.53 USD. Recommended visit: 3 hours. Discover Lagoon Leap Adventure Park, a peaceful nature in Faro, Portugal, ideal for nature lovers. Open 08:00-19:00, entry 29.53 USD.",29.53,08:00-19:00,3 hours,3.7,"680-12-28 Nishi-Nakamichi, Chuo Ward, Faro",37.00680934902824,-7.906204376828051,"['road trip', 'with pets', 'business travelers']","['Restrooms', 'Information Desk', 'Restaurant', 'Souvenir Shop', 'First Aid Station', 'Luggage Storage', 'parking', 'Pet-friendly', 'pet water stations', 'Pet rest area', 'High speed WiFi']"
11,Faro,Portugal,Nature/Scenery/Park,Azure Bay Coastal Feast,"Azure Bay Coastal Feast is a nature in Faro, Portugal, popular for its natural scenery and relaxing atmosphere. Entry fee is 51.08 USD. Recommended visit: 3 hours. Discover Azure Bay Coastal Feast, a peaceful nature in Faro, Portugal, ideal for nature lovers. Open 09:00-18:00, entry 51.08 USD.",51.08,09:00-18:00,3 hours,3.7,"510 Sukhumvit Road, Khlong Toei District, Faro",36.98121085037366,-7.871576504837796,"['with pets', 'couples trip', 'road trip']","['Restrooms', 'Information Desk', 'Restaurant', 'Souvenir Shop', 'First Aid Station', 'Luggage Storage', 'Pet-friendly', 'pet water stations', 'Pet rest area', 'scenic spots', 'sunset cruises', 'special couples experiences', 'parking']"
12,Faro,Portugal,Nature/Scenery/Park,Algarve Wildscape Haven,"Algarve Wildscape Haven is a nature in Faro, Portugal, popular for its natural scenery and relaxing atmosphere. Entry fee is 22.61 USD. Recommended visit: 3 hours. Discover Algarve Wildscape Haven, a peaceful nature in Faro, Portugal, ideal for nature lovers. Open 09:00-17:30, entry 22.61 USD.",22.61,09:00-17:30,3 hours,3.7,"No. 456 Cultural Avenue, Faro",37.095456682189685,-7.854255474128567,"['nightlife enthusiast', 'couples trip', 'luxury travelers']","['Restrooms', 'Information Desk', 'Restaurant', 'Souvenir Shop', 'First Aid Station', 'Luggage Storage', 'night markets', 'bars', 'evening shows', 'scenic spots', 'sunset cruises', 'special couples experiences', 'private tours', 'skip the line passes', 'VIP exclusive events']"
13,Faro,Portugal,Nature/Scenery/Park,Lagoa do Sol Thermal Sanctuary,"Lagoa do Sol Thermal Sanctuary is a nature in Faro, Portugal, popular for its natural scenery and relaxing atmosphere. Entry fee is 43.59 USD. Recommended visit: 3 hours. Discover Lagoa do Sol Thermal Sanctuary, a peaceful nature in Faro, Portugal, ideal for nature lovers. Open 08:30-17:00, entry 43.59 USD.",43.59,08:30-17:00,3 hours,3.7,"480 Sakura Street, Shibuya Ward, Faro",37.07042506407549,-7.96748198294769,"['fast-paced budget travel', 'photography', 'foodie']","['Restrooms', 'Information Desk', 'Restaurant', 'Souvenir Shop', 'First Aid Station', 'Luggage Storage', 'city passes', 'luggage storage', 'self-guided tours', 'photo spots', 'guided photo tours', 'charging stations', 'Food markets', 'tasting tours']"
14,Faro,Portugal,Nature/Scenery/Park,Luminous Gazebo Grove,"Luminous Gazebo Grove is a nature in Faro, Portugal, popular for its natural scenery and relaxing atmosphere. Entry fee is 0.0 USD. Recommended visit: 3 hours. Discover Luminous Gazebo Grove, a peaceful nature in Faro, Portugal, ideal for nature lovers. Open 09:00-17:30, entry 0.0 USD.",0.0,09:00-17:30,3 hours,3.7,"No. 456 Seaview Road, Faro",37.05653995461325,-7.956394396163358,"['solo women', 'luxury travelers', 'elderly travelers']","['Restrooms', 'Information Desk', 'Restaurant', 'Souvenir Shop', 'First Aid Station', 'Luggage Storage', 'group tours', 'security', 'private tours', 'skip the line passes', 'VIP exclusive events', 'wheelchair rental', 'benches/rest areas']"
15,Faro,Portugal,Nature/Scenery/Park,Algarve Green Haven,"Algarve Green Haven is a nature in Faro, Portugal, popular for its natural scenery and relaxing atmosphere. Entry fee is 19.18 USD. Recommended visit: 3 hours. Discover Algarve Green Haven, a peaceful nature in Faro, Portugal, ideal for nature lovers. Open 08:00-22:00, entry 19.18 USD.",19.18,08:00-22:00,3 hours,3.7,"No. 456, Zhongshan Road, Faro",37.01544214550781,-7.889585449760267,"['with children', 'elderly travelers', 'business travelers']","['Restrooms', 'Information Desk', 'Restaurant', 'Souvenir Shop', 'First Aid Station', 'Luggage Storage', 'family restrooms', 'Nursing facilities', 'wheelchair rental', 'benches/rest areas', 'High speed WiFi']"
16,Faro,Portugal,Nature/Scenery/Park,Algarve Skyline Express,"Algarve Skyline Express is a nature in Faro, Portugal, popular for its natural scenery and relaxing atmosphere. Entry fee is 10.5 USD. Recommended visit: 3 hours. Discover Algarve Skyline Express, a peaceful nature in Faro, Portugal, ideal for nature lovers. Open 08:30-17:00, entry 10.5 USD.",10.5,08:30-17:00,3 hours,3.7,"419 Seibei-dori, Faro",37.086192711252885,-7.885824880821858,"['couples trip', 'road trip']","['Restrooms', 'Information Desk', 'Restaurant', 'Souvenir Shop', 'First Aid Station', 'Luggage Storage', 'scenic spots', 'sunset cruises', 'special couples experiences', 'parking']"
17,Faro,Portugal,Nature/Scenery/Park,Laranjeira Green Sanctuary,"Laranjeira Green Sanctuary is a nature in Faro, Portugal, popular for its natural scenery and relaxing atmosphere. Entry fee is 14.4 USD. Recommended visit: 3 hours. Discover Laranjeira Green Sanctuary, a peaceful nature in Faro, Portugal, ideal for nature lovers. Open 09:00-21:00, entry 14.4 USD.",14.4,09:00-21:00,3 hours,3.7,"186 Sukhumvit Road, Sathorn District, Faro",37.09613407574766,-7.8867670641664125,"['business travelers', 'couples trip', 'road trip']","['Restrooms', 'Information Desk', 'Restaurant', 'Souvenir Shop', 'First Aid Station', 'Luggage Storage', 'High speed WiFi', 'scenic spots', 'sunset cruises', 'special couples experiences', 'parking']"
18,Faro,Portugal,Nature/Scenery/Park,Algarve Botanical Haven,"Algarve Botanical Haven is a nature in Faro, Portugal, popular for its natural scenery and relaxing atmosphere. Entry fee is 2.0 USD. Recommended visit: 3 hours. Discover Algarve Botanical Haven, a peaceful nature in Faro, Portugal, ideal for nature lovers. Open 06:00-20:00, entry 2.0 USD.",2.0,06:00-20:00,3 hours,3.7,"496 Gwanghwamun Street, Faro",37.07970468612919,-7.863049010437708,['with children'],"['Restrooms', 'Information Desk', 'Restaurant', 'Souvenir Shop', 'First Aid Station', 'Luggage Storage', 'family restrooms', 'Nursing facilities']"
19,Faro,Portugal,Nature/Scenery/Park,Casa da Serra Verde Heritage Trail,"Casa da Serra Verde Heritage Trail is a nature in Faro, Portugal, popular for its natural scenery and relaxing atmosphere. Entry fee is 13.3 USD. Recommended visit: 3 hours. Discover Casa da Serra Verde Heritage Trail, a peaceful nature in Faro, Portugal, ideal for nature lovers. Open 09:00-21:00, entry 13.3 USD.",13.3,09:00-21:00,3 hours,3.7,"844 Shirokane Street, Faro",36.99575624411741,-7.867170208670076,"['with children', 'business travelers', 'road trip']","['Restrooms', 'Information Desk', 'Restaurant', 'Souvenir Shop', 'First Aid Station', 'Luggage Storage', 'family restrooms', 'Nursing facilities', 'High speed WiFi', 'parking']"
20,Faro,Portugal,Nature/Scenery/Park,Azure Cove Shores,"Azure Cove Shores is a nature in Faro, Portugal, popular for its natural scenery and relaxing atmosphere. Entry fee is 7.35 USD. Recommended visit: 3 hours. Discover Azure Cove Shores, a peaceful nature in Faro, Portugal, ideal for nature lovers. Open 18:00-21:00, entry 7.35 USD.",7.35,18:00-21:00,3 hours,3.7,"757 Sathorn Road, Faro",37.04677701352698,-7.888765174305534,"['with children', 'photography', 'road trip']","['Restrooms', 'Information Desk', 'Restaurant', 'Souvenir Shop', 'First Aid Station', 'Luggage Storage', 'family restrooms', 'Nursing facilities', 'photo spots', 'guided photo tours', 'charging stations', 'parking']"
21,Faro,Portugal,Nature/Scenery/Park,Crimson Ridge Outlook,"Crimson Ridge Outlook is a nature in Faro, Portugal, popular for its natural scenery and relaxing atmosphere. Entry fee is 8.12 USD. Recommended visit: 3 hours. Discover Crimson Ridge Outlook, a peaceful nature in Faro, Portugal, ideal for nature lovers. Open 09:00-17:30, entry 8.12 USD.",8.12,09:00-17:30,3 hours,3.7,"No. 128, Xingqing West Road, Faro",37.08360016813286,-7.940374173612394,"['photography', 'business travelers']","['Restrooms', 'Information Desk', 'Restaurant', 'Souvenir Shop', 'First Aid Station', 'Luggage Storage', 'photo spots', 'guided photo tours', 'charging stations', 'High speed WiFi']"
22,Faro,Portugal,Nature/Scenery/Park,Algarve Coastal Explorer Hub,"Algarve Coastal Explorer Hub is a nature in Faro, Portugal, popular for its natural scenery and relaxing atmosphere. Entry fee is 7.57 USD. Recommended visit: 3 hours. Discover Algarve Coastal Explorer Hub, a peaceful nature in Faro, Portugal, ideal for nature lovers. Open 09:00-17:30, entry 7.57 USD.",7.57,09:00-17:30,3 hours,3.7,"454-897 Kitahama Street, Faro",37.02532873228569,-7.9590147684015315,"['fast-paced budget travel', 'foodie']","['Restrooms', 'Information Desk', 'Restaurant', 'Souvenir Shop', 'First Aid Station', 'Luggage Storage', 'city passes', 'luggage storage', 'self-guided tours', 'Food markets', 'tasting tours']"
23,Faro,Portugal,Nature/Scenery/Park,The Whispering Grove Cycle Path,"The Whispering Grove Cycle Path is a nature in Faro, Portugal, popular for its natural scenery and relaxing atmosphere. Entry fee is 24.24 USD. Recommended visit: 3 hours. Discover The Whispering Grove Cycle Path, a peaceful nature in Faro, Portugal, ideal for nature lovers. Open 19:00-23:00, entry 24.24 USD.",24.24,19:00-23:00,3 hours,3.7,"458 Sakura Street, Naka-ku, Faro",37.12709427600327,-7.9346484705484865,"['nightlife enthusiast', 'elderly travelers']","['Restrooms', 'Information Desk', 'Restaurant', 'Souvenir Shop', 'First Aid Station', 'Luggage Storage', 'night markets', 'bars', 'evening shows', 'wheelchair rental', 'benches/rest areas']"
24,Faro,Portugal,Nature/Scenery/Park,Algarve Heritage Walk,"Algarve Heritage Walk is a nature in Faro, Portugal, popular for its natural scenery and relaxing atmosphere. Entry fee is 12.32 USD. Recommended visit: 3 hours. Discover Algarve Heritage Walk, a peaceful nature in Faro, Portugal, ideal for nature lovers. Open 09:00-17:30, entry 12.32 USD.",12.32,09:00-17:30,3 hours,3.7,"No. 456, Jiangbei New District, Faro",37.01212944306429,-7.978914291892439,"['fast-paced budget travel', 'luxury travelers', 'road trip']","['Restrooms', 'Information Desk', 'Restaurant', 'Souvenir Shop', 'First Aid Station', 'Luggage Storage', 'city passes', 'luggage storage', 'self-guided tours', 'private tours', 'skip the line passes', 'VIP exclusive events', 'parking']"
25,Faro,Portugal,Nature/Scenery/Park,Serra Verde Lagoon & Hidden Grotto Adventure,"Serra Verde Lagoon & Hidden Grotto Adventure is a nature in Faro, Portugal, popular for its natural scenery and relaxing atmosphere. Entry fee is 1.4 USD. Recommended visit: 3 hours. Discover Serra Verde Lagoon & Hidden Grotto Adventure, a peaceful nature in Faro, Portugal, ideal for nature lovers. Open 08:00-20:00, entry 1.4 USD.",1.4,08:00-20:00,3 hours,3.7,"503 Sukhumvit Road, Khlong Toei District, Faro",37.00659416798143,-7.970319127071059,"['with children', 'solo women', 'disabled traveler']","['Restrooms', 'Information Desk', 'Restaurant', 'Souvenir Shop', 'First Aid Station', 'Luggage Storage', 'family restrooms', 'Nursing facilities', 'group tours', 'security', 'ramps', 'elevators', 'wheelchair rentals', 'accessible restrooms']"
26,Faro,Portugal,Nature/Scenery/Park,Algarve Sunset Sail & Coastal Lantern Festival,"Algarve Sunset Sail & Coastal Lantern Festival is a nature in Faro, Portugal, popular for its natural scenery and relaxing atmosphere. Entry fee is 2059.2 USD. Recommended visit: 3 hours. Discover Algarve Sunset Sail & Coastal Lantern Festival, a peaceful nature in Faro, Portugal, ideal for nature lovers. Open 09:00-17:30, entry 2059.2 USD.",2059.2,09:00-17:30,3 hours,3.7,"568 Tanjong Pagar Road, Faro",37.05486421514805,-7.903277547313381,"['with pets', 'business travelers']","['Restrooms', 'Information Desk', 'Restaurant', 'Souvenir Shop', 'First Aid Station', 'Luggage Storage', 'Pet-friendly', 'pet water stations', 'Pet rest area', 'High speed WiFi']"
27,Faro,Portugal,Nature/Scenery/Park,Algarve Wildland Sanctuary,"Algarve Wildland Sanctuary is a nature in Faro, Portugal, popular for its natural scenery and relaxing atmosphere. Entry fee is 116.65 USD. Recommended visit: 3 hours. Discover Algarve Wildland Sanctuary, a peaceful nature in Faro, Portugal, ideal for nature lovers. Open 08:30-17:30, entry 116.65 USD.",116.65,08:30-17:30,3 hours,3.7,"No. 450 Yuyuan Road, Faro",37.06311916534075,-7.9158283862524,"['with pets', 'photography', 'business travelers']","['Restrooms', 'Information Desk', 'Restaurant', 'Souvenir Shop', 'First Aid Station', 'Luggage Storage', 'Pet-friendly', 'pet water stations', 'Pet rest area', 'photo spots', 'guided photo tours', 'charging stations', 'High speed WiFi']"
28,Faro,Portugal,Nature/Scenery/Park,Algarve Heights Panorama,"Algarve Heights Panorama is a nature in Faro, Portugal, popular for its natural scenery and relaxing atmosphere. Entry fee is 5.6 USD. Recommended visit: 3 hours. Discover Algarve Heights Panorama, a peaceful nature in Faro, Portugal, ideal for nature lovers. Open 08:30-17:00, entry 5.6 USD.",5.6,08:30-17:00,3 hours,3.7,"338 Gwangalli Beach Road, Faro",37.04014134799697,-7.974242161075751,"['fast-paced budget travel', 'photography', 'disabled traveler']","['Restrooms', 'Information Desk', 'Restaurant', 'Souvenir Shop', 'First Aid Station', 'Luggage Storage', 'city passes', 'luggage storage', 'self-guided tours', 'photo spots', 'guided photo tours', 'charging stations', 'ramps', 'elevators', 'wheelchair rentals', 'accessible restrooms']"
29,Faro,Portugal,Nature/Scenery/Park,Sunset Trail - Algarve Coastal Escape,"Sunset Trail - Algarve Coastal Escape is a nature in Faro, Portugal, popular for its natural scenery and relaxing atmosphere. Entry fee is 13.95 USD. Recommended visit: 3 hours. Discover Sunset Trail - Algarve Coastal Escape, a peaceful nature in Faro, Portugal, ideal for nature lovers. Open 08:30-17:00, entry 13.95 USD.",13.95,08:30-17:00,3 hours,3.7,"727 Shinjuku Park, Shinjuku-ku, Faro",37.02933816821019,-7.944689475059546,"['disabled traveler', 'elderly travelers', 'road trip']","['Restrooms', 'Information Desk', 'Restaurant', 'Souvenir Shop', 'First Aid Station', 'Luggage Storage', 'ramps', 'elevators', 'wheelchair rentals', 'accessible restrooms', 'wheelchair rental', 'benches/rest areas', 'parking']"
30,Faro,Portugal,Nature/Scenery/Park,Algarve Coastal Walk,"Algarve Coastal Walk is a nature in Faro, Portugal, popular for its natural scenery and relaxing atmosphere. Entry fee is 6.17 USD. Recommended visit: 3 hours. Discover Algarve Coastal Walk, a peaceful nature in Faro, Portugal, ideal for nature lovers. Open 09:00-17:30, entry 6.17 USD.",6.17,09:00-17:30,3 hours,3.7,"895 Sukhumvit Road, Khlong Tan Nuea, Faro",37.12292617038346,-7.979194886117683,"['nightlife enthusiast', 'photography', 'luxury travelers']","['Restrooms', 'Information Desk', 'Restaurant', 'Souvenir Shop', 'First Aid Station', 'Luggage Storage', 'night markets', 'bars', 'evening shows', 'photo spots', 'guided photo tours', 'charging stations', 'private tours', 'skip the line passes', 'VIP exclusive events']"
31,Faro,Portugal,Nature/Scenery/Park,Algarve Coastal Walk No.2,"Algarve Coastal Walk is a nature in Faro, Portugal, popular for its natural scenery and relaxing atmosphere. Entry fee is 17.5 USD. Recommended visit: 3 hours. Discover Algarve Coastal Walk, a peaceful nature in Faro, Portugal, ideal for nature lovers. Open 08:30-17:00, entry 17.5 USD.",17.5,08:30-17:00,3 hours,3.7,"473-890 Nishi 1-chome, Faro",37.10358737881236,-7.911241986894725,"['solo women', 'with pets', 'luxury travelers']","['Restrooms', 'Information Desk', 'Restaurant', 'Souvenir Shop', 'First Aid Station', 'Luggage Storage', 'group tours', 'security', 'Pet-friendly', 'pet water stations', 'Pet rest area', 'private tours', 'skip the line passes', 'VIP exclusive events']"
32,Faro,Portugal,Nature/Scenery/Park,Azure Glade Reserve,"Azure Glade Reserve is a nature in Faro, Portugal, popular for its natural scenery and relaxing atmosphere. Entry fee is 55.55 USD. Recommended visit: 3 hours. Discover Azure Glade Reserve, a peaceful nature in Faro, Portugal, ideal for nature lovers. Open 10:00-18:00, entry 55.55 USD.",55.55,10:00-18:00,3 hours,3.7,"677 Jurong East Ave 6, Faro",36.98648814820376,-7.840232192511577,"['nightlife enthusiast', 'with children', 'elderly travelers']","['Restrooms', 'Information Desk', 'Restaurant', 'Souvenir Shop', 'First Aid Station', 'Luggage Storage', 'night markets', 'bars', 'evening shows', 'family restrooms', 'Nursing facilities', 'wheelchair rental', 'benches/rest areas']"
33,Faro,Portugal,Nature/Scenery/Park,Serra Verde Tranquil Retreat,"Serra Verde Tranquil Retreat is a nature in Faro, Portugal, popular for its natural scenery and relaxing atmosphere. Entry fee is 20.74 USD. Recommended visit: 3 hours. Discover Serra Verde Tranquil Retreat, a peaceful nature in Faro, Portugal, ideal for nature lovers. Open 09:00-19:00, entry 20.74 USD.",20.74,09:00-19:00,3 hours,3.7,"657 Thomson Road, Faro",37.01058127574239,-7.995807368308535,"['fast-paced budget travel', 'disabled traveler', 'road trip']","['Restrooms', 'Information Desk', 'Restaurant', 'Souvenir Shop', 'First Aid Station', 'Luggage Storage', 'city passes', 'luggage storage', 'self-guided tours', 'ramps', 'elevators', 'wheelchair rentals', 'accessible restrooms', 'parking']"
34,Faro,Portugal,Nature/Scenery/Park,Algarve Serenity Mud Baths & Wellness Sanctuary,"Algarve Serenity Mud Baths & Wellness Sanctuary is a nature in Faro, Portugal, popular for its natural scenery and relaxing atmosphere. Entry fee is 12.93 USD. Recommended visit: 3 hours. Discover Algarve Serenity Mud Baths & Wellness Sanctuary, a peaceful nature in Faro, Portugal, ideal for nature lovers. Open 08:30-18:00, entry 12.93 USD.",12.93,08:30-18:00,3 hours,3.7,"178 Kallang Basin, Faro",37.10513085886071,-7.901204494242254,"['nightlife enthusiast', 'with children', 'photography']","['Restrooms', 'Information Desk', 'Restaurant', 'Souvenir Shop', 'First Aid Station', 'Luggage Storage', 'night markets', 'bars', 'evening shows', 'family restrooms', 'Nursing facilities', 'photo spots', 'guided photo tours', 'charging stations']"
35,Faro,Portugal,Nature/Scenery/Park,Azure Ridge Summit,"Azure Ridge Summit is a nature in Faro, Portugal, popular for its natural scenery and relaxing atmosphere. Entry fee is 2.8 USD. Recommended visit: 3 hours. Discover Azure Ridge Summit, a peaceful nature in Faro, Portugal, ideal for nature lovers. Open 10:00-22:00, entry 2.8 USD.",2.8,10:00-22:00,3 hours,3.7,"705 Riverside Park, Faro",37.031501077961714,-7.926913344188356,"['with children', 'foodie', 'luxury travelers']","['Restrooms', 'Information Desk', 'Restaurant', 'Souvenir Shop', 'First Aid Station', 'Luggage Storage', 'family restrooms', 'Nursing facilities', 'Food markets', 'tasting tours', 'private tours', 'skip the line passes', 'VIP exclusive events']"
36,Faro,Portugal,Nature/Scenery/Park,Algarve Wildland Explorer Trail,"Algarve Wildland Explorer Trail is a nature in Faro, Portugal, popular for its natural scenery and relaxing atmosphere. Entry fee is 4.87 USD. Recommended visit: 3 hours. Discover Algarve Wildland Explorer Trail, a peaceful nature in Faro, Portugal, ideal for nature lovers. Open 09:00-17:30, entry 4.87 USD.",4.87,09:00-17:30,3 hours,3.7,"304 Charoenkrung Road, Samphanthawong District, Faro",37.09489964419855,-7.870323381024352,"['couples trip', 'elderly travelers', 'business travelers']","['Restrooms', 'Information Desk', 'Restaurant', 'Souvenir Shop', 'First Aid Station', 'Luggage Storage', 'scenic spots', 'sunset cruises', 'special couples experiences', 'wheelchair rental', 'benches/rest areas', 'High speed WiFi']"
37,Faro,Portugal,Nature/Scenery/Park,Algarve Heights Observation Tower,"Algarve Heights Observation Tower is a nature in Faro, Portugal, popular for its natural scenery and relaxing atmosphere. Entry fee is 6.44 USD. Recommended visit: 3 hours. Discover Algarve Heights Observation Tower, a peaceful nature in Faro, Portugal, ideal for nature lovers. Open 08:00-20:00, entry 6.44 USD.",6.44,08:00-20:00,3 hours,3.7,"755 Seaside Promenade, Faro",37.04268908757463,-7.9401175586463,"['fast-paced budget travel', 'business travelers', 'road trip']","['Restrooms', 'Information Desk', 'Restaurant', 'Souvenir Shop', 'First Aid Station', 'Luggage Storage', 'city passes', 'luggage storage', 'self-guided tours', 'High speed WiFi', 'parking']"
38,Faro,Portugal,Nature/Scenery/Park,Verde Haven Reserve,"Verde Haven Reserve is a nature in Faro, Portugal, popular for its natural scenery and relaxing atmosphere. Entry fee is 75.28 USD. Recommended visit: 3 hours. Discover Verde Haven Reserve, a peaceful nature in Faro, Portugal, ideal for nature lovers. Open 08:30-17:30, entry 75.28 USD.",75.28,08:30-17:30,3 hours,3.7,"894 Beach Road, Faro",37.08124359544515,-7.847209126474713,"['photography', 'couples trip', 'road trip']","['Restrooms', 'Information Desk', 'Restaurant', 'Souvenir Shop', 'First Aid Station', 'Luggage Storage', 'photo spots', 'guided photo tours', 'charging stations', 'scenic spots', 'sunset cruises', 'special couples experiences', 'parking']"
39,Faro,Portugal,Nature/Scenery/Park,Algarve Harmony Nature Reserve,"Algarve Harmony Nature Reserve is a nature in Faro, Portugal, popular for its natural scenery and relaxing atmosphere. Entry fee is 33.27 USD. Recommended visit: 3 hours. Discover Algarve Harmony Nature Reserve, a peaceful nature in Faro, Portugal, ideal for nature lovers. Open 08:30-17:30, entry 33.27 USD.",33.27,08:30-17:30,3 hours,3.7,"154 Beach Road, Faro",37.02766530168843,-7.904922394382323,"['couples trip', 'elderly travelers', 'road trip']","['Restrooms', 'Information Desk', 'Restaurant', 'Souvenir Shop', 'First Aid Station', 'Luggage Storage', 'scenic spots', 'sunset cruises', 'special couples experiences', 'wheelchair rental', 'benches/rest areas', 'parking']"
40,Faro,Portugal,Nature/Scenery/Park,Algarve Coastal Kayak Journey with Sunset Picnic,"Algarve Coastal Kayak Journey with Sunset Picnic is a nature in Faro, Portugal, popular for its natural scenery and relaxing atmosphere. Entry fee is 26.32 USD. Recommended visit: 3 hours. Discover Algarve Coastal Kayak Journey with Sunset Picnic, a peaceful nature in Faro, Portugal, ideal for nature lovers. Open 08:00-17:30, entry 26.32 USD.",26.32,08:00-17:30,3 hours,3.7,"No. 456, Cultural Arts Avenue, Jianyang District, Faro",37.07296550933334,-7.898158770372432,"['road trip', 'with pets', 'business travelers']","['Restrooms', 'Information Desk', 'Restaurant', 'Souvenir Shop', 'First Aid Station', 'Luggage Storage', 'parking', 'Pet-friendly', 'pet water stations', 'Pet rest area', 'High speed WiFi']"
41,Faro,Portugal,Nature/Scenery/Park,Algarve Sky Bloom Sanctuary,"Algarve Sky Bloom Sanctuary is a nature in Faro, Portugal, popular for its natural scenery and relaxing atmosphere. Entry fee is 5.15 USD. Recommended visit: 3 hours. Discover Algarve Sky Bloom Sanctuary, a peaceful nature in Faro, Portugal, ideal for nature lovers. Open 08:00-18:00, entry 5.15 USD.",5.15,08:00-18:00,3 hours,3.7,"613 Sakura Street, Faro",37.01789695296824,-7.964030024028148,"['fast-paced budget travel', 'photography', 'luxury travelers']","['Restrooms', 'Information Desk', 'Restaurant', 'Souvenir Shop', 'First Aid Station', 'Luggage Storage', 'city passes', 'luggage storage', 'self-guided tours', 'photo spots', 'guided photo tours', 'charging stations', 'private tours', 'skip the line passes', 'VIP exclusive events']"
42,Faro,Portugal,Nature/Scenery/Park,Secret Cove Kayaking Escape,"Secret Cove Kayaking Escape is a nature in Faro, Portugal, popular for its natural scenery and relaxing atmosphere. Entry fee is 37.95 USD. Recommended visit: 3 hours. Discover Secret Cove Kayaking Escape, a peaceful nature in Faro, Portugal, ideal for nature lovers. Open 09:30-17:00, entry 37.95 USD.",37.95,09:30-17:00,3 hours,3.7,"816 Chalong Beach Road, Faro",37.063873848609305,-7.939513179966103,['photography'],"['Restrooms', 'Information Desk', 'Restaurant', 'Souvenir Shop', 'First Aid Station', 'Luggage Storage', 'photo spots', 'guided photo tours', 'charging stations']"
43,Faro,Portugal,Nature/Scenery/Park,Algarve Bloom Sanctuary,"Algarve Bloom Sanctuary is a nature in Faro, Portugal, popular for its natural scenery and relaxing atmosphere. Entry fee is 11.76 USD. Recommended visit: 3 hours. Discover Algarve Bloom Sanctuary, a peaceful nature in Faro, Portugal, ideal for nature lovers. Open 08:30-19:00, entry 11.76 USD.",11.76,08:30-19:00,3 hours,3.7,"902 Shirokane Street, Chuo Ward, Faro",36.99817335921566,-7.903014182702295,"['fast-paced budget travel', 'photography', 'business travelers']","['Restrooms', 'Information Desk', 'Restaurant', 'Souvenir Shop', 'First Aid Station', 'Luggage Storage', 'city passes', 'luggage storage', 'self-guided tours', 'photo spots', 'guided photo tours', 'charging stations', 'High speed WiFi']"
44,Faro,Portugal,Nature/Scenery/Park,Algarve Stone Hollows,"Algarve Stone Hollows is a nature in Faro, Portugal, popular for its natural scenery and relaxing atmosphere. Entry fee is 7.7 USD. Recommended visit: 3 hours. Discover Algarve Stone Hollows, a peaceful nature in Faro, Portugal, ideal for nature lovers. Open 09:00-18:00, entry 7.7 USD.",7.7,09:00-18:00,3 hours,3.7,"480 Seogwipo Street, Faro",36.98691029337095,-7.840388494915272,"['couples trip', 'photography', 'foodie']","['Restrooms', 'Information Desk', 'Restaurant', 'Souvenir Shop', 'First Aid Station', 'Luggage Storage', 'scenic spots', 'sunset cruises', 'special couples experiences', 'photo spots', 'guided photo tours', 'charging stations', 'Food markets', 'tasting tours']"
45,Faro,Portugal,Nature/Scenery/Park,Algarve Wild Haven & Aerial Vista Trail,"Algarve Wild Haven & Aerial Vista Trail is a nature in Faro, Portugal, popular for its natural scenery and relaxing atmosphere. Entry fee is 31.52 USD. Recommended visit: 3 hours. Discover Algarve Wild Haven & Aerial Vista Trail, a peaceful nature in Faro, Portugal, ideal for nature lovers. Open 09:00-17:00, entry 31.52 USD.",31.52,09:00-17:00,3 hours,3.7,"453 Marine Road, Patong Beach, Faro",37.08253141545535,-7.852792904402827,"['road trip', 'elderly travelers', 'business travelers']","['Restrooms', 'Information Desk', 'Restaurant', 'Souvenir Shop', 'First Aid Station', 'Luggage Storage', 'parking', 'wheelchair rental', 'benches/rest areas', 'High speed WiFi']"
46,Faro,Portugal,Nature/Scenery/Park,Algarve Coastal Dolphin Safaris,"Algarve Coastal Dolphin Safaris is a nature in Faro, Portugal, popular for its natural scenery and relaxing atmosphere. Entry fee is 8.65 USD. Recommended visit: 3 hours. Discover Algarve Coastal Dolphin Safaris, a peaceful nature in Faro, Portugal, ideal for nature lovers. Open 08:30-17:30, entry 8.65 USD.",8.65,08:30-17:30,3 hours,3.7,"982 Seaside Promenade, Faro",37.08959607877277,-7.850122235955147,"['fast-paced budget travel', 'with pets', 'elderly travelers']","['Restrooms', 'Information Desk', 'Restaurant', 'Souvenir Shop', 'First Aid Station', 'Luggage Storage', 'city passes', 'luggage storage', 'self-guided tours', 'Pet-friendly', 'pet water stations', 'Pet rest area', 'wheelchair rental', 'benches/rest areas']"
47,Faro,Portugal,Nature/Scenery/Park,Golden Baywalk Grove,"Golden Baywalk Grove is a nature in Faro, Portugal, popular for its natural scenery and relaxing atmosphere. Entry fee is 15.4 USD. Recommended visit: 3 hours. Discover Golden Baywalk Grove, a peaceful nature in Faro, Portugal, ideal for nature lovers. Open 08:30-17:00, entry 15.4 USD.",15.4,08:30-17:00,3 hours,3.7,"120 Nishi-Shinjuku Street, Faro",36.993598451989406,-7.921999710121958,"['nightlife enthusiast', 'couples trip']","['Restrooms', 'Information Desk', 'Restaurant', 'Souvenir Shop', 'First Aid Station', 'Luggage Storage', 'night markets', 'bars', 'evening shows', 'scenic spots', 'sunset cruises', 'special couples experiences']"
48,Faro,Portugal,Nature/Scenery/Park,Algarve Wildflower Sanctuary,"Algarve Wildflower Sanctuary is a nature in Faro, Portugal, popular for its natural scenery and relaxing atmosphere. Entry fee is 11.05 USD. Recommended visit: 3 hours. Discover Algarve Wildflower Sanctuary, a peaceful nature in Faro, Portugal, ideal for nature lovers. Open 08:30-17:00, entry 11.05 USD.",11.05,08:30-17:00,3 hours,3.7,"835 Nishinari-ku, Faro",37.11920775247054,-7.866676784061331,"['road trip', 'foodie', 'business travelers']","['Restrooms', 'Information Desk', 'Restaurant', 'Souvenir Shop', 'First Aid Station', 'Luggage Storage', 'parking', 'Food markets', 'tasting tours', 'High speed WiFi']"
49,Faro,Portugal,Nature/Scenery/Park,Whispering Grove Wildlife Reserve,"Whispering Grove Wildlife Reserve is a nature in Faro, Portugal, popular for its natural scenery and relaxing atmosphere. Entry fee is 9.8 USD. Recommended visit: 3 hours. Discover Whispering Grove Wildlife Reserve, a peaceful nature in Faro, Portugal, ideal for nature lovers. Open 09:00-17:00, entry 9.8 USD.",9.8,09:00-17:00,3 hours,3.7,"No. 1288, Zhangjiang Science Park, Faro",36.99778739107181,-7.971669755474065,"['fast-paced budget travel', 'disabled traveler', 'business travelers']","['Restrooms', 'Information Desk', 'Restaurant', 'Souvenir Shop', 'First Aid Station', 'Luggage Storage', 'city passes', 'luggage storage', 'self-guided tours', 'ramps', 'elevators', 'wheelchair rentals', 'accessible restrooms', 'High speed WiFi']"
50,Faro,Portugal,Theme Park/Amusement Park,Luminous Fiesta Adventure,"Luminous Fiesta Adventure is a theme park in Faro, Portugal, popular for its memorable experiences. Entry fee is 16.79 USD. Recommended visit: 8 hours. Discover Luminous Fiesta Adventure, a notable theme park in Faro, Portugal, ideal for visitors. Open 10:00-22:00, entry 16.79 USD.",16.79,10:00-22:00,8 hours,3.75,"No. 456, West Lake Scenic Avenue, Faro",37.00625280878637,-7.892735342080585,"['couples trip', 'elderly travelers']","['Restrooms', 'Information Desk', 'Restaurant', 'Souvenir Shop', 'First Aid Station', 'Luggage Storage', 'scenic spots', 'sunset cruises', 'special couples experiences', 'wheelchair rental', 'benches/rest areas']"
51,Faro,Portugal,Theme Park/Amusement Park,Lusitania Dreamland,"Lusitania Dreamland is a theme park in Faro, Portugal, popular for its memorable experiences. Entry fee is 12.7 USD. Recommended visit: 8 hours. Discover Lusitania Dreamland, a notable theme park in Faro, Portugal, ideal for visitors. Open 08:00-22:00, entry 12.7 USD.",12.7,08:00-22:00,8 hours,3.75,"980-865, Nishi 1-chome, Sapporo City, Faro",37.11111385205385,-7.923598090177683,"['solo women', 'photography', 'elderly travelers']","['Restrooms', 'Information Desk', 'Restaurant', 'Souvenir Shop', 'First Aid Station', 'Luggage Storage', 'group tours', 'security', 'photo spots', 'guided photo tours', 'charging stations', 'wheelchair rental', 'benches/rest areas']"
52,Faro,Portugal,Theme Park/Amusement Park,OceanBreeze Adventure Park,"OceanBreeze Adventure Park is a theme park in Faro, Portugal, popular for its memorable experiences. Entry fee is 22.56 USD. Recommended visit: 6 hours. Discover OceanBreeze Adventure Park, a notable theme park in Faro, Portugal, ideal for visitors. Open 08:00-22:30, entry 22.56 USD.",22.56,08:00-22:30,6 hours,3.75,"No. 456, Cultural Arts Avenue, Faro",37.12001814959802,-7.895689359348704,"['fast-paced budget travel', 'luxury travelers', 'road trip']","['Restrooms', 'Information Desk', 'Restaurant', 'Souvenir Shop', 'First Aid Station', 'Luggage Storage', 'city passes', 'luggage storage', 'self-guided tours', 'private tours', 'skip the line passes', 'VIP exclusive events', 'parking']"
53,Faro,Portugal,Theme Park/Amusement Park,AquaWings Coastal Quest,"AquaWings Coastal Quest is a theme park in Faro, Portugal, popular for its memorable experiences. Entry fee is 20.67 USD. Recommended visit: 8 hours. Discover AquaWings Coastal Quest, a notable theme park in Faro, Portugal, ideal for visitors. Open 10:00-22:00, entry 20.67 USD.",20.67,10:00-22:00,8 hours,3.75,"256 Victoria Harbour Promenade, Faro",37.08679862006325,-7.90642143115799,"['fast-paced budget travel', 'with pets', 'foodie']","['Restrooms', 'Information Desk', 'Restaurant', 'Souvenir Shop', 'First Aid Station', 'Luggage Storage', 'city passes', 'luggage storage', 'self-guided tours', 'Pet-friendly', 'pet water stations', 'Pet rest area', 'Food markets', 'tasting tours']"
54,Faro,Portugal,Theme Park/Amusement Park,Algarve Adventure Quest,"Algarve Adventure Quest is a theme park in Faro, Portugal, popular for its memorable experiences. Entry fee is 15.98 USD. Recommended visit: 8 hours. Discover Algarve Adventure Quest, a notable theme park in Faro, Portugal, ideal for visitors. Open 09:00-17:30, entry 15.98 USD.",15.98,09:00-17:30,8 hours,3.75,"952 Sairee Road, Faro",37.11552653050377,-7.939047677242669,"['nightlife enthusiast', 'with children', 'road trip']","['Restrooms', 'Information Desk', 'Restaurant', 'Souvenir Shop', 'First Aid Station', 'Luggage Storage', 'night markets', 'bars', 'evening shows', 'family restrooms', 'Nursing facilities', 'parking']"
55,Faro,Portugal,Theme Park/Amusement Park,Algarve Dreamland,"Algarve Dreamland is a theme park in Faro, Portugal, popular for its memorable experiences. Entry fee is 41.86 USD. Recommended visit: 6 hours. Discover Algarve Dreamland, a notable theme park in Faro, Portugal, ideal for visitors. Open 08:00-22:00, entry 41.86 USD.",41.86,08:00-22:00,6 hours,3.75,"704 Tanjong Pagar Road, Faro",36.99098253908285,-7.904467701195666,"['nightlife enthusiast', 'couples trip', 'road trip']","['Restrooms', 'Information Desk', 'Restaurant', 'Souvenir Shop', 'First Aid Station', 'Luggage Storage', 'night markets', 'bars', 'evening shows', 'scenic spots', 'sunset cruises', 'special couples experiences', 'parking']"
56,Faro,Portugal,Theme Park/Amusement Park,Algarve Snowscape Adventure,"Algarve Snowscape Adventure is a theme park in Faro, Portugal, popular for its memorable experiences. Entry fee is 0.37 USD. Recommended visit: 7 hours. Discover Algarve Snowscape Adventure, a notable theme park in Faro, Portugal, ideal for visitors. Open 09:30-21:00, entry 0.37 USD.",0.37,09:30-21:00,7 hours,3.75,"637 Gwanghwamun Street, Faro",37.12297255731918,-7.92998067551844,"['nightlife enthusiast', 'foodie', 'business travelers']","['Restrooms', 'Information Desk', 'Restaurant', 'Souvenir Shop', 'First Aid Station', 'Luggage Storage', 'night markets', 'bars', 'evening shows', 'Food markets', 'tasting tours', 'High speed WiFi']"
57,Faro,Portugal,Theme Park/Amusement Park,Alto Vista Coastal Loop,"Alto Vista Coastal Loop is a theme park in Faro, Portugal, popular for its memorable experiences. Entry fee is 4.06 USD. Recommended visit: 8 hours. Discover Alto Vista Coastal Loop, a notable theme park in Faro, Portugal, ideal for visitors. Open 08:00-00:00, entry 4.06 USD.",4.06,08:00-00:00,8 hours,3.75,"784 Sukhumvit Road, Khlong Toei District, Faro",36.991380517626204,-7.826407704196464,"['luxury travelers', 'disabled traveler', 'business travelers']","['Restrooms', 'Information Desk', 'Restaurant', 'Souvenir Shop', 'First Aid Station', 'Luggage Storage', 'private tours', 'skip the line passes', 'VIP exclusive events', 'ramps', 'elevators', 'wheelchair rentals', 'accessible restrooms', 'High speed WiFi']"
58,Faro,Portugal,Theme Park/Amusement Park,Algarve Adventure Hub,"Algarve Adventure Hub is a theme park in Faro, Portugal, popular for its memorable experiences. Entry fee is 44.17 USD. Recommended visit: 7 hours. Discover Algarve Adventure Hub, a notable theme park in Faro, Portugal, ideal for visitors. Open 09:00-18:00, entry 44.17 USD.",44.17,09:00-18:00,7 hours,3.75,"272/3 Sukhumvit Road, Khlong Toei, Faro",37.131801553283225,-7.915861043958225,"['disabled traveler', 'foodie', 'elderly travelers']","['Restrooms', 'Information Desk', 'Restaurant', 'Souvenir Shop', 'First Aid Station', 'Luggage Storage', 'ramps', 'elevators', 'wheelchair rentals', 'accessible restrooms', 'Food markets', 'tasting tours', 'wheelchair rental', 'benches/rest areas']"
59,Faro,Portugal,Theme Park/Amusement Park,Skyline Adventure Park,"Skyline Adventure Park is a theme park in Faro, Portugal, popular for its memorable experiences. Entry fee is 37.52 USD. Recommended visit: 6 hours. Discover Skyline Adventure Park, a notable theme park in Faro, Portugal, ideal for visitors. Open 20:00-05:00, entry 37.52 USD.",37.52,20:00-05:00,6 hours,3.75,"141 Shimbashi Park, Faro",37.01743624085964,-7.936558361935878,"['foodie', 'couples trip', 'elderly travelers']","['Restrooms', 'Information Desk', 'Restaurant', 'Souvenir Shop', 'First Aid Station', 'Luggage Storage', 'Food markets', 'tasting tours', 'scenic spots', 'sunset cruises', 'special couples experiences', 'wheelchair rental', 'benches/rest areas']"
60,Faro,Portugal,Theme Park/Amusement Park,Algarve Quest Adventure,"Algarve Quest Adventure is a theme park in Faro, Portugal, popular for its memorable experiences. Entry fee is 53.2 USD. Recommended visit: 7 hours. Discover Algarve Quest Adventure, a notable theme park in Faro, Portugal, ideal for visitors. Open 09:00-17:30, entry 53.2 USD.",53.2,09:00-17:30,7 hours,3.75,"633 Suthep Road, Faro",37.053300146567246,-7.891347175134904,"['nightlife enthusiast', 'elderly travelers', 'road trip']","['Restrooms', 'Information Desk', 'Restaurant', 'Souvenir Shop', 'First Aid Station', 'Luggage Storage', 'night markets', 'bars', 'evening shows', 'wheelchair rental', 'benches/rest areas', 'parking']"
61,Faro,Portugal,Theme Park/Amusement Park,Azure Wave Adventure Center,"Azure Wave Adventure Center is a theme park in Faro, Portugal, popular for its memorable experiences. Entry fee is 13.72 USD. Recommended visit: 6 hours. Discover Azure Wave Adventure Center, a notable theme park in Faro, Portugal, ideal for visitors. Open 08:30-19:00, entry 13.72 USD.",13.72,08:30-19:00,6 hours,3.75,"158 Riverside Avenue, Faro",37.09998440944085,-7.871144334887011,"['solo women', 'disabled traveler', 'business travelers']","['Restrooms', 'Information Desk', 'Restaurant', 'Souvenir Shop', 'First Aid Station', 'Luggage Storage', 'group tours', 'security', 'ramps', 'elevators', 'wheelchair rentals', 'accessible restrooms', 'High speed WiFi']"
62,Faro,Portugal,Theme Park/Amusement Park,Algarve Puzzle Quest,"Algarve Puzzle Quest is a theme park in Faro, Portugal, popular for its memorable experiences. Entry fee is 15.24 USD. Recommended visit: 6 hours. Discover Algarve Puzzle Quest, a notable theme park in Faro, Portugal, ideal for visitors. Open 09:00-17:30, entry 15.24 USD.",15.24,09:00-17:30,6 hours,3.75,"628 Gwanghwamun-ro, Jongno-gu, Faro",37.10011291827646,-7.831531631137796,"['photography', 'disabled traveler']","['Restrooms', 'Information Desk', 'Restaurant', 'Souvenir Shop', 'First Aid Station', 'Luggage Storage', 'photo spots', 'guided photo tours', 'charging stations', 'ramps', 'elevators', 'wheelchair rentals', 'accessible restrooms']"
63,Faro,Portugal,Theme Park/Amusement Park,Algarve Quest Adventure Zone,"Algarve Quest Adventure Zone is a theme park in Faro, Portugal, popular for its memorable experiences. Entry fee is 39.62 USD. Recommended visit: 6 hours. Discover Algarve Quest Adventure Zone, a notable theme park in Faro, Portugal, ideal for visitors. Open 09:00-21:00, entry 39.62 USD.",39.62,09:00-21:00,6 hours,3.75,"794 Kanda Street, Faro",37.0772849887899,-7.944559416373153,"['with children', 'couples trip', 'business travelers']","['Restrooms', 'Information Desk', 'Restaurant', 'Souvenir Shop', 'First Aid Station', 'Luggage Storage', 'family restrooms', 'Nursing facilities', 'scenic spots', 'sunset cruises', 'special couples experiences', 'High speed WiFi']"
64,Faro,Portugal,Theme Park/Amusement Park,Algarve Adventure Port,"Algarve Adventure Port is a theme park in Faro, Portugal, popular for its memorable experiences. Entry fee is 6.56 USD. Recommended visit: 6 hours. Discover Algarve Adventure Port, a notable theme park in Faro, Portugal, ideal for visitors. Open 10:00-20:00, entry 6.56 USD.",6.56,10:00-20:00,6 hours,3.75,"482 Seogwipo Street, Faro",37.0195943348355,-7.965633308344543,"['photography', 'with pets', 'couples trip']","['Restrooms', 'Information Desk', 'Restaurant', 'Souvenir Shop', 'First Aid Station', 'Luggage Storage', 'photo spots', 'guided photo tours', 'charging stations', 'Pet-friendly', 'pet water stations', 'Pet rest area', 'scenic spots', 'sunset cruises', 'special couples experiences']"
65,Faro,Portugal,Theme Park/Amusement Park,Algarve Quest Adventure Pass,"Algarve Quest Adventure Pass is a theme park in Faro, Portugal, popular for its memorable experiences. Entry fee is 26.46 USD. Recommended visit: 8 hours. Discover Algarve Quest Adventure Pass, a notable theme park in Faro, Portugal, ideal for visitors. Open 09:00-18:00, entry 26.46 USD.",26.46,09:00-18:00,8 hours,3.75,"No. 456, Zhongshan Road, Faro",37.11344637317978,-7.952989304689183,"['solo women', 'photography', 'couples trip']","['Restrooms', 'Information Desk', 'Restaurant', 'Souvenir Shop', 'First Aid Station', 'Luggage Storage', 'group tours', 'security', 'photo spots', 'guided photo tours', 'charging stations', 'scenic spots', 'sunset cruises', 'special couples experiences']"
66,Faro,Portugal,Theme Park/Amusement Park,Dragon's Ember Adventure Park,"Dragon's Ember Adventure Park is a theme park in Faro, Portugal, popular for its memorable experiences. Entry fee is 10.15 USD. Recommended visit: 7 hours. Discover Dragon's Ember Adventure Park, a notable theme park in Faro, Portugal, ideal for visitors. Open 09:00-17:00, entry 10.15 USD.",10.15,09:00-17:00,7 hours,3.75,"771 Sakura Street, Faro",37.085789857005736,-7.958943099789797,"['with children', 'couples trip', 'business travelers']","['Restrooms', 'Information Desk', 'Restaurant', 'Souvenir Shop', 'First Aid Station', 'Luggage Storage', 'family restrooms', 'Nursing facilities', 'scenic spots', 'sunset cruises', 'special couples experiences', 'High speed WiFi']"
67,Faro,Portugal,Theme Park/Amusement Park,Echoes of the Algarve,"Echoes of the Algarve is a theme park in Faro, Portugal, popular for its memorable experiences. Entry fee is 54.32 USD. Recommended visit: 6 hours. Discover Echoes of the Algarve, a notable theme park in Faro, Portugal, ideal for visitors. Open 09:00-18:00, entry 54.32 USD.",54.32,09:00-18:00,6 hours,3.75,"No. 456 West Lake Scenic Road, Faro",37.04485631112757,-7.931417207442159,"['fast-paced budget travel', 'luxury travelers', 'disabled traveler']","['Restrooms', 'Information Desk', 'Restaurant', 'Souvenir Shop', 'First Aid Station', 'Luggage Storage', 'city passes', 'luggage storage', 'self-guided tours', 'private tours', 'skip the line passes', 'VIP exclusive events', 'ramps', 'elevators', 'wheelchair rentals', 'accessible restrooms']"
68,Faro,Portugal,Theme Park/Amusement Park,Aldeia Marinha Adventure,"Aldeia Marinha Adventure is a theme park in Faro, Portugal, popular for its memorable experiences. Entry fee is 5.52 USD. Recommended visit: 7 hours. Discover Aldeia Marinha Adventure, a notable theme park in Faro, Portugal, ideal for visitors. Open 10:00-20:00, entry 5.52 USD.",5.52,10:00-20:00,7 hours,3.75,"258 Cultural Avenue, Faro",37.05279117383263,-7.912883490765772,"['fast-paced budget travel', 'couples trip']","['Restrooms', 'Information Desk', 'Restaurant', 'Souvenir Shop', 'First Aid Station', 'Luggage Storage', 'city passes', 'luggage storage', 'self-guided tours', 'scenic spots', 'sunset cruises', 'special couples experiences']"
69,Faro,Portugal,Theme Park/Amusement Park,Lusitanian Legends Adventure Park,"Lusitanian Legends Adventure Park is a theme park in Faro, Portugal, popular for its memorable experiences. Entry fee is 171.36 USD. Recommended visit: 8 hours. Discover Lusitanian Legends Adventure Park, a notable theme park in Faro, Portugal, ideal for visitors. Open 10:00-22:00, entry 171.36 USD.",171.36,10:00-22:00,8 hours,3.75,"957 Clarke Quay, Faro",37.08374189357411,-7.873148141427123,"['nightlife enthusiast', 'with children', 'fast-paced budget travel']","['Restrooms', 'Information Desk', 'Restaurant', 'Souvenir Shop', 'First Aid Station', 'Luggage Storage', 'night markets', 'bars', 'evening shows', 'family restrooms', 'Nursing facilities', 'city passes', 'luggage storage', 'self-guided tours']"
70,Faro,Portugal,Theme Park/Amusement Park,Algarve Coastal Quest,"Algarve Coastal Quest is a theme park in Faro, Portugal, popular for its memorable experiences. Entry fee is 19.55 USD. Recommended visit: 7 hours. Discover Algarve Coastal Quest, a notable theme park in Faro, Portugal, ideal for visitors. Open 10:00-22:00, entry 19.55 USD.",19.55,10:00-22:00,7 hours,3.75,"120 Shinsaibashi Dori, Chuo Ward, Faro",36.98667404935599,-7.928745622734901,"['photography', 'couples trip']","['Restrooms', 'Information Desk', 'Restaurant', 'Souvenir Shop', 'First Aid Station', 'Luggage Storage', 'photo spots', 'guided photo tours', 'charging stations', 'scenic spots', 'sunset cruises', 'special couples experiences']"
71,Faro,Portugal,Theme Park/Amusement Park,Algarve Crystal Oasis,"Algarve Crystal Oasis is a theme park in Faro, Portugal, popular for its memorable experiences. Entry fee is 89.6 USD. Recommended visit: 7 hours. Discover Algarve Crystal Oasis, a notable theme park in Faro, Portugal, ideal for visitors. Open 08:00-23:00, entry 89.6 USD.",89.6,08:00-23:00,7 hours,3.75,"445-0021, 2-12-8 Asakusa, Taito City, Faro",37.10811862967889,-7.860936135371468,"['photography', 'disabled traveler']","['Restrooms', 'Information Desk', 'Restaurant', 'Souvenir Shop', 'First Aid Station', 'Luggage Storage', 'photo spots', 'guided photo tours', 'charging stations', 'ramps', 'elevators', 'wheelchair rentals', 'accessible restrooms']"
72,Faro,Portugal,Theme Park/Amusement Park,Algarve Twilight Explorer,"Algarve Twilight Explorer is a theme park in Faro, Portugal, popular for its memorable experiences. Entry fee is 17.6 USD. Recommended visit: 7 hours. Discover Algarve Twilight Explorer, a notable theme park in Faro, Portugal, ideal for visitors. Open 09:00-18:00, entry 17.6 USD.",17.6,09:00-18:00,7 hours,3.75,"No. 456 Skyview Avenue, Faro",37.07606046047234,-7.915255767118023,"['foodie', 'with pets', 'couples trip']","['Restrooms', 'Information Desk', 'Restaurant', 'Souvenir Shop', 'First Aid Station', 'Luggage Storage', 'Food markets', 'tasting tours', 'Pet-friendly', 'pet water stations', 'Pet rest area', 'scenic spots', 'sunset cruises', 'special couples experiences']"
73,Faro,Portugal,Theme Park/Amusement Park,Algarve Pulse Entertainment Hub,"Algarve Pulse Entertainment Hub is a theme park in Faro, Portugal, popular for its memorable experiences. Entry fee is 24.66 USD. Recommended visit: 7 hours. Discover Algarve Pulse Entertainment Hub, a notable theme park in Faro, Portugal, ideal for visitors. Open 08:30-17:30, entry 24.66 USD.",24.66,08:30-17:30,7 hours,3.75,"No. 456 Green Valley Road, Faro",37.03310732265249,-7.915091323092128,"['luxury travelers', 'elderly travelers']","['Restrooms', 'Information Desk', 'Restaurant', 'Souvenir Shop', 'First Aid Station', 'Luggage Storage', 'private tours', 'skip the line passes', 'VIP exclusive events', 'wheelchair rental', 'benches/rest areas']"
74,Faro,Portugal,Theme Park/Amusement Park,Algarve Adventure Nexus,"Algarve Adventure Nexus is a theme park in Faro, Portugal, popular for its memorable experiences. Entry fee is 59.69 USD. Recommended visit: 6 hours. Discover Algarve Adventure Nexus, a notable theme park in Faro, Portugal, ideal for visitors. Open 10:00-22:00, entry 59.69 USD.",59.69,10:00-22:00,6 hours,3.75,"No. 456 Green Valley Road, Faro",37.133087149434736,-7.966785334929392,"['with children', 'solo women', 'with pets']","['Restrooms', 'Information Desk', 'Restaurant', 'Souvenir Shop', 'First Aid Station', 'Luggage Storage', 'family restrooms', 'Nursing facilities', 'group tours', 'security', 'Pet-friendly', 'pet water stations', 'Pet rest area']"
75,Faro,Portugal,Theme Park/Amusement Park,Algarve Skyline Adventure Line,"Algarve Skyline Adventure Line is a theme park in Faro, Portugal, popular for its memorable experiences. Entry fee is 35.0 USD. Recommended visit: 8 hours. Discover Algarve Skyline Adventure Line, a notable theme park in Faro, Portugal, ideal for visitors. Open 10:00-19:00, entry 35.0 USD.",35.0,10:00-19:00,8 hours,3.75,"377 Sakura Street, Chuo-ku, Faro",37.06067982440904,-7.90052767780844,"['with children', 'couples trip', 'disabled traveler']","['Restrooms', 'Information Desk', 'Restaurant', 'Souvenir Shop', 'First Aid Station', 'Luggage Storage', 'family restrooms', 'Nursing facilities', 'scenic spots', 'sunset cruises', 'special couples experiences', 'ramps', 'elevators', 'wheelchair rentals', 'accessible restrooms']"
76,Faro,Portugal,Theme Park/Amusement Park,Algarve Adventure Playgrounds,"Algarve Adventure Playgrounds is a theme park in Faro, Portugal, popular for its memorable experiences. Entry fee is 11.89 USD. Recommended visit: 8 hours. Discover Algarve Adventure Playgrounds, a notable theme park in Faro, Portugal, ideal for visitors. Open 10:00-21:00, entry 11.89 USD.",11.89,10:00-21:00,8 hours,3.75,"335-8901 Nishi-Ku, Faro",37.06881796048967,-7.946869344448211,['foodie'],"['Restrooms', 'Information Desk', 'Restaurant', 'Souvenir Shop', 'First Aid Station', 'Luggage Storage', 'Food markets', 'tasting tours']"
77,Faro,Portugal,Theme Park/Amusement Park,Lusitanian Mirage Park,"Lusitanian Mirage Park is a theme park in Faro, Portugal, popular for its memorable experiences. Entry fee is 18.98 USD. Recommended visit: 8 hours. Discover Lusitanian Mirage Park, a notable theme park in Faro, Portugal, ideal for visitors. Open 09:00-17:30, entry 18.98 USD.",18.98,09:00-17:30,8 hours,3.75,"438 Sakura Street, Naka-ku, Faro",36.97839434057041,-7.921864847800016,"['foodie', 'disabled traveler', 'luxury travelers']","['Restrooms', 'Information Desk', 'Restaurant', 'Souvenir Shop', 'First Aid Station', 'Luggage Storage', 'Food markets', 'tasting tours', 'ramps', 'elevators', 'wheelchair rentals', 'accessible restrooms', 'private tours', 'skip the line passes', 'VIP exclusive events']"
78,Faro,Portugal,Theme Park/Amusement Park,Algarve Skyline Baseball Adventure,"Algarve Skyline Baseball Adventure is a theme park in Faro, Portugal, popular for its memorable experiences. Entry fee is 7.4 USD. Recommended visit: 8 hours. Discover Algarve Skyline Baseball Adventure, a notable theme park in Faro, Portugal, ideal for visitors. Open 09:00-18:00, entry 7.4 USD.",7.4,09:00-18:00,8 hours,3.75,"No. 567 West Garden Street, Faro",37.081055613428624,-7.967028926533528,"['nightlife enthusiast', 'with children', 'solo women']","['Restrooms', 'Information Desk', 'Restaurant', 'Souvenir Shop', 'First Aid Station', 'Luggage Storage', 'night markets', 'bars', 'evening shows', 'family restrooms', 'Nursing facilities', 'group tours', 'security']"
79,Faro,Portugal,Theme Park/Amusement Park,Coral Cove Discovery Zone,"Coral Cove Discovery Zone is a theme park in Faro, Portugal, popular for its memorable experiences. Entry fee is 6.99 USD. Recommended visit: 8 hours. Discover Coral Cove Discovery Zone, a notable theme park in Faro, Portugal, ideal for visitors. Open 09:00-20:00, entry 6.99 USD.",6.99,09:00-20:00,8 hours,3.75,"842 Sakura Street, Naka Ward, Faro",37.12532704692607,-7.966528658405121,"['solo women', 'with pets', 'business travelers']","['Restrooms', 'Information Desk', 'Restaurant', 'Souvenir Shop', 'First Aid Station', 'Luggage Storage', 'group tours', 'security', 'Pet-friendly', 'pet water stations', 'Pet rest area', 'High speed WiFi']"
80,Faro,Portugal,Theme Park/Amusement Park,Algarve Skyline Adventure Zone,"Algarve Skyline Adventure Zone is a theme park in Faro, Portugal, popular for its memorable experiences. Entry fee is 9.28 USD. Recommended visit: 6 hours. Discover Algarve Skyline Adventure Zone, a notable theme park in Faro, Portugal, ideal for visitors. Open 08:00-22:00, entry 9.28 USD.",9.28,08:00-22:00,6 hours,3.75,"860 Sakura Street, Faro",37.00326826740705,-7.884927649632408,"['luxury travelers', 'disabled traveler', 'road trip']","['Restrooms', 'Information Desk', 'Restaurant', 'Souvenir Shop', 'First Aid Station', 'Luggage Storage', 'private tours', 'skip the line passes', 'VIP exclusive events', 'ramps', 'elevators', 'wheelchair rentals', 'accessible restrooms', 'parking']"
81,Faro,Portugal,Theme Park/Amusement Park,Faro Horizon: Echoes of the Future,"Faro Horizon: Echoes of the Future is a theme park in Faro, Portugal, popular for its memorable experiences. Entry fee is 32.62 USD. Recommended visit: 7 hours. Discover Faro Horizon: Echoes of the Future, a notable theme park in Faro, Portugal, ideal for visitors. Open 09:30-17:00, entry 32.62 USD.",32.62,09:30-17:00,7 hours,3.75,"No. 456, Zhongguancun Road, Faro",36.97963527076569,-7.900980626488455,"['with children', 'couples trip', 'road trip']","['Restrooms', 'Information Desk', 'Restaurant', 'Souvenir Shop', 'First Aid Station', 'Luggage Storage', 'family restrooms', 'Nursing facilities', 'scenic spots', 'sunset cruises', 'special couples experiences', 'parking']"
82,Faro,Portugal,Theme Park/Amusement Park,Pirate's Cove Adventure,"Pirate's Cove Adventure is a theme park in Faro, Portugal, popular for its memorable experiences. Entry fee is 1654.66 USD. Recommended visit: 7 hours. Discover Pirate's Cove Adventure, a notable theme park in Faro, Portugal, ideal for visitors. Open 10:00-22:00, entry 1654.66 USD.",1654.66,10:00-22:00,7 hours,3.75,"976 Suthep Road, Faro",37.12481738332303,-7.975949668425587,"['fast-paced budget travel', 'solo women', 'photography']","['Restrooms', 'Information Desk', 'Restaurant', 'Souvenir Shop', 'First Aid Station', 'Luggage Storage', 'city passes', 'luggage storage', 'self-guided tours', 'group tours', 'security', 'photo spots', 'guided photo tours', 'charging stations']"
83,Faro,Portugal,Theme Park/Amusement Park,Algarve Aqua Adventure,"Algarve Aqua Adventure is a theme park in Faro, Portugal, popular for its memorable experiences. Entry fee is 23.37 USD. Recommended visit: 7 hours. Discover Algarve Aqua Adventure, a notable theme park in Faro, Portugal, ideal for visitors. Open 09:00-17:30, entry 23.37 USD.",23.37,09:00-17:30,7 hours,3.75,"No. 456, Zhongshan Road, Faro",37.02038620440212,-7.949689831490673,"['with children', 'fast-paced budget travel', 'photography']","['Restrooms', 'Information Desk', 'Restaurant', 'Souvenir Shop', 'First Aid Station', 'Luggage Storage', 'family restrooms', 'Nursing facilities', 'city passes', 'luggage storage', 'self-guided tours', 'photo spots', 'guided photo tours', 'charging stations']"
84,Faro,Portugal,Theme Park/Amusement Park,Algarve Jungle Quest,"Algarve Jungle Quest is a theme park in Faro, Portugal, popular for its memorable experiences. Entry fee is 28.0 USD. Recommended visit: 8 hours. Discover Algarve Jungle Quest, a notable theme park in Faro, Portugal, ideal for visitors. Open 09:00-17:30, entry 28.0 USD.",28.0,09:00-17:30,8 hours,3.75,"No. 456, Lishan Road, Faro",37.105723131684805,-7.962031223229283,"['fast-paced budget travel', 'photography', 'business travelers']","['Restrooms', 'Information Desk', 'Restaurant', 'Souvenir Shop', 'First Aid Station', 'Luggage Storage', 'city passes', 'luggage storage', 'self-guided tours', 'photo spots', 'guided photo tours', 'charging stations', 'High speed WiFi']"
85,Faro,Portugal,Theme Park/Amusement Park,Lusitanian Harmony Festival,"Lusitanian Harmony Festival is a theme park in Faro, Portugal, popular for its memorable experiences. Entry fee is 22.09 USD. Recommended visit: 6 hours. Discover Lusitanian Harmony Festival, a notable theme park in Faro, Portugal, ideal for visitors. Open 10:00-19:00, entry 22.09 USD.",22.09,10:00-19:00,6 hours,3.75,"522 Sakura Street, Chuo Ward, Faro",37.03025440915487,-7.930101488014807,"['couples trip', 'elderly travelers', 'road trip']","['Restrooms', 'Information Desk', 'Restaurant', 'Souvenir Shop', 'First Aid Station', 'Luggage Storage', 'scenic spots', 'sunset cruises', 'special couples experiences', 'wheelchair rental', 'benches/rest areas', 'parking']"
86,Faro,Portugal,Theme Park/Amusement Park,Algarve Adventure Nexus No.2,"Algarve Adventure Nexus is a theme park in Faro, Portugal, popular for its memorable experiences. Entry fee is 49.0 USD. Recommended visit: 8 hours. Discover Algarve Adventure Nexus, a notable theme park in Faro, Portugal, ideal for visitors. Open 08:30-17:00, entry 49.0 USD.",49.0,08:30-17:00,8 hours,3.75,"905-8654 Sapporo City, Faro",37.00829329970268,-7.930324527909069,"['fast-paced budget travel', 'with pets']","['Restrooms', 'Information Desk', 'Restaurant', 'Souvenir Shop', 'First Aid Station', 'Luggage Storage', 'city passes', 'luggage storage', 'self-guided tours', 'Pet-friendly', 'pet water stations', 'Pet rest area']"
87,Faro,Portugal,Theme Park/Amusement Park,Algarve Adventure Hub No.2,"Algarve Adventure Hub is a theme park in Faro, Portugal, popular for its memorable experiences. Entry fee is 31.01 USD. Recommended visit: 7 hours. Discover Algarve Adventure Hub, a notable theme park in Faro, Portugal, ideal for visitors. Open 09:00-18:00, entry 31.01 USD.",31.01,09:00-18:00,7 hours,3.75,"519 Gukje-ro, Gukje-gu, Faro",37.10301648195794,-7.842445365361816,"['fast-paced budget travel', 'road trip']","['Restrooms', 'Information Desk', 'Restaurant', 'Souvenir Shop', 'First Aid Station', 'Luggage Storage', 'city passes', 'luggage storage', 'self-guided tours', 'parking']"
88,Faro,Portugal,Theme Park/Amusement Park,Vila dos Sonhos: Cultural Oasis,"Vila dos Sonhos: Cultural Oasis is a theme park in Faro, Portugal, popular for its memorable experiences. Entry fee is 67.2 USD. Recommended visit: 6 hours. Discover Vila dos Sonhos: Cultural Oasis, a notable theme park in Faro, Portugal, ideal for visitors. Open 09:00-17:30, entry 67.2 USD.",67.2,09:00-17:30,6 hours,3.75,"433 Shimbashi Street, Shinjuku Ward, Faro",37.10721544827606,-7.863901762309743,"['business travelers', 'elderly travelers', 'road trip']","['Restrooms', 'Information Desk', 'Restaurant', 'Souvenir Shop', 'First Aid Station', 'Luggage Storage', 'High speed WiFi', 'wheelchair rental', 'benches/rest areas', 'parking']"
89,Faro,Portugal,Theme Park/Amusement Park,Algarve Sky Lagoon,"Algarve Sky Lagoon is a theme park in Faro, Portugal, popular for its memorable experiences. Entry fee is 14.0 USD. Recommended visit: 7 hours. Discover Algarve Sky Lagoon, a notable theme park in Faro, Portugal, ideal for visitors. Open 09:00-18:00, entry 14.0 USD.",14.0,09:00-18:00,7 hours,3.75,"951 Shinjuku Garden Street, Shinjuku, Faro",37.00747678969273,-7.977825657979698,"['photography', 'foodie', 'business travelers']","['Restrooms', 'Information Desk', 'Restaurant', 'Souvenir Shop', 'First Aid Station', 'Luggage Storage', 'photo spots', 'guided photo tours', 'charging stations', 'Food markets', 'tasting tours', 'High speed WiFi']"
90,Faro,Portugal,Theme Park/Amusement Park,Luminous Bay Adventure Park,"Luminous Bay Adventure Park is a theme park in Faro, Portugal, popular for its memorable experiences. Entry fee is 29.85 USD. Recommended visit: 6 hours. Discover Luminous Bay Adventure Park, a notable theme park in Faro, Portugal, ideal for visitors. Open 08:00-22:00, entry 29.85 USD.",29.85,08:00-22:00,6 hours,3.75,"454 Sukhumvit Road, Faro",37.123384960167456,-7.981403996323661,"['solo women', 'foodie', 'road trip']","['Restrooms', 'Information Desk', 'Restaurant', 'Souvenir Shop', 'First Aid Station', 'Luggage Storage', 'group tours', 'security', 'Food markets', 'tasting tours', 'parking']"
91,Faro,Portugal,Historic Site/Landmark,Algarve Skyline Promenade,"Algarve Skyline Promenade is a historic site in Faro, Portugal, popular for its memorable experiences. Entry fee is 160.64 USD. Recommended visit: 2 hours. Discover Algarve Skyline Promenade, a notable historic site in Faro, Portugal, ideal for visitors. Open 06:00-18:00, entry 160.64 USD.",160.64,06:00-18:00,2 hours,3.5,"No. 456, West Lake Cultural Park, Faro",36.99903310829335,-7.889232549475651,"['fast-paced budget travel', 'foodie', 'elderly travelers']","['Restrooms', 'Information Desk', 'Restaurant', 'Souvenir Shop', 'First Aid Station', 'Luggage Storage', 'city passes', 'luggage storage', 'self-guided tours', 'Food markets', 'tasting tours', 'wheelchair rental', 'benches/rest areas']"
92,Faro,Portugal,Historic Site/Landmark,Algarve Heritage Quarters,"Algarve Heritage Quarters is a historic site in Faro, Portugal, popular for its memorable experiences. Entry fee is 10.59 USD. Recommended visit: 2 hours. Discover Algarve Heritage Quarters, a notable historic site in Faro, Portugal, ideal for visitors. Open 08:30-20:00, entry 10.59 USD.",10.59,08:30-20:00,2 hours,3.5,"579 Seocho-ro, Geumjeong-gu, Faro",37.11070011123517,-7.893605619273657,"['road trip', 'photography', 'business travelers']","['Restrooms', 'Information Desk', 'Restaurant', 'Souvenir Shop', 'First Aid Station', 'Luggage Storage', 'parking', 'photo spots', 'guided photo tours', 'charging stations', 'High speed WiFi']"
93,Faro,Portugal,Historic Site/Landmark,Alfama Heritage Courtyard,"Alfama Heritage Courtyard is a historic site in Faro, Portugal, popular for its memorable experiences. Entry fee is 248.4 USD. Recommended visit: 2 hours. Discover Alfama Heritage Courtyard, a notable historic site in Faro, Portugal, ideal for visitors. Open 08:30-17:00, entry 248.4 USD.",248.4,08:30-17:00,2 hours,3.5,"No. 456, Riverside Avenue, Faro",37.08501543837146,-7.874860257906114,"['photography', 'with pets', 'couples trip']","['Restrooms', 'Information Desk', 'Restaurant', 'Souvenir Shop', 'First Aid Station', 'Luggage Storage', 'photo spots', 'guided photo tours', 'charging stations', 'Pet-friendly', 'pet water stations', 'Pet rest area', 'scenic spots', 'sunset cruises', 'special couples experiences']"
94,Faro,Portugal,Historic Site/Landmark,Echoes of the Golden Age,"Echoes of the Golden Age is a historic site in Faro, Portugal, popular for its memorable experiences. Entry fee is 16.52 USD. Recommended visit: 2 hours. Discover Echoes of the Golden Age, a notable historic site in Faro, Portugal, ideal for visitors. Open 08:30-17:00, entry 16.52 USD.",16.52,08:30-17:00,2 hours,3.5,"No. 456, West Lake Cultural Street, Faro",37.04212693989989,-7.924626464259473,"['nightlife enthusiast', 'photography', 'disabled traveler']","['Restrooms', 'Information Desk', 'Restaurant', 'Souvenir Shop', 'First Aid Station', 'Luggage Storage', 'night markets', 'bars', 'evening shows', 'photo spots', 'guided photo tours', 'charging stations', 'ramps', 'elevators', 'wheelchair rentals', 'accessible restrooms']"
95,Faro,Portugal,Historic Site/Landmark,Alfama Heritage Museum,"Alfama Heritage Museum is a historic site in Faro, Portugal, popular for its memorable experiences. Entry fee is 5.6 USD. Recommended visit: 2 hours. Discover Alfama Heritage Museum, a notable historic site in Faro, Portugal, ideal for visitors. Open 09:00-17:30, entry 5.6 USD.",5.6,09:00-17:30,2 hours,3.5,"506 Sakura Street, Faro",37.02898574433549,-7.942556538251077,"['fast-paced budget travel', 'disabled traveler', 'road trip']","['Restrooms', 'Information Desk', 'Restaurant', 'Souvenir Shop', 'First Aid Station', 'Luggage Storage', 'city passes', 'luggage storage', 'self-guided tours', 'ramps', 'elevators', 'wheelchair rentals', 'accessible restrooms', 'parking']"
96,Faro,Portugal,Historic Site/Landmark,Algarve Heritage and Athletic Hall,"Algarve Heritage and Athletic Hall is a historic site in Faro, Portugal, popular for its memorable experiences. Entry fee is 6.85 USD. Recommended visit: 2 hours. Discover Algarve Heritage and Athletic Hall, a notable historic site in Faro, Portugal, ideal for visitors. Open 10:00-22:00, entry 6.85 USD.",6.85,10:00-22:00,2 hours,3.5,"498-8567, 3-12-12 Shinagawa, Shinagawa City, Faro",36.988737473305086,-7.915451168401279,"['fast-paced budget travel', 'disabled traveler', 'business travelers']","['Restrooms', 'Information Desk', 'Restaurant', 'Souvenir Shop', 'First Aid Station', 'Luggage Storage', 'city passes', 'luggage storage', 'self-guided tours', 'ramps', 'elevators', 'wheelchair rentals', 'accessible restrooms', 'High speed WiFi']"
97,Faro,Portugal,Historic Site/Landmark,Old Quarter Heritage Trail,"Old Quarter Heritage Trail is a historic site in Faro, Portugal, popular for its memorable experiences. Entry fee is 16.97 USD. Recommended visit: 2 hours. Discover Old Quarter Heritage Trail, a notable historic site in Faro, Portugal, ideal for visitors. Open 09:00-21:00, entry 16.97 USD.",16.97,09:00-21:00,2 hours,3.5,"480 Beach Road, Faro",36.9907518956628,-7.845397991643397,"['nightlife enthusiast', 'fast-paced budget travel', 'photography']","['Restrooms', 'Information Desk', 'Restaurant', 'Souvenir Shop', 'First Aid Station', 'Luggage Storage', 'night markets', 'bars', 'evening shows', 'city passes', 'luggage storage', 'self-guided tours', 'photo spots', 'guided photo tours', 'charging stations']"
98,Faro,Portugal,Historic Site/Landmark,Celestial Vista Tower,"Celestial Vista Tower is a historic site in Faro, Portugal, popular for its memorable experiences. Entry fee is 12.6 USD. Recommended visit: 2 hours. Discover Celestial Vista Tower, a notable historic site in Faro, Portugal, ideal for visitors. Open 09:00-17:00, entry 12.6 USD.",12.6,09:00-17:00,2 hours,3.5,"287 Seongsan-ro, Faro",37.097446602375335,-7.838056386560797,['solo women'],"['Restrooms', 'Information Desk', 'Restaurant', 'Souvenir Shop', 'First Aid Station', 'Luggage Storage', 'group tours', 'security']"
99,Faro,Portugal,Historic Site/Landmark,Algarve Skyline Heritage Walk,"Algarve Skyline Heritage Walk is a historic site in Faro, Portugal, popular for its memorable experiences. Entry fee is 4.13 USD. Recommended visit: 2 hours. Discover Algarve Skyline Heritage Walk, a notable historic site in Faro, Portugal, ideal for visitors. Open 10:00-22:00, entry 4.13 USD.",4.13,10:00-22:00,2 hours,3.5,"682 Siam Road, Faro",37.09712546220859,-7.9624818960310835,"['foodie', 'disabled traveler', 'road trip']","['Restrooms', 'Information Desk', 'Restaurant', 'Souvenir Shop', 'First Aid Station', 'Luggage Storage', 'Food markets', 'tasting tours', 'ramps', 'elevators', 'wheelchair rentals', 'accessible restrooms', 'parking']"
100,Faro,Portugal,Historic Site/Landmark,Alfama Skyline Pavilion,"Alfama Skyline Pavilion is a historic site in Faro, Portugal, popular for its memorable experiences. Entry fee is 29.19 USD. Recommended visit: 2 hours. Discover Alfama Skyline Pavilion, a notable historic site in Faro, Portugal, ideal for visitors. Open 09:00-18:00, entry 29.19 USD.",29.19,09:00-18:00,2 hours,3.5,"No. 456 Cultural Arts Avenue, Faro",37.10143817402668,-7.849045057498715,"['with children', 'fast-paced budget travel', 'luxury travelers']","['Restrooms', 'Information Desk', 'Restaurant', 'Souvenir Shop', 'First Aid Station', 'Luggage Storage', 'family restrooms', 'Nursing facilities', 'city passes', 'luggage storage', 'self-guided tours', 'private tours', 'skip the line passes', 'VIP exclusive events']"
101,Faro,Portugal,Historic Site/Landmark,Almargosa Heritage Spire,"Almargosa Heritage Spire is a historic site in Faro, Portugal, popular for its memorable experiences. Entry fee is 13.36 USD. Recommended visit: 2 hours. Discover Almargosa Heritage Spire, a notable historic site in Faro, Portugal, ideal for visitors. Open 10:00-20:00, entry 13.36 USD.",13.36,10:00-20:00,2 hours,3.5,"316-12-8 Shibuya, Shibuya City, Faro",37.09706420331001,-7.860876282365606,"['nightlife enthusiast', 'fast-paced budget travel', 'photography']","['Restrooms', 'Information Desk', 'Restaurant', 'Souvenir Shop', 'First Aid Station', 'Luggage Storage', 'night markets', 'bars', 'evening shows', 'city passes', 'luggage storage', 'self-guided tours', 'photo spots', 'guided photo tours', 'charging stations']"
102,Faro,Portugal,Historic Site/Landmark,Alfama Heritage Center,"Alfama Heritage Center is a historic site in Faro, Portugal, popular for its memorable experiences. Entry fee is 4.2 USD. Recommended visit: 2 hours. Discover Alfama Heritage Center, a notable historic site in Faro, Portugal, ideal for visitors. Open 09:30-17:00, entry 4.2 USD.",4.2,09:30-17:00,2 hours,3.5,"561 Sathorn Road, Pathum Wan, Faro",37.09893115921166,-7.919230487992289,"['nightlife enthusiast', 'fast-paced budget travel', 'photography']","['Restrooms', 'Information Desk', 'Restaurant', 'Souvenir Shop', 'First Aid Station', 'Luggage Storage', 'night markets', 'bars', 'evening shows', 'city passes', 'luggage storage', 'self-guided tours', 'photo spots', 'guided photo tours', 'charging stations']"
103,Faro,Portugal,Historic Site/Landmark,Alfama Heritage Walk,"Alfama Heritage Walk is a historic site in Faro, Portugal, popular for its memorable experiences. Entry fee is 26.79 USD. Recommended visit: 2 hours. Discover Alfama Heritage Walk, a notable historic site in Faro, Portugal, ideal for visitors. Open 08:30-17:30, entry 26.79 USD.",26.79,08:30-17:30,2 hours,3.5,"574 Shuri Street, Faro",36.96834985168731,-7.884088827342397,"['with children', 'solo women', 'business travelers']","['Restrooms', 'Information Desk', 'Restaurant', 'Souvenir Shop', 'First Aid Station', 'Luggage Storage', 'family restrooms', 'Nursing facilities', 'group tours', 'security', 'High speed WiFi']"
104,Faro,Portugal,Historic Site/Landmark,Alfama Martial Arts Hall,"Alfama Martial Arts Hall is a historic site in Faro, Portugal, popular for its memorable experiences. Entry fee is 0.0 USD. Recommended visit: 2 hours. Discover Alfama Martial Arts Hall, a notable historic site in Faro, Portugal, ideal for visitors. Open 09:00-22:00, entry 0.0 USD.",0.0,09:00-22:00,2 hours,3.5,"877 Telok Blangah Road, Faro",36.98221397126035,-7.86941126916701,"['road trip', 'luxury travelers', 'business travelers']","['Restrooms', 'Information Desk', 'Restaurant', 'Souvenir Shop', 'First Aid Station', 'Luggage Storage', 'parking', 'private tours', 'skip the line passes', 'VIP exclusive events', 'High speed WiFi']"
105,Faro,Portugal,Historic Site/Landmark,Cape of Reflections,"Cape of Reflections is a historic site in Faro, Portugal, popular for its memorable experiences. Entry fee is 1.4 USD. Recommended visit: 2 hours. Discover Cape of Reflections, a notable historic site in Faro, Portugal, ideal for visitors. Open 08:30-17:30, entry 1.4 USD.",1.4,08:30-17:30,2 hours,3.5,"790 Shima Street, Nakamura City, Faro",37.10663487798624,-7.894169400225765,"['with children', 'foodie', 'couples trip']","['Restrooms', 'Information Desk', 'Restaurant', 'Souvenir Shop', 'First Aid Station', 'Luggage Storage', 'family restrooms', 'Nursing facilities', 'Food markets', 'tasting tours', 'scenic spots', 'sunset cruises', 'special couples experiences']"
106,Faro,Portugal,Historic Site/Landmark,Alfama Heritage Ensemble,"Alfama Heritage Ensemble is a historic site in Faro, Portugal, popular for its memorable experiences. Entry fee is 24.92 USD. Recommended visit: 2 hours. Discover Alfama Heritage Ensemble, a notable historic site in Faro, Portugal, ideal for visitors. Open 10:00-18:00, entry 24.92 USD.",24.92,10:00-18:00,2 hours,3.5,"110 Seogwipo Road, Faro",37.115159749898666,-7.995155821996844,"['luxury travelers', 'elderly travelers']","['Restrooms', 'Information Desk', 'Restaurant', 'Souvenir Shop', 'First Aid Station', 'Luggage Storage', 'private tours', 'skip the line passes', 'VIP exclusive events', 'wheelchair rental', 'benches/rest areas']"
107,Faro,Portugal,Historic Site/Landmark,Golden Horizon Observatory,"Golden Horizon Observatory is a historic site in Faro, Portugal, popular for its memorable experiences. Entry fee is 2.79 USD. Recommended visit: 2 hours. Discover Golden Horizon Observatory, a notable historic site in Faro, Portugal, ideal for visitors. Open 08:30-17:00, entry 2.79 USD.",2.79,08:30-17:00,2 hours,3.5,"No. 567, Xishan Road, Faro",37.00376956819457,-7.87123256190424,"['photography', 'disabled traveler', 'business travelers']","['Restrooms', 'Information Desk', 'Restaurant', 'Souvenir Shop', 'First Aid Station', 'Luggage Storage', 'photo spots', 'guided photo tours', 'charging stations', 'ramps', 'elevators', 'wheelchair rentals', 'accessible restrooms', 'High speed WiFi']"
108,Faro,Portugal,Historic Site/Landmark,Casa das Ervas Antigas,"Casa das Ervas Antigas is a historic site in Faro, Portugal, popular for its memorable experiences. Entry fee is 5.38 USD. Recommended visit: 2 hours. Discover Casa das Ervas Antigas, a notable historic site in Faro, Portugal, ideal for visitors. Open 08:00-18:00, entry 5.38 USD.",5.38,08:00-18:00,2 hours,3.5,"156 Zhongshan Road, Faro",36.99258457259808,-7.928852040860295,"['nightlife enthusiast', 'photography', 'road trip']","['Restrooms', 'Information Desk', 'Restaurant', 'Souvenir Shop', 'First Aid Station', 'Luggage Storage', 'night markets', 'bars', 'evening shows', 'photo spots', 'guided photo tours', 'charging stations', 'parking']"
109,Faro,Portugal,Historic Site/Landmark,Casa do Sol Observation Terrace,"Casa do Sol Observation Terrace is a historic site in Faro, Portugal, popular for its memorable experiences. Entry fee is 7.84 USD. Recommended visit: 2 hours. Discover Casa do Sol Observation Terrace, a notable historic site in Faro, Portugal, ideal for visitors. Open 09:00-17:00, entry 7.84 USD.",7.84,09:00-17:00,2 hours,3.5,"No. 125 Sheshan Road, Faro",37.12680939468541,-7.933341660279368,"['with children', 'with pets', 'foodie']","['Restrooms', 'Information Desk', 'Restaurant', 'Souvenir Shop', 'First Aid Station', 'Luggage Storage', 'family restrooms', 'Nursing facilities', 'Pet-friendly', 'pet water stations', 'Pet rest area', 'Food markets', 'tasting tours']"
110,Faro,Portugal,Historic Site/Landmark,Moonstone Citadel,"Moonstone Citadel is a historic site in Faro, Portugal, popular for its memorable experiences. Entry fee is 11.68 USD. Recommended visit: 2 hours. Discover Moonstone Citadel, a notable historic site in Faro, Portugal, ideal for visitors. Open 09:00-21:00, entry 11.68 USD.",11.68,09:00-21:00,2 hours,3.5,"No. 456 Cultural Lane, Faro",37.08162350257464,-7.863575666530726,"['with pets', 'luxury travelers']","['Restrooms', 'Information Desk', 'Restaurant', 'Souvenir Shop', 'First Aid Station', 'Luggage Storage', 'Pet-friendly', 'pet water stations', 'Pet rest area', 'private tours', 'skip the line passes', 'VIP exclusive events']"
111,Faro,Portugal,Historic Site/Landmark,Cove of Echoes Thermal Ritual,"Cove of Echoes Thermal Ritual is a historic site in Faro, Portugal, popular for its memorable experiences. Entry fee is 7.0 USD. Recommended visit: 2 hours. Discover Cove of Echoes Thermal Ritual, a notable historic site in Faro, Portugal, ideal for visitors. Open 08:30-19:00, entry 7.0 USD.",7.0,08:30-19:00,2 hours,3.5,"656-889, Koura-machi, Faro",36.99628208112478,-7.945637128071988,"['couples trip', 'elderly travelers', 'luxury travelers']","['Restrooms', 'Information Desk', 'Restaurant', 'Souvenir Shop', 'First Aid Station', 'Luggage Storage', 'scenic spots', 'sunset cruises', 'special couples experiences', 'wheelchair rental', 'benches/rest areas', 'private tours', 'skip the line passes', 'VIP exclusive events']"
112,Faro,Portugal,Historic Site/Landmark,Tideborne Hall,"Tideborne Hall is a historic site in Faro, Portugal, popular for its memorable experiences. Entry fee is 9.73 USD. Recommended visit: 2 hours. Discover Tideborne Hall, a notable historic site in Faro, Portugal, ideal for visitors. Open 09:00-17:00, entry 9.73 USD.",9.73,09:00-17:00,2 hours,3.5,"357 Sakura Street, Naka-ku, Faro",36.96901321801381,-7.909057514887224,"['nightlife enthusiast', 'with children', 'solo women']","['Restrooms', 'Information Desk', 'Restaurant', 'Souvenir Shop', 'First Aid Station', 'Luggage Storage', 'night markets', 'bars', 'evening shows', 'family restrooms', 'Nursing facilities', 'group tours', 'security']"
113,Faro,Portugal,Historic Site/Landmark,Casa dos Velhos e Livraria Antiga,"Casa dos Velhos e Livraria Antiga is a historic site in Faro, Portugal, popular for its memorable experiences. Entry fee is 474.46 USD. Recommended visit: 2 hours. Discover Casa dos Velhos e Livraria Antiga, a notable historic site in Faro, Portugal, ideal for visitors. Open 09:00-17:30, entry 474.46 USD.",474.46,09:00-17:30,2 hours,3.5,"No. 456 Cultural Plaza, Faro",37.10601089166267,-7.882452244143921,"['nightlife enthusiast', 'elderly travelers', 'business travelers']","['Restrooms', 'Information Desk', 'Restaurant', 'Souvenir Shop', 'First Aid Station', 'Luggage Storage', 'night markets', 'bars', 'evening shows', 'wheelchair rental', 'benches/rest areas', 'High speed WiFi']"
114,Faro,Portugal,Historic Site/Landmark,Casa do Luta Antiga,"Casa do Luta Antiga is a historic site in Faro, Portugal, popular for its memorable experiences. Entry fee is 114.46 USD. Recommended visit: 2 hours. Discover Casa do Luta Antiga, a notable historic site in Faro, Portugal, ideal for visitors. Open 19:30-22:30, entry 114.46 USD.",114.46,19:30-22:30,2 hours,3.5,"No. 456 Riverside Avenue, Faro",37.09341441117563,-7.856085153887033,"['nightlife enthusiast', 'with pets', 'luxury travelers']","['Restrooms', 'Information Desk', 'Restaurant', 'Souvenir Shop', 'First Aid Station', 'Luggage Storage', 'night markets', 'bars', 'evening shows', 'Pet-friendly', 'pet water stations', 'Pet rest area', 'private tours', 'skip the line passes', 'VIP exclusive events']"
115,Faro,Portugal,Historic Site/Landmark,Alfama Heritage Theater,"Alfama Heritage Theater is a historic site in Faro, Portugal, popular for its memorable experiences. Entry fee is 78.46 USD. Recommended visit: 2 hours. Discover Alfama Heritage Theater, a notable historic site in Faro, Portugal, ideal for visitors. Open 09:00-17:30, entry 78.46 USD.",78.46,09:00-17:30,2 hours,3.5,"No. 456, Zhongguancun Road, Faro",36.980328576434125,-7.877174960649095,"['luxury travelers', 'elderly travelers', 'business travelers']","['Restrooms', 'Information Desk', 'Restaurant', 'Souvenir Shop', 'First Aid Station', 'Luggage Storage', 'private tours', 'skip the line passes', 'VIP exclusive events', 'wheelchair rental', 'benches/rest areas', 'High speed WiFi']"
116,Faro,Portugal,Historic Site/Landmark,Algarve Heritage Walk No.2,"Algarve Heritage Walk is a historic site in Faro, Portugal, popular for its memorable experiences. Entry fee is 6.23 USD. Recommended visit: 2 hours. Discover Algarve Heritage Walk, a notable historic site in Faro, Portugal, ideal for visitors. Open 09:00-17:30, entry 6.23 USD.",6.23,09:00-17:30,2 hours,3.5,"138-8-10 Shibuya Hachiko Street, Faro",36.96831280715932,-7.910603347860828,"['nightlife enthusiast', 'foodie']","['Restrooms', 'Information Desk', 'Restaurant', 'Souvenir Shop', 'First Aid Station', 'Luggage Storage', 'night markets', 'bars', 'evening shows', 'Food markets', 'tasting tours']"
117,Faro,Portugal,Historic Site/Landmark,Alfama Heritage Hall,"Alfama Heritage Hall is a historic site in Faro, Portugal, popular for its memorable experiences. Entry fee is 42.0 USD. Recommended visit: 2 hours. Discover Alfama Heritage Hall, a notable historic site in Faro, Portugal, ideal for visitors. Open 10:00-19:00, entry 42.0 USD.",42.0,10:00-19:00,2 hours,3.5,"No. 456, Cultural Avenue, Faro",37.05280890357038,-7.952072692250126,"['fast-paced budget travel', 'foodie', 'road trip']","['Restrooms', 'Information Desk', 'Restaurant', 'Souvenir Shop', 'First Aid Station', 'Luggage Storage', 'city passes', 'luggage storage', 'self-guided tours', 'Food markets', 'tasting tours', 'parking']"
118,Faro,Portugal,Historic Site/Landmark,Vale dos Velhos Heritage Center,"Vale dos Velhos Heritage Center is a historic site in Faro, Portugal, popular for its memorable experiences. Entry fee is 50.54 USD. Recommended visit: 2 hours. Discover Vale dos Velhos Heritage Center, a notable historic site in Faro, Portugal, ideal for visitors. Open 08:30-17:30, entry 50.54 USD.",50.54,08:30-17:30,2 hours,3.5,"No. 456, Zhongshan Road, Faro",37.11885173863724,-7.940710430550412,"['with children', 'luxury travelers', 'disabled traveler']","['Restrooms', 'Information Desk', 'Restaurant', 'Souvenir Shop', 'First Aid Station', 'Luggage Storage', 'family restrooms', 'Nursing facilities', 'private tours', 'skip the line passes', 'VIP exclusive events', 'ramps', 'elevators', 'wheelchair rentals', 'accessible restrooms']"
119,Faro,Portugal,Historic Site/Landmark,Alfama Heritage Walk No.2,"Alfama Heritage Walk is a historic site in Faro, Portugal, popular for its memorable experiences. Entry fee is 36.54 USD. Recommended visit: 2 hours. Discover Alfama Heritage Walk, a notable historic site in Faro, Portugal, ideal for visitors. Open 08:30-17:30, entry 36.54 USD.",36.54,08:30-17:30,2 hours,3.5,"250 Nakamise Street, Asakusa, Faro",37.115031438123786,-7.992567687269798,"['fast-paced budget travel', 'with pets', 'business travelers']","['Restrooms', 'Information Desk', 'Restaurant', 'Souvenir Shop', 'First Aid Station', 'Luggage Storage', 'city passes', 'luggage storage', 'self-guided tours', 'Pet-friendly', 'pet water stations', 'Pet rest area', 'High speed WiFi']"
120,Faro,Portugal,Historic Site/Landmark,Celestial Haven Shrine,"Celestial Haven Shrine is a historic site in Faro, Portugal, popular for its memorable experiences. Entry fee is 15.16 USD. Recommended visit: 2 hours. Discover Celestial Haven Shrine, a notable historic site in Faro, Portugal, ideal for visitors. Open 08:30-17:00, entry 15.16 USD.",15.16,08:30-17:00,2 hours,3.5,"656 Suthep Road, Faro",37.02345723734628,-7.892386651300209,"['nightlife enthusiast', 'with pets', 'luxury travelers']","['Restrooms', 'Information Desk', 'Restaurant', 'Souvenir Shop', 'First Aid Station', 'Luggage Storage', 'night markets', 'bars', 'evening shows', 'Pet-friendly', 'pet water stations', 'Pet rest area', 'private tours', 'skip the line passes', 'VIP exclusive events']"
121,Faro,Portugal,Historic Site/Landmark,Echoing Stones,"Echoing Stones is a historic site in Faro, Portugal, popular for its memorable experiences. Entry fee is 21.77 USD. Recommended visit: 2 hours. Discover Echoing Stones, a notable historic site in Faro, Portugal, ideal for visitors. Open 09:00-18:00, entry 21.77 USD.",21.77,09:00-18:00,2 hours,3.5,"No. 456, Xiamen Bay Road, Faro",37.047208905043,-7.953703988890439,"['fast-paced budget travel', 'photography', 'disabled traveler']","['Restrooms', 'Information Desk', 'Restaurant', 'Souvenir Shop', 'First Aid Station', 'Luggage Storage', 'city passes', 'luggage storage', 'self-guided tours', 'photo spots', 'guided photo tours', 'charging stations', 'ramps', 'elevators', 'wheelchair rentals', 'accessible restrooms']"
122,Faro,Portugal,Museum/Art Gallery,Lisbonia Echo Gallery,"Lisbonia Echo Gallery is a museum in Faro, Portugal, popular for its unique collections and exhibitions. Entry fee is 12.28 USD. Recommended visit: 2 hours. Discover Lisbonia Echo Gallery, a renowned museum in Faro, Portugal, ideal for art lovers. Open 19:00-22:00, entry 12.28 USD.",12.28,19:00-22:00,2 hours,4.0,"910-8 Shinkocho, Faro",37.084853542205046,-7.848073265998147,['with pets'],"['Restrooms', 'Information Desk', 'Restaurant', 'Souvenir Shop', 'First Aid Station', 'Luggage Storage', 'Pet-friendly', 'pet water stations', 'Pet rest area']"
123,Faro,Portugal,Museum/Art Gallery,Echoes of the Subterranean,"Echoes of the Subterranean is a museum in Faro, Portugal, popular for its unique collections and exhibitions. Entry fee is 4.57 USD. Recommended visit: 2 hours. Discover Echoes of the Subterranean, a renowned museum in Faro, Portugal, ideal for art lovers. Open 09:00-18:00, entry 4.57 USD.",4.57,09:00-18:00,2 hours,4.0,"506 Sakura Street, Nishi-ku, Faro",36.9741806749829,-7.89896009163039,"['fast-paced budget travel', 'foodie']","['Restrooms', 'Information Desk', 'Restaurant', 'Souvenir Shop', 'First Aid Station', 'Luggage Storage', 'city passes', 'luggage storage', 'self-guided tours', 'Food markets', 'tasting tours']"
124,Faro,Portugal,Museum/Art Gallery,Lisbona Heritage Hub,"Lisbona Heritage Hub is a museum in Faro, Portugal, popular for its unique collections and exhibitions. Entry fee is 6.37 USD. Recommended visit: 2 hours. Discover Lisbona Heritage Hub, a renowned museum in Faro, Portugal, ideal for art lovers. Open 10:00-20:00, entry 6.37 USD.",6.37,10:00-20:00,2 hours,4.0,"No. 456, Xuhui Park Road, Faro",37.06689047702292,-7.929048658791739,"['fast-paced budget travel', 'solo women']","['Restrooms', 'Information Desk', 'Restaurant', 'Souvenir Shop', 'First Aid Station', 'Luggage Storage', 'city passes', 'luggage storage', 'self-guided tours', 'group tours', 'security']"
125,Faro,Portugal,Museum/Art Gallery,Algarve Light Contemporary Space,"Algarve Light Contemporary Space is a museum in Faro, Portugal, popular for its unique collections and exhibitions. Entry fee is 0.0 USD. Recommended visit: 2 hours. Discover Algarve Light Contemporary Space, a renowned museum in Faro, Portugal, ideal for art lovers. Open 11:00-21:00, entry 0.0 USD.",0.0,11:00-21:00,2 hours,4.0,"No. 456, Zhongshan Road, Faro",37.09418543013761,-7.980908096195739,"['foodie', 'photography', 'couples trip']","['Restrooms', 'Information Desk', 'Restaurant', 'Souvenir Shop', 'First Aid Station', 'Luggage Storage', 'Food markets', 'tasting tours', 'photo spots', 'guided photo tours', 'charging stations', 'scenic spots', 'sunset cruises', 'special couples experiences']"
126,Faro,Portugal,Museum/Art Gallery,The Whispering Porcelain Gallery,"The Whispering Porcelain Gallery is a museum in Faro, Portugal, popular for its unique collections and exhibitions. Entry fee is 9.17 USD. Recommended visit: 2 hours. Discover The Whispering Porcelain Gallery, a renowned museum in Faro, Portugal, ideal for art lovers. Open 09:30-17:00, entry 9.17 USD.",9.17,09:30-17:00,2 hours,4.0,"146 Gukje-ro, Geumjeong-gu, Faro",36.99123753489579,-7.964889791062146,"['couples trip', 'luxury travelers']","['Restrooms', 'Information Desk', 'Restaurant', 'Souvenir Shop', 'First Aid Station', 'Luggage Storage', 'scenic spots', 'sunset cruises', 'special couples experiences', 'private tours', 'skip the line passes', 'VIP exclusive events']"
127,Faro,Portugal,Museum/Art Gallery,Luminous Wilds of Faro,"Luminous Wilds of Faro is a museum in Faro, Portugal, popular for its unique collections and exhibitions. Entry fee is 9.52 USD. Recommended visit: 2 hours. Discover Luminous Wilds of Faro, a renowned museum in Faro, Portugal, ideal for art lovers. Open 08:30-17:00, entry 9.52 USD.",9.52,08:30-17:00,2 hours,4.0,"No. 888, Xixi Road, Faro",37.0618381014328,-7.958470598463045,"['fast-paced budget travel', 'photography', 'couples trip']","['Restrooms', 'Information Desk', 'Restaurant', 'Souvenir Shop', 'First Aid Station', 'Luggage Storage', 'city passes', 'luggage storage', 'self-guided tours', 'photo spots', 'guided photo tours', 'charging stations', 'scenic spots', 'sunset cruises', 'special couples experiences']"
128,Faro,Portugal,Museum/Art Gallery,Echoes of the Coastal Realm,"Echoes of the Coastal Realm is a museum in Faro, Portugal, popular for its unique collections and exhibitions. Entry fee is 14.47 USD. Recommended visit: 2 hours. Discover Echoes of the Coastal Realm, a renowned museum in Faro, Portugal, ideal for art lovers. Open 08:30-17:30, entry 14.47 USD.",14.47,08:30-17:30,2 hours,4.0,"No. 456, Cultural Square, Beilin District, Faro",37.00022078705877,-7.871661870516178,['solo women'],"['Restrooms', 'Information Desk', 'Restaurant', 'Souvenir Shop', 'First Aid Station', 'Luggage Storage', 'group tours', 'security']"
129,Faro,Portugal,Museum/Art Gallery,Algarve Modern Vision Gallery,"Algarve Modern Vision Gallery is a museum in Faro, Portugal, popular for its unique collections and exhibitions. Entry fee is 52.55 USD. Recommended visit: 2 hours. Discover Algarve Modern Vision Gallery, a renowned museum in Faro, Portugal, ideal for art lovers. Open 09:00-17:30, entry 52.55 USD.",52.55,09:00-17:30,2 hours,4.0,"739/18 Maha Chai Road, Watthana District, Faro",37.11003907332386,-7.852358005510057,"['fast-paced budget travel', 'with pets', 'disabled traveler']","['Restrooms', 'Information Desk', 'Restaurant', 'Souvenir Shop', 'First Aid Station', 'Luggage Storage', 'city passes', 'luggage storage', 'self-guided tours', 'Pet-friendly', 'pet water stations', 'Pet rest area', 'ramps', 'elevators', 'wheelchair rentals', 'accessible restrooms']"
130,Faro,Portugal,Museum/Art Gallery,Algarve Heritage House,"Algarve Heritage House is a museum in Faro, Portugal, popular for its unique collections and exhibitions. Entry fee is 7.79 USD. Recommended visit: 2 hours. Discover Algarve Heritage House, a renowned museum in Faro, Portugal, ideal for art lovers. Open 09:00-17:30, entry 7.79 USD.",7.79,09:00-17:30,2 hours,4.0,"587 Shinsaibashi Dori, Chuo Ward, Faro",37.003840749641576,-7.9758647456236655,['with children'],"['Restrooms', 'Information Desk', 'Restaurant', 'Souvenir Shop', 'First Aid Station', 'Luggage Storage', 'family restrooms', 'Nursing facilities']"
131,Faro,Portugal,Museum/Art Gallery,SweetForge Confectionery Studio,"SweetForge Confectionery Studio is a museum in Faro, Portugal, popular for its unique collections and exhibitions. Entry fee is 7.46 USD. Recommended visit: 2 hours. Discover SweetForge Confectionery Studio, a renowned museum in Faro, Portugal, ideal for art lovers. Open 10:00-18:00, entry 7.46 USD.",7.46,10:00-18:00,2 hours,4.0,"222 Charoenkrung Road, Samphanthawong District, Faro",37.0913343535328,-7.915246034164955,"['road trip', 'photography', 'business travelers']","['Restrooms', 'Information Desk', 'Restaurant', 'Souvenir Shop', 'First Aid Station', 'Luggage Storage', 'parking', 'photo spots', 'guided photo tours', 'charging stations', 'High speed WiFi']"
132,Faro,Portugal,Museum/Art Gallery,Shadowplay Fusion,"Shadowplay Fusion is a museum in Faro, Portugal, popular for its unique collections and exhibitions. Entry fee is 24.92 USD. Recommended visit: 2 hours. Discover Shadowplay Fusion, a renowned museum in Faro, Portugal, ideal for art lovers. Open 09:30-17:00, entry 24.92 USD.",24.92,09:30-17:00,2 hours,4.0,"No. 456, West Lake Cultural Street, Faro",37.08875919628986,-7.955391939078439,"['nightlife enthusiast', 'disabled traveler', 'elderly travelers']","['Restrooms', 'Information Desk', 'Restaurant', 'Souvenir Shop', 'First Aid Station', 'Luggage Storage', 'night markets', 'bars', 'evening shows', 'ramps', 'elevators', 'wheelchair rentals', 'accessible restrooms', 'wheelchair rental', 'benches/rest areas']"
133,Faro,Portugal,Museum/Art Gallery,Abyssal Horizon Marine Gallery,"Abyssal Horizon Marine Gallery is a museum in Faro, Portugal, popular for its unique collections and exhibitions. Entry fee is 19.51 USD. Recommended visit: 2 hours. Discover Abyssal Horizon Marine Gallery, a renowned museum in Faro, Portugal, ideal for art lovers. Open 09:00-17:30, entry 19.51 USD.",19.51,09:00-17:30,2 hours,4.0,"No. 123, Xicheng Science Park, Faro",37.0993277377496,-7.927213148679538,"['solo women', 'couples trip', 'business travelers']","['Restrooms', 'Information Desk', 'Restaurant', 'Souvenir Shop', 'First Aid Station', 'Luggage Storage', 'group tours', 'security', 'scenic spots', 'sunset cruises', 'special couples experiences', 'High speed WiFi']"
134,Faro,Portugal,Museum/Art Gallery,Echoes of the Algarve No.2,"Echoes of the Algarve is a museum in Faro, Portugal, popular for its unique collections and exhibitions. Entry fee is 15.9 USD. Recommended visit: 2 hours. Discover Echoes of the Algarve, a renowned museum in Faro, Portugal, ideal for art lovers. Open 09:30-17:00, entry 15.9 USD.",15.9,09:30-17:00,2 hours,4.0,"No. 456 Xinle Road, Faro",37.04826908561018,-7.888072281466706,"['nightlife enthusiast', 'solo women', 'photography']","['Restrooms', 'Information Desk', 'Restaurant', 'Souvenir Shop', 'First Aid Station', 'Luggage Storage', 'night markets', 'bars', 'evening shows', 'group tours', 'security', 'photo spots', 'guided photo tours', 'charging stations']"
135,Faro,Portugal,Museum/Art Gallery,Cape Canvas Walk,"Cape Canvas Walk is a museum in Faro, Portugal, popular for its unique collections and exhibitions. Entry fee is 8.31 USD. Recommended visit: 2 hours. Discover Cape Canvas Walk, a renowned museum in Faro, Portugal, ideal for art lovers. Open 09:00-17:30, entry 8.31 USD.",8.31,09:00-17:30,2 hours,4.0,"No. 125 Xujiahui Road, Faro",37.048197030410414,-7.942820914974243,"['business travelers', 'disabled traveler', 'road trip']","['Restrooms', 'Information Desk', 'Restaurant', 'Souvenir Shop', 'First Aid Station', 'Luggage Storage', 'High speed WiFi', 'ramps', 'elevators', 'wheelchair rentals', 'accessible restrooms', 'parking']"
136,Faro,Portugal,Museum/Art Gallery,Echoes of Time Artisan Studio,"Echoes of Time Artisan Studio is a museum in Faro, Portugal, popular for its unique collections and exhibitions. Entry fee is 5.61 USD. Recommended visit: 2 hours. Discover Echoes of Time Artisan Studio, a renowned museum in Faro, Portugal, ideal for art lovers. Open 09:00-17:30, entry 5.61 USD.",5.61,09:00-17:30,2 hours,4.0,"638 Seaside Promenade, Faro",37.12209966475027,-7.839250880442045,"['nightlife enthusiast', 'fast-paced budget travel', 'business travelers']","['Restrooms', 'Information Desk', 'Restaurant', 'Souvenir Shop', 'First Aid Station', 'Luggage Storage', 'night markets', 'bars', 'evening shows', 'city passes', 'luggage storage', 'self-guided tours', 'High speed WiFi']"
137,Faro,Portugal,Museum/Art Gallery,Casa das Cores e Sabores,"Casa das Cores e Sabores is a museum in Faro, Portugal, popular for its unique collections and exhibitions. Entry fee is 3.78 USD. Recommended visit: 2 hours. Discover Casa das Cores e Sabores, a renowned museum in Faro, Portugal, ideal for art lovers. Open 10:00-19:00, entry 3.78 USD.",3.78,10:00-19:00,2 hours,4.0,"339 Chalong Beach Road, Faro",37.05962106819375,-7.905514080874853,"['couples trip', 'road trip']","['Restrooms', 'Information Desk', 'Restaurant', 'Souvenir Shop', 'First Aid Station', 'Luggage Storage', 'scenic spots', 'sunset cruises', 'special couples experiences', 'parking']"
138,Faro,Portugal,Museum/Art Gallery,Alfama Heritage Showcase,"Alfama Heritage Showcase is a museum in Faro, Portugal, popular for its unique collections and exhibitions. Entry fee is 286.14 USD. Recommended visit: 2 hours. Discover Alfama Heritage Showcase, a renowned museum in Faro, Portugal, ideal for art lovers. Open 10:00-17:00, entry 286.14 USD.",286.14,10:00-17:00,2 hours,4.0,"900 Ssangmundong-ro, Yongsan-gu, Faro",36.98559299107081,-7.956876475488291,"['nightlife enthusiast', 'with pets', 'luxury travelers']","['Restrooms', 'Information Desk', 'Restaurant', 'Souvenir Shop', 'First Aid Station', 'Luggage Storage', 'night markets', 'bars', 'evening shows', 'Pet-friendly', 'pet water stations', 'Pet rest area', 'private tours', 'skip the line passes', 'VIP exclusive events']"
139,Faro,Portugal,Museum/Art Gallery,Luminous Heritage Gallery,"Luminous Heritage Gallery is a museum in Faro, Portugal, popular for its unique collections and exhibitions. Entry fee is 10.4 USD. Recommended visit: 2 hours. Discover Luminous Heritage Gallery, a renowned museum in Faro, Portugal, ideal for art lovers. Open 10:00-22:00, entry 10.4 USD.",10.4,10:00-22:00,2 hours,4.0,"671 Sathorn Road, Watthana District, Faro",37.057967926068,-7.893158217131071,"['elderly travelers', 'with pets', 'disabled traveler']","['Restrooms', 'Information Desk', 'Restaurant', 'Souvenir Shop', 'First Aid Station', 'Luggage Storage', 'wheelchair rental', 'benches/rest areas', 'Pet-friendly', 'pet water stations', 'Pet rest area', 'ramps', 'elevators', 'wheelchair rentals', 'accessible restrooms']"
140,Faro,Portugal,Museum/Art Gallery,Echoes of the Algarve Gallery,"Echoes of the Algarve Gallery is a museum in Faro, Portugal, popular for its unique collections and exhibitions. Entry fee is 4.35 USD. Recommended visit: 2 hours. Discover Echoes of the Algarve Gallery, a renowned museum in Faro, Portugal, ideal for art lovers. Open 09:00-18:00, entry 4.35 USD.",4.35,09:00-18:00,2 hours,4.0,"526 Gwangnaru-ro, Mapo-gu, Faro",36.993418694635,-7.952273467663097,"['photography', 'with pets', 'couples trip']","['Restrooms', 'Information Desk', 'Restaurant', 'Souvenir Shop', 'First Aid Station', 'Luggage Storage', 'photo spots', 'guided photo tours', 'charging stations', 'Pet-friendly', 'pet water stations', 'Pet rest area', 'scenic spots', 'sunset cruises', 'special couples experiences']"
141,Faro,Portugal,Museum/Art Gallery,Algarve Heritage Fighting Gallery,"Algarve Heritage Fighting Gallery is a museum in Faro, Portugal, popular for its unique collections and exhibitions. Entry fee is 7.0 USD. Recommended visit: 2 hours. Discover Algarve Heritage Fighting Gallery, a renowned museum in Faro, Portugal, ideal for art lovers. Open 09:00-17:30, entry 7.0 USD.",7.0,09:00-17:30,2 hours,4.0,"120 Shinsaibashi Dori, Chuo Ward, Faro",36.967416523525806,-7.900290977423158,"['fast-paced budget travel', 'solo women', 'elderly travelers']","['Restrooms', 'Information Desk', 'Restaurant', 'Souvenir Shop', 'First Aid Station', 'Luggage Storage', 'city passes', 'luggage storage', 'self-guided tours', 'group tours', 'security', 'wheelchair rental', 'benches/rest areas']"
142,Faro,Portugal,Museum/Art Gallery,Algarve Heritage and Mindspace Gallery,"Algarve Heritage and Mindspace Gallery is a museum in Faro, Portugal, popular for its unique collections and exhibitions. Entry fee is 6.2 USD. Recommended visit: 2 hours. Discover Algarve Heritage and Mindspace Gallery, a renowned museum in Faro, Portugal, ideal for art lovers. Open 10:00-19:00, entry 6.2 USD.",6.2,10:00-19:00,2 hours,4.0,"No. 128, Lingyin Road, Xihu District, Faro",37.09439688983449,-7.975314975259251,"['fast-paced budget travel', 'elderly travelers', 'road trip']","['Restrooms', 'Information Desk', 'Restaurant', 'Souvenir Shop', 'First Aid Station', 'Luggage Storage', 'city passes', 'luggage storage', 'self-guided tours', 'wheelchair rental', 'benches/rest areas', 'parking']"
143,Faro,Portugal,Museum/Art Gallery,Algarve Heritage Gallery,"Algarve Heritage Gallery is a museum in Faro, Portugal, popular for its unique collections and exhibitions. Entry fee is 37.37 USD. Recommended visit: 2 hours. Discover Algarve Heritage Gallery, a renowned museum in Faro, Portugal, ideal for art lovers. Open 10:00-17:30, entry 37.37 USD.",37.37,10:00-17:30,2 hours,4.0,"No. 188, Guangming Road, Faro",37.02068901534688,-7.890434023564496,"['foodie', 'luxury travelers']","['Restrooms', 'Information Desk', 'Restaurant', 'Souvenir Shop', 'First Aid Station', 'Luggage Storage', 'Food markets', 'tasting tours', 'private tours', 'skip the line passes', 'VIP exclusive events']"
144,Faro,Portugal,Museum/Art Gallery,Echoes of the Algarve No.3,"Echoes of the Algarve is a museum in Faro, Portugal, popular for its unique collections and exhibitions. Entry fee is 28.12 USD. Recommended visit: 2 hours. Discover Echoes of the Algarve, a renowned museum in Faro, Portugal, ideal for art lovers. Open 10:00-22:00, entry 28.12 USD.",28.12,10:00-22:00,2 hours,4.0,"827, Gwangjang-ro, Jongno-gu, Faro",36.96286732680351,-7.881214290124391,"['nightlife enthusiast', 'with pets', 'road trip']","['Restrooms', 'Information Desk', 'Restaurant', 'Souvenir Shop', 'First Aid Station', 'Luggage Storage', 'night markets', 'bars', 'evening shows', 'Pet-friendly', 'pet water stations', 'Pet rest area', 'parking']"
145,Faro,Portugal,Museum/Art Gallery,Marine Legends and Artifacts Gallery,"Marine Legends and Artifacts Gallery is a museum in Faro, Portugal, popular for its unique collections and exhibitions. Entry fee is 8.63 USD. Recommended visit: 2 hours. Discover Marine Legends and Artifacts Gallery, a renowned museum in Faro, Portugal, ideal for art lovers. Open 10:00-20:00, entry 8.63 USD.",8.63,10:00-20:00,2 hours,4.0,"827, Gwangjang-ro, Jongno-gu, Faro",37.00423730711586,-7.98282569390428,"['with pets', 'couples trip', 'elderly travelers']","['Restrooms', 'Information Desk', 'Restaurant', 'Souvenir Shop', 'First Aid Station', 'Luggage Storage', 'Pet-friendly', 'pet water stations', 'Pet rest area', 'scenic spots', 'sunset cruises', 'special couples experiences', 'wheelchair rental', 'benches/rest areas']"
146,Faro,Portugal,Museum/Art Gallery,Echoes of the Algarve No.4,"Echoes of the Algarve is a museum in Faro, Portugal, popular for its unique collections and exhibitions. Entry fee is 15.12 USD. Recommended visit: 2 hours. Discover Echoes of the Algarve, a renowned museum in Faro, Portugal, ideal for art lovers. Open 09:00-17:00, entry 15.12 USD.",15.12,09:00-17:00,2 hours,4.0,"507 Sukhumvit Road, Khlong Toei District, Faro",37.04676449642038,-7.981490180970677,"['fast-paced budget travel', 'with pets', 'road trip']","['Restrooms', 'Information Desk', 'Restaurant', 'Souvenir Shop', 'First Aid Station', 'Luggage Storage', 'city passes', 'luggage storage', 'self-guided tours', 'Pet-friendly', 'pet water stations', 'Pet rest area', 'parking']"
147,Faro,Portugal,Museum/Art Gallery,Echoes of the Coastal Craft,"Echoes of the Coastal Craft is a museum in Faro, Portugal, popular for its unique collections and exhibitions. Entry fee is 16.33 USD. Recommended visit: 2 hours. Discover Echoes of the Coastal Craft, a renowned museum in Faro, Portugal, ideal for art lovers. Open 09:00-17:30, entry 16.33 USD.",16.33,09:00-17:30,2 hours,4.0,"824 Gukje-ro, Gwangjin-gu, Faro",37.048473192863966,-7.929272281684386,"['fast-paced budget travel', 'couples trip', 'foodie']","['Restrooms', 'Information Desk', 'Restaurant', 'Souvenir Shop', 'First Aid Station', 'Luggage Storage', 'city passes', 'luggage storage', 'self-guided tours', 'scenic spots', 'sunset cruises', 'special couples experiences', 'Food markets', 'tasting tours']"
148,Faro,Portugal,Museum/Art Gallery,Luminous Horizon Interactive Gallery,"Luminous Horizon Interactive Gallery is a museum in Faro, Portugal, popular for its unique collections and exhibitions. Entry fee is 86.45 USD. Recommended visit: 2 hours. Discover Luminous Horizon Interactive Gallery, a renowned museum in Faro, Portugal, ideal for art lovers. Open 09:30-17:00, entry 86.45 USD.",86.45,09:30-17:00,2 hours,4.0,"579 Seocho-ro, Geumjeong-gu, Faro",37.1206275352954,-7.977154499316147,"['nightlife enthusiast', 'photography', 'elderly travelers']","['Restrooms', 'Information Desk', 'Restaurant', 'Souvenir Shop', 'First Aid Station', 'Luggage Storage', 'night markets', 'bars', 'evening shows', 'photo spots', 'guided photo tours', 'charging stations', 'wheelchair rental', 'benches/rest areas']"
149,Faro,Portugal,Museum/Art Gallery,Echoes of the Forgotten Realm,"Echoes of the Forgotten Realm is a museum in Faro, Portugal, popular for its unique collections and exhibitions. Entry fee is 11.22 USD. Recommended visit: 2 hours. Discover Echoes of the Forgotten Realm, a renowned museum in Faro, Portugal, ideal for art lovers. Open 09:00-21:00, entry 11.22 USD.",11.22,09:00-21:00,2 hours,4.0,"889-87 Shinkocho, Faro",37.12775160791578,-7.948614784951228,"['nightlife enthusiast', 'solo women', 'couples trip']","['Restrooms', 'Information Desk', 'Restaurant', 'Souvenir Shop', 'First Aid Station', 'Luggage Storage', 'night markets', 'bars', 'evening shows', 'group tours', 'security', 'scenic spots', 'sunset cruises', 'special couples experiences']"
150,Faro,Portugal,Museum/Art Gallery,Alfama Heritage Haven,"Alfama Heritage Haven is a museum in Faro, Portugal, popular for its unique collections and exhibitions. Entry fee is 2.77 USD. Recommended visit: 2 hours. Discover Alfama Heritage Haven, a renowned museum in Faro, Portugal, ideal for art lovers. Open 10:00-21:00, entry 2.77 USD.",2.77,10:00-21:00,2 hours,4.0,"409 Sakura Street, Chuo-ku, Faro",36.97975804173603,-7.882591112472642,"['luxury travelers', 'elderly travelers']","['Restrooms', 'Information Desk', 'Restaurant', 'Souvenir Shop', 'First Aid Station', 'Luggage Storage', 'private tours', 'skip the line passes', 'VIP exclusive events', 'wheelchair rental', 'benches/rest areas']"
