attraction_id,city_name,country,type,attraction_name,overview,ticket_price,open_hours,duration_of_visit,rate_of_restaurant,address,latitude,longitude,facilities_group,facilities
1,Fort-de-France,Martinique,Nature/Scenery/Park,Mangrove Mirage Reserve,"Mangrove Mirage Reserve is a nature in Fort-de-France, Martinique, popular for its natural scenery and relaxing atmosphere. Entry fee is 5.6 USD. Recommended visit: 3 hours. Discover Mangrove Mirage Reserve, a peaceful nature in Fort-de-France, Martinique, ideal for nature lovers. Open 08:30-17:00, entry 5.6 USD.",5.6,08:30-17:00,3 hours,3.7,"225 Shinsaibashi Dori, Chuo Ward, Fort-de-France",14.617520747631035,-61.00979142078568,"['with children', 'fast-paced budget travel', 'couples trip']","['Restrooms', 'Information Desk', 'Restaurant', 'Souvenir Shop', 'First Aid Station', 'Luggage Storage', 'family restrooms', 'Nursing facilities', 'city passes', 'luggage storage', 'self-guided tours', 'scenic spots', 'sunset cruises', 'special couples experiences']"
2,Fort-de-France,Martinique,Nature/Scenery/Park,Verdant Veil Canopy Walk,"Verdant Veil Canopy Walk is a nature in Fort-de-France, Martinique, popular for its natural scenery and relaxing atmosphere. Entry fee is 12.32 USD. Recommended visit: 3 hours. Discover Verdant Veil Canopy Walk, a peaceful nature in Fort-de-France, Martinique, ideal for nature lovers. Open 08:30-18:00, entry 12.32 USD.",12.32,08:30-18:00,3 hours,3.7,"249-8654 Shibuya, Fort-de-France",14.604327733504656,-61.05227608727293,"['fast-paced budget travel', 'elderly travelers', 'business travelers']","['Restrooms', 'Information Desk', 'Restaurant', 'Souvenir Shop', 'First Aid Station', 'Luggage Storage', 'city passes', 'luggage storage', 'self-guided tours', 'wheelchair rental', 'benches/rest areas', 'High speed WiFi']"
3,Fort-de-France,Martinique,Nature/Scenery/Park,Verdant Haven Sanctuary,"Verdant Haven Sanctuary is a nature in Fort-de-France, Martinique, popular for its natural scenery and relaxing atmosphere. Entry fee is 2.0 USD. Recommended visit: 3 hours. Discover Verdant Haven Sanctuary, a peaceful nature in Fort-de-France, Martinique, ideal for nature lovers. Open 09:00-17:00, entry 2.0 USD.",2.0,09:00-17:00,3 hours,3.7,"910-8 Shinkocho, Fort-de-France",14.6492460162198,-61.015879927713456,"['with children', 'photography', 'disabled traveler']","['Restrooms', 'Information Desk', 'Restaurant', 'Souvenir Shop', 'First Aid Station', 'Luggage Storage', 'family restrooms', 'Nursing facilities', 'photo spots', 'guided photo tours', 'charging stations', 'ramps', 'elevators', 'wheelchair rentals', 'accessible restrooms']"
4,Fort-de-France,Martinique,Nature/Scenery/Park,Isle des Sables Émeraude,"Isle des Sables Émeraude is a nature in Fort-de-France, Martinique, popular for its natural scenery and relaxing atmosphere. Entry fee is 26.32 USD. Recommended visit: 3 hours. Discover Isle des Sables Émeraude, a peaceful nature in Fort-de-France, Martinique, ideal for nature lovers. Open 08:00-22:00, entry 26.32 USD.",26.32,08:00-22:00,3 hours,3.7,"No. 125 Xujiahui Road, Fort-de-France",14.634270976623071,-61.07873644522108,"['with pets', 'luxury travelers']","['Restrooms', 'Information Desk', 'Restaurant', 'Souvenir Shop', 'First Aid Station', 'Luggage Storage', 'Pet-friendly', 'pet water stations', 'Pet rest area', 'private tours', 'skip the line passes', 'VIP exclusive events']"
5,Fort-de-France,Martinique,Nature/Scenery/Park,Lagoon Twilight Voyage,"Lagoon Twilight Voyage is a nature in Fort-de-France, Martinique, popular for its natural scenery and relaxing atmosphere. Entry fee is 19.18 USD. Recommended visit: 3 hours. Discover Lagoon Twilight Voyage, a peaceful nature in Fort-de-France, Martinique, ideal for nature lovers. Open 08:00-17:30, entry 19.18 USD.",19.18,08:00-17:30,3 hours,3.7,"612 Kitahama Street, Fort-de-France",14.643946099415002,-61.02765259683721,"['nightlife enthusiast', 'couples trip', 'business travelers']","['Restrooms', 'Information Desk', 'Restaurant', 'Souvenir Shop', 'First Aid Station', 'Luggage Storage', 'night markets', 'bars', 'evening shows', 'scenic spots', 'sunset cruises', 'special couples experiences', 'High speed WiFi']"
6,Fort-de-France,Martinique,Nature/Scenery/Park,Verdant Heights Nature Reserve,"Verdant Heights Nature Reserve is a nature in Fort-de-France, Martinique, popular for its natural scenery and relaxing atmosphere. Entry fee is 12.53 USD. Recommended visit: 3 hours. Discover Verdant Heights Nature Reserve, a peaceful nature in Fort-de-France, Martinique, ideal for nature lovers. Open 08:30-17:30, entry 12.53 USD.",12.53,08:30-17:30,3 hours,3.7,"919 Shinsaibashi Dori, Chuo Ward, Fort-de-France",14.639832575247349,-60.95947242023637,"['road trip', 'elderly travelers', 'business travelers']","['Restrooms', 'Information Desk', 'Restaurant', 'Souvenir Shop', 'First Aid Station', 'Luggage Storage', 'parking', 'wheelchair rental', 'benches/rest areas', 'High speed WiFi']"
7,Fort-de-France,Martinique,Nature/Scenery/Park,Verdant Vista Eco Retreat,"Verdant Vista Eco Retreat is a nature in Fort-de-France, Martinique, popular for its natural scenery and relaxing atmosphere. Entry fee is 15.4 USD. Recommended visit: 3 hours. Discover Verdant Vista Eco Retreat, a peaceful nature in Fort-de-France, Martinique, ideal for nature lovers. Open 09:00-18:00, entry 15.4 USD.",15.4,09:00-18:00,3 hours,3.7,"323 Seogwipo Street, Fort-de-France",14.685904929829157,-61.02966054352804,"['foodie', 'road trip']","['Restrooms', 'Information Desk', 'Restaurant', 'Souvenir Shop', 'First Aid Station', 'Luggage Storage', 'Food markets', 'tasting tours', 'parking']"
8,Fort-de-France,Martinique,Nature/Scenery/Park,La Montagne de Soleil Express Pass + Cascades de L'Étoile Round Trip Ticket,"La Montagne de Soleil Express Pass + Cascades de L'Étoile Round Trip Ticket is a nature in Fort-de-France, Martinique, popular for its natural scenery and relaxing atmosphere. Entry fee is 2.8 USD. Recommended visit: 3 hours. Discover La Montagne de Soleil Express Pass + Cascades de L'Étoile Round Trip Ticket, a peaceful nature in Fort-de-France, Martinique, ideal for nature lovers. Open 09:00-18:00, entry 2.8 USD.",2.8,09:00-18:00,3 hours,3.7,"263 Sakura Street, Chuo Ward, Fort-de-France",14.629843494195574,-60.9651067704904,"['with children', 'fast-paced budget travel', 'photography']","['Restrooms', 'Information Desk', 'Restaurant', 'Souvenir Shop', 'First Aid Station', 'Luggage Storage', 'family restrooms', 'Nursing facilities', 'city passes', 'luggage storage', 'self-guided tours', 'photo spots', 'guided photo tours', 'charging stations']"
9,Fort-de-France,Martinique,Nature/Scenery/Park,Azure Horizon Grove,"Azure Horizon Grove is a nature in Fort-de-France, Martinique, popular for its natural scenery and relaxing atmosphere. Entry fee is 22.61 USD. Recommended visit: 3 hours. Discover Azure Horizon Grove, a peaceful nature in Fort-de-France, Martinique, ideal for nature lovers. Open 09:00-17:30, entry 22.61 USD.",22.61,09:00-17:30,3 hours,3.7,"No. 456, Cultural Street, Fort-de-France",14.671922249757074,-61.00067002583817,['solo women'],"['Restrooms', 'Information Desk', 'Restaurant', 'Souvenir Shop', 'First Aid Station', 'Luggage Storage', 'group tours', 'security']"
10,Fort-de-France,Martinique,Nature/Scenery/Park,Lagoon Leap Adventure Park,"Lagoon Leap Adventure Park is a nature in Fort-de-France, Martinique, popular for its natural scenery and relaxing atmosphere. Entry fee is 294.64 USD. Recommended visit: 3 hours. Discover Lagoon Leap Adventure Park, a peaceful nature in Fort-de-France, Martinique, ideal for nature lovers. Open 09:00-17:30, entry 294.64 USD.",294.64,09:00-17:30,3 hours,3.7,"589 Seaside Promenade, Hakata-ku, Fort-de-France",14.65420975549914,-61.04165174136652,"['with children', 'couples trip', 'business travelers']","['Restrooms', 'Information Desk', 'Restaurant', 'Souvenir Shop', 'First Aid Station', 'Luggage Storage', 'family restrooms', 'Nursing facilities', 'scenic spots', 'sunset cruises', 'special couples experiences', 'High speed WiFi']"
11,Fort-de-France,Martinique,Nature/Scenery/Park,Tropical Breeze Seafood Garden,"Tropical Breeze Seafood Garden is a nature in Fort-de-France, Martinique, popular for its natural scenery and relaxing atmosphere. Entry fee is 11.05 USD. Recommended visit: 3 hours. Discover Tropical Breeze Seafood Garden, a peaceful nature in Fort-de-France, Martinique, ideal for nature lovers. Open 09:00-21:00, entry 11.05 USD.",11.05,09:00-21:00,3 hours,3.7,"140 Sakura Street, Chuo-ku, Fort-de-France",14.692305252932078,-61.07591948013922,"['with children', 'foodie', 'road trip']","['Restrooms', 'Information Desk', 'Restaurant', 'Souvenir Shop', 'First Aid Station', 'Luggage Storage', 'family restrooms', 'Nursing facilities', 'Food markets', 'tasting tours', 'parking']"
12,Fort-de-France,Martinique,Nature/Scenery/Park,Caribbean Canopy Quest,"Caribbean Canopy Quest is a nature in Fort-de-France, Martinique, popular for its natural scenery and relaxing atmosphere. Entry fee is 6.44 USD. Recommended visit: 3 hours. Discover Caribbean Canopy Quest, a peaceful nature in Fort-de-France, Martinique, ideal for nature lovers. Open 09:30-17:00, entry 6.44 USD.",6.44,09:30-17:00,3 hours,3.7,"439 Suthep Road, Fort-de-France",14.67454461600821,-61.04628574298391,"['with children', 'luxury travelers', 'elderly travelers']","['Restrooms', 'Information Desk', 'Restaurant', 'Souvenir Shop', 'First Aid Station', 'Luggage Storage', 'family restrooms', 'Nursing facilities', 'private tours', 'skip the line passes', 'VIP exclusive events', 'wheelchair rental', 'benches/rest areas']"
13,Fort-de-France,Martinique,Nature/Scenery/Park,Lagoon Vista Thermal Haven,"Lagoon Vista Thermal Haven is a nature in Fort-de-France, Martinique, popular for its natural scenery and relaxing atmosphere. Entry fee is 14.98 USD. Recommended visit: 3 hours. Discover Lagoon Vista Thermal Haven, a peaceful nature in Fort-de-France, Martinique, ideal for nature lovers. Open 08:30-19:00, entry 14.98 USD.",14.98,08:30-19:00,3 hours,3.7,"314 Sakura Street, Fort-de-France",14.613776960919228,-61.07078007852896,"['solo women', 'couples trip', 'elderly travelers']","['Restrooms', 'Information Desk', 'Restaurant', 'Souvenir Shop', 'First Aid Station', 'Luggage Storage', 'group tours', 'security', 'scenic spots', 'sunset cruises', 'special couples experiences', 'wheelchair rental', 'benches/rest areas']"
14,Fort-de-France,Martinique,Nature/Scenery/Park,Verdant Vista Gardens,"Verdant Vista Gardens is a nature in Fort-de-France, Martinique, popular for its natural scenery and relaxing atmosphere. Entry fee is 6.39 USD. Recommended visit: 3 hours. Discover Verdant Vista Gardens, a peaceful nature in Fort-de-France, Martinique, ideal for nature lovers. Open 19:00-23:00, entry 6.39 USD.",6.39,19:00-23:00,3 hours,3.7,"629 Sakura Street, Chuo Ward, Fort-de-France",14.654164613297796,-61.10480663991184,"['with pets', 'photography', 'road trip']","['Restrooms', 'Information Desk', 'Restaurant', 'Souvenir Shop', 'First Aid Station', 'Luggage Storage', 'Pet-friendly', 'pet water stations', 'Pet rest area', 'photo spots', 'guided photo tours', 'charging stations', 'parking']"
15,Fort-de-France,Martinique,Nature/Scenery/Park,Caribbean Green Sanctuary,"Caribbean Green Sanctuary is a nature in Fort-de-France, Martinique, popular for its natural scenery and relaxing atmosphere. Entry fee is 13.3 USD. Recommended visit: 3 hours. Discover Caribbean Green Sanctuary, a peaceful nature in Fort-de-France, Martinique, ideal for nature lovers. Open 08:00-19:00, entry 13.3 USD.",13.3,08:00-19:00,3 hours,3.7,"No. 567, Lingyin Road, Xihu District, Fort-de-France",14.611731661339409,-60.98219508610576,"['fast-paced budget travel', 'couples trip', 'business travelers']","['Restrooms', 'Information Desk', 'Restaurant', 'Souvenir Shop', 'First Aid Station', 'Luggage Storage', 'city passes', 'luggage storage', 'self-guided tours', 'scenic spots', 'sunset cruises', 'special couples experiences', 'High speed WiFi']"
16,Fort-de-France,Martinique,Nature/Scenery/Park,Azure Horizon Skyline Express,"Azure Horizon Skyline Express is a nature in Fort-de-France, Martinique, popular for its natural scenery and relaxing atmosphere. Entry fee is 33.27 USD. Recommended visit: 3 hours. Discover Azure Horizon Skyline Express, a peaceful nature in Fort-de-France, Martinique, ideal for nature lovers. Open 10:00-18:00, entry 33.27 USD.",33.27,10:00-18:00,3 hours,3.7,"579 Seongsan-ro, Fort-de-France",14.611889993052326,-61.09612301688895,"['nightlife enthusiast', 'luxury travelers', 'business travelers']","['Restrooms', 'Information Desk', 'Restaurant', 'Souvenir Shop', 'First Aid Station', 'Luggage Storage', 'night markets', 'bars', 'evening shows', 'private tours', 'skip the line passes', 'VIP exclusive events', 'High speed WiFi']"
17,Fort-de-France,Martinique,Nature/Scenery/Park,Verdant Haven Sanctuary No.2,"Verdant Haven Sanctuary is a nature in Fort-de-France, Martinique, popular for its natural scenery and relaxing atmosphere. Entry fee is 94.11 USD. Recommended visit: 3 hours. Discover Verdant Haven Sanctuary, a peaceful nature in Fort-de-France, Martinique, ideal for nature lovers. Open 09:00-18:00, entry 94.11 USD.",94.11,09:00-18:00,3 hours,3.7,"No. 456, West Lake Cultural Avenue, Fort-de-France",14.615141598760353,-60.99041357166488,"['with pets', 'business travelers']","['Restrooms', 'Information Desk', 'Restaurant', 'Souvenir Shop', 'First Aid Station', 'Luggage Storage', 'Pet-friendly', 'pet water stations', 'Pet rest area', 'High speed WiFi']"
18,Fort-de-France,Martinique,Nature/Scenery/Park,Island Breeze Botanical Haven,"Island Breeze Botanical Haven is a nature in Fort-de-France, Martinique, popular for its natural scenery and relaxing atmosphere. Entry fee is 7.7 USD. Recommended visit: 3 hours. Discover Island Breeze Botanical Haven, a peaceful nature in Fort-de-France, Martinique, ideal for nature lovers. Open 09:00-19:00, entry 7.7 USD.",7.7,09:00-19:00,3 hours,3.7,"642 Sakura Street, Naka Ward, Fort-de-France",14.577526496266524,-60.9972141348613,"['with pets', 'foodie', 'road trip']","['Restrooms', 'Information Desk', 'Restaurant', 'Souvenir Shop', 'First Aid Station', 'Luggage Storage', 'Pet-friendly', 'pet water stations', 'Pet rest area', 'Food markets', 'tasting tours', 'parking']"
19,Fort-de-France,Martinique,Nature/Scenery/Park,L'Étang des Étoiles Botanical Sanctuary,"L'Étang des Étoiles Botanical Sanctuary is a nature in Fort-de-France, Martinique, popular for its natural scenery and relaxing atmosphere. Entry fee is 20.74 USD. Recommended visit: 3 hours. Discover L'Étang des Étoiles Botanical Sanctuary, a peaceful nature in Fort-de-France, Martinique, ideal for nature lovers. Open 08:30-17:00, entry 20.74 USD.",20.74,08:30-17:00,3 hours,3.7,"372 Nakanoshima-dori, Kita-ku, Fort-de-France",14.693758400193968,-61.07763699977932,"['road trip', 'solo women', 'business travelers']","['Restrooms', 'Information Desk', 'Restaurant', 'Souvenir Shop', 'First Aid Station', 'Luggage Storage', 'parking', 'group tours', 'security', 'High speed WiFi']"
20,Fort-de-France,Martinique,Nature/Scenery/Park,Azure Cove Shores,"Azure Cove Shores is a nature in Fort-de-France, Martinique, popular for its natural scenery and relaxing atmosphere. Entry fee is 116.65 USD. Recommended visit: 3 hours. Discover Azure Cove Shores, a peaceful nature in Fort-de-France, Martinique, ideal for nature lovers. Open 10:00-22:00, entry 116.65 USD.",116.65,10:00-22:00,3 hours,3.7,"784 Sukhumvit Road, Khlong Toei District, Fort-de-France",14.683649682571716,-61.073033735670194,"['with children', 'solo women', 'with pets']","['Restrooms', 'Information Desk', 'Restaurant', 'Souvenir Shop', 'First Aid Station', 'Luggage Storage', 'family restrooms', 'Nursing facilities', 'group tours', 'security', 'Pet-friendly', 'pet water stations', 'Pet rest area']"
21,Fort-de-France,Martinique,Nature/Scenery/Park,Verdant Summit,"Verdant Summit is a nature in Fort-de-France, Martinique, popular for its natural scenery and relaxing atmosphere. Entry fee is 6.17 USD. Recommended visit: 3 hours. Discover Verdant Summit, a peaceful nature in Fort-de-France, Martinique, ideal for nature lovers. Open 09:00-17:30, entry 6.17 USD.",6.17,09:00-17:30,3 hours,3.7,"No. 456, Cultural Avenue, Fort-de-France",14.695555380885262,-61.06652348663949,"['solo women', 'elderly travelers', 'business travelers']","['Restrooms', 'Information Desk', 'Restaurant', 'Souvenir Shop', 'First Aid Station', 'Luggage Storage', 'group tours', 'security', 'wheelchair rental', 'benches/rest areas', 'High speed WiFi']"
22,Fort-de-France,Martinique,Nature/Scenery/Park,Azure Tide Exploration Hub,"Azure Tide Exploration Hub is a nature in Fort-de-France, Martinique, popular for its natural scenery and relaxing atmosphere. Entry fee is 10.5 USD. Recommended visit: 3 hours. Discover Azure Tide Exploration Hub, a peaceful nature in Fort-de-France, Martinique, ideal for nature lovers. Open 18:00-21:00, entry 10.5 USD.",10.5,18:00-21:00,3 hours,3.7,"724 Gwanghwamun Street, Jongno-gu, Fort-de-France",14.6126298409881,-60.99043107116561,"['with children', 'elderly travelers', 'disabled traveler']","['Restrooms', 'Information Desk', 'Restaurant', 'Souvenir Shop', 'First Aid Station', 'Luggage Storage', 'family restrooms', 'Nursing facilities', 'wheelchair rental', 'benches/rest areas', 'ramps', 'elevators', 'wheelchair rentals', 'accessible restrooms']"
23,Fort-de-France,Martinique,Nature/Scenery/Park,Verdant Veil Cycle Trail,"Verdant Veil Cycle Trail is a nature in Fort-de-France, Martinique, popular for its natural scenery and relaxing atmosphere. Entry fee is 5.15 USD. Recommended visit: 3 hours. Discover Verdant Veil Cycle Trail, a peaceful nature in Fort-de-France, Martinique, ideal for nature lovers. Open 09:00-17:30, entry 5.15 USD.",5.15,09:00-17:30,3 hours,3.7,"No. 456, Jiangbei District, Fort-de-France",14.65744351529144,-61.10208384470189,"['with children', 'with pets', 'road trip']","['Restrooms', 'Information Desk', 'Restaurant', 'Souvenir Shop', 'First Aid Station', 'Luggage Storage', 'family restrooms', 'Nursing facilities', 'Pet-friendly', 'pet water stations', 'Pet rest area', 'parking']"
24,Fort-de-France,Martinique,Nature/Scenery/Park,Isle Verdant Heritage Trail,"Isle Verdant Heritage Trail is a nature in Fort-de-France, Martinique, popular for its natural scenery and relaxing atmosphere. Entry fee is 0.0 USD. Recommended visit: 3 hours. Discover Isle Verdant Heritage Trail, a peaceful nature in Fort-de-France, Martinique, ideal for nature lovers. Open 08:30-17:30, entry 0.0 USD.",0.0,08:30-17:30,3 hours,3.7,"No. 45, Zhongshan Road, Fort-de-France",14.657987367151112,-60.975998124646914,"['with children', 'fast-paced budget travel', 'business travelers']","['Restrooms', 'Information Desk', 'Restaurant', 'Souvenir Shop', 'First Aid Station', 'Luggage Storage', 'family restrooms', 'Nursing facilities', 'city passes', 'luggage storage', 'self-guided tours', 'High speed WiFi']"
25,Fort-de-France,Martinique,Nature/Scenery/Park,Lagoon Mirage & Hidden Reef Explorer,"Lagoon Mirage & Hidden Reef Explorer is a nature in Fort-de-France, Martinique, popular for its natural scenery and relaxing atmosphere. Entry fee is 7.57 USD. Recommended visit: 3 hours. Discover Lagoon Mirage & Hidden Reef Explorer, a peaceful nature in Fort-de-France, Martinique, ideal for nature lovers. Open 08:30-17:00, entry 7.57 USD.",7.57,08:30-17:00,3 hours,3.7,"No. 456, Riverside Avenue, Fort-de-France",14.631850625863056,-61.03755611112173,"['fast-paced budget travel', 'couples trip', 'elderly travelers']","['Restrooms', 'Information Desk', 'Restaurant', 'Souvenir Shop', 'First Aid Station', 'Luggage Storage', 'city passes', 'luggage storage', 'self-guided tours', 'scenic spots', 'sunset cruises', 'special couples experiences', 'wheelchair rental', 'benches/rest areas']"
26,Fort-de-France,Martinique,Nature/Scenery/Park,Lagoon Serenade River Cruise & Island Lantern Festival,"Lagoon Serenade River Cruise & Island Lantern Festival is a nature in Fort-de-France, Martinique, popular for its natural scenery and relaxing atmosphere. Entry fee is 8.12 USD. Recommended visit: 3 hours. Discover Lagoon Serenade River Cruise & Island Lantern Festival, a peaceful nature in Fort-de-France, Martinique, ideal for nature lovers. Open 08:00-18:00, entry 8.12 USD.",8.12,08:00-18:00,3 hours,3.7,"430 Marina Bay Sands, Fort-de-France",14.632575117395175,-61.09283930418663,"['with children', 'foodie', 'business travelers']","['Restrooms', 'Information Desk', 'Restaurant', 'Souvenir Shop', 'First Aid Station', 'Luggage Storage', 'family restrooms', 'Nursing facilities', 'Food markets', 'tasting tours', 'High speed WiFi']"
27,Fort-de-France,Martinique,Nature/Scenery/Park,Tropical Eden Canopy Walk,"Tropical Eden Canopy Walk is a nature in Fort-de-France, Martinique, popular for its natural scenery and relaxing atmosphere. Entry fee is 29.53 USD. Recommended visit: 3 hours. Discover Tropical Eden Canopy Walk, a peaceful nature in Fort-de-France, Martinique, ideal for nature lovers. Open 09:00-17:30, entry 29.53 USD.",29.53,09:00-17:30,3 hours,3.7,"558-12-8 Shibuya, Fort-de-France",14.692690018919434,-61.04296057180643,"['with children', 'foodie', 'disabled traveler']","['Restrooms', 'Information Desk', 'Restaurant', 'Souvenir Shop', 'First Aid Station', 'Luggage Storage', 'family restrooms', 'Nursing facilities', 'Food markets', 'tasting tours', 'ramps', 'elevators', 'wheelchair rentals', 'accessible restrooms']"
28,Fort-de-France,Martinique,Nature/Scenery/Park,Isle Vert Observation Point,"Isle Vert Observation Point is a nature in Fort-de-France, Martinique, popular for its natural scenery and relaxing atmosphere. Entry fee is 4.36 USD. Recommended visit: 3 hours. Discover Isle Vert Observation Point, a peaceful nature in Fort-de-France, Martinique, ideal for nature lovers. Open 09:30-17:00, entry 4.36 USD.",4.36,09:30-17:00,3 hours,3.7,"718-100, Gwangjeong-ro, Guro-gu, Fort-de-France",14.631798238586471,-60.97823202097382,['luxury travelers'],"['Restrooms', 'Information Desk', 'Restaurant', 'Souvenir Shop', 'First Aid Station', 'Luggage Storage', 'private tours', 'skip the line passes', 'VIP exclusive events']"
29,Fort-de-France,Martinique,Nature/Scenery/Park,Tropical Tranquility Trail,"Tropical Tranquility Trail is a nature in Fort-de-France, Martinique, popular for its natural scenery and relaxing atmosphere. Entry fee is 12.93 USD. Recommended visit: 3 hours. Discover Tropical Tranquility Trail, a peaceful nature in Fort-de-France, Martinique, ideal for nature lovers. Open 08:00-20:00, entry 12.93 USD.",12.93,08:00-20:00,3 hours,3.7,"208 Shirokane-dori, Shibuya City, Fort-de-France",14.602723385600992,-61.08315325010665,"['with children', 'fast-paced budget travel']","['Restrooms', 'Information Desk', 'Restaurant', 'Souvenir Shop', 'First Aid Station', 'Luggage Storage', 'family restrooms', 'Nursing facilities', 'city passes', 'luggage storage', 'self-guided tours']"
30,Fort-de-France,Martinique,Nature/Scenery/Park,Isle des Sables Éternels,"Isle des Sables Éternels is a nature in Fort-de-France, Martinique, popular for its natural scenery and relaxing atmosphere. Entry fee is 4.12 USD. Recommended visit: 3 hours. Discover Isle des Sables Éternels, a peaceful nature in Fort-de-France, Martinique, ideal for nature lovers. Open 08:30-17:30, entry 4.12 USD.",4.12,08:30-17:30,3 hours,3.7,"No. 456, Liberation Road, Fort-de-France",14.637312064705071,-61.07849018173863,"['fast-paced budget travel', 'photography', 'luxury travelers']","['Restrooms', 'Information Desk', 'Restaurant', 'Souvenir Shop', 'First Aid Station', 'Luggage Storage', 'city passes', 'luggage storage', 'self-guided tours', 'photo spots', 'guided photo tours', 'charging stations', 'private tours', 'skip the line passes', 'VIP exclusive events']"
31,Fort-de-France,Martinique,Nature/Scenery/Park,Lagoon Walkway,"Lagoon Walkway is a nature in Fort-de-France, Martinique, popular for its natural scenery and relaxing atmosphere. Entry fee is 75.28 USD. Recommended visit: 3 hours. Discover Lagoon Walkway, a peaceful nature in Fort-de-France, Martinique, ideal for nature lovers. Open 09:00-17:00, entry 75.28 USD.",75.28,09:00-17:00,3 hours,3.7,"No. 456, Riverside Park, Fort-de-France",14.64911589248262,-61.09786256002241,['with pets'],"['Restrooms', 'Information Desk', 'Restaurant', 'Souvenir Shop', 'First Aid Station', 'Luggage Storage', 'Pet-friendly', 'pet water stations', 'Pet rest area']"
32,Fort-de-France,Martinique,Nature/Scenery/Park,Emerald Hollow Nature Reserve,"Emerald Hollow Nature Reserve is a nature in Fort-de-France, Martinique, popular for its natural scenery and relaxing atmosphere. Entry fee is 24.24 USD. Recommended visit: 3 hours. Discover Emerald Hollow Nature Reserve, a peaceful nature in Fort-de-France, Martinique, ideal for nature lovers. Open 08:30-17:00, entry 24.24 USD.",24.24,08:30-17:00,3 hours,3.7,"311/19 Sukhumvit Road, Fort-de-France",14.633706211422654,-61.0552749226993,['solo women'],"['Restrooms', 'Information Desk', 'Restaurant', 'Souvenir Shop', 'First Aid Station', 'Luggage Storage', 'group tours', 'security']"
33,Fort-de-France,Martinique,Nature/Scenery/Park,Verdant Mirage Park,"Verdant Mirage Park is a nature in Fort-de-France, Martinique, popular for its natural scenery and relaxing atmosphere. Entry fee is 43.59 USD. Recommended visit: 3 hours. Discover Verdant Mirage Park, a peaceful nature in Fort-de-France, Martinique, ideal for nature lovers. Open 09:00-18:00, entry 43.59 USD.",43.59,09:00-18:00,3 hours,3.7,"No. 456, Xinglong Road, Fort-de-France",14.60877635098882,-61.00805064588455,['solo women'],"['Restrooms', 'Information Desk', 'Restaurant', 'Souvenir Shop', 'First Aid Station', 'Luggage Storage', 'group tours', 'security']"
34,Fort-de-France,Martinique,Nature/Scenery/Park,Lagoon Serenity Wellness Oasis,"Lagoon Serenity Wellness Oasis is a nature in Fort-de-France, Martinique, popular for its natural scenery and relaxing atmosphere. Entry fee is 11.76 USD. Recommended visit: 3 hours. Discover Lagoon Serenity Wellness Oasis, a peaceful nature in Fort-de-France, Martinique, ideal for nature lovers. Open 08:00-20:00, entry 11.76 USD.",11.76,08:00-20:00,3 hours,3.7,"No. 456, Xiamen Beach Road, Fort-de-France",14.64421587728561,-61.05925849748158,['solo women'],"['Restrooms', 'Information Desk', 'Restaurant', 'Souvenir Shop', 'First Aid Station', 'Luggage Storage', 'group tours', 'security']"
35,Fort-de-France,Martinique,Nature/Scenery/Park,Skyward Vista Botanical Haven,"Skyward Vista Botanical Haven is a nature in Fort-de-France, Martinique, popular for its natural scenery and relaxing atmosphere. Entry fee is 51.08 USD. Recommended visit: 3 hours. Discover Skyward Vista Botanical Haven, a peaceful nature in Fort-de-France, Martinique, ideal for nature lovers. Open 09:00-17:30, entry 51.08 USD.",51.08,09:00-17:30,3 hours,3.7,"500 Chalong Road, Fort-de-France",14.617067214634837,-61.0297205927858,"['photography', 'couples trip', 'road trip']","['Restrooms', 'Information Desk', 'Restaurant', 'Souvenir Shop', 'First Aid Station', 'Luggage Storage', 'photo spots', 'guided photo tours', 'charging stations', 'scenic spots', 'sunset cruises', 'special couples experiences', 'parking']"
36,Fort-de-France,Martinique,Nature/Scenery/Park,Lagoon Wilds Explorer Trail,"Lagoon Wilds Explorer Trail is a nature in Fort-de-France, Martinique, popular for its natural scenery and relaxing atmosphere. Entry fee is 37.95 USD. Recommended visit: 3 hours. Discover Lagoon Wilds Explorer Trail, a peaceful nature in Fort-de-France, Martinique, ideal for nature lovers. Open 06:00-20:00, entry 37.95 USD.",37.95,06:00-20:00,3 hours,3.7,"959 Shinsaibashi Street, Chuo Ward, Fort-de-France",14.629530764945487,-61.02724102611256,"['with children', 'solo women', 'photography']","['Restrooms', 'Information Desk', 'Restaurant', 'Souvenir Shop', 'First Aid Station', 'Luggage Storage', 'family restrooms', 'Nursing facilities', 'group tours', 'security', 'photo spots', 'guided photo tours', 'charging stations']"
37,Fort-de-France,Martinique,Nature/Scenery/Park,Caribbean Horizon Skyline,"Caribbean Horizon Skyline is a nature in Fort-de-France, Martinique, popular for its natural scenery and relaxing atmosphere. Entry fee is 4.87 USD. Recommended visit: 3 hours. Discover Caribbean Horizon Skyline, a peaceful nature in Fort-de-France, Martinique, ideal for nature lovers. Open 09:30-17:00, entry 4.87 USD.",4.87,09:30-17:00,3 hours,3.7,"302-10-18 Nishi-Umeda, Fort-de-France",14.642201463482229,-61.03432993344182,"['fast-paced budget travel', 'with pets', 'business travelers']","['Restrooms', 'Information Desk', 'Restaurant', 'Souvenir Shop', 'First Aid Station', 'Luggage Storage', 'city passes', 'luggage storage', 'self-guided tours', 'Pet-friendly', 'pet water stations', 'Pet rest area', 'High speed WiFi']"
38,Fort-de-France,Martinique,Nature/Scenery/Park,Verdant Haven Reserve,"Verdant Haven Reserve is a nature in Fort-de-France, Martinique, popular for its natural scenery and relaxing atmosphere. Entry fee is 31.52 USD. Recommended visit: 3 hours. Discover Verdant Haven Reserve, a peaceful nature in Fort-de-France, Martinique, ideal for nature lovers. Open 08:30-17:30, entry 31.52 USD.",31.52,08:30-17:30,3 hours,3.7,"549-456 Nakasu 2-chome, Fort-de-France",14.636105182367745,-61.10184027786799,"['fast-paced budget travel', 'foodie']","['Restrooms', 'Information Desk', 'Restaurant', 'Souvenir Shop', 'First Aid Station', 'Luggage Storage', 'city passes', 'luggage storage', 'self-guided tours', 'Food markets', 'tasting tours']"
39,Fort-de-France,Martinique,Nature/Scenery/Park,Lagoon Vista Sanctuary,"Lagoon Vista Sanctuary is a nature in Fort-de-France, Martinique, popular for its natural scenery and relaxing atmosphere. Entry fee is 55.55 USD. Recommended visit: 3 hours. Discover Lagoon Vista Sanctuary, a peaceful nature in Fort-de-France, Martinique, ideal for nature lovers. Open 09:00-21:00, entry 55.55 USD.",55.55,09:00-21:00,3 hours,3.7,"837 Suthep Road, Fort-de-France",14.635022455058824,-60.99320147801762,"['fast-paced budget travel', 'with pets', 'elderly travelers']","['Restrooms', 'Information Desk', 'Restaurant', 'Souvenir Shop', 'First Aid Station', 'Luggage Storage', 'city passes', 'luggage storage', 'self-guided tours', 'Pet-friendly', 'pet water stations', 'Pet rest area', 'wheelchair rental', 'benches/rest areas']"
40,Fort-de-France,Martinique,Nature/Scenery/Park,Isle d'Émeraude Secluded Sail with Seafood Feast,"Isle d'Émeraude Secluded Sail with Seafood Feast is a nature in Fort-de-France, Martinique, popular for its natural scenery and relaxing atmosphere. Entry fee is 13.95 USD. Recommended visit: 3 hours. Discover Isle d'Émeraude Secluded Sail with Seafood Feast, a peaceful nature in Fort-de-France, Martinique, ideal for nature lovers. Open 08:00-20:00, entry 13.95 USD.",13.95,08:00-20:00,3 hours,3.7,"768 Jeongdongjin-ro, Sihwa-myeon, Sihwa-gu, Fort-de-France",14.695272911567432,-61.11478033584748,"['with children', 'elderly travelers', 'road trip']","['Restrooms', 'Information Desk', 'Restaurant', 'Souvenir Shop', 'First Aid Station', 'Luggage Storage', 'family restrooms', 'Nursing facilities', 'wheelchair rental', 'benches/rest areas', 'parking']"
41,Fort-de-France,Martinique,Nature/Scenery/Park,Island Sky Bloom Pavilion,"Island Sky Bloom Pavilion is a nature in Fort-de-France, Martinique, popular for its natural scenery and relaxing atmosphere. Entry fee is 6.72 USD. Recommended visit: 3 hours. Discover Island Sky Bloom Pavilion, a peaceful nature in Fort-de-France, Martinique, ideal for nature lovers. Open 08:30-17:00, entry 6.72 USD.",6.72,08:30-17:00,3 hours,3.7,"No. 125 Wenhui Road, Fort-de-France",14.599316062051134,-60.97553746481298,"['nightlife enthusiast', 'with children', 'luxury travelers']","['Restrooms', 'Information Desk', 'Restaurant', 'Souvenir Shop', 'First Aid Station', 'Luggage Storage', 'night markets', 'bars', 'evening shows', 'family restrooms', 'Nursing facilities', 'private tours', 'skip the line passes', 'VIP exclusive events']"
42,Fort-de-France,Martinique,Nature/Scenery/Park,Secret Cove Canoe Expeditions,"Secret Cove Canoe Expeditions is a nature in Fort-de-France, Martinique, popular for its natural scenery and relaxing atmosphere. Entry fee is 8.65 USD. Recommended visit: 3 hours. Discover Secret Cove Canoe Expeditions, a peaceful nature in Fort-de-France, Martinique, ideal for nature lovers. Open 08:30-17:00, entry 8.65 USD.",8.65,08:30-17:00,3 hours,3.7,"582 Shibuya Digital Plaza, Shibuya Ward, Fort-de-France",14.651749814627266,-61.07208325524921,"['nightlife enthusiast', 'couples trip']","['Restrooms', 'Information Desk', 'Restaurant', 'Souvenir Shop', 'First Aid Station', 'Luggage Storage', 'night markets', 'bars', 'evening shows', 'scenic spots', 'sunset cruises', 'special couples experiences']"
43,Fort-de-France,Martinique,Nature/Scenery/Park,Lavender Mist Valley,"Lavender Mist Valley is a nature in Fort-de-France, Martinique, popular for its natural scenery and relaxing atmosphere. Entry fee is 3.36 USD. Recommended visit: 3 hours. Discover Lavender Mist Valley, a peaceful nature in Fort-de-France, Martinique, ideal for nature lovers. Open 08:30-17:00, entry 3.36 USD.",3.36,08:30-17:00,3 hours,3.7,"303 Nishi-Ku Street, Fort-de-France",14.69285020469902,-61.07740879716828,"['luxury travelers', 'foodie', 'road trip']","['Restrooms', 'Information Desk', 'Restaurant', 'Souvenir Shop', 'First Aid Station', 'Luggage Storage', 'private tours', 'skip the line passes', 'VIP exclusive events', 'Food markets', 'tasting tours', 'parking']"
44,Fort-de-France,Martinique,Nature/Scenery/Park,Lagoon Canopy Exploration,"Lagoon Canopy Exploration is a nature in Fort-de-France, Martinique, popular for its natural scenery and relaxing atmosphere. Entry fee is 17.5 USD. Recommended visit: 3 hours. Discover Lagoon Canopy Exploration, a peaceful nature in Fort-de-France, Martinique, ideal for nature lovers. Open 09:00-17:30, entry 17.5 USD.",17.5,09:00-17:30,3 hours,3.7,"No. 456 Cultural Street, Fort-de-France",14.602888990696988,-61.09078834251083,"['nightlife enthusiast', 'with pets', 'business travelers']","['Restrooms', 'Information Desk', 'Restaurant', 'Souvenir Shop', 'First Aid Station', 'Luggage Storage', 'night markets', 'bars', 'evening shows', 'Pet-friendly', 'pet water stations', 'Pet rest area', 'High speed WiFi']"
45,Fort-de-France,Martinique,Nature/Scenery/Park,Isle des Oiseaux Eco-Trail,"Isle des Oiseaux Eco-Trail is a nature in Fort-de-France, Martinique, popular for its natural scenery and relaxing atmosphere. Entry fee is 14.4 USD. Recommended visit: 3 hours. Discover Isle des Oiseaux Eco-Trail, a peaceful nature in Fort-de-France, Martinique, ideal for nature lovers. Open 08:30-17:00, entry 14.4 USD.",14.4,08:30-17:00,3 hours,3.7,"No. 567 Innovation Avenue, Fort-de-France",14.653956521784984,-61.10525578139059,"['solo women', 'foodie', 'elderly travelers']","['Restrooms', 'Information Desk', 'Restaurant', 'Souvenir Shop', 'First Aid Station', 'Luggage Storage', 'group tours', 'security', 'Food markets', 'tasting tours', 'wheelchair rental', 'benches/rest areas']"
46,Fort-de-France,Martinique,Nature/Scenery/Park,Azure Trench Dolphin Safaris,"Azure Trench Dolphin Safaris is a nature in Fort-de-France, Martinique, popular for its natural scenery and relaxing atmosphere. Entry fee is 7.35 USD. Recommended visit: 3 hours. Discover Azure Trench Dolphin Safaris, a peaceful nature in Fort-de-France, Martinique, ideal for nature lovers. Open 08:30-17:30, entry 7.35 USD.",7.35,08:30-17:30,3 hours,3.7,"779 Sakura Street, Fort-de-France",14.686557650640308,-61.09538127368768,"['with children', 'couples trip', 'luxury travelers']","['Restrooms', 'Information Desk', 'Restaurant', 'Souvenir Shop', 'First Aid Station', 'Luggage Storage', 'family restrooms', 'Nursing facilities', 'scenic spots', 'sunset cruises', 'special couples experiences', 'private tours', 'skip the line passes', 'VIP exclusive events']"
47,Fort-de-France,Martinique,Nature/Scenery/Park,Golden Bayland Reserve,"Golden Bayland Reserve is a nature in Fort-de-France, Martinique, popular for its natural scenery and relaxing atmosphere. Entry fee is 1.4 USD. Recommended visit: 3 hours. Discover Golden Bayland Reserve, a peaceful nature in Fort-de-France, Martinique, ideal for nature lovers. Open 08:30-20:00, entry 1.4 USD.",1.4,08:30-20:00,3 hours,3.7,"No. 456, Coastal Avenue, Nanshan District, Fort-de-France",14.702598725659197,-61.08313675552712,"['disabled traveler', 'elderly travelers', 'road trip']","['Restrooms', 'Information Desk', 'Restaurant', 'Souvenir Shop', 'First Aid Station', 'Luggage Storage', 'ramps', 'elevators', 'wheelchair rentals', 'accessible restrooms', 'wheelchair rental', 'benches/rest areas', 'parking']"
48,Fort-de-France,Martinique,Nature/Scenery/Park,Lagoon Serenity Wildlife Reserve,"Lagoon Serenity Wildlife Reserve is a nature in Fort-de-France, Martinique, popular for its natural scenery and relaxing atmosphere. Entry fee is 9.8 USD. Recommended visit: 3 hours. Discover Lagoon Serenity Wildlife Reserve, a peaceful nature in Fort-de-France, Martinique, ideal for nature lovers. Open 09:00-17:30, entry 9.8 USD.",9.8,09:00-17:30,3 hours,3.7,"783 Sukhumvit Road, Fort-de-France",14.638833282113492,-60.96757731880206,"['nightlife enthusiast', 'with pets', 'foodie']","['Restrooms', 'Information Desk', 'Restaurant', 'Souvenir Shop', 'First Aid Station', 'Luggage Storage', 'night markets', 'bars', 'evening shows', 'Pet-friendly', 'pet water stations', 'Pet rest area', 'Food markets', 'tasting tours']"
49,Fort-de-France,Martinique,Nature/Scenery/Park,Tropical Wildlife Haven,"Tropical Wildlife Haven is a nature in Fort-de-France, Martinique, popular for its natural scenery and relaxing atmosphere. Entry fee is 2059.2 USD. Recommended visit: 3 hours. Discover Tropical Wildlife Haven, a peaceful nature in Fort-de-France, Martinique, ideal for nature lovers. Open 08:30-17:30, entry 2059.2 USD.",2059.2,08:30-17:30,3 hours,3.7,"312 Sakaemachi, Nishi Ward, Fort-de-France",14.681930197959671,-61.04154439116502,"['nightlife enthusiast', 'with children', 'disabled traveler']","['Restrooms', 'Information Desk', 'Restaurant', 'Souvenir Shop', 'First Aid Station', 'Luggage Storage', 'night markets', 'bars', 'evening shows', 'family restrooms', 'Nursing facilities', 'ramps', 'elevators', 'wheelchair rentals', 'accessible restrooms']"
50,Fort-de-France,Martinique,Theme Park/Amusement Park,Lumina Carnival Voyage,"Lumina Carnival Voyage is a theme park in Fort-de-France, Martinique, popular for its memorable experiences. Entry fee is 6.56 USD. Recommended visit: 8 hours. Discover Lumina Carnival Voyage, a notable theme park in Fort-de-France, Martinique, ideal for visitors. Open 09:00-18:00, entry 6.56 USD.",6.56,09:00-18:00,8 hours,3.75,"621 Sakura Street, Chuo Ward, Fort-de-France",14.586766118766858,-60.99915606153966,"['nightlife enthusiast', 'fast-paced budget travel', 'photography']","['Restrooms', 'Information Desk', 'Restaurant', 'Souvenir Shop', 'First Aid Station', 'Luggage Storage', 'night markets', 'bars', 'evening shows', 'city passes', 'luggage storage', 'self-guided tours', 'photo spots', 'guided photo tours', 'charging stations']"
51,Fort-de-France,Martinique,Theme Park/Amusement Park,Caribbean Dreamsland Adventure Park,"Caribbean Dreamsland Adventure Park is a theme park in Fort-de-France, Martinique, popular for its memorable experiences. Entry fee is 23.37 USD. Recommended visit: 8 hours. Discover Caribbean Dreamsland Adventure Park, a notable theme park in Fort-de-France, Martinique, ideal for visitors. Open 09:00-18:00, entry 23.37 USD.",23.37,09:00-18:00,8 hours,3.75,"642 Ratchadaphisek Road, Pathumwan, Fort-de-France",14.656108982176232,-60.95955854879534,"['fast-paced budget travel', 'photography']","['Restrooms', 'Information Desk', 'Restaurant', 'Souvenir Shop', 'First Aid Station', 'Luggage Storage', 'city passes', 'luggage storage', 'self-guided tours', 'photo spots', 'guided photo tours', 'charging stations']"
52,Fort-de-France,Martinique,Theme Park/Amusement Park,TropiPlay Island,"TropiPlay Island is a theme park in Fort-de-France, Martinique, popular for its memorable experiences. Entry fee is 18.98 USD. Recommended visit: 6 hours. Discover TropiPlay Island, a notable theme park in Fort-de-France, Martinique, ideal for visitors. Open 09:00-18:00, entry 18.98 USD.",18.98,09:00-18:00,6 hours,3.75,"No. 456, Zhongshan Road, Fort-de-France",14.63924894391251,-61.05015981830094,"['nightlife enthusiast', 'couples trip']","['Restrooms', 'Information Desk', 'Restaurant', 'Souvenir Shop', 'First Aid Station', 'Luggage Storage', 'night markets', 'bars', 'evening shows', 'scenic spots', 'sunset cruises', 'special couples experiences']"
53,Fort-de-France,Martinique,Theme Park/Amusement Park,Tropical Tides Dolphin Quest,"Tropical Tides Dolphin Quest is a theme park in Fort-de-France, Martinique, popular for its memorable experiences. Entry fee is 10.15 USD. Recommended visit: 8 hours. Discover Tropical Tides Dolphin Quest, a notable theme park in Fort-de-France, Martinique, ideal for visitors. Open 10:00-21:00, entry 10.15 USD.",10.15,10:00-21:00,8 hours,3.75,"440/18 Sukhumvit Road, Khlong Tan Nuea, Fort-de-France",14.644415485864243,-61.01423653810897,"['photography', 'couples trip', 'elderly travelers']","['Restrooms', 'Information Desk', 'Restaurant', 'Souvenir Shop', 'First Aid Station', 'Luggage Storage', 'photo spots', 'guided photo tours', 'charging stations', 'scenic spots', 'sunset cruises', 'special couples experiences', 'wheelchair rental', 'benches/rest areas']"
54,Fort-de-France,Martinique,Theme Park/Amusement Park,Caribbean Quest Adventure Park,"Caribbean Quest Adventure Park is a theme park in Fort-de-France, Martinique, popular for its memorable experiences. Entry fee is 35.0 USD. Recommended visit: 6 hours. Discover Caribbean Quest Adventure Park, a notable theme park in Fort-de-France, Martinique, ideal for visitors. Open 09:00-17:30, entry 35.0 USD.",35.0,09:00-17:30,6 hours,3.75,"579 Seocho-ro, Geumjeong-gu, Fort-de-France",14.640979050123567,-61.1047541819918,"['nightlife enthusiast', 'fast-paced budget travel', 'couples trip']","['Restrooms', 'Information Desk', 'Restaurant', 'Souvenir Shop', 'First Aid Station', 'Luggage Storage', 'night markets', 'bars', 'evening shows', 'city passes', 'luggage storage', 'self-guided tours', 'scenic spots', 'sunset cruises', 'special couples experiences']"
55,Fort-de-France,Martinique,Theme Park/Amusement Park,Caribbean Brick Quest,"Caribbean Brick Quest is a theme park in Fort-de-France, Martinique, popular for its memorable experiences. Entry fee is 41.86 USD. Recommended visit: 7 hours. Discover Caribbean Brick Quest, a notable theme park in Fort-de-France, Martinique, ideal for visitors. Open 09:00-20:00, entry 41.86 USD.",41.86,09:00-20:00,7 hours,3.75,"439 Suthep Road, Fort-de-France",14.676626428346632,-61.07733099938037,"['solo women', 'foodie', 'elderly travelers']","['Restrooms', 'Information Desk', 'Restaurant', 'Souvenir Shop', 'First Aid Station', 'Luggage Storage', 'group tours', 'security', 'Food markets', 'tasting tours', 'wheelchair rental', 'benches/rest areas']"
56,Fort-de-France,Martinique,Theme Park/Amusement Park,Tropical Chill Adventure Park,"Tropical Chill Adventure Park is a theme park in Fort-de-France, Martinique, popular for its memorable experiences. Entry fee is 53.2 USD. Recommended visit: 6 hours. Discover Tropical Chill Adventure Park, a notable theme park in Fort-de-France, Martinique, ideal for visitors. Open 08:00-00:00, entry 53.2 USD.",53.2,08:00-00:00,6 hours,3.75,"910-8 Shinkocho, Fort-de-France",14.626771563404883,-61.08309326196351,"['photography', 'road trip']","['Restrooms', 'Information Desk', 'Restaurant', 'Souvenir Shop', 'First Aid Station', 'Luggage Storage', 'photo spots', 'guided photo tours', 'charging stations', 'parking']"
57,Fort-de-France,Martinique,Theme Park/Amusement Park,SkyScape Île-de-France Loop,"SkyScape Île-de-France Loop is a theme park in Fort-de-France, Martinique, popular for its memorable experiences. Entry fee is 171.36 USD. Recommended visit: 8 hours. Discover SkyScape Île-de-France Loop, a notable theme park in Fort-de-France, Martinique, ideal for visitors. Open 08:30-17:00, entry 171.36 USD.",171.36,08:30-17:00,8 hours,3.75,"328-8901 Sapporo City, Fort-de-France",14.661066392268618,-61.05645860767554,"['road trip', 'couples trip', 'luxury travelers']","['Restrooms', 'Information Desk', 'Restaurant', 'Souvenir Shop', 'First Aid Station', 'Luggage Storage', 'parking', 'scenic spots', 'sunset cruises', 'special couples experiences', 'private tours', 'skip the line passes', 'VIP exclusive events']"
58,Fort-de-France,Martinique,Theme Park/Amusement Park,Caribbean Currents WiFi Hub,"Caribbean Currents WiFi Hub is a theme park in Fort-de-France, Martinique, popular for its memorable experiences. Entry fee is 19.55 USD. Recommended visit: 8 hours. Discover Caribbean Currents WiFi Hub, a notable theme park in Fort-de-France, Martinique, ideal for visitors. Open 08:00-22:00, entry 19.55 USD.",19.55,08:00-22:00,8 hours,3.75,"946 Shibuya Street, Shibuya Ward, Fort-de-France",14.675864784360645,-61.07420328873776,"['solo women', 'foodie']","['Restrooms', 'Information Desk', 'Restaurant', 'Souvenir Shop', 'First Aid Station', 'Luggage Storage', 'group tours', 'security', 'Food markets', 'tasting tours']"
59,Fort-de-France,Martinique,Theme Park/Amusement Park,Azure Adventure Hub,"Azure Adventure Hub is a theme park in Fort-de-France, Martinique, popular for its memorable experiences. Entry fee is 14.0 USD. Recommended visit: 7 hours. Discover Azure Adventure Hub, a notable theme park in Fort-de-France, Martinique, ideal for visitors. Open 09:00-18:00, entry 14.0 USD.",14.0,09:00-18:00,7 hours,3.75,"783 Sakura Street, Shibuya, Fort-de-France",14.67073702671034,-61.07280354997015,"['solo women', 'photography']","['Restrooms', 'Information Desk', 'Restaurant', 'Souvenir Shop', 'First Aid Station', 'Luggage Storage', 'group tours', 'security', 'photo spots', 'guided photo tours', 'charging stations']"
60,Fort-de-France,Martinique,Theme Park/Amusement Park,TropiQuest Adventure Zone,"TropiQuest Adventure Zone is a theme park in Fort-de-France, Martinique, popular for its memorable experiences. Entry fee is 59.69 USD. Recommended visit: 7 hours. Discover TropiQuest Adventure Zone, a notable theme park in Fort-de-France, Martinique, ideal for visitors. Open 09:00-21:00, entry 59.69 USD.",59.69,09:00-21:00,7 hours,3.75,"751 Hibikino Street, Fort-de-France",14.645712837596454,-61.04656631084202,"['solo women', 'couples trip', 'road trip']","['Restrooms', 'Information Desk', 'Restaurant', 'Souvenir Shop', 'First Aid Station', 'Luggage Storage', 'group tours', 'security', 'scenic spots', 'sunset cruises', 'special couples experiences', 'parking']"
61,Fort-de-France,Martinique,Theme Park/Amusement Park,Tropical Tide Playground,"Tropical Tide Playground is a theme park in Fort-de-France, Martinique, popular for its memorable experiences. Entry fee is 22.09 USD. Recommended visit: 6 hours. Discover Tropical Tide Playground, a notable theme park in Fort-de-France, Martinique, ideal for visitors. Open 09:00-18:00, entry 22.09 USD.",22.09,09:00-18:00,6 hours,3.75,"215 Rama IV Road, Pathum Wan, Fort-de-France",14.637451831472204,-61.00365532304311,"['nightlife enthusiast', 'fast-paced budget travel', 'with pets']","['Restrooms', 'Information Desk', 'Restaurant', 'Souvenir Shop', 'First Aid Station', 'Luggage Storage', 'night markets', 'bars', 'evening shows', 'city passes', 'luggage storage', 'self-guided tours', 'Pet-friendly', 'pet water stations', 'Pet rest area']"
62,Fort-de-France,Martinique,Theme Park/Amusement Park,Caribbean Puzzle Quest,"Caribbean Puzzle Quest is a theme park in Fort-de-France, Martinique, popular for its memorable experiences. Entry fee is 6.99 USD. Recommended visit: 8 hours. Discover Caribbean Puzzle Quest, a notable theme park in Fort-de-France, Martinique, ideal for visitors. Open 09:00-17:30, entry 6.99 USD.",6.99,09:00-17:30,8 hours,3.75,"727-1 Nishi-Arima, Kita-ku, Fort-de-France",14.65579654112982,-61.081040544769536,"['photography', 'couples trip', 'business travelers']","['Restrooms', 'Information Desk', 'Restaurant', 'Souvenir Shop', 'First Aid Station', 'Luggage Storage', 'photo spots', 'guided photo tours', 'charging stations', 'scenic spots', 'sunset cruises', 'special couples experiences', 'High speed WiFi']"
63,Fort-de-France,Martinique,Theme Park/Amusement Park,Caribbean Quest Adventure Zone,"Caribbean Quest Adventure Zone is a theme park in Fort-de-France, Martinique, popular for its memorable experiences. Entry fee is 15.98 USD. Recommended visit: 7 hours. Discover Caribbean Quest Adventure Zone, a notable theme park in Fort-de-France, Martinique, ideal for visitors. Open 09:00-17:30, entry 15.98 USD.",15.98,09:00-17:30,7 hours,3.75,"No. 456, Cultural Street, Fort-de-France",14.709910799528306,-61.08224258839925,"['photography', 'luxury travelers', 'disabled traveler']","['Restrooms', 'Information Desk', 'Restaurant', 'Souvenir Shop', 'First Aid Station', 'Luggage Storage', 'photo spots', 'guided photo tours', 'charging stations', 'private tours', 'skip the line passes', 'VIP exclusive events', 'ramps', 'elevators', 'wheelchair rentals', 'accessible restrooms']"
64,Fort-de-France,Martinique,Theme Park/Amusement Park,Lagoon Serenade Ticketing Center,"Lagoon Serenade Ticketing Center is a theme park in Fort-de-France, Martinique, popular for its memorable experiences. Entry fee is 7.4 USD. Recommended visit: 8 hours. Discover Lagoon Serenade Ticketing Center, a notable theme park in Fort-de-France, Martinique, ideal for visitors. Open 08:00-22:00, entry 7.4 USD.",7.4,08:00-22:00,8 hours,3.75,"919 Sakura Street, Naka Ward, Fort-de-France",14.60401499047366,-61.00015804105281,"['photography', 'couples trip', 'disabled traveler']","['Restrooms', 'Information Desk', 'Restaurant', 'Souvenir Shop', 'First Aid Station', 'Luggage Storage', 'photo spots', 'guided photo tours', 'charging stations', 'scenic spots', 'sunset cruises', 'special couples experiences', 'ramps', 'elevators', 'wheelchair rentals', 'accessible restrooms']"
65,Fort-de-France,Martinique,Theme Park/Amusement Park,Caribbean Quest Adventure Pass,"Caribbean Quest Adventure Pass is a theme park in Fort-de-France, Martinique, popular for its memorable experiences. Entry fee is 31.01 USD. Recommended visit: 7 hours. Discover Caribbean Quest Adventure Pass, a notable theme park in Fort-de-France, Martinique, ideal for visitors. Open 09:00-17:30, entry 31.01 USD.",31.01,09:00-17:30,7 hours,3.75,"499-388 Shirogane, Toyako, Fort-de-France",14.633530782384016,-61.00269934188732,"['fast-paced budget travel', 'couples trip', 'business travelers']","['Restrooms', 'Information Desk', 'Restaurant', 'Souvenir Shop', 'First Aid Station', 'Luggage Storage', 'city passes', 'luggage storage', 'self-guided tours', 'scenic spots', 'sunset cruises', 'special couples experiences', 'High speed WiFi']"
66,Fort-de-France,Martinique,Theme Park/Amusement Park,Tropical Mirage Adventure Park,"Tropical Mirage Adventure Park is a theme park in Fort-de-France, Martinique, popular for its memorable experiences. Entry fee is 5.52 USD. Recommended visit: 8 hours. Discover Tropical Mirage Adventure Park, a notable theme park in Fort-de-France, Martinique, ideal for visitors. Open 09:00-17:30, entry 5.52 USD.",5.52,09:00-17:30,8 hours,3.75,"981 Shirokane Street, Fort-de-France",14.648742905118985,-61.00410491460577,"['with children', 'solo women', 'road trip']","['Restrooms', 'Information Desk', 'Restaurant', 'Souvenir Shop', 'First Aid Station', 'Luggage Storage', 'family restrooms', 'Nursing facilities', 'group tours', 'security', 'parking']"
67,Fort-de-France,Martinique,Theme Park/Amusement Park,L'Écho des Caraïbes 2025,"L'Écho des Caraïbes 2025 is a theme park in Fort-de-France, Martinique, popular for its memorable experiences. Entry fee is 0.37 USD. Recommended visit: 8 hours. Discover L'Écho des Caraïbes 2025, a notable theme park in Fort-de-France, Martinique, ideal for visitors. Open 09:30-17:00, entry 0.37 USD.",0.37,09:30-17:00,8 hours,3.75,"944 Gwangbok-ro, Saha-gu, Fort-de-France",14.622482295619989,-61.06150011198777,"['disabled traveler', 'couples trip', 'elderly travelers']","['Restrooms', 'Information Desk', 'Restaurant', 'Souvenir Shop', 'First Aid Station', 'Luggage Storage', 'ramps', 'elevators', 'wheelchair rentals', 'accessible restrooms', 'scenic spots', 'sunset cruises', 'special couples experiences', 'wheelchair rental', 'benches/rest areas']"
68,Fort-de-France,Martinique,Theme Park/Amusement Park,Sable Vortex Adventure,"Sable Vortex Adventure is a theme park in Fort-de-France, Martinique, popular for its memorable experiences. Entry fee is 67.2 USD. Recommended visit: 8 hours. Discover Sable Vortex Adventure, a notable theme park in Fort-de-France, Martinique, ideal for visitors. Open 08:00-22:00, entry 67.2 USD.",67.2,08:00-22:00,8 hours,3.75,"No. 456 Xinle Road, Fort-de-France",14.651120011415392,-61.02468754729232,"['couples trip', 'elderly travelers', 'business travelers']","['Restrooms', 'Information Desk', 'Restaurant', 'Souvenir Shop', 'First Aid Station', 'Luggage Storage', 'scenic spots', 'sunset cruises', 'special couples experiences', 'wheelchair rental', 'benches/rest areas', 'High speed WiFi']"
69,Fort-de-France,Martinique,Theme Park/Amusement Park,Lumina Forest: Creature Encounters,"Lumina Forest: Creature Encounters is a theme park in Fort-de-France, Martinique, popular for its memorable experiences. Entry fee is 54.32 USD. Recommended visit: 6 hours. Discover Lumina Forest: Creature Encounters, a notable theme park in Fort-de-France, Martinique, ideal for visitors. Open 20:00-05:00, entry 54.32 USD.",54.32,20:00-05:00,6 hours,3.75,"840 Shiroiwa Street, Chuo Ward, Fort-de-France",14.672605817944692,-61.02971235747696,"['nightlife enthusiast', 'foodie', 'couples trip']","['Restrooms', 'Information Desk', 'Restaurant', 'Souvenir Shop', 'First Aid Station', 'Luggage Storage', 'night markets', 'bars', 'evening shows', 'Food markets', 'tasting tours', 'scenic spots', 'sunset cruises', 'special couples experiences']"
70,Fort-de-France,Martinique,Theme Park/Amusement Park,Caribbean Horizon Quest,"Caribbean Horizon Quest is a theme park in Fort-de-France, Martinique, popular for its memorable experiences. Entry fee is 1654.66 USD. Recommended visit: 7 hours. Discover Caribbean Horizon Quest, a notable theme park in Fort-de-France, Martinique, ideal for visitors. Open 08:00-22:00, entry 1654.66 USD.",1654.66,08:00-22:00,7 hours,3.75,"623 Sukhumvit Road, Fort-de-France",14.71130043439478,-61.08149056027787,"['foodie', 'couples trip', 'luxury travelers']","['Restrooms', 'Information Desk', 'Restaurant', 'Souvenir Shop', 'First Aid Station', 'Luggage Storage', 'Food markets', 'tasting tours', 'scenic spots', 'sunset cruises', 'special couples experiences', 'private tours', 'skip the line passes', 'VIP exclusive events']"
71,Fort-de-France,Martinique,Theme Park/Amusement Park,Lagoon Mirage Adventure,"Lagoon Mirage Adventure is a theme park in Fort-de-France, Martinique, popular for its memorable experiences. Entry fee is 15.24 USD. Recommended visit: 6 hours. Discover Lagoon Mirage Adventure, a notable theme park in Fort-de-France, Martinique, ideal for visitors. Open 09:00-17:30, entry 15.24 USD.",15.24,09:00-17:30,6 hours,3.75,"No. 123 Xinglin Road, Fort-de-France",14.70277058598915,-61.07363560565173,"['nightlife enthusiast', 'with children', 'photography']","['Restrooms', 'Information Desk', 'Restaurant', 'Souvenir Shop', 'First Aid Station', 'Luggage Storage', 'night markets', 'bars', 'evening shows', 'family restrooms', 'Nursing facilities', 'photo spots', 'guided photo tours', 'charging stations']"
72,Fort-de-France,Martinique,Theme Park/Amusement Park,Caribbean Night Journey,"Caribbean Night Journey is a theme park in Fort-de-France, Martinique, popular for its memorable experiences. Entry fee is 24.66 USD. Recommended visit: 7 hours. Discover Caribbean Night Journey, a notable theme park in Fort-de-France, Martinique, ideal for visitors. Open 10:00-22:00, entry 24.66 USD.",24.66,10:00-22:00,7 hours,3.75,"901 Shinko Street, Fort-de-France",14.691009904926249,-61.07988066968732,"['fast-paced budget travel', 'foodie', 'elderly travelers']","['Restrooms', 'Information Desk', 'Restaurant', 'Souvenir Shop', 'First Aid Station', 'Luggage Storage', 'city passes', 'luggage storage', 'self-guided tours', 'Food markets', 'tasting tours', 'wheelchair rental', 'benches/rest areas']"
73,Fort-de-France,Martinique,Theme Park/Amusement Park,Lumière Viva Entertainment Hub,"Lumière Viva Entertainment Hub is a theme park in Fort-de-France, Martinique, popular for its memorable experiences. Entry fee is 29.85 USD. Recommended visit: 8 hours. Discover Lumière Viva Entertainment Hub, a notable theme park in Fort-de-France, Martinique, ideal for visitors. Open 10:00-22:00, entry 29.85 USD.",29.85,10:00-22:00,8 hours,3.75,"976 Shinkawa Street, Fort-de-France",14.698354884614725,-61.06526357315404,"['solo women', 'with pets', 'luxury travelers']","['Restrooms', 'Information Desk', 'Restaurant', 'Souvenir Shop', 'First Aid Station', 'Luggage Storage', 'group tours', 'security', 'Pet-friendly', 'pet water stations', 'Pet rest area', 'private tours', 'skip the line passes', 'VIP exclusive events']"
74,Fort-de-France,Martinique,Theme Park/Amusement Park,Caribbean Tides Adventure Park,"Caribbean Tides Adventure Park is a theme park in Fort-de-France, Martinique, popular for its memorable experiences. Entry fee is 26.46 USD. Recommended visit: 6 hours. Discover Caribbean Tides Adventure Park, a notable theme park in Fort-de-France, Martinique, ideal for visitors. Open 10:00-22:00, entry 26.46 USD.",26.46,10:00-22:00,6 hours,3.75,"489 Sukhumvit Road, Fort-de-France",14.661445829511406,-61.077473053341016,"['fast-paced budget travel', 'elderly travelers', 'road trip']","['Restrooms', 'Information Desk', 'Restaurant', 'Souvenir Shop', 'First Aid Station', 'Luggage Storage', 'city passes', 'luggage storage', 'self-guided tours', 'wheelchair rental', 'benches/rest areas', 'parking']"
75,Fort-de-France,Martinique,Theme Park/Amusement Park,Caribbean Skyline Express with 1-Day Pass,"Caribbean Skyline Express with 1-Day Pass is a theme park in Fort-de-France, Martinique, popular for its memorable experiences. Entry fee is 13.72 USD. Recommended visit: 6 hours. Discover Caribbean Skyline Express with 1-Day Pass, a notable theme park in Fort-de-France, Martinique, ideal for visitors. Open 10:00-19:00, entry 13.72 USD.",13.72,10:00-19:00,6 hours,3.75,"894 Suthep Road, Fort-de-France",14.647221679067556,-61.10785488278344,"['nightlife enthusiast', 'couples trip', 'elderly travelers']","['Restrooms', 'Information Desk', 'Restaurant', 'Souvenir Shop', 'First Aid Station', 'Luggage Storage', 'night markets', 'bars', 'evening shows', 'scenic spots', 'sunset cruises', 'special couples experiences', 'wheelchair rental', 'benches/rest areas']"
76,Fort-de-France,Martinique,Theme Park/Amusement Park,Lagoon Lively Escape,"Lagoon Lively Escape is a theme park in Fort-de-France, Martinique, popular for its memorable experiences. Entry fee is 12.7 USD. Recommended visit: 7 hours. Discover Lagoon Lively Escape, a notable theme park in Fort-de-France, Martinique, ideal for visitors. Open 09:00-18:00, entry 12.7 USD.",12.7,09:00-18:00,7 hours,3.75,"370 Shinsaibashi Dori, Chuo Ward, Fort-de-France",14.683754194476196,-61.09137384056838,"['with children', 'fast-paced budget travel', 'road trip']","['Restrooms', 'Information Desk', 'Restaurant', 'Souvenir Shop', 'First Aid Station', 'Luggage Storage', 'family restrooms', 'Nursing facilities', 'city passes', 'luggage storage', 'self-guided tours', 'parking']"
77,Fort-de-France,Martinique,Theme Park/Amusement Park,Enchanted Isles Adventure Park,"Enchanted Isles Adventure Park is a theme park in Fort-de-France, Martinique, popular for its memorable experiences. Entry fee is 39.62 USD. Recommended visit: 7 hours. Discover Enchanted Isles Adventure Park, a notable theme park in Fort-de-France, Martinique, ideal for visitors. Open 10:00-19:00, entry 39.62 USD.",39.62,10:00-19:00,7 hours,3.75,"134 Shinsaibashi Dōtonbori, Fort-de-France",14.664972079564468,-60.991799025019866,"['foodie', 'elderly travelers', 'business travelers']","['Restrooms', 'Information Desk', 'Restaurant', 'Souvenir Shop', 'First Aid Station', 'Luggage Storage', 'Food markets', 'tasting tours', 'wheelchair rental', 'benches/rest areas', 'High speed WiFi']"
78,Fort-de-France,Martinique,Theme Park/Amusement Park,Caribbean Cricket Conclave | Fort-de-France Falcons Lower Level Infield Seat Ticket | Includes Official Falcons Matchday Towel,"Caribbean Cricket Conclave | Fort-de-France Falcons Lower Level Infield Seat Ticket | Includes Official Falcons Matchday Towel is a theme park in Fort-de-France, Martinique, popular for its memorable experiences. Entry fee is 22.56 USD. Recommended visit: 6 hours. Discover Caribbean Cricket Conclave | Fort-de-France Falcons Lower Level Infield Seat Ticket | Includes Official Falcons Matchday Towel, a notable theme park in Fort-de-France, Martinique, ideal for visitors. Open 10:00-22:00, entry 22.56 USD.",22.56,10:00-22:00,6 hours,3.75,"No. 567, Xingyun Road, Fort-de-France",14.593737780920415,-60.98415366749538,"['with children', 'foodie', 'elderly travelers']","['Restrooms', 'Information Desk', 'Restaurant', 'Souvenir Shop', 'First Aid Station', 'Luggage Storage', 'family restrooms', 'Nursing facilities', 'Food markets', 'tasting tours', 'wheelchair rental', 'benches/rest areas']"
79,Fort-de-France,Martinique,Theme Park/Amusement Park,Tropical Dino Quest,"Tropical Dino Quest is a theme park in Fort-de-France, Martinique, popular for its memorable experiences. Entry fee is 89.6 USD. Recommended visit: 7 hours. Discover Tropical Dino Quest, a notable theme park in Fort-de-France, Martinique, ideal for visitors. Open 10:00-20:00, entry 89.6 USD.",89.6,10:00-20:00,7 hours,3.75,"150 Shibuya Street, Shinjuku Ward, Fort-de-France",14.70575562371959,-61.08715363060576,"['photography', 'foodie', 'business travelers']","['Restrooms', 'Information Desk', 'Restaurant', 'Souvenir Shop', 'First Aid Station', 'Luggage Storage', 'photo spots', 'guided photo tours', 'charging stations', 'Food markets', 'tasting tours', 'High speed WiFi']"
80,Fort-de-France,Martinique,Theme Park/Amusement Park,Lagoon Splash Escape,"Lagoon Splash Escape is a theme park in Fort-de-France, Martinique, popular for its memorable experiences. Entry fee is 37.52 USD. Recommended visit: 6 hours. Discover Lagoon Splash Escape, a notable theme park in Fort-de-France, Martinique, ideal for visitors. Open 09:00-17:30, entry 37.52 USD.",37.52,09:00-17:30,6 hours,3.75,"No. 456 Zhongshan Road, Fort-de-France",14.635803367051478,-61.0502471933716,"['fast-paced budget travel', 'couples trip', 'elderly travelers']","['Restrooms', 'Information Desk', 'Restaurant', 'Souvenir Shop', 'First Aid Station', 'Luggage Storage', 'city passes', 'luggage storage', 'self-guided tours', 'scenic spots', 'sunset cruises', 'special couples experiences', 'wheelchair rental', 'benches/rest areas']"
81,Fort-de-France,Martinique,Theme Park/Amusement Park,Horizons of Harmony,"Horizons of Harmony is a theme park in Fort-de-France, Martinique, popular for its memorable experiences. Entry fee is 11.89 USD. Recommended visit: 7 hours. Discover Horizons of Harmony, a notable theme park in Fort-de-France, Martinique, ideal for visitors. Open 09:30-21:00, entry 11.89 USD.",11.89,09:30-21:00,7 hours,3.75,"573 Chalong Road, Patong Beach, Fort-de-France",14.631333816014347,-61.05911667846394,"['solo women', 'with pets', 'couples trip']","['Restrooms', 'Information Desk', 'Restaurant', 'Souvenir Shop', 'First Aid Station', 'Luggage Storage', 'group tours', 'security', 'Pet-friendly', 'pet water stations', 'Pet rest area', 'scenic spots', 'sunset cruises', 'special couples experiences']"
82,Fort-de-France,Martinique,Theme Park/Amusement Park,Tropical Tinkerland,"Tropical Tinkerland is a theme park in Fort-de-France, Martinique, popular for its memorable experiences. Entry fee is 16.79 USD. Recommended visit: 8 hours. Discover Tropical Tinkerland, a notable theme park in Fort-de-France, Martinique, ideal for visitors. Open 10:00-20:00, entry 16.79 USD.",16.79,10:00-20:00,8 hours,3.75,"No. 456, Cultural Street, Fort-de-France",14.621563963628576,-61.09170660903624,"['fast-paced budget travel', 'photography', 'with pets']","['Restrooms', 'Information Desk', 'Restaurant', 'Souvenir Shop', 'First Aid Station', 'Luggage Storage', 'city passes', 'luggage storage', 'self-guided tours', 'photo spots', 'guided photo tours', 'charging stations', 'Pet-friendly', 'pet water stations', 'Pet rest area']"
83,Fort-de-France,Martinique,Theme Park/Amusement Park,Caribbean Tides Adventure Park No.2,"Caribbean Tides Adventure Park is a theme park in Fort-de-France, Martinique, popular for its memorable experiences. Entry fee is 17.6 USD. Recommended visit: 6 hours. Discover Caribbean Tides Adventure Park, a notable theme park in Fort-de-France, Martinique, ideal for visitors. Open 10:00-22:00, entry 17.6 USD.",17.6,10:00-22:00,6 hours,3.75,"652 Siam Road, Patong Beach, Fort-de-France",14.663583563395209,-60.9910100141786,"['nightlife enthusiast', 'with children']","['Restrooms', 'Information Desk', 'Restaurant', 'Souvenir Shop', 'First Aid Station', 'Luggage Storage', 'night markets', 'bars', 'evening shows', 'family restrooms', 'Nursing facilities']"
84,Fort-de-France,Martinique,Theme Park/Amusement Park,Caribbean Wild Escape,"Caribbean Wild Escape is a theme park in Fort-de-France, Martinique, popular for its memorable experiences. Entry fee is 20.67 USD. Recommended visit: 8 hours. Discover Caribbean Wild Escape, a notable theme park in Fort-de-France, Martinique, ideal for visitors. Open 08:30-19:00, entry 20.67 USD.",20.67,08:30-19:00,8 hours,3.75,"No. 456, Century Avenue, Fort-de-France",14.654461487038317,-61.05656034457279,"['fast-paced budget travel', 'photography']","['Restrooms', 'Information Desk', 'Restaurant', 'Souvenir Shop', 'First Aid Station', 'Luggage Storage', 'city passes', 'luggage storage', 'self-guided tours', 'photo spots', 'guided photo tours', 'charging stations']"
85,Fort-de-France,Martinique,Theme Park/Amusement Park,Lumina Dreamscape Adventure,"Lumina Dreamscape Adventure is a theme park in Fort-de-France, Martinique, popular for its memorable experiences. Entry fee is 4.06 USD. Recommended visit: 7 hours. Discover Lumina Dreamscape Adventure, a notable theme park in Fort-de-France, Martinique, ideal for visitors. Open 08:00-22:30, entry 4.06 USD.",4.06,08:00-22:30,7 hours,3.75,"No. 456, Yuzhong Road, Fort-de-France",14.684098509431127,-61.09842367292848,"['solo women', 'with pets', 'disabled traveler']","['Restrooms', 'Information Desk', 'Restaurant', 'Souvenir Shop', 'First Aid Station', 'Luggage Storage', 'group tours', 'security', 'Pet-friendly', 'pet water stations', 'Pet rest area', 'ramps', 'elevators', 'wheelchair rentals', 'accessible restrooms']"
86,Fort-de-France,Martinique,Theme Park/Amusement Park,Caribbean Tropics Adventure Zone,"Caribbean Tropics Adventure Zone is a theme park in Fort-de-France, Martinique, popular for its memorable experiences. Entry fee is 44.17 USD. Recommended visit: 7 hours. Discover Caribbean Tropics Adventure Zone, a notable theme park in Fort-de-France, Martinique, ideal for visitors. Open 10:00-22:00, entry 44.17 USD.",44.17,10:00-22:00,7 hours,3.75,"117 Shinko Street, Chuo Ward, Fort-de-France",14.63752431712611,-60.96775076143003,"['fast-paced budget travel', 'photography', 'elderly travelers']","['Restrooms', 'Information Desk', 'Restaurant', 'Souvenir Shop', 'First Aid Station', 'Luggage Storage', 'city passes', 'luggage storage', 'self-guided tours', 'photo spots', 'guided photo tours', 'charging stations', 'wheelchair rental', 'benches/rest areas']"
87,Fort-de-France,Martinique,Theme Park/Amusement Park,Caribbean Creations Land,"Caribbean Creations Land is a theme park in Fort-de-France, Martinique, popular for its memorable experiences. Entry fee is 49.0 USD. Recommended visit: 6 hours. Discover Caribbean Creations Land, a notable theme park in Fort-de-France, Martinique, ideal for visitors. Open 08:00-23:00, entry 49.0 USD.",49.0,08:00-23:00,6 hours,3.75,"624 Maha Chai Road, Khlong Toei District, Fort-de-France",14.661609665598045,-61.05917944211638,"['with children', 'photography', 'couples trip']","['Restrooms', 'Information Desk', 'Restaurant', 'Souvenir Shop', 'First Aid Station', 'Luggage Storage', 'family restrooms', 'Nursing facilities', 'photo spots', 'guided photo tours', 'charging stations', 'scenic spots', 'sunset cruises', 'special couples experiences']"
88,Fort-de-France,Martinique,Theme Park/Amusement Park,La Cité des Rêves Créoles,"La Cité des Rêves Créoles is a theme park in Fort-de-France, Martinique, popular for its memorable experiences. Entry fee is 32.62 USD. Recommended visit: 6 hours. Discover La Cité des Rêves Créoles, a notable theme park in Fort-de-France, Martinique, ideal for visitors. Open 08:30-17:30, entry 32.62 USD.",32.62,08:30-17:30,6 hours,3.75,"631 Sakura Street, Naka-ku, Fort-de-France",14.69263532113483,-61.0503572739834,"['fast-paced budget travel', 'solo women', 'luxury travelers']","['Restrooms', 'Information Desk', 'Restaurant', 'Souvenir Shop', 'First Aid Station', 'Luggage Storage', 'city passes', 'luggage storage', 'self-guided tours', 'group tours', 'security', 'private tours', 'skip the line passes', 'VIP exclusive events']"
89,Fort-de-France,Martinique,Theme Park/Amusement Park,Caribbean Sky Lagoon,"Caribbean Sky Lagoon is a theme park in Fort-de-France, Martinique, popular for its memorable experiences. Entry fee is 28.0 USD. Recommended visit: 7 hours. Discover Caribbean Sky Lagoon, a notable theme park in Fort-de-France, Martinique, ideal for visitors. Open 09:00-17:00, entry 28.0 USD.",28.0,09:00-17:00,7 hours,3.75,"121 Gwanghwamun-ro, Jongno-gu, Fort-de-France",14.638760461655693,-60.99025190059929,['solo women'],"['Restrooms', 'Information Desk', 'Restaurant', 'Souvenir Shop', 'First Aid Station', 'Luggage Storage', 'group tours', 'security']"
90,Fort-de-France,Martinique,Theme Park/Amusement Park,Lagoon Splash Haven,"Lagoon Splash Haven is a theme park in Fort-de-France, Martinique, popular for its memorable experiences. Entry fee is 9.28 USD. Recommended visit: 8 hours. Discover Lagoon Splash Haven, a notable theme park in Fort-de-France, Martinique, ideal for visitors. Open 09:00-18:00, entry 9.28 USD.",9.28,09:00-18:00,8 hours,3.75,"156A Tai Tam Road, Tai Tam, Fort-de-France",14.675946138929511,-60.98372310925328,"['solo women', 'with pets']","['Restrooms', 'Information Desk', 'Restaurant', 'Souvenir Shop', 'First Aid Station', 'Luggage Storage', 'group tours', 'security', 'Pet-friendly', 'pet water stations', 'Pet rest area']"
91,Fort-de-France,Martinique,Historic Site/Landmark,Citadel Heights Observation Deck,"Citadel Heights Observation Deck is a historic site in Fort-de-France, Martinique, popular for its memorable experiences. Entry fee is 26.79 USD. Recommended visit: 2 hours. Discover Citadel Heights Observation Deck, a notable historic site in Fort-de-France, Martinique, ideal for visitors. Open 09:00-21:00, entry 26.79 USD.",26.79,09:00-21:00,2 hours,3.5,"373 Seaside Promenade, Chuo-ku, Fort-de-France",14.684722966931645,-61.035828947105536,"['with children', 'elderly travelers', 'road trip']","['Restrooms', 'Information Desk', 'Restaurant', 'Souvenir Shop', 'First Aid Station', 'Luggage Storage', 'family restrooms', 'Nursing facilities', 'wheelchair rental', 'benches/rest areas', 'parking']"
92,Fort-de-France,Martinique,Historic Site/Landmark,Cape Verdean Heritage Quarters,"Cape Verdean Heritage Quarters is a historic site in Fort-de-France, Martinique, popular for its memorable experiences. Entry fee is 42.0 USD. Recommended visit: 2 hours. Discover Cape Verdean Heritage Quarters, a notable historic site in Fort-de-France, Martinique, ideal for visitors. Open 09:00-22:00, entry 42.0 USD.",42.0,09:00-22:00,2 hours,3.5,"No. 188, Yushan Road, Fort-de-France",14.621766387595356,-60.96395140889257,"['photography', 'couples trip', 'business travelers']","['Restrooms', 'Information Desk', 'Restaurant', 'Souvenir Shop', 'First Aid Station', 'Luggage Storage', 'photo spots', 'guided photo tours', 'charging stations', 'scenic spots', 'sunset cruises', 'special couples experiences', 'High speed WiFi']"
93,Fort-de-France,Martinique,Historic Site/Landmark,Echoes of the Colonial Courtyard,"Echoes of the Colonial Courtyard is a historic site in Fort-de-France, Martinique, popular for its memorable experiences. Entry fee is 0.0 USD. Recommended visit: 2 hours. Discover Echoes of the Colonial Courtyard, a notable historic site in Fort-de-France, Martinique, ideal for visitors. Open 09:00-17:30, entry 0.0 USD.",0.0,09:00-17:30,2 hours,3.5,"393 Nishi-Shinjuku Street, Shinjuku Ward, Fort-de-France",14.658493268331794,-61.0973288177032,"['nightlife enthusiast', 'elderly travelers', 'road trip']","['Restrooms', 'Information Desk', 'Restaurant', 'Souvenir Shop', 'First Aid Station', 'Luggage Storage', 'night markets', 'bars', 'evening shows', 'wheelchair rental', 'benches/rest areas', 'parking']"
94,Fort-de-France,Martinique,Historic Site/Landmark,Echoes of the Colonial Era Tour,"Echoes of the Colonial Era Tour is a historic site in Fort-de-France, Martinique, popular for its memorable experiences. Entry fee is 12.6 USD. Recommended visit: 2 hours. Discover Echoes of the Colonial Era Tour, a notable historic site in Fort-de-France, Martinique, ideal for visitors. Open 10:00-22:00, entry 12.6 USD.",12.6,10:00-22:00,2 hours,3.5,"895 Bukit Timah Road, Fort-de-France",14.67192592364353,-61.05424492967256,"['with children', 'solo women', 'foodie']","['Restrooms', 'Information Desk', 'Restaurant', 'Souvenir Shop', 'First Aid Station', 'Luggage Storage', 'family restrooms', 'Nursing facilities', 'group tours', 'security', 'Food markets', 'tasting tours']"
95,Fort-de-France,Martinique,Historic Site/Landmark,Island Echoes Museum,"Island Echoes Museum is a historic site in Fort-de-France, Martinique, popular for its memorable experiences. Entry fee is 78.46 USD. Recommended visit: 2 hours. Discover Island Echoes Museum, a notable historic site in Fort-de-France, Martinique, ideal for visitors. Open 06:00-18:00, entry 78.46 USD.",78.46,06:00-18:00,2 hours,3.5,"840 Nishi-Honganji Street, Fort-de-France",14.692253814120724,-61.08934152083965,"['luxury travelers', 'disabled traveler', 'business travelers']","['Restrooms', 'Information Desk', 'Restaurant', 'Souvenir Shop', 'First Aid Station', 'Luggage Storage', 'private tours', 'skip the line passes', 'VIP exclusive events', 'ramps', 'elevators', 'wheelchair rentals', 'accessible restrooms', 'High speed WiFi']"
96,Fort-de-France,Martinique,Historic Site/Landmark,Caribbean Heritage and Sports Legacy,"Caribbean Heritage and Sports Legacy is a historic site in Fort-de-France, Martinique, popular for its memorable experiences. Entry fee is 7.84 USD. Recommended visit: 2 hours. Discover Caribbean Heritage and Sports Legacy, a notable historic site in Fort-de-France, Martinique, ideal for visitors. Open 08:30-17:30, entry 7.84 USD.",7.84,08:30-17:30,2 hours,3.5,"255 Sakura Street, Shibuya Ward, Fort-de-France",14.621406646708232,-61.03237018551138,"['luxury travelers', 'couples trip', 'road trip']","['Restrooms', 'Information Desk', 'Restaurant', 'Souvenir Shop', 'First Aid Station', 'Luggage Storage', 'private tours', 'skip the line passes', 'VIP exclusive events', 'scenic spots', 'sunset cruises', 'special couples experiences', 'parking']"
97,Fort-de-France,Martinique,Historic Site/Landmark,Echoes of the Old Quarter,"Echoes of the Old Quarter is a historic site in Fort-de-France, Martinique, popular for its memorable experiences. Entry fee is 9.73 USD. Recommended visit: 2 hours. Discover Echoes of the Old Quarter, a notable historic site in Fort-de-France, Martinique, ideal for visitors. Open 08:30-19:00, entry 9.73 USD.",9.73,08:30-19:00,2 hours,3.5,"No. 456, Hengshan Road, Fort-de-France",14.63619025544332,-60.9651401113099,"['with children', 'solo women', 'luxury travelers']","['Restrooms', 'Information Desk', 'Restaurant', 'Souvenir Shop', 'First Aid Station', 'Luggage Storage', 'family restrooms', 'Nursing facilities', 'group tours', 'security', 'private tours', 'skip the line passes', 'VIP exclusive events']"
98,Fort-de-France,Martinique,Historic Site/Landmark,Crimson Sky Spire,"Crimson Sky Spire is a historic site in Fort-de-France, Martinique, popular for its memorable experiences. Entry fee is 21.77 USD. Recommended visit: 2 hours. Discover Crimson Sky Spire, a notable historic site in Fort-de-France, Martinique, ideal for visitors. Open 09:00-18:00, entry 21.77 USD.",21.77,09:00-18:00,2 hours,3.5,"795 Shuri Street, Fort-de-France",14.652293570646489,-61.09094554432651,"['with children', 'with pets', 'business travelers']","['Restrooms', 'Information Desk', 'Restaurant', 'Souvenir Shop', 'First Aid Station', 'Luggage Storage', 'family restrooms', 'Nursing facilities', 'Pet-friendly', 'pet water stations', 'Pet rest area', 'High speed WiFi']"
99,Fort-de-France,Martinique,Historic Site/Landmark,Caribbean Heritage Skyline Adventure,"Caribbean Heritage Skyline Adventure is a historic site in Fort-de-France, Martinique, popular for its memorable experiences. Entry fee is 16.52 USD. Recommended visit: 2 hours. Discover Caribbean Heritage Skyline Adventure, a notable historic site in Fort-de-France, Martinique, ideal for visitors. Open 09:00-18:00, entry 16.52 USD.",16.52,09:00-18:00,2 hours,3.5,"671 Sakura Avenue, Fort-de-France",14.62389401449074,-60.95866892823084,['business travelers'],"['Restrooms', 'Information Desk', 'Restaurant', 'Souvenir Shop', 'First Aid Station', 'Luggage Storage', 'High speed WiFi']"
100,Fort-de-France,Martinique,Historic Site/Landmark,Caribbean Horizon Gaze,"Caribbean Horizon Gaze is a historic site in Fort-de-France, Martinique, popular for its memorable experiences. Entry fee is 11.68 USD. Recommended visit: 2 hours. Discover Caribbean Horizon Gaze, a notable historic site in Fort-de-France, Martinique, ideal for visitors. Open 09:00-17:00, entry 11.68 USD.",11.68,09:00-17:00,2 hours,3.5,"363 Shimbashi Seimei Street, Minato City, Fort-de-France",14.61271210080276,-60.9508674432996,"['elderly travelers', 'luxury travelers', 'disabled traveler']","['Restrooms', 'Information Desk', 'Restaurant', 'Souvenir Shop', 'First Aid Station', 'Luggage Storage', 'wheelchair rental', 'benches/rest areas', 'private tours', 'skip the line passes', 'VIP exclusive events', 'ramps', 'elevators', 'wheelchair rentals', 'accessible restrooms']"
101,Fort-de-France,Martinique,Historic Site/Landmark,Cape Haitian Heritage Spire,"Cape Haitian Heritage Spire is a historic site in Fort-de-France, Martinique, popular for its memorable experiences. Entry fee is 15.16 USD. Recommended visit: 2 hours. Discover Cape Haitian Heritage Spire, a notable historic site in Fort-de-France, Martinique, ideal for visitors. Open 08:30-17:30, entry 15.16 USD.",15.16,08:30-17:30,2 hours,3.5,"No. 456, West Lake Road, Fort-de-France",14.65177191956991,-61.09406021980899,"['solo women', 'luxury travelers', 'elderly travelers']","['Restrooms', 'Information Desk', 'Restaurant', 'Souvenir Shop', 'First Aid Station', 'Luggage Storage', 'group tours', 'security', 'private tours', 'skip the line passes', 'VIP exclusive events', 'wheelchair rental', 'benches/rest areas']"
102,Fort-de-France,Martinique,Historic Site/Landmark,Cape of Echoes Cultural Center,"Cape of Echoes Cultural Center is a historic site in Fort-de-France, Martinique, popular for its memorable experiences. Entry fee is 29.19 USD. Recommended visit: 2 hours. Discover Cape of Echoes Cultural Center, a notable historic site in Fort-de-France, Martinique, ideal for visitors. Open 09:00-17:00, entry 29.19 USD.",29.19,09:00-17:00,2 hours,3.5,"440 Marina Bay Sands, Fort-de-France",14.69796613906121,-61.0722542886021,"['fast-paced budget travel', 'photography', 'couples trip']","['Restrooms', 'Information Desk', 'Restaurant', 'Souvenir Shop', 'First Aid Station', 'Luggage Storage', 'city passes', 'luggage storage', 'self-guided tours', 'photo spots', 'guided photo tours', 'charging stations', 'scenic spots', 'sunset cruises', 'special couples experiences']"
103,Fort-de-France,Martinique,Historic Site/Landmark,Caribbean Heritage Walk,"Caribbean Heritage Walk is a historic site in Fort-de-France, Martinique, popular for its memorable experiences. Entry fee is 7.0 USD. Recommended visit: 2 hours. Discover Caribbean Heritage Walk, a notable historic site in Fort-de-France, Martinique, ideal for visitors. Open 09:00-21:00, entry 7.0 USD.",7.0,09:00-21:00,2 hours,3.5,"581 Sakura Street, Fort-de-France",14.679702970798685,-61.05563110062241,"['nightlife enthusiast', 'with children', 'elderly travelers']","['Restrooms', 'Information Desk', 'Restaurant', 'Souvenir Shop', 'First Aid Station', 'Luggage Storage', 'night markets', 'bars', 'evening shows', 'family restrooms', 'Nursing facilities', 'wheelchair rental', 'benches/rest areas']"
104,Fort-de-France,Martinique,Historic Site/Landmark,La Citadelle des Temps Perdus,"La Citadelle des Temps Perdus is a historic site in Fort-de-France, Martinique, popular for its memorable experiences. Entry fee is 50.54 USD. Recommended visit: 2 hours. Discover La Citadelle des Temps Perdus, a notable historic site in Fort-de-France, Martinique, ideal for visitors. Open 08:30-20:00, entry 50.54 USD.",50.54,08:30-20:00,2 hours,3.5,"838 Sathorn Road, Fort-de-France",14.610068725076683,-61.08688834477108,"['with children', 'fast-paced budget travel', 'elderly travelers']","['Restrooms', 'Information Desk', 'Restaurant', 'Souvenir Shop', 'First Aid Station', 'Luggage Storage', 'family restrooms', 'Nursing facilities', 'city passes', 'luggage storage', 'self-guided tours', 'wheelchair rental', 'benches/rest areas']"
105,Fort-de-France,Martinique,Historic Site/Landmark,Island of Echoing Stones,"Island of Echoing Stones is a historic site in Fort-de-France, Martinique, popular for its memorable experiences. Entry fee is 474.46 USD. Recommended visit: 2 hours. Discover Island of Echoing Stones, a notable historic site in Fort-de-France, Martinique, ideal for visitors. Open 08:30-17:00, entry 474.46 USD.",474.46,08:30-17:00,2 hours,3.5,"No. 456, Xiamen Bay Road, Fort-de-France",14.659554144892253,-61.08570732502976,"['with children', 'photography', 'elderly travelers']","['Restrooms', 'Information Desk', 'Restaurant', 'Souvenir Shop', 'First Aid Station', 'Luggage Storage', 'family restrooms', 'Nursing facilities', 'photo spots', 'guided photo tours', 'charging stations', 'wheelchair rental', 'benches/rest areas']"
106,Fort-de-France,Martinique,Historic Site/Landmark,Caribbean Heritage Tapestry,"Caribbean Heritage Tapestry is a historic site in Fort-de-France, Martinique, popular for its memorable experiences. Entry fee is 10.59 USD. Recommended visit: 2 hours. Discover Caribbean Heritage Tapestry, a notable historic site in Fort-de-France, Martinique, ideal for visitors. Open 09:00-17:30, entry 10.59 USD.",10.59,09:00-17:30,2 hours,3.5,"331 Nai Harn Beach Road, Fort-de-France",14.689450247158089,-61.05248482065899,"['fast-paced budget travel', 'photography', 'with pets']","['Restrooms', 'Information Desk', 'Restaurant', 'Souvenir Shop', 'First Aid Station', 'Luggage Storage', 'city passes', 'luggage storage', 'self-guided tours', 'photo spots', 'guided photo tours', 'charging stations', 'Pet-friendly', 'pet water stations', 'Pet rest area']"
107,Fort-de-France,Martinique,Historic Site/Landmark,Horizon 61 Observation Tower,"Horizon 61 Observation Tower is a historic site in Fort-de-France, Martinique, popular for its memorable experiences. Entry fee is 5.6 USD. Recommended visit: 2 hours. Discover Horizon 61 Observation Tower, a notable historic site in Fort-de-France, Martinique, ideal for visitors. Open 08:30-17:00, entry 5.6 USD.",5.6,08:30-17:00,2 hours,3.5,"No. 456, Xueyuan Road, Fort-de-France",14.645952112103169,-61.0878141335533,"['nightlife enthusiast', 'couples trip', 'luxury travelers']","['Restrooms', 'Information Desk', 'Restaurant', 'Souvenir Shop', 'First Aid Station', 'Luggage Storage', 'night markets', 'bars', 'evening shows', 'scenic spots', 'sunset cruises', 'special couples experiences', 'private tours', 'skip the line passes', 'VIP exclusive events']"
108,Fort-de-France,Martinique,Historic Site/Landmark,Echoes of the Royal Citadel,"Echoes of the Royal Citadel is a historic site in Fort-de-France, Martinique, popular for its memorable experiences. Entry fee is 160.64 USD. Recommended visit: 2 hours. Discover Echoes of the Royal Citadel, a notable historic site in Fort-de-France, Martinique, ideal for visitors. Open 08:30-17:30, entry 160.64 USD.",160.64,08:30-17:30,2 hours,3.5,"No. 456 Green Valley Road, Fort-de-France",14.674155557112943,-61.047100635866784,"['fast-paced budget travel', 'with pets', 'disabled traveler']","['Restrooms', 'Information Desk', 'Restaurant', 'Souvenir Shop', 'First Aid Station', 'Luggage Storage', 'city passes', 'luggage storage', 'self-guided tours', 'Pet-friendly', 'pet water stations', 'Pet rest area', 'ramps', 'elevators', 'wheelchair rentals', 'accessible restrooms']"
109,Fort-de-France,Martinique,Historic Site/Landmark,Ciel d'Antilles Observation Terrace,"Ciel d'Antilles Observation Terrace is a historic site in Fort-de-France, Martinique, popular for its memorable experiences. Entry fee is 36.54 USD. Recommended visit: 2 hours. Discover Ciel d'Antilles Observation Terrace, a notable historic site in Fort-de-France, Martinique, ideal for visitors. Open 08:00-18:00, entry 36.54 USD.",36.54,08:00-18:00,2 hours,3.5,"150 Sakura Street, Naka-ku, Fort-de-France",14.635331935197694,-60.95384590207315,"['with children', 'elderly travelers', 'disabled traveler']","['Restrooms', 'Information Desk', 'Restaurant', 'Souvenir Shop', 'First Aid Station', 'Luggage Storage', 'family restrooms', 'Nursing facilities', 'wheelchair rental', 'benches/rest areas', 'ramps', 'elevators', 'wheelchair rentals', 'accessible restrooms']"
110,Fort-de-France,Martinique,Historic Site/Landmark,Crystal Citadel Heritage,"Crystal Citadel Heritage is a historic site in Fort-de-France, Martinique, popular for its memorable experiences. Entry fee is 16.97 USD. Recommended visit: 2 hours. Discover Crystal Citadel Heritage, a notable historic site in Fort-de-France, Martinique, ideal for visitors. Open 19:30-22:30, entry 16.97 USD.",16.97,19:30-22:30,2 hours,3.5,"539 Nihonbashi 2-chome, Chuo Ward, Fort-de-France",14.609963123538984,-60.97398149187583,"['photography', 'disabled traveler', 'road trip']","['Restrooms', 'Information Desk', 'Restaurant', 'Souvenir Shop', 'First Aid Station', 'Luggage Storage', 'photo spots', 'guided photo tours', 'charging stations', 'ramps', 'elevators', 'wheelchair rentals', 'accessible restrooms', 'parking']"
111,Fort-de-France,Martinique,Historic Site/Landmark,Cascades de la Cité Thermal Experience,"Cascades de la Cité Thermal Experience is a historic site in Fort-de-France, Martinique, popular for its memorable experiences. Entry fee is 6.23 USD. Recommended visit: 2 hours. Discover Cascades de la Cité Thermal Experience, a notable historic site in Fort-de-France, Martinique, ideal for visitors. Open 09:00-17:00, entry 6.23 USD.",6.23,09:00-17:00,2 hours,3.5,"148 Suthep Road, Fort-de-France",14.61800289273525,-60.95230482651096,['road trip'],"['Restrooms', 'Information Desk', 'Restaurant', 'Souvenir Shop', 'First Aid Station', 'Luggage Storage', 'parking']"
112,Fort-de-France,Martinique,Historic Site/Landmark,Echoes of the Bay,"Echoes of the Bay is a historic site in Fort-de-France, Martinique, popular for its memorable experiences. Entry fee is 114.46 USD. Recommended visit: 2 hours. Discover Echoes of the Bay, a notable historic site in Fort-de-France, Martinique, ideal for visitors. Open 10:00-19:00, entry 114.46 USD.",114.46,10:00-19:00,2 hours,3.5,"946/18 Rachadaphisek Road, Pathumwan, Fort-de-France",14.707978270374198,-61.07419823014396,"['solo women', 'foodie', 'disabled traveler']","['Restrooms', 'Information Desk', 'Restaurant', 'Souvenir Shop', 'First Aid Station', 'Luggage Storage', 'group tours', 'security', 'Food markets', 'tasting tours', 'ramps', 'elevators', 'wheelchair rentals', 'accessible restrooms']"
113,Fort-de-France,Martinique,Historic Site/Landmark,Cité des Étoiles et des Remparts,"Cité des Étoiles et des Remparts is a historic site in Fort-de-France, Martinique, popular for its memorable experiences. Entry fee is 6.85 USD. Recommended visit: 2 hours. Discover Cité des Étoiles et des Remparts, a notable historic site in Fort-de-France, Martinique, ideal for visitors. Open 10:00-20:00, entry 6.85 USD.",6.85,10:00-20:00,2 hours,3.5,"409 Siam Road, Fort-de-France",14.611939597676818,-61.07332552121999,"['nightlife enthusiast', 'solo women', 'road trip']","['Restrooms', 'Information Desk', 'Restaurant', 'Souvenir Shop', 'First Aid Station', 'Luggage Storage', 'night markets', 'bars', 'evening shows', 'group tours', 'security', 'parking']"
114,Fort-de-France,Martinique,Historic Site/Landmark,Legacy of the Southern Ring,"Legacy of the Southern Ring is a historic site in Fort-de-France, Martinique, popular for its memorable experiences. Entry fee is 13.36 USD. Recommended visit: 2 hours. Discover Legacy of the Southern Ring, a notable historic site in Fort-de-France, Martinique, ideal for visitors. Open 09:00-17:30, entry 13.36 USD.",13.36,09:00-17:30,2 hours,3.5,"278 Moo 1, Khao Kheow Road, Fort-de-France",14.592323399042296,-60.989119978286006,"['with children', 'luxury travelers', 'road trip']","['Restrooms', 'Information Desk', 'Restaurant', 'Souvenir Shop', 'First Aid Station', 'Luggage Storage', 'family restrooms', 'Nursing facilities', 'private tours', 'skip the line passes', 'VIP exclusive events', 'parking']"
115,Fort-de-France,Martinique,Historic Site/Landmark,Caribbean Martial Arts Theater,"Caribbean Martial Arts Theater is a historic site in Fort-de-France, Martinique, popular for its memorable experiences. Entry fee is 1.4 USD. Recommended visit: 2 hours. Discover Caribbean Martial Arts Theater, a notable historic site in Fort-de-France, Martinique, ideal for visitors. Open 08:30-17:00, entry 1.4 USD.",1.4,08:30-17:00,2 hours,3.5,"No. 128, Tianhe Road, Tianhe District, Fort-de-France",14.621729607478676,-61.08202909204201,"['with children', 'foodie']","['Restrooms', 'Information Desk', 'Restaurant', 'Souvenir Shop', 'First Aid Station', 'Luggage Storage', 'family restrooms', 'Nursing facilities', 'Food markets', 'tasting tours']"
116,Fort-de-France,Martinique,Historic Site/Landmark,L'Écho des Îles Cultural Heritage Experience,"L'Écho des Îles Cultural Heritage Experience is a historic site in Fort-de-France, Martinique, popular for its memorable experiences. Entry fee is 5.38 USD. Recommended visit: 2 hours. Discover L'Écho des Îles Cultural Heritage Experience, a notable historic site in Fort-de-France, Martinique, ideal for visitors. Open 09:00-17:30, entry 5.38 USD.",5.38,09:00-17:30,2 hours,3.5,"885-12, Gwanghwamun 2-ga, Jongno-gu, Fort-de-France",14.607343240488603,-61.057750750700826,['road trip'],"['Restrooms', 'Information Desk', 'Restaurant', 'Souvenir Shop', 'First Aid Station', 'Luggage Storage', 'parking']"
117,Fort-de-France,Martinique,Historic Site/Landmark,Echoes of the Caribbean Revolt,"Echoes of the Caribbean Revolt is a historic site in Fort-de-France, Martinique, popular for its memorable experiences. Entry fee is 2.79 USD. Recommended visit: 2 hours. Discover Echoes of the Caribbean Revolt, a notable historic site in Fort-de-France, Martinique, ideal for visitors. Open 08:30-17:30, entry 2.79 USD.",2.79,08:30-17:30,2 hours,3.5,"617 Seaside Promenade, Fort-de-France",14.62012242327797,-60.96918883561489,"['with children', 'foodie', 'elderly travelers']","['Restrooms', 'Information Desk', 'Restaurant', 'Souvenir Shop', 'First Aid Station', 'Luggage Storage', 'family restrooms', 'Nursing facilities', 'Food markets', 'tasting tours', 'wheelchair rental', 'benches/rest areas']"
118,Fort-de-France,Martinique,Historic Site/Landmark,Echoes of the Caribbean,"Echoes of the Caribbean is a historic site in Fort-de-France, Martinique, popular for its memorable experiences. Entry fee is 4.2 USD. Recommended visit: 2 hours. Discover Echoes of the Caribbean, a notable historic site in Fort-de-France, Martinique, ideal for visitors. Open 10:00-18:00, entry 4.2 USD.",4.2,10:00-18:00,2 hours,3.5,"226 Sukhumvit Road, Khlong Toei, Fort-de-France",14.610740454699188,-60.96169956703915,"['nightlife enthusiast', 'road trip', 'business travelers']","['Restrooms', 'Information Desk', 'Restaurant', 'Souvenir Shop', 'First Aid Station', 'Luggage Storage', 'night markets', 'bars', 'evening shows', 'parking', 'High speed WiFi']"
119,Fort-de-France,Martinique,Historic Site/Landmark,Caribbean Heritage Citadel,"Caribbean Heritage Citadel is a historic site in Fort-de-France, Martinique, popular for its memorable experiences. Entry fee is 4.13 USD. Recommended visit: 2 hours. Discover Caribbean Heritage Citadel, a notable historic site in Fort-de-France, Martinique, ideal for visitors. Open 09:30-17:00, entry 4.13 USD.",4.13,09:30-17:00,2 hours,3.5,"No. 456, Xingye Road, Tianhe District, Fort-de-France",14.685449898426684,-61.11088995746926,"['couples trip', 'with pets', 'foodie']","['Restrooms', 'Information Desk', 'Restaurant', 'Souvenir Shop', 'First Aid Station', 'Luggage Storage', 'scenic spots', 'sunset cruises', 'special couples experiences', 'Pet-friendly', 'pet water stations', 'Pet rest area', 'Food markets', 'tasting tours']"
120,Fort-de-France,Martinique,Historic Site/Landmark,Celestial Harbor Shrine,"Celestial Harbor Shrine is a historic site in Fort-de-France, Martinique, popular for its memorable experiences. Entry fee is 248.4 USD. Recommended visit: 2 hours. Discover Celestial Harbor Shrine, a notable historic site in Fort-de-France, Martinique, ideal for visitors. Open 08:30-17:00, entry 248.4 USD.",248.4,08:30-17:00,2 hours,3.5,"No. 456 Nanjing East Road, Fort-de-France",14.630255865374512,-61.07719470346726,"['nightlife enthusiast', 'solo women', 'disabled traveler']","['Restrooms', 'Information Desk', 'Restaurant', 'Souvenir Shop', 'First Aid Station', 'Luggage Storage', 'night markets', 'bars', 'evening shows', 'group tours', 'security', 'ramps', 'elevators', 'wheelchair rentals', 'accessible restrooms']"
121,Fort-de-France,Martinique,Historic Site/Landmark,Echoes of the Ancients,"Echoes of the Ancients is a historic site in Fort-de-France, Martinique, popular for its memorable experiences. Entry fee is 24.92 USD. Recommended visit: 2 hours. Discover Echoes of the Ancients, a notable historic site in Fort-de-France, Martinique, ideal for visitors. Open 10:00-22:00, entry 24.92 USD.",24.92,10:00-22:00,2 hours,3.5,"131 Gyeongbokgwan-ro, Jongno-gu, Fort-de-France",14.615624291054548,-61.10098469069754,"['nightlife enthusiast', 'solo women', 'foodie']","['Restrooms', 'Information Desk', 'Restaurant', 'Souvenir Shop', 'First Aid Station', 'Luggage Storage', 'night markets', 'bars', 'evening shows', 'group tours', 'security', 'Food markets', 'tasting tours']"
122,Fort-de-France,Martinique,Museum/Art Gallery,L'Écho des Créations,"L'Écho des Créations is a museum in Fort-de-France, Martinique, popular for its unique collections and exhibitions. Entry fee is 0.0 USD. Recommended visit: 2 hours. Discover L'Écho des Créations, a renowned museum in Fort-de-France, Martinique, ideal for art lovers. Open 09:00-17:30, entry 0.0 USD.",0.0,09:00-17:30,2 hours,4.0,"337 Maha Chai Road, Fort-de-France",14.611617457732926,-60.97072844368773,['road trip'],"['Restrooms', 'Information Desk', 'Restaurant', 'Souvenir Shop', 'First Aid Station', 'Luggage Storage', 'parking']"
123,Fort-de-France,Martinique,Museum/Art Gallery,Echoes of the Subterranean,"Echoes of the Subterranean is a museum in Fort-de-France, Martinique, popular for its unique collections and exhibitions. Entry fee is 11.22 USD. Recommended visit: 2 hours. Discover Echoes of the Subterranean, a renowned museum in Fort-de-France, Martinique, ideal for art lovers. Open 09:30-17:00, entry 11.22 USD.",11.22,09:30-17:00,2 hours,4.0,"No. 456, Riverside Road, Yuzhong District, Fort-de-France",14.63283108042472,-61.06732290688525,"['nightlife enthusiast', 'fast-paced budget travel', 'photography']","['Restrooms', 'Information Desk', 'Restaurant', 'Souvenir Shop', 'First Aid Station', 'Luggage Storage', 'night markets', 'bars', 'evening shows', 'city passes', 'luggage storage', 'self-guided tours', 'photo spots', 'guided photo tours', 'charging stations']"
124,Fort-de-France,Martinique,Museum/Art Gallery,Echoes of the Caribbean Gallery,"Echoes of the Caribbean Gallery is a museum in Fort-de-France, Martinique, popular for its unique collections and exhibitions. Entry fee is 19.51 USD. Recommended visit: 2 hours. Discover Echoes of the Caribbean Gallery, a renowned museum in Fort-de-France, Martinique, ideal for art lovers. Open 10:00-17:00, entry 19.51 USD.",19.51,10:00-17:00,2 hours,4.0,"966 Sakura Street, Fort-de-France",14.66949332307061,-61.06820367044264,"['nightlife enthusiast', 'with children', 'elderly travelers']","['Restrooms', 'Information Desk', 'Restaurant', 'Souvenir Shop', 'First Aid Station', 'Luggage Storage', 'night markets', 'bars', 'evening shows', 'family restrooms', 'Nursing facilities', 'wheelchair rental', 'benches/rest areas']"
125,Fort-de-France,Martinique,Museum/Art Gallery,L'Éclat Créole,"L'Éclat Créole is a museum in Fort-de-France, Martinique, popular for its unique collections and exhibitions. Entry fee is 7.79 USD. Recommended visit: 2 hours. Discover L'Éclat Créole, a renowned museum in Fort-de-France, Martinique, ideal for art lovers. Open 19:00-22:00, entry 7.79 USD.",7.79,19:00-22:00,2 hours,4.0,"No. 456, Cultural Street, Fort-de-France",14.650787865851154,-60.99382081362496,"['with children', 'photography', 'business travelers']","['Restrooms', 'Information Desk', 'Restaurant', 'Souvenir Shop', 'First Aid Station', 'Luggage Storage', 'family restrooms', 'Nursing facilities', 'photo spots', 'guided photo tours', 'charging stations', 'High speed WiFi']"
126,Fort-de-France,Martinique,Museum/Art Gallery,Café des Îles,"Café des Îles is a museum in Fort-de-France, Martinique, popular for its unique collections and exhibitions. Entry fee is 7.46 USD. Recommended visit: 2 hours. Discover Café des Îles, a renowned museum in Fort-de-France, Martinique, ideal for art lovers. Open 09:30-17:00, entry 7.46 USD.",7.46,09:30-17:00,2 hours,4.0,"106 Sakura Street, Chuo Ward, Fort-de-France",14.612286877791336,-61.0918731764213,"['fast-paced budget travel', 'solo women', 'photography']","['Restrooms', 'Information Desk', 'Restaurant', 'Souvenir Shop', 'First Aid Station', 'Luggage Storage', 'city passes', 'luggage storage', 'self-guided tours', 'group tours', 'security', 'photo spots', 'guided photo tours', 'charging stations']"
127,Fort-de-France,Martinique,Museum/Art Gallery,Lumina Botanical Gallery,"Lumina Botanical Gallery is a museum in Fort-de-France, Martinique, popular for its unique collections and exhibitions. Entry fee is 24.92 USD. Recommended visit: 2 hours. Discover Lumina Botanical Gallery, a renowned museum in Fort-de-France, Martinique, ideal for art lovers. Open 11:00-21:00, entry 24.92 USD.",24.92,11:00-21:00,2 hours,4.0,"262 Riverside Drive, Naka-ku, Fort-de-France",14.690933361551412,-61.03163472376499,"['fast-paced budget travel', 'photography', 'with pets']","['Restrooms', 'Information Desk', 'Restaurant', 'Souvenir Shop', 'First Aid Station', 'Luggage Storage', 'city passes', 'luggage storage', 'self-guided tours', 'photo spots', 'guided photo tours', 'charging stations', 'Pet-friendly', 'pet water stations', 'Pet rest area']"
128,Fort-de-France,Martinique,Museum/Art Gallery,Cape Heritage Showcase,"Cape Heritage Showcase is a museum in Fort-de-France, Martinique, popular for its unique collections and exhibitions. Entry fee is 5.61 USD. Recommended visit: 2 hours. Discover Cape Heritage Showcase, a renowned museum in Fort-de-France, Martinique, ideal for art lovers. Open 09:00-18:00, entry 5.61 USD.",5.61,09:00-18:00,2 hours,4.0,"No. 567, Xishan Road, Fort-de-France",14.603939582137254,-61.09395995858594,"['foodie', 'elderly travelers', 'luxury travelers']","['Restrooms', 'Information Desk', 'Restaurant', 'Souvenir Shop', 'First Aid Station', 'Luggage Storage', 'Food markets', 'tasting tours', 'wheelchair rental', 'benches/rest areas', 'private tours', 'skip the line passes', 'VIP exclusive events']"
129,Fort-de-France,Martinique,Museum/Art Gallery,Caribbean Visions Gallery,"Caribbean Visions Gallery is a museum in Fort-de-France, Martinique, popular for its unique collections and exhibitions. Entry fee is 3.78 USD. Recommended visit: 2 hours. Discover Caribbean Visions Gallery, a renowned museum in Fort-de-France, Martinique, ideal for art lovers. Open 09:00-17:00, entry 3.78 USD.",3.78,09:00-17:00,2 hours,4.0,"117 Jurong East Ave 6, Fort-de-France",14.634733458051572,-61.08726087122804,"['solo women', 'couples trip', 'elderly travelers']","['Restrooms', 'Information Desk', 'Restaurant', 'Souvenir Shop', 'First Aid Station', 'Luggage Storage', 'group tours', 'security', 'scenic spots', 'sunset cruises', 'special couples experiences', 'wheelchair rental', 'benches/rest areas']"
130,Fort-de-France,Martinique,Museum/Art Gallery,Island Heritage Museum,"Island Heritage Museum is a museum in Fort-de-France, Martinique, popular for its unique collections and exhibitions. Entry fee is 15.12 USD. Recommended visit: 2 hours. Discover Island Heritage Museum, a renowned museum in Fort-de-France, Martinique, ideal for art lovers. Open 09:00-17:30, entry 15.12 USD.",15.12,09:00-17:30,2 hours,4.0,"641 Suthep Road, Fort-de-France",14.679753935036793,-61.06912981385096,"['nightlife enthusiast', 'photography', 'couples trip']","['Restrooms', 'Information Desk', 'Restaurant', 'Souvenir Shop', 'First Aid Station', 'Luggage Storage', 'night markets', 'bars', 'evening shows', 'photo spots', 'guided photo tours', 'charging stations', 'scenic spots', 'sunset cruises', 'special couples experiences']"
131,Fort-de-France,Martinique,Museum/Art Gallery,CacaoCraft Heritage Hub,"CacaoCraft Heritage Hub is a museum in Fort-de-France, Martinique, popular for its unique collections and exhibitions. Entry fee is 28.12 USD. Recommended visit: 2 hours. Discover CacaoCraft Heritage Hub, a renowned museum in Fort-de-France, Martinique, ideal for art lovers. Open 10:00-19:00, entry 28.12 USD.",28.12,10:00-19:00,2 hours,4.0,"943 Seongsan-ro, Fort-de-France",14.62292418830352,-61.09586435129403,"['photography', 'foodie']","['Restrooms', 'Information Desk', 'Restaurant', 'Souvenir Shop', 'First Aid Station', 'Luggage Storage', 'photo spots', 'guided photo tours', 'charging stations', 'Food markets', 'tasting tours']"
132,Fort-de-France,Martinique,Museum/Art Gallery,Shadowplay Studio,"Shadowplay Studio is a museum in Fort-de-France, Martinique, popular for its unique collections and exhibitions. Entry fee is 6.2 USD. Recommended visit: 2 hours. Discover Shadowplay Studio, a renowned museum in Fort-de-France, Martinique, ideal for art lovers. Open 09:00-17:30, entry 6.2 USD.",6.2,09:00-17:30,2 hours,4.0,"927 Nishinari-ku, Fort-de-France",14.659833063934506,-60.9738798741958,"['couples trip', 'with pets', 'foodie']","['Restrooms', 'Information Desk', 'Restaurant', 'Souvenir Shop', 'First Aid Station', 'Luggage Storage', 'scenic spots', 'sunset cruises', 'special couples experiences', 'Pet-friendly', 'pet water stations', 'Pet rest area', 'Food markets', 'tasting tours']"
133,Fort-de-France,Martinique,Museum/Art Gallery,Deep Blue Horizon Gallery,"Deep Blue Horizon Gallery is a museum in Fort-de-France, Martinique, popular for its unique collections and exhibitions. Entry fee is 8.31 USD. Recommended visit: 2 hours. Discover Deep Blue Horizon Gallery, a renowned museum in Fort-de-France, Martinique, ideal for art lovers. Open 10:00-18:00, entry 8.31 USD.",8.31,10:00-18:00,2 hours,4.0,"922 Gwanghwamun Street, Jongno-gu, Fort-de-France",14.631973633649483,-61.02760583366063,"['fast-paced budget travel', 'with pets', 'business travelers']","['Restrooms', 'Information Desk', 'Restaurant', 'Souvenir Shop', 'First Aid Station', 'Luggage Storage', 'city passes', 'luggage storage', 'self-guided tours', 'Pet-friendly', 'pet water stations', 'Pet rest area', 'High speed WiFi']"
134,Fort-de-France,Martinique,Museum/Art Gallery,Echoes of the Caribbean No.2,"Echoes of the Caribbean is a museum in Fort-de-France, Martinique, popular for its unique collections and exhibitions. Entry fee is 86.45 USD. Recommended visit: 2 hours. Discover Echoes of the Caribbean, a renowned museum in Fort-de-France, Martinique, ideal for art lovers. Open 10:00-22:00, entry 86.45 USD.",86.45,10:00-22:00,2 hours,4.0,"928-456 Shinkawa-dori, Naka-ku, Fort-de-France",14.66484968280158,-61.00889172197952,"['fast-paced budget travel', 'with pets', 'elderly travelers']","['Restrooms', 'Information Desk', 'Restaurant', 'Souvenir Shop', 'First Aid Station', 'Luggage Storage', 'city passes', 'luggage storage', 'self-guided tours', 'Pet-friendly', 'pet water stations', 'Pet rest area', 'wheelchair rental', 'benches/rest areas']"
135,Fort-de-France,Martinique,Museum/Art Gallery,L'Esprit Créatif Circuit,"L'Esprit Créatif Circuit is a museum in Fort-de-France, Martinique, popular for its unique collections and exhibitions. Entry fee is 16.33 USD. Recommended visit: 2 hours. Discover L'Esprit Créatif Circuit, a renowned museum in Fort-de-France, Martinique, ideal for art lovers. Open 10:00-20:00, entry 16.33 USD.",16.33,10:00-20:00,2 hours,4.0,"158 Nathan Road, Fort-de-France",14.66215035147166,-61.088027402351365,"['luxury travelers', 'disabled traveler', 'road trip']","['Restrooms', 'Information Desk', 'Restaurant', 'Souvenir Shop', 'First Aid Station', 'Luggage Storage', 'private tours', 'skip the line passes', 'VIP exclusive events', 'ramps', 'elevators', 'wheelchair rentals', 'accessible restrooms', 'parking']"
136,Fort-de-France,Martinique,Museum/Art Gallery,Echoes of the Caribbean Soul,"Echoes of the Caribbean Soul is a museum in Fort-de-France, Martinique, popular for its unique collections and exhibitions. Entry fee is 8.63 USD. Recommended visit: 2 hours. Discover Echoes of the Caribbean Soul, a renowned museum in Fort-de-France, Martinique, ideal for art lovers. Open 10:00-22:00, entry 8.63 USD.",8.63,10:00-22:00,2 hours,4.0,"148 Orchard Road, Fort-de-France",14.611293847212922,-60.997085964673786,"['with children', 'with pets', 'business travelers']","['Restrooms', 'Information Desk', 'Restaurant', 'Souvenir Shop', 'First Aid Station', 'Luggage Storage', 'family restrooms', 'Nursing facilities', 'Pet-friendly', 'pet water stations', 'Pet rest area', 'High speed WiFi']"
137,Fort-de-France,Martinique,Museum/Art Gallery,Carnival of Colors Cultural Fusion Gallery,"Carnival of Colors Cultural Fusion Gallery is a museum in Fort-de-France, Martinique, popular for its unique collections and exhibitions. Entry fee is 10.4 USD. Recommended visit: 2 hours. Discover Carnival of Colors Cultural Fusion Gallery, a renowned museum in Fort-de-France, Martinique, ideal for art lovers. Open 09:00-21:00, entry 10.4 USD.",10.4,09:00-21:00,2 hours,4.0,"800-8901 Sapporo City, Nishi 10-chome, Fort-de-France",14.67152536708499,-61.03709764980721,"['foodie', 'luxury travelers', 'road trip']","['Restrooms', 'Information Desk', 'Restaurant', 'Souvenir Shop', 'First Aid Station', 'Luggage Storage', 'Food markets', 'tasting tours', 'private tours', 'skip the line passes', 'VIP exclusive events', 'parking']"
138,Fort-de-France,Martinique,Museum/Art Gallery,Caribbean Storytelling Gallery,"Caribbean Storytelling Gallery is a museum in Fort-de-France, Martinique, popular for its unique collections and exhibitions. Entry fee is 37.37 USD. Recommended visit: 2 hours. Discover Caribbean Storytelling Gallery, a renowned museum in Fort-de-France, Martinique, ideal for art lovers. Open 08:30-17:00, entry 37.37 USD.",37.37,08:30-17:00,2 hours,4.0,"497 Shiroiwa Street, Chuo Ward, Fort-de-France",14.69137609299613,-61.07409622239576,"['with children', 'couples trip', 'road trip']","['Restrooms', 'Information Desk', 'Restaurant', 'Souvenir Shop', 'First Aid Station', 'Luggage Storage', 'family restrooms', 'Nursing facilities', 'scenic spots', 'sunset cruises', 'special couples experiences', 'parking']"
139,Fort-de-France,Martinique,Museum/Art Gallery,Lumière Évasion Art Gallery,"Lumière Évasion Art Gallery is a museum in Fort-de-France, Martinique, popular for its unique collections and exhibitions. Entry fee is 14.47 USD. Recommended visit: 2 hours. Discover Lumière Évasion Art Gallery, a renowned museum in Fort-de-France, Martinique, ideal for art lovers. Open 08:30-17:30, entry 14.47 USD.",14.47,08:30-17:30,2 hours,4.0,"No. 456 Cultural Road, Fort-de-France",14.63699069589132,-60.971934566969935,"['fast-paced budget travel', 'solo women', 'foodie']","['Restrooms', 'Information Desk', 'Restaurant', 'Souvenir Shop', 'First Aid Station', 'Luggage Storage', 'city passes', 'luggage storage', 'self-guided tours', 'group tours', 'security', 'Food markets', 'tasting tours']"
140,Fort-de-France,Martinique,Museum/Art Gallery,Carnival of Colors Interactive Gallery,"Carnival of Colors Interactive Gallery is a museum in Fort-de-France, Martinique, popular for its unique collections and exhibitions. Entry fee is 9.52 USD. Recommended visit: 2 hours. Discover Carnival of Colors Interactive Gallery, a renowned museum in Fort-de-France, Martinique, ideal for art lovers. Open 09:00-17:30, entry 9.52 USD.",9.52,09:00-17:30,2 hours,4.0,"No. 123, Xicheng Science Park, Fort-de-France",14.632283373781302,-61.0781331048191,"['with pets', 'photography', 'couples trip']","['Restrooms', 'Information Desk', 'Restaurant', 'Souvenir Shop', 'First Aid Station', 'Luggage Storage', 'Pet-friendly', 'pet water stations', 'Pet rest area', 'photo spots', 'guided photo tours', 'charging stations', 'scenic spots', 'sunset cruises', 'special couples experiences']"
141,Fort-de-France,Martinique,Museum/Art Gallery,Caribbean Combat Heritage Museum,"Caribbean Combat Heritage Museum is a museum in Fort-de-France, Martinique, popular for its unique collections and exhibitions. Entry fee is 52.55 USD. Recommended visit: 2 hours. Discover Caribbean Combat Heritage Museum, a renowned museum in Fort-de-France, Martinique, ideal for art lovers. Open 10:00-17:30, entry 52.55 USD.",52.55,10:00-17:30,2 hours,4.0,"588 Seopjeong-ro, Fort-de-France",14.6528307756142,-61.06621512562719,"['with children', 'solo women', 'with pets']","['Restrooms', 'Information Desk', 'Restaurant', 'Souvenir Shop', 'First Aid Station', 'Luggage Storage', 'family restrooms', 'Nursing facilities', 'group tours', 'security', 'Pet-friendly', 'pet water stations', 'Pet rest area']"
142,Fort-de-France,Martinique,Museum/Art Gallery,Caribbean Pulse Cultural Nexus,"Caribbean Pulse Cultural Nexus is a museum in Fort-de-France, Martinique, popular for its unique collections and exhibitions. Entry fee is 15.9 USD. Recommended visit: 2 hours. Discover Caribbean Pulse Cultural Nexus, a renowned museum in Fort-de-France, Martinique, ideal for art lovers. Open 09:00-18:00, entry 15.9 USD.",15.9,09:00-18:00,2 hours,4.0,"238 Seogwipo Road, Fort-de-France",14.677041650541602,-61.07424745947744,"['solo women', 'foodie', 'elderly travelers']","['Restrooms', 'Information Desk', 'Restaurant', 'Souvenir Shop', 'First Aid Station', 'Luggage Storage', 'group tours', 'security', 'Food markets', 'tasting tours', 'wheelchair rental', 'benches/rest areas']"
143,Fort-de-France,Martinique,Museum/Art Gallery,Caribbean Heritage Nexus,"Caribbean Heritage Nexus is a museum in Fort-de-France, Martinique, popular for its unique collections and exhibitions. Entry fee is 7.0 USD. Recommended visit: 2 hours. Discover Caribbean Heritage Nexus, a renowned museum in Fort-de-France, Martinique, ideal for art lovers. Open 09:30-17:00, entry 7.0 USD.",7.0,09:30-17:00,2 hours,4.0,"926 Siam Road, Fort-de-France",14.64999985949519,-60.98015413017684,"['nightlife enthusiast', 'luxury travelers', 'road trip']","['Restrooms', 'Information Desk', 'Restaurant', 'Souvenir Shop', 'First Aid Station', 'Luggage Storage', 'night markets', 'bars', 'evening shows', 'private tours', 'skip the line passes', 'VIP exclusive events', 'parking']"
144,Fort-de-France,Martinique,Museum/Art Gallery,Island Echoes Sound Gallery,"Island Echoes Sound Gallery is a museum in Fort-de-France, Martinique, popular for its unique collections and exhibitions. Entry fee is 9.17 USD. Recommended visit: 2 hours. Discover Island Echoes Sound Gallery, a renowned museum in Fort-de-France, Martinique, ideal for art lovers. Open 10:00-19:00, entry 9.17 USD.",9.17,10:00-19:00,2 hours,4.0,"533 Sathorn Road, Fort-de-France",14.622642839421315,-60.9798795555361,"['solo women', 'disabled traveler', 'business travelers']","['Restrooms', 'Information Desk', 'Restaurant', 'Souvenir Shop', 'First Aid Station', 'Luggage Storage', 'group tours', 'security', 'ramps', 'elevators', 'wheelchair rentals', 'accessible restrooms', 'High speed WiFi']"
145,Fort-de-France,Martinique,Museum/Art Gallery,Tropical Tides and Timeless Treasures,"Tropical Tides and Timeless Treasures is a museum in Fort-de-France, Martinique, popular for its unique collections and exhibitions. Entry fee is 4.57 USD. Recommended visit: 2 hours. Discover Tropical Tides and Timeless Treasures, a renowned museum in Fort-de-France, Martinique, ideal for art lovers. Open 09:00-17:30, entry 4.57 USD.",4.57,09:00-17:30,2 hours,4.0,"No. 588, Jing'an Road, Jing'an District, Fort-de-France",14.601366250652122,-61.085919926845406,"['fast-paced budget travel', 'solo women']","['Restrooms', 'Information Desk', 'Restaurant', 'Souvenir Shop', 'First Aid Station', 'Luggage Storage', 'city passes', 'luggage storage', 'self-guided tours', 'group tours', 'security']"
146,Fort-de-France,Martinique,Museum/Art Gallery,Harmony Strings Cultural Hub,"Harmony Strings Cultural Hub is a museum in Fort-de-France, Martinique, popular for its unique collections and exhibitions. Entry fee is 286.14 USD. Recommended visit: 2 hours. Discover Harmony Strings Cultural Hub, a renowned museum in Fort-de-France, Martinique, ideal for art lovers. Open 10:00-20:00, entry 286.14 USD.",286.14,10:00-20:00,2 hours,4.0,"209 Seaside Promenade, Fort-de-France",14.65233923103534,-60.987297031484175,"['with children', 'fast-paced budget travel', 'business travelers']","['Restrooms', 'Information Desk', 'Restaurant', 'Souvenir Shop', 'First Aid Station', 'Luggage Storage', 'family restrooms', 'Nursing facilities', 'city passes', 'luggage storage', 'self-guided tours', 'High speed WiFi']"
147,Fort-de-France,Martinique,Museum/Art Gallery,Echoes of the Caribbean Heritage Center,"Echoes of the Caribbean Heritage Center is a museum in Fort-de-France, Martinique, popular for its unique collections and exhibitions. Entry fee is 6.37 USD. Recommended visit: 2 hours. Discover Echoes of the Caribbean Heritage Center, a renowned museum in Fort-de-France, Martinique, ideal for art lovers. Open 10:00-21:00, entry 6.37 USD.",6.37,10:00-21:00,2 hours,4.0,"249-8654 Shibuya, Fort-de-France",14.682352033104827,-61.02039029477344,"['fast-paced budget travel', 'elderly travelers', 'road trip']","['Restrooms', 'Information Desk', 'Restaurant', 'Souvenir Shop', 'First Aid Station', 'Luggage Storage', 'city passes', 'luggage storage', 'self-guided tours', 'wheelchair rental', 'benches/rest areas', 'parking']"
148,Fort-de-France,Martinique,Museum/Art Gallery,Lumière Horizon Interactive Gallery,"Lumière Horizon Interactive Gallery is a museum in Fort-de-France, Martinique, popular for its unique collections and exhibitions. Entry fee is 4.35 USD. Recommended visit: 2 hours. Discover Lumière Horizon Interactive Gallery, a renowned museum in Fort-de-France, Martinique, ideal for art lovers. Open 09:00-17:30, entry 4.35 USD.",4.35,09:00-17:30,2 hours,4.0,"No. 10 Jiuxianqiao Road, Fort-de-France",14.6147741470222,-61.065620644230734,"['solo women', 'photography', 'elderly travelers']","['Restrooms', 'Information Desk', 'Restaurant', 'Souvenir Shop', 'First Aid Station', 'Luggage Storage', 'group tours', 'security', 'photo spots', 'guided photo tours', 'charging stations', 'wheelchair rental', 'benches/rest areas']"
149,Fort-de-France,Martinique,Museum/Art Gallery,Tales of the Hidden Blade,"Tales of the Hidden Blade is a museum in Fort-de-France, Martinique, popular for its unique collections and exhibitions. Entry fee is 2.77 USD. Recommended visit: 2 hours. Discover Tales of the Hidden Blade, a renowned museum in Fort-de-France, Martinique, ideal for art lovers. Open 09:00-17:30, entry 2.77 USD.",2.77,09:00-17:30,2 hours,4.0,"158 Chatham Road, Fort-de-France",14.65105064683572,-61.04349235183043,"['fast-paced budget travel', 'couples trip', 'luxury travelers']","['Restrooms', 'Information Desk', 'Restaurant', 'Souvenir Shop', 'First Aid Station', 'Luggage Storage', 'city passes', 'luggage storage', 'self-guided tours', 'scenic spots', 'sunset cruises', 'special couples experiences', 'private tours', 'skip the line passes', 'VIP exclusive events']"
150,Fort-de-France,Martinique,Museum/Art Gallery,L'Évasion Créole Wellness Center,"L'Évasion Créole Wellness Center is a museum in Fort-de-France, Martinique, popular for its unique collections and exhibitions. Entry fee is 12.28 USD. Recommended visit: 2 hours. Discover L'Évasion Créole Wellness Center, a renowned museum in Fort-de-France, Martinique, ideal for art lovers. Open 09:30-17:00, entry 12.28 USD.",12.28,09:30-17:00,2 hours,4.0,"No. 333 Tianhe Road, Fort-de-France",14.688771988182625,-61.03297271794108,"['solo women', 'with pets', 'luxury travelers']","['Restrooms', 'Information Desk', 'Restaurant', 'Souvenir Shop', 'First Aid Station', 'Luggage Storage', 'group tours', 'security', 'Pet-friendly', 'pet water stations', 'Pet rest area', 'private tours', 'skip the line passes', 'VIP exclusive events']"
