attraction_id,city_name,country,type,attraction_name,overview,ticket_price,open_hours,duration_of_visit,rate_of_restaurant,address,latitude,longitude,facilities_group,facilities
1,Frankfurt am Main,Germany,Nature/Scenery/Park,Rheinflora Green Haven,"Rheinflora Green Haven is a nature in Frankfurt am Main, Germany, popular for its natural scenery and relaxing atmosphere. Entry fee is 29.53 USD. Recommended visit: 3 hours. Discover Rheinflora Green Haven, a peaceful nature in Frankfurt am Main, Germany, ideal for nature lovers. Open 09:00-17:30, entry 29.53 USD.",29.53,09:00-17:30,3 hours,3.7,"No. 45 Xizhimen Wuyi Lane, Frankfurt am Main",50.04807410495431,8.557494353812672,"['with children', 'photography', 'disabled traveler']","['Restrooms', 'Information Desk', 'Restaurant', 'Souvenir Shop', 'First Aid Station', 'Luggage Storage', 'family restrooms', 'Nursing facilities', 'photo spots', 'guided photo tours', 'charging stations', 'ramps', 'elevators', 'wheelchair rentals', 'accessible restrooms']"
2,Frankfurt am Main,Germany,Nature/Scenery/Park,Greenway Forest Discovery Loop,"Greenway Forest Discovery Loop is a nature in Frankfurt am Main, Germany, popular for its natural scenery and relaxing atmosphere. Entry fee is 12.32 USD. Recommended visit: 3 hours. Discover Greenway Forest Discovery Loop, a peaceful nature in Frankfurt am Main, Germany, ideal for nature lovers. Open 06:00-20:00, entry 12.32 USD.",12.32,06:00-20:00,3 hours,3.7,"215 Rama IV Road, Pathum Wan, Frankfurt am Main",50.147875321386266,8.673596357639754,"['fast-paced budget travel', 'foodie', 'couples trip']","['Restrooms', 'Information Desk', 'Restaurant', 'Souvenir Shop', 'First Aid Station', 'Luggage Storage', 'city passes', 'luggage storage', 'self-guided tours', 'Food markets', 'tasting tours', 'scenic spots', 'sunset cruises', 'special couples experiences']"
3,Frankfurt am Main,Germany,Nature/Scenery/Park,Greenhaven Sanctuary,"Greenhaven Sanctuary is a nature in Frankfurt am Main, Germany, popular for its natural scenery and relaxing atmosphere. Entry fee is 3.36 USD. Recommended visit: 3 hours. Discover Greenhaven Sanctuary, a peaceful nature in Frankfurt am Main, Germany, ideal for nature lovers. Open 09:30-17:00, entry 3.36 USD.",3.36,09:30-17:00,3 hours,3.7,"525 Sakura Street, Bunkyo City, Frankfurt am Main",50.12175647729152,8.747391205426842,"['luxury travelers', 'road trip']","['Restrooms', 'Information Desk', 'Restaurant', 'Souvenir Shop', 'First Aid Station', 'Luggage Storage', 'private tours', 'skip the line passes', 'VIP exclusive events', 'parking']"
4,Frankfurt am Main,Germany,Nature/Scenery/Park,Rhine Riverside Sanctuary,"Rhine Riverside Sanctuary is a nature in Frankfurt am Main, Germany, popular for its natural scenery and relaxing atmosphere. Entry fee is 33.27 USD. Recommended visit: 3 hours. Discover Rhine Riverside Sanctuary, a peaceful nature in Frankfurt am Main, Germany, ideal for nature lovers. Open 08:30-17:00, entry 33.27 USD.",33.27,08:30-17:00,3 hours,3.7,"342 Sukhumvit Road, Khlong Toei District, Frankfurt am Main",50.07561341632982,8.68534288158754,['luxury travelers'],"['Restrooms', 'Information Desk', 'Restaurant', 'Souvenir Shop', 'First Aid Station', 'Luggage Storage', 'private tours', 'skip the line passes', 'VIP exclusive events']"
5,Frankfurt am Main,Germany,Nature/Scenery/Park,Luminous River Walk,"Luminous River Walk is a nature in Frankfurt am Main, Germany, popular for its natural scenery and relaxing atmosphere. Entry fee is 0.0 USD. Recommended visit: 3 hours. Discover Luminous River Walk, a peaceful nature in Frankfurt am Main, Germany, ideal for nature lovers. Open 09:00-17:30, entry 0.0 USD.",0.0,09:00-17:30,3 hours,3.7,"817 Sakura Street, Naka-ku, Frankfurt am Main",50.06936483473289,8.712274995295788,"['with children', 'road trip', 'business travelers']","['Restrooms', 'Information Desk', 'Restaurant', 'Souvenir Shop', 'First Aid Station', 'Luggage Storage', 'family restrooms', 'Nursing facilities', 'parking', 'High speed WiFi']"
6,Frankfurt am Main,Germany,Nature/Scenery/Park,Greenhaven Summit Park,"Greenhaven Summit Park is a nature in Frankfurt am Main, Germany, popular for its natural scenery and relaxing atmosphere. Entry fee is 2059.2 USD. Recommended visit: 3 hours. Discover Greenhaven Summit Park, a peaceful nature in Frankfurt am Main, Germany, ideal for nature lovers. Open 09:00-18:00, entry 2059.2 USD.",2059.2,09:00-18:00,3 hours,3.7,"930 Sukhumvit Road, Khlong Toei District, Frankfurt am Main",50.13337669354022,8.6235371503854,"['nightlife enthusiast', 'with children', 'disabled traveler']","['Restrooms', 'Information Desk', 'Restaurant', 'Souvenir Shop', 'First Aid Station', 'Luggage Storage', 'night markets', 'bars', 'evening shows', 'family restrooms', 'Nursing facilities', 'ramps', 'elevators', 'wheelchair rentals', 'accessible restrooms']"
7,Frankfurt am Main,Germany,Nature/Scenery/Park,Green Ridge Eatscape,"Green Ridge Eatscape is a nature in Frankfurt am Main, Germany, popular for its natural scenery and relaxing atmosphere. Entry fee is 4.12 USD. Recommended visit: 3 hours. Discover Green Ridge Eatscape, a peaceful nature in Frankfurt am Main, Germany, ideal for nature lovers. Open 09:00-17:30, entry 4.12 USD.",4.12,09:00-17:30,3 hours,3.7,"473 Chaofa Road, Frankfurt am Main",50.05709794810093,8.554235826968641,"['nightlife enthusiast', 'with children']","['Restrooms', 'Information Desk', 'Restaurant', 'Souvenir Shop', 'First Aid Station', 'Luggage Storage', 'night markets', 'bars', 'evening shows', 'family restrooms', 'Nursing facilities']"
8,Frankfurt am Main,Germany,Nature/Scenery/Park,Frankfurt Skyline Scenic Loop Pass + Main Tower Observation Deck + Riverwalk Cable Car,"Frankfurt Skyline Scenic Loop Pass + Main Tower Observation Deck + Riverwalk Cable Car is a nature in Frankfurt am Main, Germany, popular for its natural scenery and relaxing atmosphere. Entry fee is 5.6 USD. Recommended visit: 3 hours. Discover Frankfurt Skyline Scenic Loop Pass + Main Tower Observation Deck + Riverwalk Cable Car, a peaceful nature in Frankfurt am Main, Germany, ideal for nature lovers. Open 08:30-17:30, entry 5.6 USD.",5.6,08:30-17:30,3 hours,3.7,"No. 128, Huaqing Road, Frankfurt am Main",50.15119693950758,8.682202934080186,"['with pets', 'couples trip', 'road trip']","['Restrooms', 'Information Desk', 'Restaurant', 'Souvenir Shop', 'First Aid Station', 'Luggage Storage', 'Pet-friendly', 'pet water stations', 'Pet rest area', 'scenic spots', 'sunset cruises', 'special couples experiences', 'parking']"
9,Frankfurt am Main,Germany,Nature/Scenery/Park,Skyline Vista Point,"Skyline Vista Point is a nature in Frankfurt am Main, Germany, popular for its natural scenery and relaxing atmosphere. Entry fee is 4.36 USD. Recommended visit: 3 hours. Discover Skyline Vista Point, a peaceful nature in Frankfurt am Main, Germany, ideal for nature lovers. Open 08:00-22:00, entry 4.36 USD.",4.36,08:00-22:00,3 hours,3.7,"966 Sakura Street, Frankfurt am Main",50.14031612840539,8.72485542889717,"['solo women', 'couples trip', 'road trip']","['Restrooms', 'Information Desk', 'Restaurant', 'Souvenir Shop', 'First Aid Station', 'Luggage Storage', 'group tours', 'security', 'scenic spots', 'sunset cruises', 'special couples experiences', 'parking']"
10,Frankfurt am Main,Germany,Nature/Scenery/Park,Greenwave Explorers' Grove,"Greenwave Explorers' Grove is a nature in Frankfurt am Main, Germany, popular for its natural scenery and relaxing atmosphere. Entry fee is 8.65 USD. Recommended visit: 3 hours. Discover Greenwave Explorers' Grove, a peaceful nature in Frankfurt am Main, Germany, ideal for nature lovers. Open 09:30-17:00, entry 8.65 USD.",8.65,09:30-17:00,3 hours,3.7,"No. 456, Xingang Road, Haizhu District, Frankfurt am Main",50.08460396571369,8.535645975135951,"['nightlife enthusiast', 'couples trip', 'disabled traveler']","['Restrooms', 'Information Desk', 'Restaurant', 'Souvenir Shop', 'First Aid Station', 'Luggage Storage', 'night markets', 'bars', 'evening shows', 'scenic spots', 'sunset cruises', 'special couples experiences', 'ramps', 'elevators', 'wheelchair rentals', 'accessible restrooms']"
11,Frankfurt am Main,Germany,Nature/Scenery/Park,Frankfurt Riverwalk Garden,"Frankfurt Riverwalk Garden is a nature in Frankfurt am Main, Germany, popular for its natural scenery and relaxing atmosphere. Entry fee is 22.61 USD. Recommended visit: 3 hours. Discover Frankfurt Riverwalk Garden, a peaceful nature in Frankfurt am Main, Germany, ideal for nature lovers. Open 08:30-20:00, entry 22.61 USD.",22.61,08:30-20:00,3 hours,3.7,"538 Sakura Street, Chuo-ku, Frankfurt am Main",50.10186254835933,8.720551611934884,['foodie'],"['Restrooms', 'Information Desk', 'Restaurant', 'Souvenir Shop', 'First Aid Station', 'Luggage Storage', 'Food markets', 'tasting tours']"
12,Frankfurt am Main,Germany,Nature/Scenery/Park,Frankfurt Forest Escape,"Frankfurt Forest Escape is a nature in Frankfurt am Main, Germany, popular for its natural scenery and relaxing atmosphere. Entry fee is 31.52 USD. Recommended visit: 3 hours. Discover Frankfurt Forest Escape, a peaceful nature in Frankfurt am Main, Germany, ideal for nature lovers. Open 08:30-17:00, entry 31.52 USD.",31.52,08:30-17:00,3 hours,3.7,"549-12, Gwanghwamun-daero, Yongsan-gu, Frankfurt am Main",50.15015800341112,8.656987859583916,"['photography', 'couples trip', 'disabled traveler']","['Restrooms', 'Information Desk', 'Restaurant', 'Souvenir Shop', 'First Aid Station', 'Luggage Storage', 'photo spots', 'guided photo tours', 'charging stations', 'scenic spots', 'sunset cruises', 'special couples experiences', 'ramps', 'elevators', 'wheelchair rentals', 'accessible restrooms']"
13,Frankfurt am Main,Germany,Nature/Scenery/Park,Elmwood Thermal Haven,"Elmwood Thermal Haven is a nature in Frankfurt am Main, Germany, popular for its natural scenery and relaxing atmosphere. Entry fee is 6.39 USD. Recommended visit: 3 hours. Discover Elmwood Thermal Haven, a peaceful nature in Frankfurt am Main, Germany, ideal for nature lovers. Open 08:00-18:00, entry 6.39 USD.",6.39,08:00-18:00,3 hours,3.7,"958 Gyeongchun-ro, Gangdong-gu, Frankfurt am Main",50.117324620164425,8.644794484672815,"['fast-paced budget travel', 'elderly travelers']","['Restrooms', 'Information Desk', 'Restaurant', 'Souvenir Shop', 'First Aid Station', 'Luggage Storage', 'city passes', 'luggage storage', 'self-guided tours', 'wheelchair rental', 'benches/rest areas']"
14,Frankfurt am Main,Germany,Nature/Scenery/Park,Sunrise Glade,"Sunrise Glade is a nature in Frankfurt am Main, Germany, popular for its natural scenery and relaxing atmosphere. Entry fee is 15.4 USD. Recommended visit: 3 hours. Discover Sunrise Glade, a peaceful nature in Frankfurt am Main, Germany, ideal for nature lovers. Open 18:00-21:00, entry 15.4 USD.",15.4,18:00-21:00,3 hours,3.7,"647 Nishi-Kurashiki Street, Chuo Ward, Frankfurt am Main",50.198284397490994,8.690088051200316,"['nightlife enthusiast', 'luxury travelers', 'elderly travelers']","['Restrooms', 'Information Desk', 'Restaurant', 'Souvenir Shop', 'First Aid Station', 'Luggage Storage', 'night markets', 'bars', 'evening shows', 'private tours', 'skip the line passes', 'VIP exclusive events', 'wheelchair rental', 'benches/rest areas']"
15,Frankfurt am Main,Germany,Nature/Scenery/Park,Rhine Green Sanctuary,"Rhine Green Sanctuary is a nature in Frankfurt am Main, Germany, popular for its natural scenery and relaxing atmosphere. Entry fee is 51.08 USD. Recommended visit: 3 hours. Discover Rhine Green Sanctuary, a peaceful nature in Frankfurt am Main, Germany, ideal for nature lovers. Open 19:00-23:00, entry 51.08 USD.",51.08,19:00-23:00,3 hours,3.7,"561 Seaside Promenade, Hakata-ku, Frankfurt am Main",50.09332488470192,8.511368675457108,"['nightlife enthusiast', 'photography', 'business travelers']","['Restrooms', 'Information Desk', 'Restaurant', 'Souvenir Shop', 'First Aid Station', 'Luggage Storage', 'night markets', 'bars', 'evening shows', 'photo spots', 'guided photo tours', 'charging stations', 'High speed WiFi']"
16,Frankfurt am Main,Germany,Nature/Scenery/Park,Skyline Skywalk,"Skyline Skywalk is a nature in Frankfurt am Main, Germany, popular for its natural scenery and relaxing atmosphere. Entry fee is 10.5 USD. Recommended visit: 3 hours. Discover Skyline Skywalk, a peaceful nature in Frankfurt am Main, Germany, ideal for nature lovers. Open 09:00-17:30, entry 10.5 USD.",10.5,09:00-17:30,3 hours,3.7,"119 Sakura Street, Naka-ku, Frankfurt am Main",50.07682183831291,8.582714523430441,"['fast-paced budget travel', 'with pets', 'foodie']","['Restrooms', 'Information Desk', 'Restaurant', 'Souvenir Shop', 'First Aid Station', 'Luggage Storage', 'city passes', 'luggage storage', 'self-guided tours', 'Pet-friendly', 'pet water stations', 'Pet rest area', 'Food markets', 'tasting tours']"
17,Frankfurt am Main,Germany,Nature/Scenery/Park,Greenhaven Sanctuary No.2,"Greenhaven Sanctuary is a nature in Frankfurt am Main, Germany, popular for its natural scenery and relaxing atmosphere. Entry fee is 8.12 USD. Recommended visit: 3 hours. Discover Greenhaven Sanctuary, a peaceful nature in Frankfurt am Main, Germany, ideal for nature lovers. Open 09:00-17:30, entry 8.12 USD.",8.12,09:00-17:30,3 hours,3.7,"418-12, Gwanggyo-ro, Gwangjin-gu, Frankfurt am Main",50.12587900346049,8.770675096489857,"['foodie', 'with pets', 'luxury travelers']","['Restrooms', 'Information Desk', 'Restaurant', 'Souvenir Shop', 'First Aid Station', 'Luggage Storage', 'Food markets', 'tasting tours', 'Pet-friendly', 'pet water stations', 'Pet rest area', 'private tours', 'skip the line passes', 'VIP exclusive events']"
18,Frankfurt am Main,Germany,Nature/Scenery/Park,Rhine Green Oasis,"Rhine Green Oasis is a nature in Frankfurt am Main, Germany, popular for its natural scenery and relaxing atmosphere. Entry fee is 11.05 USD. Recommended visit: 3 hours. Discover Rhine Green Oasis, a peaceful nature in Frankfurt am Main, Germany, ideal for nature lovers. Open 08:30-17:30, entry 11.05 USD.",11.05,08:30-17:30,3 hours,3.7,"No. 456, Xuefu Road, Frankfurt am Main",50.1493333270944,8.762240595516461,"['with children', 'with pets']","['Restrooms', 'Information Desk', 'Restaurant', 'Souvenir Shop', 'First Aid Station', 'Luggage Storage', 'family restrooms', 'Nursing facilities', 'Pet-friendly', 'pet water stations', 'Pet rest area']"
19,Frankfurt am Main,Germany,Nature/Scenery/Park,Schönburg Forest Skywalk & River Pathway,"Schönburg Forest Skywalk & River Pathway is a nature in Frankfurt am Main, Germany, popular for its natural scenery and relaxing atmosphere. Entry fee is 7.35 USD. Recommended visit: 3 hours. Discover Schönburg Forest Skywalk & River Pathway, a peaceful nature in Frankfurt am Main, Germany, ideal for nature lovers. Open 08:30-17:00, entry 7.35 USD.",7.35,08:30-17:00,3 hours,3.7,"919 Sakura Street, Naka Ward, Frankfurt am Main",50.13012938003531,8.72017866297978,"['with pets', 'disabled traveler', 'road trip']","['Restrooms', 'Information Desk', 'Restaurant', 'Souvenir Shop', 'First Aid Station', 'Luggage Storage', 'Pet-friendly', 'pet water stations', 'Pet rest area', 'ramps', 'elevators', 'wheelchair rentals', 'accessible restrooms', 'parking']"
20,Frankfurt am Main,Germany,Nature/Scenery/Park,Azure Haven Promenade,"Azure Haven Promenade is a nature in Frankfurt am Main, Germany, popular for its natural scenery and relaxing atmosphere. Entry fee is 43.59 USD. Recommended visit: 3 hours. Discover Azure Haven Promenade, a peaceful nature in Frankfurt am Main, Germany, ideal for nature lovers. Open 08:30-17:00, entry 43.59 USD.",43.59,08:30-17:00,3 hours,3.7,"102 Nishi 4-chome, Frankfurt am Main",50.08619976782165,8.679200933531156,"['fast-paced budget travel', 'photography', 'foodie']","['Restrooms', 'Information Desk', 'Restaurant', 'Souvenir Shop', 'First Aid Station', 'Luggage Storage', 'city passes', 'luggage storage', 'self-guided tours', 'photo spots', 'guided photo tours', 'charging stations', 'Food markets', 'tasting tours']"
21,Frankfurt am Main,Germany,Nature/Scenery/Park,Emerald Heights Reserve,"Emerald Heights Reserve is a nature in Frankfurt am Main, Germany, popular for its natural scenery and relaxing atmosphere. Entry fee is 7.57 USD. Recommended visit: 3 hours. Discover Emerald Heights Reserve, a peaceful nature in Frankfurt am Main, Germany, ideal for nature lovers. Open 09:00-17:00, entry 7.57 USD.",7.57,09:00-17:00,3 hours,3.7,"No. 88, Huangpu River Promenade, Frankfurt am Main",50.07756690230864,8.617599284374798,"['solo women', 'elderly travelers', 'business travelers']","['Restrooms', 'Information Desk', 'Restaurant', 'Souvenir Shop', 'First Aid Station', 'Luggage Storage', 'group tours', 'security', 'wheelchair rental', 'benches/rest areas', 'High speed WiFi']"
22,Frankfurt am Main,Germany,Nature/Scenery/Park,Riverbank Eco Haven,"Riverbank Eco Haven is a nature in Frankfurt am Main, Germany, popular for its natural scenery and relaxing atmosphere. Entry fee is 294.64 USD. Recommended visit: 3 hours. Discover Riverbank Eco Haven, a peaceful nature in Frankfurt am Main, Germany, ideal for nature lovers. Open 08:30-17:30, entry 294.64 USD.",294.64,08:30-17:30,3 hours,3.7,"552 Shinsaibashi Dori, Chuo Ward, Frankfurt am Main",50.15701457012425,8.778401691275873,"['with pets', 'foodie', 'business travelers']","['Restrooms', 'Information Desk', 'Restaurant', 'Souvenir Shop', 'First Aid Station', 'Luggage Storage', 'Pet-friendly', 'pet water stations', 'Pet rest area', 'Food markets', 'tasting tours', 'High speed WiFi']"
23,Frankfurt am Main,Germany,Nature/Scenery/Park,Verde Haven Skywalk,"Verde Haven Skywalk is a nature in Frankfurt am Main, Germany, popular for its natural scenery and relaxing atmosphere. Entry fee is 26.32 USD. Recommended visit: 3 hours. Discover Verde Haven Skywalk, a peaceful nature in Frankfurt am Main, Germany, ideal for nature lovers. Open 08:30-17:30, entry 26.32 USD.",26.32,08:30-17:30,3 hours,3.7,"207 Sakura Street, Naka-ku, Frankfurt am Main",50.12199758305874,8.745661812150557,"['with pets', 'foodie']","['Restrooms', 'Information Desk', 'Restaurant', 'Souvenir Shop', 'First Aid Station', 'Luggage Storage', 'Pet-friendly', 'pet water stations', 'Pet rest area', 'Food markets', 'tasting tours']"
24,Frankfurt am Main,Germany,Nature/Scenery/Park,Rhine Riverside Heritage Walk,"Rhine Riverside Heritage Walk is a nature in Frankfurt am Main, Germany, popular for its natural scenery and relaxing atmosphere. Entry fee is 2.0 USD. Recommended visit: 3 hours. Discover Rhine Riverside Heritage Walk, a peaceful nature in Frankfurt am Main, Germany, ideal for nature lovers. Open 09:00-21:00, entry 2.0 USD.",2.0,09:00-21:00,3 hours,3.7,"332 Seibei-dori, Frankfurt am Main",50.13969722752886,8.7659035648691,"['nightlife enthusiast', 'photography', 'business travelers']","['Restrooms', 'Information Desk', 'Restaurant', 'Souvenir Shop', 'First Aid Station', 'Luggage Storage', 'night markets', 'bars', 'evening shows', 'photo spots', 'guided photo tours', 'charging stations', 'High speed WiFi']"
25,Frankfurt am Main,Germany,Nature/Scenery/Park,Mörschbach Waterfall & Lichen Grotto · by Canoe,"Mörschbach Waterfall & Lichen Grotto · by Canoe is a nature in Frankfurt am Main, Germany, popular for its natural scenery and relaxing atmosphere. Entry fee is 55.55 USD. Recommended visit: 3 hours. Discover Mörschbach Waterfall & Lichen Grotto · by Canoe, a peaceful nature in Frankfurt am Main, Germany, ideal for nature lovers. Open 09:00-18:00, entry 55.55 USD.",55.55,09:00-18:00,3 hours,3.7,"321 Harbour Road, Frankfurt am Main",50.120824676514175,8.72229530385834,"['with children', 'photography', 'foodie']","['Restrooms', 'Information Desk', 'Restaurant', 'Souvenir Shop', 'First Aid Station', 'Luggage Storage', 'family restrooms', 'Nursing facilities', 'photo spots', 'guided photo tours', 'charging stations', 'Food markets', 'tasting tours']"
26,Frankfurt am Main,Germany,Nature/Scenery/Park,Rhine Lantern Drift and Medieval Storytelling,"Rhine Lantern Drift and Medieval Storytelling is a nature in Frankfurt am Main, Germany, popular for its natural scenery and relaxing atmosphere. Entry fee is 116.65 USD. Recommended visit: 3 hours. Discover Rhine Lantern Drift and Medieval Storytelling, a peaceful nature in Frankfurt am Main, Germany, ideal for nature lovers. Open 08:30-17:30, entry 116.65 USD.",116.65,08:30-17:30,3 hours,3.7,"252-8673 Shibuya, Frankfurt am Main",50.1058964108746,8.48593768350542,['elderly travelers'],"['Restrooms', 'Information Desk', 'Restaurant', 'Souvenir Shop', 'First Aid Station', 'Luggage Storage', 'wheelchair rental', 'benches/rest areas']"
27,Frankfurt am Main,Germany,Nature/Scenery/Park,Frankfurt Green Haven Tropical Oasis,"Frankfurt Green Haven Tropical Oasis is a nature in Frankfurt am Main, Germany, popular for its natural scenery and relaxing atmosphere. Entry fee is 19.18 USD. Recommended visit: 3 hours. Discover Frankfurt Green Haven Tropical Oasis, a peaceful nature in Frankfurt am Main, Germany, ideal for nature lovers. Open 09:00-17:30, entry 19.18 USD.",19.18,09:00-17:30,3 hours,3.7,"587 Shinsaibashi Dori, Chuo Ward, Frankfurt am Main",50.0405816023919,8.582375090103058,"['with children', 'solo women', 'elderly travelers']","['Restrooms', 'Information Desk', 'Restaurant', 'Souvenir Shop', 'First Aid Station', 'Luggage Storage', 'family restrooms', 'Nursing facilities', 'group tours', 'security', 'wheelchair rental', 'benches/rest areas']"
28,Frankfurt am Main,Germany,Nature/Scenery/Park,Skyline Panorama Tower,"Skyline Panorama Tower is a nature in Frankfurt am Main, Germany, popular for its natural scenery and relaxing atmosphere. Entry fee is 6.17 USD. Recommended visit: 3 hours. Discover Skyline Panorama Tower, a peaceful nature in Frankfurt am Main, Germany, ideal for nature lovers. Open 09:00-17:00, entry 6.17 USD.",6.17,09:00-17:00,3 hours,3.7,"No. 128, Xibei Road, Frankfurt am Main",50.16430072243115,8.590277348087191,"['solo women', 'disabled traveler']","['Restrooms', 'Information Desk', 'Restaurant', 'Souvenir Shop', 'First Aid Station', 'Luggage Storage', 'group tours', 'security', 'ramps', 'elevators', 'wheelchair rentals', 'accessible restrooms']"
29,Frankfurt am Main,Germany,Nature/Scenery/Park,Riverwalk Serenade,"Riverwalk Serenade is a nature in Frankfurt am Main, Germany, popular for its natural scenery and relaxing atmosphere. Entry fee is 6.72 USD. Recommended visit: 3 hours. Discover Riverwalk Serenade, a peaceful nature in Frankfurt am Main, Germany, ideal for nature lovers. Open 09:00-19:00, entry 6.72 USD.",6.72,09:00-19:00,3 hours,3.7,"742 Shirokane Street, Chuo Ward, Frankfurt am Main",50.05890157773737,8.558757880760758,"['with children', 'disabled traveler', 'business travelers']","['Restrooms', 'Information Desk', 'Restaurant', 'Souvenir Shop', 'First Aid Station', 'Luggage Storage', 'family restrooms', 'Nursing facilities', 'ramps', 'elevators', 'wheelchair rentals', 'accessible restrooms', 'High speed WiFi']"
30,Frankfurt am Main,Germany,Nature/Scenery/Park,Skyline Grove Trail,"Skyline Grove Trail is a nature in Frankfurt am Main, Germany, popular for its natural scenery and relaxing atmosphere. Entry fee is 12.53 USD. Recommended visit: 3 hours. Discover Skyline Grove Trail, a peaceful nature in Frankfurt am Main, Germany, ideal for nature lovers. Open 08:30-17:00, entry 12.53 USD.",12.53,08:30-17:00,3 hours,3.7,"708 Sukhumvit Road, Khlong Toei District, Frankfurt am Main",50.07563870502831,8.671908634067806,"['with children', 'luxury travelers', 'road trip']","['Restrooms', 'Information Desk', 'Restaurant', 'Souvenir Shop', 'First Aid Station', 'Luggage Storage', 'family restrooms', 'Nursing facilities', 'private tours', 'skip the line passes', 'VIP exclusive events', 'parking']"
31,Frankfurt am Main,Germany,Nature/Scenery/Park,Rheinbank Promenade,"Rheinbank Promenade is a nature in Frankfurt am Main, Germany, popular for its natural scenery and relaxing atmosphere. Entry fee is 6.44 USD. Recommended visit: 3 hours. Discover Rheinbank Promenade, a peaceful nature in Frankfurt am Main, Germany, ideal for nature lovers. Open 08:30-17:00, entry 6.44 USD.",6.44,08:30-17:00,3 hours,3.7,"558-12-8 Shibuya, Frankfurt am Main",50.09862326470473,8.65452338319256,"['with children', 'photography', 'couples trip']","['Restrooms', 'Information Desk', 'Restaurant', 'Souvenir Shop', 'First Aid Station', 'Luggage Storage', 'family restrooms', 'Nursing facilities', 'photo spots', 'guided photo tours', 'charging stations', 'scenic spots', 'sunset cruises', 'special couples experiences']"
32,Frankfurt am Main,Germany,Nature/Scenery/Park,Silverbrook Glade,"Silverbrook Glade is a nature in Frankfurt am Main, Germany, popular for its natural scenery and relaxing atmosphere. Entry fee is 94.11 USD. Recommended visit: 3 hours. Discover Silverbrook Glade, a peaceful nature in Frankfurt am Main, Germany, ideal for nature lovers. Open 08:30-19:00, entry 94.11 USD.",94.11,08:30-19:00,3 hours,3.7,"595 Sukhumvit Road, Khlong Toei District, Frankfurt am Main",50.161136511047935,8.62747108281601,"['nightlife enthusiast', 'photography', 'foodie']","['Restrooms', 'Information Desk', 'Restaurant', 'Souvenir Shop', 'First Aid Station', 'Luggage Storage', 'night markets', 'bars', 'evening shows', 'photo spots', 'guided photo tours', 'charging stations', 'Food markets', 'tasting tours']"
33,Frankfurt am Main,Germany,Nature/Scenery/Park,Hafenblick Green Haven,"Hafenblick Green Haven is a nature in Frankfurt am Main, Germany, popular for its natural scenery and relaxing atmosphere. Entry fee is 20.74 USD. Recommended visit: 3 hours. Discover Hafenblick Green Haven, a peaceful nature in Frankfurt am Main, Germany, ideal for nature lovers. Open 10:00-18:00, entry 20.74 USD.",20.74,10:00-18:00,3 hours,3.7,"245 Seaside Promenade, Frankfurt am Main",50.119667696831,8.669599041606597,"['luxury travelers', 'elderly travelers']","['Restrooms', 'Information Desk', 'Restaurant', 'Souvenir Shop', 'First Aid Station', 'Luggage Storage', 'private tours', 'skip the line passes', 'VIP exclusive events', 'wheelchair rental', 'benches/rest areas']"
34,Frankfurt am Main,Germany,Nature/Scenery/Park,Lindenholz Wellness Haven for Women,"Lindenholz Wellness Haven for Women is a nature in Frankfurt am Main, Germany, popular for its natural scenery and relaxing atmosphere. Entry fee is 4.87 USD. Recommended visit: 3 hours. Discover Lindenholz Wellness Haven for Women, a peaceful nature in Frankfurt am Main, Germany, ideal for nature lovers. Open 08:00-20:00, entry 4.87 USD.",4.87,08:00-20:00,3 hours,3.7,"557 Shiroiwa Street, Frankfurt am Main",50.17580914376708,8.697608407030746,"['photography', 'foodie', 'business travelers']","['Restrooms', 'Information Desk', 'Restaurant', 'Souvenir Shop', 'First Aid Station', 'Luggage Storage', 'photo spots', 'guided photo tours', 'charging stations', 'Food markets', 'tasting tours', 'High speed WiFi']"
35,Frankfurt am Main,Germany,Nature/Scenery/Park,Skyline Haven,"Skyline Haven is a nature in Frankfurt am Main, Germany, popular for its natural scenery and relaxing atmosphere. Entry fee is 7.7 USD. Recommended visit: 3 hours. Discover Skyline Haven, a peaceful nature in Frankfurt am Main, Germany, ideal for nature lovers. Open 09:30-17:00, entry 7.7 USD.",7.7,09:30-17:00,3 hours,3.7,"809 Sukhumvit Road, Khlong Toei District, Frankfurt am Main",50.20029067358594,8.704852436629832,"['photography', 'couples trip', 'luxury travelers']","['Restrooms', 'Information Desk', 'Restaurant', 'Souvenir Shop', 'First Aid Station', 'Luggage Storage', 'photo spots', 'guided photo tours', 'charging stations', 'scenic spots', 'sunset cruises', 'special couples experiences', 'private tours', 'skip the line passes', 'VIP exclusive events']"
36,Frankfurt am Main,Germany,Nature/Scenery/Park,Frankfurt Greenway Dinosaur Trail,"Frankfurt Greenway Dinosaur Trail is a nature in Frankfurt am Main, Germany, popular for its natural scenery and relaxing atmosphere. Entry fee is 17.5 USD. Recommended visit: 3 hours. Discover Frankfurt Greenway Dinosaur Trail, a peaceful nature in Frankfurt am Main, Germany, ideal for nature lovers. Open 09:00-18:00, entry 17.5 USD.",17.5,09:00-18:00,3 hours,3.7,"595 Thaweewong Road, Frankfurt am Main",50.10489910534061,8.495725123389105,"['with pets', 'luxury travelers', 'elderly travelers']","['Restrooms', 'Information Desk', 'Restaurant', 'Souvenir Shop', 'First Aid Station', 'Luggage Storage', 'Pet-friendly', 'pet water stations', 'Pet rest area', 'private tours', 'skip the line passes', 'VIP exclusive events', 'wheelchair rental', 'benches/rest areas']"
37,Frankfurt am Main,Germany,Nature/Scenery/Park,Skyline Vista Lounge,"Skyline Vista Lounge is a nature in Frankfurt am Main, Germany, popular for its natural scenery and relaxing atmosphere. Entry fee is 12.93 USD. Recommended visit: 3 hours. Discover Skyline Vista Lounge, a peaceful nature in Frankfurt am Main, Germany, ideal for nature lovers. Open 08:00-20:00, entry 12.93 USD.",12.93,08:00-20:00,3 hours,3.7,"No. 45, Xingyuan Road, Frankfurt am Main",50.08498568291952,8.688232756088405,"['with pets', 'elderly travelers', 'business travelers']","['Restrooms', 'Information Desk', 'Restaurant', 'Souvenir Shop', 'First Aid Station', 'Luggage Storage', 'Pet-friendly', 'pet water stations', 'Pet rest area', 'wheelchair rental', 'benches/rest areas', 'High speed WiFi']"
38,Frankfurt am Main,Germany,Nature/Scenery/Park,Greenhaven Reserves,"Greenhaven Reserves is a nature in Frankfurt am Main, Germany, popular for its natural scenery and relaxing atmosphere. Entry fee is 13.95 USD. Recommended visit: 3 hours. Discover Greenhaven Reserves, a peaceful nature in Frankfurt am Main, Germany, ideal for nature lovers. Open 08:30-18:00, entry 13.95 USD.",13.95,08:30-18:00,3 hours,3.7,"146 Beach Road, Frankfurt am Main",50.0696848428612,8.697312623192262,"['nightlife enthusiast', 'fast-paced budget travel', 'disabled traveler']","['Restrooms', 'Information Desk', 'Restaurant', 'Souvenir Shop', 'First Aid Station', 'Luggage Storage', 'night markets', 'bars', 'evening shows', 'city passes', 'luggage storage', 'self-guided tours', 'ramps', 'elevators', 'wheelchair rentals', 'accessible restrooms']"
39,Frankfurt am Main,Germany,Nature/Scenery/Park,Rheinblick Green Haven,"Rheinblick Green Haven is a nature in Frankfurt am Main, Germany, popular for its natural scenery and relaxing atmosphere. Entry fee is 9.8 USD. Recommended visit: 3 hours. Discover Rheinblick Green Haven, a peaceful nature in Frankfurt am Main, Germany, ideal for nature lovers. Open 08:00-19:00, entry 9.8 USD.",9.8,08:00-19:00,3 hours,3.7,"529-2-1 Kita-Honganji, Frankfurt am Main",50.06512391715148,8.666378301838646,"['disabled traveler', 'with pets', 'elderly travelers']","['Restrooms', 'Information Desk', 'Restaurant', 'Souvenir Shop', 'First Aid Station', 'Luggage Storage', 'ramps', 'elevators', 'wheelchair rentals', 'accessible restrooms', 'Pet-friendly', 'pet water stations', 'Pet rest area', 'wheelchair rental', 'benches/rest areas']"
40,Frankfurt am Main,Germany,Nature/Scenery/Park,Rhine River Sunset Sail with Local Delights,"Rhine River Sunset Sail with Local Delights is a nature in Frankfurt am Main, Germany, popular for its natural scenery and relaxing atmosphere. Entry fee is 2.8 USD. Recommended visit: 3 hours. Discover Rhine River Sunset Sail with Local Delights, a peaceful nature in Frankfurt am Main, Germany, ideal for nature lovers. Open 08:30-17:00, entry 2.8 USD.",2.8,08:30-17:00,3 hours,3.7,"719 Seogwipo Street, Frankfurt am Main",50.06865208298831,8.521108808213633,"['nightlife enthusiast', 'with pets', 'foodie']","['Restrooms', 'Information Desk', 'Restaurant', 'Souvenir Shop', 'First Aid Station', 'Luggage Storage', 'night markets', 'bars', 'evening shows', 'Pet-friendly', 'pet water stations', 'Pet rest area', 'Food markets', 'tasting tours']"
41,Frankfurt am Main,Germany,Nature/Scenery/Park,Frankfurt Skyline Lantern Garden,"Frankfurt Skyline Lantern Garden is a nature in Frankfurt am Main, Germany, popular for its natural scenery and relaxing atmosphere. Entry fee is 1.4 USD. Recommended visit: 3 hours. Discover Frankfurt Skyline Lantern Garden, a peaceful nature in Frankfurt am Main, Germany, ideal for nature lovers. Open 08:30-17:30, entry 1.4 USD.",1.4,08:30-17:30,3 hours,3.7,"306 Beach Road, Frankfurt am Main",50.08211896276567,8.655244329373042,"['fast-paced budget travel', 'couples trip', 'elderly travelers']","['Restrooms', 'Information Desk', 'Restaurant', 'Souvenir Shop', 'First Aid Station', 'Luggage Storage', 'city passes', 'luggage storage', 'self-guided tours', 'scenic spots', 'sunset cruises', 'special couples experiences', 'wheelchair rental', 'benches/rest areas']"
42,Frankfurt am Main,Germany,Nature/Scenery/Park,Secret River Canoe Escape,"Secret River Canoe Escape is a nature in Frankfurt am Main, Germany, popular for its natural scenery and relaxing atmosphere. Entry fee is 14.98 USD. Recommended visit: 3 hours. Discover Secret River Canoe Escape, a peaceful nature in Frankfurt am Main, Germany, ideal for nature lovers. Open 09:00-17:30, entry 14.98 USD.",14.98,09:00-17:30,3 hours,3.7,"903/2 Rachadaphisek Road, Frankfurt am Main",50.07676784997342,8.67395349770703,"['fast-paced budget travel', 'with pets', 'disabled traveler']","['Restrooms', 'Information Desk', 'Restaurant', 'Souvenir Shop', 'First Aid Station', 'Luggage Storage', 'city passes', 'luggage storage', 'self-guided tours', 'Pet-friendly', 'pet water stations', 'Pet rest area', 'ramps', 'elevators', 'wheelchair rentals', 'accessible restrooms']"
43,Frankfurt am Main,Germany,Nature/Scenery/Park,Rheinwood Blossom Walk,"Rheinwood Blossom Walk is a nature in Frankfurt am Main, Germany, popular for its natural scenery and relaxing atmosphere. Entry fee is 13.3 USD. Recommended visit: 3 hours. Discover Rheinwood Blossom Walk, a peaceful nature in Frankfurt am Main, Germany, ideal for nature lovers. Open 08:00-20:00, entry 13.3 USD.",13.3,08:00-20:00,3 hours,3.7,"285 Shinko Street, Chuo Ward, Frankfurt am Main",50.09640746738783,8.649639812780036,"['with pets', 'photography', 'elderly travelers']","['Restrooms', 'Information Desk', 'Restaurant', 'Souvenir Shop', 'First Aid Station', 'Luggage Storage', 'Pet-friendly', 'pet water stations', 'Pet rest area', 'photo spots', 'guided photo tours', 'charging stations', 'wheelchair rental', 'benches/rest areas']"
44,Frankfurt am Main,Germany,Nature/Scenery/Park,Skyline Canopy Walk,"Skyline Canopy Walk is a nature in Frankfurt am Main, Germany, popular for its natural scenery and relaxing atmosphere. Entry fee is 5.15 USD. Recommended visit: 3 hours. Discover Skyline Canopy Walk, a peaceful nature in Frankfurt am Main, Germany, ideal for nature lovers. Open 08:00-17:30, entry 5.15 USD.",5.15,08:00-17:30,3 hours,3.7,"541 Sim Lim Tower, Frankfurt am Main",50.11407868735791,8.539945229470053,"['with children', 'with pets', 'road trip']","['Restrooms', 'Information Desk', 'Restaurant', 'Souvenir Shop', 'First Aid Station', 'Luggage Storage', 'family restrooms', 'Nursing facilities', 'Pet-friendly', 'pet water stations', 'Pet rest area', 'parking']"
45,Frankfurt am Main,Germany,Nature/Scenery/Park,Frankfurt Green Canopy Trail,"Frankfurt Green Canopy Trail is a nature in Frankfurt am Main, Germany, popular for its natural scenery and relaxing atmosphere. Entry fee is 14.4 USD. Recommended visit: 3 hours. Discover Frankfurt Green Canopy Trail, a peaceful nature in Frankfurt am Main, Germany, ideal for nature lovers. Open 10:00-22:00, entry 14.4 USD.",14.4,10:00-22:00,3 hours,3.7,"971 Sakura Street, Naka-ku, Frankfurt am Main",50.04376051051,8.585626949926954,"['fast-paced budget travel', 'with pets', 'disabled traveler']","['Restrooms', 'Information Desk', 'Restaurant', 'Souvenir Shop', 'First Aid Station', 'Luggage Storage', 'city passes', 'luggage storage', 'self-guided tours', 'Pet-friendly', 'pet water stations', 'Pet rest area', 'ramps', 'elevators', 'wheelchair rentals', 'accessible restrooms']"
46,Frankfurt am Main,Germany,Nature/Scenery/Park,Rhine River Dolphin Safaris,"Rhine River Dolphin Safaris is a nature in Frankfurt am Main, Germany, popular for its natural scenery and relaxing atmosphere. Entry fee is 24.24 USD. Recommended visit: 3 hours. Discover Rhine River Dolphin Safaris, a peaceful nature in Frankfurt am Main, Germany, ideal for nature lovers. Open 09:00-17:30, entry 24.24 USD.",24.24,09:00-17:30,3 hours,3.7,"178 Sathorn Road, Silom, Frankfurt am Main",50.0760517797175,8.73035796667757,"['luxury travelers', 'couples trip', 'business travelers']","['Restrooms', 'Information Desk', 'Restaurant', 'Souvenir Shop', 'First Aid Station', 'Luggage Storage', 'private tours', 'skip the line passes', 'VIP exclusive events', 'scenic spots', 'sunset cruises', 'special couples experiences', 'High speed WiFi']"
47,Frankfurt am Main,Germany,Nature/Scenery/Park,Golden Creek Sanctuary,"Golden Creek Sanctuary is a nature in Frankfurt am Main, Germany, popular for its natural scenery and relaxing atmosphere. Entry fee is 75.28 USD. Recommended visit: 3 hours. Discover Golden Creek Sanctuary, a peaceful nature in Frankfurt am Main, Germany, ideal for nature lovers. Open 08:30-17:00, entry 75.28 USD.",75.28,08:30-17:00,3 hours,3.7,"744 Seogwipo Street, Frankfurt am Main",50.11765044281323,8.518633891845987,"['foodie', 'photography', 'luxury travelers']","['Restrooms', 'Information Desk', 'Restaurant', 'Souvenir Shop', 'First Aid Station', 'Luggage Storage', 'Food markets', 'tasting tours', 'photo spots', 'guided photo tours', 'charging stations', 'private tours', 'skip the line passes', 'VIP exclusive events']"
48,Frankfurt am Main,Germany,Nature/Scenery/Park,Rhine Haven Wildlife Sanctuary,"Rhine Haven Wildlife Sanctuary is a nature in Frankfurt am Main, Germany, popular for its natural scenery and relaxing atmosphere. Entry fee is 37.95 USD. Recommended visit: 3 hours. Discover Rhine Haven Wildlife Sanctuary, a peaceful nature in Frankfurt am Main, Germany, ideal for nature lovers. Open 09:00-18:00, entry 37.95 USD.",37.95,09:00-18:00,3 hours,3.7,"251 Seongsan-ro, Frankfurt am Main",50.12225289654164,8.577084248306027,"['fast-paced budget travel', 'luxury travelers', 'disabled traveler']","['Restrooms', 'Information Desk', 'Restaurant', 'Souvenir Shop', 'First Aid Station', 'Luggage Storage', 'city passes', 'luggage storage', 'self-guided tours', 'private tours', 'skip the line passes', 'VIP exclusive events', 'ramps', 'elevators', 'wheelchair rentals', 'accessible restrooms']"
49,Frankfurt am Main,Germany,Nature/Scenery/Park,Green Haven Wildlife Grove,"Green Haven Wildlife Grove is a nature in Frankfurt am Main, Germany, popular for its natural scenery and relaxing atmosphere. Entry fee is 11.76 USD. Recommended visit: 3 hours. Discover Green Haven Wildlife Grove, a peaceful nature in Frankfurt am Main, Germany, ideal for nature lovers. Open 09:00-21:00, entry 11.76 USD.",11.76,09:00-21:00,3 hours,3.7,"No. 456 Riverside Road, Frankfurt am Main",50.11576155687612,8.776016225506513,"['with pets', 'photography', 'business travelers']","['Restrooms', 'Information Desk', 'Restaurant', 'Souvenir Shop', 'First Aid Station', 'Luggage Storage', 'Pet-friendly', 'pet water stations', 'Pet rest area', 'photo spots', 'guided photo tours', 'charging stations', 'High speed WiFi']"
50,Frankfurt am Main,Germany,Theme Park/Amusement Park,Enchanted Carnival Voyage,"Enchanted Carnival Voyage is a theme park in Frankfurt am Main, Germany, popular for its memorable experiences. Entry fee is 9.36 USD. Recommended visit: 6 hours. Discover Enchanted Carnival Voyage, a notable theme park in Frankfurt am Main, Germany, ideal for visitors. Open 08:00-22:30, entry 9.36 USD.",9.36,08:00-22:30,6 hours,3.75,"No. 456 Cultural Square, Frankfurt am Main",50.109659057919735,8.553971152824472,"['solo women', 'photography', 'road trip']","['Restrooms', 'Information Desk', 'Restaurant', 'Souvenir Shop', 'First Aid Station', 'Luggage Storage', 'group tours', 'security', 'photo spots', 'guided photo tours', 'charging stations', 'parking']"
51,Frankfurt am Main,Germany,Theme Park/Amusement Park,Frankfurt Dreamscape Adventure,"Frankfurt Dreamscape Adventure is a theme park in Frankfurt am Main, Germany, popular for its memorable experiences. Entry fee is 16.33 USD. Recommended visit: 8 hours. Discover Frankfurt Dreamscape Adventure, a notable theme park in Frankfurt am Main, Germany, ideal for visitors. Open 09:30-17:00, entry 16.33 USD.",16.33,09:30-17:00,8 hours,3.75,"407 Shinsaibashi Dori, Chuo Ward, Frankfurt am Main",50.21396865424301,8.726031251219412,"['fast-paced budget travel', 'with pets', 'foodie']","['Restrooms', 'Information Desk', 'Restaurant', 'Souvenir Shop', 'First Aid Station', 'Luggage Storage', 'city passes', 'luggage storage', 'self-guided tours', 'Pet-friendly', 'pet water stations', 'Pet rest area', 'Food markets', 'tasting tours']"
52,Frankfurt am Main,Germany,Theme Park/Amusement Park,Frankfurt FunSphere,"Frankfurt FunSphere is a theme park in Frankfurt am Main, Germany, popular for its memorable experiences. Entry fee is 29.12 USD. Recommended visit: 8 hours. Discover Frankfurt FunSphere, a notable theme park in Frankfurt am Main, Germany, ideal for visitors. Open 10:00-20:00, entry 29.12 USD.",29.12,10:00-20:00,8 hours,3.75,"No. 128, Lingyin Road, Xihu District, Frankfurt am Main",50.10307466180316,8.53714153141581,"['photography', 'luxury travelers', 'business travelers']","['Restrooms', 'Information Desk', 'Restaurant', 'Souvenir Shop', 'First Aid Station', 'Luggage Storage', 'photo spots', 'guided photo tours', 'charging stations', 'private tours', 'skip the line passes', 'VIP exclusive events', 'High speed WiFi']"
53,Frankfurt am Main,Germany,Theme Park/Amusement Park,AquaDive Discovery Center,"AquaDive Discovery Center is a theme park in Frankfurt am Main, Germany, popular for its memorable experiences. Entry fee is 43.12 USD. Recommended visit: 6 hours. Discover AquaDive Discovery Center, a notable theme park in Frankfurt am Main, Germany, ideal for visitors. Open 09:00-17:30, entry 43.12 USD.",43.12,09:00-17:30,6 hours,3.75,"556 Kitahama Street, Frankfurt am Main",50.086892400450246,8.585870105327784,"['solo women', 'luxury travelers', 'business travelers']","['Restrooms', 'Information Desk', 'Restaurant', 'Souvenir Shop', 'First Aid Station', 'Luggage Storage', 'group tours', 'security', 'private tours', 'skip the line passes', 'VIP exclusive events', 'High speed WiFi']"
54,Frankfurt am Main,Germany,Theme Park/Amusement Park,Frankfurt Questscape,"Frankfurt Questscape is a theme park in Frankfurt am Main, Germany, popular for its memorable experiences. Entry fee is 13.86 USD. Recommended visit: 7 hours. Discover Frankfurt Questscape, a notable theme park in Frankfurt am Main, Germany, ideal for visitors. Open 09:00-17:30, entry 13.86 USD.",13.86,09:00-17:30,7 hours,3.75,"340 Sakura Park Avenue, Frankfurt am Main",50.07245908559008,8.520631187511123,"['nightlife enthusiast', 'solo women', 'couples trip']","['Restrooms', 'Information Desk', 'Restaurant', 'Souvenir Shop', 'First Aid Station', 'Luggage Storage', 'night markets', 'bars', 'evening shows', 'group tours', 'security', 'scenic spots', 'sunset cruises', 'special couples experiences']"
55,Frankfurt am Main,Germany,Theme Park/Amusement Park,Frankfurt PlaySphere,"Frankfurt PlaySphere is a theme park in Frankfurt am Main, Germany, popular for its memorable experiences. Entry fee is 19.77 USD. Recommended visit: 7 hours. Discover Frankfurt PlaySphere, a notable theme park in Frankfurt am Main, Germany, ideal for visitors. Open 08:00-22:00, entry 19.77 USD.",19.77,08:00-22:00,7 hours,3.75,"No. 456, Ocean View Road, Frankfurt am Main",50.05920542547576,8.617914677344169,"['with children', 'fast-paced budget travel', 'disabled traveler']","['Restrooms', 'Information Desk', 'Restaurant', 'Souvenir Shop', 'First Aid Station', 'Luggage Storage', 'family restrooms', 'Nursing facilities', 'city passes', 'luggage storage', 'self-guided tours', 'ramps', 'elevators', 'wheelchair rentals', 'accessible restrooms']"
56,Frankfurt am Main,Germany,Theme Park/Amusement Park,Frankfurt Frostscape Adventure,"Frankfurt Frostscape Adventure is a theme park in Frankfurt am Main, Germany, popular for its memorable experiences. Entry fee is 6.99 USD. Recommended visit: 7 hours. Discover Frankfurt Frostscape Adventure, a notable theme park in Frankfurt am Main, Germany, ideal for visitors. Open 10:00-21:00, entry 6.99 USD.",6.99,10:00-21:00,7 hours,3.75,"680 Shinkawa Street, Naka Ward, Frankfurt am Main",50.12735511818831,8.631733171005992,"['with children', 'road trip', 'business travelers']","['Restrooms', 'Information Desk', 'Restaurant', 'Souvenir Shop', 'First Aid Station', 'Luggage Storage', 'family restrooms', 'Nursing facilities', 'parking', 'High speed WiFi']"
57,Frankfurt am Main,Germany,Theme Park/Amusement Park,Skyline Skyride,"Skyline Skyride is a theme park in Frankfurt am Main, Germany, popular for its memorable experiences. Entry fee is 48.63 USD. Recommended visit: 8 hours. Discover Skyline Skyride, a notable theme park in Frankfurt am Main, Germany, ideal for visitors. Open 10:00-19:00, entry 48.63 USD.",48.63,10:00-19:00,8 hours,3.75,"No. 128, Shangyang Road, Yanta District, Frankfurt am Main",50.0696575172612,8.655605643798351,"['fast-paced budget travel', 'with pets', 'road trip']","['Restrooms', 'Information Desk', 'Restaurant', 'Souvenir Shop', 'First Aid Station', 'Luggage Storage', 'city passes', 'luggage storage', 'self-guided tours', 'Pet-friendly', 'pet water stations', 'Pet rest area', 'parking']"
58,Frankfurt am Main,Germany,Theme Park/Amusement Park,Frankfurt Skyline Adventure Hub,"Frankfurt Skyline Adventure Hub is a theme park in Frankfurt am Main, Germany, popular for its memorable experiences. Entry fee is 36.4 USD. Recommended visit: 7 hours. Discover Frankfurt Skyline Adventure Hub, a notable theme park in Frankfurt am Main, Germany, ideal for visitors. Open 08:00-23:00, entry 36.4 USD.",36.4,08:00-23:00,7 hours,3.75,"190 Chalong Bay Road, Frankfurt am Main",50.06832769178994,8.570978998722552,"['foodie', 'luxury travelers', 'road trip']","['Restrooms', 'Information Desk', 'Restaurant', 'Souvenir Shop', 'First Aid Station', 'Luggage Storage', 'Food markets', 'tasting tours', 'private tours', 'skip the line passes', 'VIP exclusive events', 'parking']"
59,Frankfurt am Main,Germany,Theme Park/Amusement Park,Skyline Adventure Hub,"Skyline Adventure Hub is a theme park in Frankfurt am Main, Germany, popular for its memorable experiences. Entry fee is 54.32 USD. Recommended visit: 8 hours. Discover Skyline Adventure Hub, a notable theme park in Frankfurt am Main, Germany, ideal for visitors. Open 10:00-22:00, entry 54.32 USD.",54.32,10:00-22:00,8 hours,3.75,"155 Nishinari-cho, Nishi-ku, Frankfurt am Main",50.09504543831402,8.612328726408553,"['foodie', 'elderly travelers', 'road trip']","['Restrooms', 'Information Desk', 'Restaurant', 'Souvenir Shop', 'First Aid Station', 'Luggage Storage', 'Food markets', 'tasting tours', 'wheelchair rental', 'benches/rest areas', 'parking']"
60,Frankfurt am Main,Germany,Theme Park/Amusement Park,Skyline Quest,"Skyline Quest is a theme park in Frankfurt am Main, Germany, popular for its memorable experiences. Entry fee is 14.05 USD. Recommended visit: 8 hours. Discover Skyline Quest, a notable theme park in Frankfurt am Main, Germany, ideal for visitors. Open 09:00-17:30, entry 14.05 USD.",14.05,09:00-17:30,8 hours,3.75,"602-456 Shibuya-dori, Shibuya-ku, Frankfurt am Main",50.0886240362882,8.509082377178737,"['photography', 'couples trip', 'road trip']","['Restrooms', 'Information Desk', 'Restaurant', 'Souvenir Shop', 'First Aid Station', 'Luggage Storage', 'photo spots', 'guided photo tours', 'charging stations', 'scenic spots', 'sunset cruises', 'special couples experiences', 'parking']"
61,Frankfurt am Main,Germany,Theme Park/Amusement Park,Skyflow Adventure Nexus,"Skyflow Adventure Nexus is a theme park in Frankfurt am Main, Germany, popular for its memorable experiences. Entry fee is 15.34 USD. Recommended visit: 7 hours. Discover Skyflow Adventure Nexus, a notable theme park in Frankfurt am Main, Germany, ideal for visitors. Open 10:00-22:00, entry 15.34 USD.",15.34,10:00-22:00,7 hours,3.75,"855-89 Kitahiroshima, Frankfurt am Main",50.1504193309244,8.69383997711796,"['nightlife enthusiast', 'disabled traveler']","['Restrooms', 'Information Desk', 'Restaurant', 'Souvenir Shop', 'First Aid Station', 'Luggage Storage', 'night markets', 'bars', 'evening shows', 'ramps', 'elevators', 'wheelchair rentals', 'accessible restrooms']"
62,Frankfurt am Main,Germany,Theme Park/Amusement Park,Frankfurt Innovation Playgrounds,"Frankfurt Innovation Playgrounds is a theme park in Frankfurt am Main, Germany, popular for its memorable experiences. Entry fee is 89.6 USD. Recommended visit: 7 hours. Discover Frankfurt Innovation Playgrounds, a notable theme park in Frankfurt am Main, Germany, ideal for visitors. Open 09:00-18:00, entry 89.6 USD.",89.6,09:00-18:00,7 hours,3.75,"785-12-8 Shibuya, Shibuya City, Frankfurt am Main",50.03039167640311,8.546139204161165,"['photography', 'couples trip', 'disabled traveler']","['Restrooms', 'Information Desk', 'Restaurant', 'Souvenir Shop', 'First Aid Station', 'Luggage Storage', 'photo spots', 'guided photo tours', 'charging stations', 'scenic spots', 'sunset cruises', 'special couples experiences', 'ramps', 'elevators', 'wheelchair rentals', 'accessible restrooms']"
63,Frankfurt am Main,Germany,Theme Park/Amusement Park,Frankfurt Fusion Funland,"Frankfurt Fusion Funland is a theme park in Frankfurt am Main, Germany, popular for its memorable experiences. Entry fee is 27.72 USD. Recommended visit: 6 hours. Discover Frankfurt Fusion Funland, a notable theme park in Frankfurt am Main, Germany, ideal for visitors. Open 09:00-17:00, entry 27.72 USD.",27.72,09:00-17:00,6 hours,3.75,"853 Seaside Promenade, Frankfurt am Main",50.05859784132242,8.689601306357106,"['solo women', 'photography', 'luxury travelers']","['Restrooms', 'Information Desk', 'Restaurant', 'Souvenir Shop', 'First Aid Station', 'Luggage Storage', 'group tours', 'security', 'photo spots', 'guided photo tours', 'charging stations', 'private tours', 'skip the line passes', 'VIP exclusive events']"
64,Frankfurt am Main,Germany,Theme Park/Amusement Park,Skyline Adventure Nexus,"Skyline Adventure Nexus is a theme park in Frankfurt am Main, Germany, popular for its memorable experiences. Entry fee is 34.66 USD. Recommended visit: 7 hours. Discover Skyline Adventure Nexus, a notable theme park in Frankfurt am Main, Germany, ideal for visitors. Open 08:30-17:00, entry 34.66 USD.",34.66,08:30-17:00,7 hours,3.75,"815-1, Gukje-gil, Seo-gu, Frankfurt am Main",50.121256420383936,8.513761115567995,['disabled traveler'],"['Restrooms', 'Information Desk', 'Restaurant', 'Souvenir Shop', 'First Aid Station', 'Luggage Storage', 'ramps', 'elevators', 'wheelchair rentals', 'accessible restrooms']"
65,Frankfurt am Main,Germany,Theme Park/Amusement Park,Skyline Quest Adventure Pass,"Skyline Quest Adventure Pass is a theme park in Frankfurt am Main, Germany, popular for its memorable experiences. Entry fee is 38.9 USD. Recommended visit: 6 hours. Discover Skyline Quest Adventure Pass, a notable theme park in Frankfurt am Main, Germany, ideal for visitors. Open 09:00-18:00, entry 38.9 USD.",38.9,09:00-18:00,6 hours,3.75,"566 Gukje-ro, Gukje-gu, Frankfurt am Main",50.03155241196458,8.566087780576844,"['nightlife enthusiast', 'foodie', 'couples trip']","['Restrooms', 'Information Desk', 'Restaurant', 'Souvenir Shop', 'First Aid Station', 'Luggage Storage', 'night markets', 'bars', 'evening shows', 'Food markets', 'tasting tours', 'scenic spots', 'sunset cruises', 'special couples experiences']"
66,Frankfurt am Main,Germany,Theme Park/Amusement Park,Eclipse Mirage Theater,"Eclipse Mirage Theater is a theme park in Frankfurt am Main, Germany, popular for its memorable experiences. Entry fee is 53.2 USD. Recommended visit: 8 hours. Discover Eclipse Mirage Theater, a notable theme park in Frankfurt am Main, Germany, ideal for visitors. Open 09:00-18:00, entry 53.2 USD.",53.2,09:00-18:00,8 hours,3.75,"321 Queen's Road Central, Frankfurt am Main",50.07745324231529,8.649726000529915,"['nightlife enthusiast', 'couples trip', 'road trip']","['Restrooms', 'Information Desk', 'Restaurant', 'Souvenir Shop', 'First Aid Station', 'Luggage Storage', 'night markets', 'bars', 'evening shows', 'scenic spots', 'sunset cruises', 'special couples experiences', 'parking']"
67,Frankfurt am Main,Germany,Theme Park/Amusement Park,ChronoSphere: Echoes of the Future,"ChronoSphere: Echoes of the Future is a theme park in Frankfurt am Main, Germany, popular for its memorable experiences. Entry fee is 22.28 USD. Recommended visit: 6 hours. Discover ChronoSphere: Echoes of the Future, a notable theme park in Frankfurt am Main, Germany, ideal for visitors. Open 09:00-19:00, entry 22.28 USD.",22.28,09:00-19:00,6 hours,3.75,"No. 456, Zhongshan Road, Frankfurt am Main",50.16735089449447,8.597736116285834,"['fast-paced budget travel', 'foodie', 'road trip']","['Restrooms', 'Information Desk', 'Restaurant', 'Souvenir Shop', 'First Aid Station', 'Luggage Storage', 'city passes', 'luggage storage', 'self-guided tours', 'Food markets', 'tasting tours', 'parking']"
68,Frankfurt am Main,Germany,Theme Park/Amusement Park,SkyRider Frankfurt Adventure,"SkyRider Frankfurt Adventure is a theme park in Frankfurt am Main, Germany, popular for its memorable experiences. Entry fee is 18.17 USD. Recommended visit: 6 hours. Discover SkyRider Frankfurt Adventure, a notable theme park in Frankfurt am Main, Germany, ideal for visitors. Open 10:00-19:00, entry 18.17 USD.",18.17,10:00-19:00,6 hours,3.75,"962 Seaside Promenade, Frankfurt am Main",50.13132032637448,8.759566684782953,"['with children', 'with pets', 'couples trip']","['Restrooms', 'Information Desk', 'Restaurant', 'Souvenir Shop', 'First Aid Station', 'Luggage Storage', 'family restrooms', 'Nursing facilities', 'Pet-friendly', 'pet water stations', 'Pet rest area', 'scenic spots', 'sunset cruises', 'special couples experiences']"
69,Frankfurt am Main,Germany,Theme Park/Amusement Park,ChronoForest: Time Traveler's Adventure,"ChronoForest: Time Traveler's Adventure is a theme park in Frankfurt am Main, Germany, popular for its memorable experiences. Entry fee is 16.93 USD. Recommended visit: 7 hours. Discover ChronoForest: Time Traveler's Adventure, a notable theme park in Frankfurt am Main, Germany, ideal for visitors. Open 08:00-22:00, entry 16.93 USD.",16.93,08:00-22:00,7 hours,3.75,"582 Sathorn Road, Samran Riverside, Frankfurt am Main",50.1845445645025,8.696804973282685,"['photography', 'couples trip', 'business travelers']","['Restrooms', 'Information Desk', 'Restaurant', 'Souvenir Shop', 'First Aid Station', 'Luggage Storage', 'photo spots', 'guided photo tours', 'charging stations', 'scenic spots', 'sunset cruises', 'special couples experiences', 'High speed WiFi']"
70,Frankfurt am Main,Germany,Theme Park/Amusement Park,Skyline Quest: Frankfurt's Aerial Adventure,"Skyline Quest: Frankfurt's Aerial Adventure is a theme park in Frankfurt am Main, Germany, popular for its memorable experiences. Entry fee is 171.36 USD. Recommended visit: 6 hours. Discover Skyline Quest: Frankfurt's Aerial Adventure, a notable theme park in Frankfurt am Main, Germany, ideal for visitors. Open 09:00-17:30, entry 171.36 USD.",171.36,09:00-17:30,6 hours,3.75,"No. 456, Zhongshan Road, Frankfurt am Main",50.08881423377862,8.732997442070042,"['photography', 'disabled traveler', 'road trip']","['Restrooms', 'Information Desk', 'Restaurant', 'Souvenir Shop', 'First Aid Station', 'Luggage Storage', 'photo spots', 'guided photo tours', 'charging stations', 'ramps', 'elevators', 'wheelchair rentals', 'accessible restrooms', 'parking']"
71,Frankfurt am Main,Germany,Theme Park/Amusement Park,Frankfurt Midnight Express,"Frankfurt Midnight Express is a theme park in Frankfurt am Main, Germany, popular for its memorable experiences. Entry fee is 21.89 USD. Recommended visit: 8 hours. Discover Frankfurt Midnight Express, a notable theme park in Frankfurt am Main, Germany, ideal for visitors. Open 09:00-21:00, entry 21.89 USD.",21.89,09:00-21:00,8 hours,3.75,"No. 456, Xinglin Road, Frankfurt am Main",50.1078295911981,8.616038883777417,"['with pets', 'couples trip', 'elderly travelers']","['Restrooms', 'Information Desk', 'Restaurant', 'Souvenir Shop', 'First Aid Station', 'Luggage Storage', 'Pet-friendly', 'pet water stations', 'Pet rest area', 'scenic spots', 'sunset cruises', 'special couples experiences', 'wheelchair rental', 'benches/rest areas']"
72,Frankfurt am Main,Germany,Theme Park/Amusement Park,Eclipse Horizon Entertainment Hub,"Eclipse Horizon Entertainment Hub is a theme park in Frankfurt am Main, Germany, popular for its memorable experiences. Entry fee is 24.01 USD. Recommended visit: 7 hours. Discover Eclipse Horizon Entertainment Hub, a notable theme park in Frankfurt am Main, Germany, ideal for visitors. Open 10:00-20:00, entry 24.01 USD.",24.01,10:00-20:00,7 hours,3.75,"No. 2000 Century Avenue, Frankfurt am Main",50.059797750424096,8.632356598870564,"['fast-paced budget travel', 'disabled traveler', 'business travelers']","['Restrooms', 'Information Desk', 'Restaurant', 'Souvenir Shop', 'First Aid Station', 'Luggage Storage', 'city passes', 'luggage storage', 'self-guided tours', 'ramps', 'elevators', 'wheelchair rentals', 'accessible restrooms', 'High speed WiFi']"
73,Frankfurt am Main,Germany,Theme Park/Amusement Park,Skyline Quest Adventure Park,"Skyline Quest Adventure Park is a theme park in Frankfurt am Main, Germany, popular for its memorable experiences. Entry fee is 10.64 USD. Recommended visit: 6 hours. Discover Skyline Quest Adventure Park, a notable theme park in Frankfurt am Main, Germany, ideal for visitors. Open 08:00-22:00, entry 10.64 USD.",10.64,08:00-22:00,6 hours,3.75,"373 Sakura Street, Naka Ward, Frankfurt am Main",50.0669539740362,8.624962614530217,"['fast-paced budget travel', 'with pets', 'elderly travelers']","['Restrooms', 'Information Desk', 'Restaurant', 'Souvenir Shop', 'First Aid Station', 'Luggage Storage', 'city passes', 'luggage storage', 'self-guided tours', 'Pet-friendly', 'pet water stations', 'Pet rest area', 'wheelchair rental', 'benches/rest areas']"
74,Frankfurt am Main,Germany,Theme Park/Amusement Park,Skyline Express 360° Adventure Pass,"Skyline Express 360° Adventure Pass is a theme park in Frankfurt am Main, Germany, popular for its memorable experiences. Entry fee is 1654.66 USD. Recommended visit: 8 hours. Discover Skyline Express 360° Adventure Pass, a notable theme park in Frankfurt am Main, Germany, ideal for visitors. Open 09:00-17:30, entry 1654.66 USD.",1654.66,09:00-17:30,8 hours,3.75,"180 Suthep Road, Frankfurt am Main",50.18023543466061,8.689795582067001,"['photography', 'elderly travelers', 'business travelers']","['Restrooms', 'Information Desk', 'Restaurant', 'Souvenir Shop', 'First Aid Station', 'Luggage Storage', 'photo spots', 'guided photo tours', 'charging stations', 'wheelchair rental', 'benches/rest areas', 'High speed WiFi']"
75,Frankfurt am Main,Germany,Theme Park/Amusement Park,SkyDrive Frankfurt Adventure Park,"SkyDrive Frankfurt Adventure Park is a theme park in Frankfurt am Main, Germany, popular for its memorable experiences. Entry fee is 0.37 USD. Recommended visit: 6 hours. Discover SkyDrive Frankfurt Adventure Park, a notable theme park in Frankfurt am Main, Germany, ideal for visitors. Open 09:00-18:00, entry 0.37 USD.",0.37,09:00-18:00,6 hours,3.75,"Lantau Island Nature Reserve, Frankfurt am Main",50.20245921035512,8.728676340562332,"['photography', 'foodie', 'elderly travelers']","['Restrooms', 'Information Desk', 'Restaurant', 'Souvenir Shop', 'First Aid Station', 'Luggage Storage', 'photo spots', 'guided photo tours', 'charging stations', 'Food markets', 'tasting tours', 'wheelchair rental', 'benches/rest areas']"
76,Frankfurt am Main,Germany,Theme Park/Amusement Park,Echoes of the Silk Road,"Echoes of the Silk Road is a theme park in Frankfurt am Main, Germany, popular for its memorable experiences. Entry fee is 7.49 USD. Recommended visit: 8 hours. Discover Echoes of the Silk Road, a notable theme park in Frankfurt am Main, Germany, ideal for visitors. Open 09:00-18:00, entry 7.49 USD.",7.49,09:00-18:00,8 hours,3.75,"656 Suthep Road, Frankfurt am Main",50.10120250424279,8.558898417206343,"['fast-paced budget travel', 'solo women', 'with pets']","['Restrooms', 'Information Desk', 'Restaurant', 'Souvenir Shop', 'First Aid Station', 'Luggage Storage', 'city passes', 'luggage storage', 'self-guided tours', 'group tours', 'security', 'Pet-friendly', 'pet water stations', 'Pet rest area']"
77,Frankfurt am Main,Germany,Theme Park/Amusement Park,Frankfurt Field Spectacle | River Hawks Lower Level Infield Seat Ticket | Includes Official Team Towel,"Frankfurt Field Spectacle | River Hawks Lower Level Infield Seat Ticket | Includes Official Team Towel is a theme park in Frankfurt am Main, Germany, popular for its memorable experiences. Entry fee is 59.69 USD. Recommended visit: 7 hours. Discover Frankfurt Field Spectacle | River Hawks Lower Level Infield Seat Ticket | Includes Official Team Towel, a notable theme park in Frankfurt am Main, Germany, ideal for visitors. Open 10:00-20:00, entry 59.69 USD.",59.69,10:00-20:00,7 hours,3.75,"No. 456, Henggang Road, Frankfurt am Main",50.09710897334229,8.565086484439686,"['with children', 'solo women', 'disabled traveler']","['Restrooms', 'Information Desk', 'Restaurant', 'Souvenir Shop', 'First Aid Station', 'Luggage Storage', 'family restrooms', 'Nursing facilities', 'group tours', 'security', 'ramps', 'elevators', 'wheelchair rentals', 'accessible restrooms']"
78,Frankfurt am Main,Germany,Theme Park/Amusement Park,Frankfurt Dino Quest Park,"Frankfurt Dino Quest Park is a theme park in Frankfurt am Main, Germany, popular for its memorable experiences. Entry fee is 6.59 USD. Recommended visit: 7 hours. Discover Frankfurt Dino Quest Park, a notable theme park in Frankfurt am Main, Germany, ideal for visitors. Open 09:00-18:00, entry 6.59 USD.",6.59,09:00-18:00,7 hours,3.75,"No. 458, Siming South Road, Frankfurt am Main",50.13755795619494,8.625226565618295,"['nightlife enthusiast', 'couples trip', 'business travelers']","['Restrooms', 'Information Desk', 'Restaurant', 'Souvenir Shop', 'First Aid Station', 'Luggage Storage', 'night markets', 'bars', 'evening shows', 'scenic spots', 'sunset cruises', 'special couples experiences', 'High speed WiFi']"
79,Frankfurt am Main,Germany,Theme Park/Amusement Park,Skyline Splash Adventure,"Skyline Splash Adventure is a theme park in Frankfurt am Main, Germany, popular for its memorable experiences. Entry fee is 19.32 USD. Recommended visit: 6 hours. Discover Skyline Splash Adventure, a notable theme park in Frankfurt am Main, Germany, ideal for visitors. Open 10:00-22:00, entry 19.32 USD.",19.32,10:00-22:00,6 hours,3.75,"415-567 Asakusa Street, Sumida Ward, Frankfurt am Main",50.05919770252542,8.668141645586896,"['solo women', 'with pets', 'couples trip']","['Restrooms', 'Information Desk', 'Restaurant', 'Souvenir Shop', 'First Aid Station', 'Luggage Storage', 'group tours', 'security', 'Pet-friendly', 'pet water stations', 'Pet rest area', 'scenic spots', 'sunset cruises', 'special couples experiences']"
80,Frankfurt am Main,Germany,Theme Park/Amusement Park,ChronoSphere: Future Echoes,"ChronoSphere: Future Echoes is a theme park in Frankfurt am Main, Germany, popular for its memorable experiences. Entry fee is 41.44 USD. Recommended visit: 7 hours. Discover ChronoSphere: Future Echoes, a notable theme park in Frankfurt am Main, Germany, ideal for visitors. Open 08:00-22:00, entry 41.44 USD.",41.44,08:00-22:00,7 hours,3.75,"No. 588, Haizhu Avenue, Haizhu District, Frankfurt am Main",50.1247573678799,8.598470984941605,"['with children', 'fast-paced budget travel', 'road trip']","['Restrooms', 'Information Desk', 'Restaurant', 'Souvenir Shop', 'First Aid Station', 'Luggage Storage', 'family restrooms', 'Nursing facilities', 'city passes', 'luggage storage', 'self-guided tours', 'parking']"
81,Frankfurt am Main,Germany,Theme Park/Amusement Park,Cube Quest Hub,"Cube Quest Hub is a theme park in Frankfurt am Main, Germany, popular for its memorable experiences. Entry fee is 11.92 USD. Recommended visit: 8 hours. Discover Cube Quest Hub, a notable theme park in Frankfurt am Main, Germany, ideal for visitors. Open 09:00-17:30, entry 11.92 USD.",11.92,09:00-17:30,8 hours,3.75,"No. 456, Xiangshan Road, Frankfurt am Main",50.10725286605284,8.626429011363964,"['solo women', 'photography', 'road trip']","['Restrooms', 'Information Desk', 'Restaurant', 'Souvenir Shop', 'First Aid Station', 'Luggage Storage', 'group tours', 'security', 'photo spots', 'guided photo tours', 'charging stations', 'parking']"
82,Frankfurt am Main,Germany,Theme Park/Amusement Park,Frankfurt AquaSphere,"Frankfurt AquaSphere is a theme park in Frankfurt am Main, Germany, popular for its memorable experiences. Entry fee is 4.06 USD. Recommended visit: 8 hours. Discover Frankfurt AquaSphere, a notable theme park in Frankfurt am Main, Germany, ideal for visitors. Open 08:00-00:00, entry 4.06 USD.",4.06,08:00-00:00,8 hours,3.75,"869 Sakura Street, Nakamura Ward, Frankfurt am Main",50.04726451368899,8.606856213717622,"['with children', 'with pets', 'luxury travelers']","['Restrooms', 'Information Desk', 'Restaurant', 'Souvenir Shop', 'First Aid Station', 'Luggage Storage', 'family restrooms', 'Nursing facilities', 'Pet-friendly', 'pet water stations', 'Pet rest area', 'private tours', 'skip the line passes', 'VIP exclusive events']"
83,Frankfurt am Main,Germany,Theme Park/Amusement Park,Frankfurt Wildscape Adventure Park,"Frankfurt Wildscape Adventure Park is a theme park in Frankfurt am Main, Germany, popular for its memorable experiences. Entry fee is 26.13 USD. Recommended visit: 6 hours. Discover Frankfurt Wildscape Adventure Park, a notable theme park in Frankfurt am Main, Germany, ideal for visitors. Open 10:00-22:00, entry 26.13 USD.",26.13,10:00-22:00,6 hours,3.75,"156 Nathan Road, Frankfurt am Main",50.10041936736187,8.63305279065275,"['photography', 'luxury travelers']","['Restrooms', 'Information Desk', 'Restaurant', 'Souvenir Shop', 'First Aid Station', 'Luggage Storage', 'photo spots', 'guided photo tours', 'charging stations', 'private tours', 'skip the line passes', 'VIP exclusive events']"
84,Frankfurt am Main,Germany,Theme Park/Amusement Park,Skyline Harmony Park,"Skyline Harmony Park is a theme park in Frankfurt am Main, Germany, popular for its memorable experiences. Entry fee is 32.01 USD. Recommended visit: 8 hours. Discover Skyline Harmony Park, a notable theme park in Frankfurt am Main, Germany, ideal for visitors. Open 20:00-05:00, entry 32.01 USD.",32.01,20:00-05:00,8 hours,3.75,"910 Jurong East Street 6, Frankfurt am Main",50.07561060128608,8.592175294228548,"['with pets', 'foodie', 'road trip']","['Restrooms', 'Information Desk', 'Restaurant', 'Souvenir Shop', 'First Aid Station', 'Luggage Storage', 'Pet-friendly', 'pet water stations', 'Pet rest area', 'Food markets', 'tasting tours', 'parking']"
85,Frankfurt am Main,Germany,Theme Park/Amusement Park,Frankfurt Skyline Adventure Zone,"Frankfurt Skyline Adventure Zone is a theme park in Frankfurt am Main, Germany, popular for its memorable experiences. Entry fee is 12.86 USD. Recommended visit: 6 hours. Discover Frankfurt Skyline Adventure Zone, a notable theme park in Frankfurt am Main, Germany, ideal for visitors. Open 08:30-17:30, entry 12.86 USD.",12.86,08:30-17:30,6 hours,3.75,"270 Beach Road, Frankfurt am Main",50.09640336955779,8.62314756041828,"['nightlife enthusiast', 'couples trip', 'luxury travelers']","['Restrooms', 'Information Desk', 'Restaurant', 'Souvenir Shop', 'First Aid Station', 'Luggage Storage', 'night markets', 'bars', 'evening shows', 'scenic spots', 'sunset cruises', 'special couples experiences', 'private tours', 'skip the line passes', 'VIP exclusive events']"
86,Frankfurt am Main,Germany,Theme Park/Amusement Park,Frankfurt FunForge,"Frankfurt FunForge is a theme park in Frankfurt am Main, Germany, popular for its memorable experiences. Entry fee is 67.2 USD. Recommended visit: 8 hours. Discover Frankfurt FunForge, a notable theme park in Frankfurt am Main, Germany, ideal for visitors. Open 09:00-21:00, entry 67.2 USD.",67.2,09:00-21:00,8 hours,3.75,"No. 456, Zhongshan Road, Frankfurt am Main",50.12077744870196,8.60178209013175,"['fast-paced budget travel', 'photography', 'couples trip']","['Restrooms', 'Information Desk', 'Restaurant', 'Souvenir Shop', 'First Aid Station', 'Luggage Storage', 'city passes', 'luggage storage', 'self-guided tours', 'photo spots', 'guided photo tours', 'charging stations', 'scenic spots', 'sunset cruises', 'special couples experiences']"
87,Frankfurt am Main,Germany,Theme Park/Amusement Park,Boschhaus Cultural Park,"Boschhaus Cultural Park is a theme park in Frankfurt am Main, Germany, popular for its memorable experiences. Entry fee is 23.03 USD. Recommended visit: 7 hours. Discover Boschhaus Cultural Park, a notable theme park in Frankfurt am Main, Germany, ideal for visitors. Open 10:00-22:00, entry 23.03 USD.",23.03,10:00-22:00,7 hours,3.75,"837-890 Nishi 1-chome, Frankfurt am Main",50.17069362131592,8.654371653897732,"['nightlife enthusiast', 'photography', 'foodie']","['Restrooms', 'Information Desk', 'Restaurant', 'Souvenir Shop', 'First Aid Station', 'Luggage Storage', 'night markets', 'bars', 'evening shows', 'photo spots', 'guided photo tours', 'charging stations', 'Food markets', 'tasting tours']"
88,Frankfurt am Main,Germany,Theme Park/Amusement Park,SkyLift Skyline Adventure,"SkyLift Skyline Adventure is a theme park in Frankfurt am Main, Germany, popular for its memorable experiences. Entry fee is 5.95 USD. Recommended visit: 8 hours. Discover SkyLift Skyline Adventure, a notable theme park in Frankfurt am Main, Germany, ideal for visitors. Open 08:30-20:00, entry 5.95 USD.",5.95,08:30-20:00,8 hours,3.75,"120 Shinsaibashi Dori, Chuo Ward, Frankfurt am Main",50.06750424992632,8.686112548213023,['luxury travelers'],"['Restrooms', 'Information Desk', 'Restaurant', 'Souvenir Shop', 'First Aid Station', 'Luggage Storage', 'private tours', 'skip the line passes', 'VIP exclusive events']"
89,Frankfurt am Main,Germany,Theme Park/Amusement Park,Rainbow Currents Adventure,"Rainbow Currents Adventure is a theme park in Frankfurt am Main, Germany, popular for its memorable experiences. Entry fee is 30.51 USD. Recommended visit: 6 hours. Discover Rainbow Currents Adventure, a notable theme park in Frankfurt am Main, Germany, ideal for visitors. Open 09:00-18:00, entry 30.51 USD.",30.51,09:00-18:00,6 hours,3.75,"No. 888, Forest Road, Xihu District, Frankfurt am Main",50.15686517893758,8.686989618869758,"['with children', 'solo women', 'business travelers']","['Restrooms', 'Information Desk', 'Restaurant', 'Souvenir Shop', 'First Aid Station', 'Luggage Storage', 'family restrooms', 'Nursing facilities', 'group tours', 'security', 'High speed WiFi']"
90,Frankfurt am Main,Germany,Historic Site/Landmark,Rheinblick Observatory,"Rheinblick Observatory is a historic site in Frankfurt am Main, Germany, popular for its memorable experiences. Entry fee is 26.79 USD. Recommended visit: 2 hours. Discover Rheinblick Observatory, a notable historic site in Frankfurt am Main, Germany, ideal for visitors. Open 06:00-18:00, entry 26.79 USD.",26.79,06:00-18:00,2 hours,3.5,"570 Sathorn Road, Frankfurt am Main",50.10681572575636,8.662160828352503,"['nightlife enthusiast', 'solo women', 'photography']","['Restrooms', 'Information Desk', 'Restaurant', 'Souvenir Shop', 'First Aid Station', 'Luggage Storage', 'night markets', 'bars', 'evening shows', 'group tours', 'security', 'photo spots', 'guided photo tours', 'charging stations']"
91,Frankfurt am Main,Germany,Historic Site/Landmark,Frankfurt Heritage Quarters,"Frankfurt Heritage Quarters is a historic site in Frankfurt am Main, Germany, popular for its memorable experiences. Entry fee is 7.84 USD. Recommended visit: 2 hours. Discover Frankfurt Heritage Quarters, a notable historic site in Frankfurt am Main, Germany, ideal for visitors. Open 09:30-17:00, entry 7.84 USD.",7.84,09:30-17:00,2 hours,3.5,"158 Nathan Road, Frankfurt am Main",50.0360909919872,8.5244140126059,"['nightlife enthusiast', 'with pets', 'business travelers']","['Restrooms', 'Information Desk', 'Restaurant', 'Souvenir Shop', 'First Aid Station', 'Luggage Storage', 'night markets', 'bars', 'evening shows', 'Pet-friendly', 'pet water stations', 'Pet rest area', 'High speed WiFi']"
92,Frankfurt am Main,Germany,Historic Site/Landmark,Eternal Bloom Courtyard,"Eternal Bloom Courtyard is a historic site in Frankfurt am Main, Germany, popular for its memorable experiences. Entry fee is 9.73 USD. Recommended visit: 2 hours. Discover Eternal Bloom Courtyard, a notable historic site in Frankfurt am Main, Germany, ideal for visitors. Open 09:00-18:00, entry 9.73 USD.",9.73,09:00-18:00,2 hours,3.5,"479 Seoul Cultural Street, Frankfurt am Main",50.15214190256055,8.765888592617973,"['foodie', 'couples trip', 'luxury travelers']","['Restrooms', 'Information Desk', 'Restaurant', 'Souvenir Shop', 'First Aid Station', 'Luggage Storage', 'Food markets', 'tasting tours', 'scenic spots', 'sunset cruises', 'special couples experiences', 'private tours', 'skip the line passes', 'VIP exclusive events']"
93,Frankfurt am Main,Germany,Historic Site/Landmark,Gilded Halls Heritage Tour,"Gilded Halls Heritage Tour is a historic site in Frankfurt am Main, Germany, popular for its memorable experiences. Entry fee is 11.68 USD. Recommended visit: 2 hours. Discover Gilded Halls Heritage Tour, a notable historic site in Frankfurt am Main, Germany, ideal for visitors. Open 09:00-17:30, entry 11.68 USD.",11.68,09:00-17:30,2 hours,3.5,"229 Khlong Toei Road, Watthana District, Frankfurt am Main",50.15020150283944,8.749264700757012,"['fast-paced budget travel', 'solo women', 'elderly travelers']","['Restrooms', 'Information Desk', 'Restaurant', 'Souvenir Shop', 'First Aid Station', 'Luggage Storage', 'city passes', 'luggage storage', 'self-guided tours', 'group tours', 'security', 'wheelchair rental', 'benches/rest areas']"
94,Frankfurt am Main,Germany,Historic Site/Landmark,Frankfurt Heritage Hall,"Frankfurt Heritage Hall is a historic site in Frankfurt am Main, Germany, popular for its memorable experiences. Entry fee is 12.6 USD. Recommended visit: 2 hours. Discover Frankfurt Heritage Hall, a notable historic site in Frankfurt am Main, Germany, ideal for visitors. Open 09:00-17:00, entry 12.6 USD.",12.6,09:00-17:00,2 hours,3.5,"No. 456, Innovation Avenue, Frankfurt am Main",50.11793846742545,8.547147614598408,"['fast-paced budget travel', 'photography', 'foodie']","['Restrooms', 'Information Desk', 'Restaurant', 'Souvenir Shop', 'First Aid Station', 'Luggage Storage', 'city passes', 'luggage storage', 'self-guided tours', 'photo spots', 'guided photo tours', 'charging stations', 'Food markets', 'tasting tours']"
95,Frankfurt am Main,Germany,Historic Site/Landmark,Frankfurt Heritage Hall of Traditions,"Frankfurt Heritage Hall of Traditions is a historic site in Frankfurt am Main, Germany, popular for its memorable experiences. Entry fee is 16.52 USD. Recommended visit: 2 hours. Discover Frankfurt Heritage Hall of Traditions, a notable historic site in Frankfurt am Main, Germany, ideal for visitors. Open 10:00-22:00, entry 16.52 USD.",16.52,10:00-22:00,2 hours,3.5,"156 Queen's Road Central, Frankfurt am Main",50.105349093278846,8.556487116501632,"['solo women', 'with pets', 'business travelers']","['Restrooms', 'Information Desk', 'Restaurant', 'Souvenir Shop', 'First Aid Station', 'Luggage Storage', 'group tours', 'security', 'Pet-friendly', 'pet water stations', 'Pet rest area', 'High speed WiFi']"
96,Frankfurt am Main,Germany,Historic Site/Landmark,Old Quarter Pathways,"Old Quarter Pathways is a historic site in Frankfurt am Main, Germany, popular for its memorable experiences. Entry fee is 4.13 USD. Recommended visit: 2 hours. Discover Old Quarter Pathways, a notable historic site in Frankfurt am Main, Germany, ideal for visitors. Open 08:30-17:00, entry 4.13 USD.",4.13,08:30-17:00,2 hours,3.5,"No. 456, Huaihai Road, Frankfurt am Main",50.18079304791513,8.640949835422381,"['elderly travelers', 'disabled traveler', 'business travelers']","['Restrooms', 'Information Desk', 'Restaurant', 'Souvenir Shop', 'First Aid Station', 'Luggage Storage', 'wheelchair rental', 'benches/rest areas', 'ramps', 'elevators', 'wheelchair rentals', 'accessible restrooms', 'High speed WiFi']"
97,Frankfurt am Main,Germany,Historic Site/Landmark,Aurora Skydeck,"Aurora Skydeck is a historic site in Frankfurt am Main, Germany, popular for its memorable experiences. Entry fee is 4.2 USD. Recommended visit: 2 hours. Discover Aurora Skydeck, a notable historic site in Frankfurt am Main, Germany, ideal for visitors. Open 09:00-22:00, entry 4.2 USD.",4.2,09:00-22:00,2 hours,3.5,"166-8745 Shuri-cho, Frankfurt am Main",50.11706224395324,8.598291256905904,"['with pets', 'foodie', 'business travelers']","['Restrooms', 'Information Desk', 'Restaurant', 'Souvenir Shop', 'First Aid Station', 'Luggage Storage', 'Pet-friendly', 'pet water stations', 'Pet rest area', 'Food markets', 'tasting tours', 'High speed WiFi']"
98,Frankfurt am Main,Germany,Historic Site/Landmark,Frankfurt Skyline Quest,"Frankfurt Skyline Quest is a historic site in Frankfurt am Main, Germany, popular for its memorable experiences. Entry fee is 0.0 USD. Recommended visit: 2 hours. Discover Frankfurt Skyline Quest, a notable historic site in Frankfurt am Main, Germany, ideal for visitors. Open 09:00-17:30, entry 0.0 USD.",0.0,09:00-17:30,2 hours,3.5,"870 Shuri Street, Frankfurt am Main",50.063681216586254,8.637331094867752,"['foodie', 'with pets', 'photography']","['Restrooms', 'Information Desk', 'Restaurant', 'Souvenir Shop', 'First Aid Station', 'Luggage Storage', 'Food markets', 'tasting tours', 'Pet-friendly', 'pet water stations', 'Pet rest area', 'photo spots', 'guided photo tours', 'charging stations']"
99,Frankfurt am Main,Germany,Historic Site/Landmark,Frankfurt Skyline Panorama,"Frankfurt Skyline Panorama is a historic site in Frankfurt am Main, Germany, popular for its memorable experiences. Entry fee is 5.38 USD. Recommended visit: 2 hours. Discover Frankfurt Skyline Panorama, a notable historic site in Frankfurt am Main, Germany, ideal for visitors. Open 09:00-18:00, entry 5.38 USD.",5.38,09:00-18:00,2 hours,3.5,"160-801 Nishi 1-chome, Frankfurt am Main",50.12604578990458,8.602478626916412,"['nightlife enthusiast', 'disabled traveler', 'elderly travelers']","['Restrooms', 'Information Desk', 'Restaurant', 'Souvenir Shop', 'First Aid Station', 'Luggage Storage', 'night markets', 'bars', 'evening shows', 'ramps', 'elevators', 'wheelchair rentals', 'accessible restrooms', 'wheelchair rental', 'benches/rest areas']"
100,Frankfurt am Main,Germany,Historic Site/Landmark,Rheinblick Heritage Spire,"Rheinblick Heritage Spire is a historic site in Frankfurt am Main, Germany, popular for its memorable experiences. Entry fee is 2.79 USD. Recommended visit: 2 hours. Discover Rheinblick Heritage Spire, a notable historic site in Frankfurt am Main, Germany, ideal for visitors. Open 08:00-18:00, entry 2.79 USD.",2.79,08:00-18:00,2 hours,3.5,"771 Sathorn Road, Sathorn District, Frankfurt am Main",50.08379137404832,8.573372608989006,"['solo women', 'couples trip', 'luxury travelers']","['Restrooms', 'Information Desk', 'Restaurant', 'Souvenir Shop', 'First Aid Station', 'Luggage Storage', 'group tours', 'security', 'scenic spots', 'sunset cruises', 'special couples experiences', 'private tours', 'skip the line passes', 'VIP exclusive events']"
101,Frankfurt am Main,Germany,Historic Site/Landmark,Alte Kanzlei Cultural Center,"Alte Kanzlei Cultural Center is a historic site in Frankfurt am Main, Germany, popular for its memorable experiences. Entry fee is 21.77 USD. Recommended visit: 2 hours. Discover Alte Kanzlei Cultural Center, a notable historic site in Frankfurt am Main, Germany, ideal for visitors. Open 08:30-19:00, entry 21.77 USD.",21.77,08:30-19:00,2 hours,3.5,"No. 888, Forest Avenue, Frankfurt am Main",50.20208157985386,8.72571992823222,['with pets'],"['Restrooms', 'Information Desk', 'Restaurant', 'Souvenir Shop', 'First Aid Station', 'Luggage Storage', 'Pet-friendly', 'pet water stations', 'Pet rest area']"
102,Frankfurt am Main,Germany,Historic Site/Landmark,Frankfurt Heritage Walkway,"Frankfurt Heritage Walkway is a historic site in Frankfurt am Main, Germany, popular for its memorable experiences. Entry fee is 16.97 USD. Recommended visit: 2 hours. Discover Frankfurt Heritage Walkway, a notable historic site in Frankfurt am Main, Germany, ideal for visitors. Open 10:00-20:00, entry 16.97 USD.",16.97,10:00-20:00,2 hours,3.5,"No. 456, Zhongshan Road, Frankfurt am Main",50.17914059998572,8.684014813813679,"['nightlife enthusiast', 'solo women', 'business travelers']","['Restrooms', 'Information Desk', 'Restaurant', 'Souvenir Shop', 'First Aid Station', 'Luggage Storage', 'night markets', 'bars', 'evening shows', 'group tours', 'security', 'High speed WiFi']"
103,Frankfurt am Main,Germany,Historic Site/Landmark,Old Customs House Martial Arts Hall,"Old Customs House Martial Arts Hall is a historic site in Frankfurt am Main, Germany, popular for its memorable experiences. Entry fee is 36.54 USD. Recommended visit: 2 hours. Discover Old Customs House Martial Arts Hall, a notable historic site in Frankfurt am Main, Germany, ideal for visitors. Open 09:00-21:00, entry 36.54 USD.",36.54,09:00-21:00,2 hours,3.5,"No. 456, Zhongshan Road, Frankfurt am Main",50.14858354108102,8.672053886336693,"['with children', 'fast-paced budget travel']","['Restrooms', 'Information Desk', 'Restaurant', 'Souvenir Shop', 'First Aid Station', 'Luggage Storage', 'family restrooms', 'Nursing facilities', 'city passes', 'luggage storage', 'self-guided tours']"
104,Frankfurt am Main,Germany,Historic Site/Landmark,Frankfurt's Riverside Heritage Walk,"Frankfurt's Riverside Heritage Walk is a historic site in Frankfurt am Main, Germany, popular for its memorable experiences. Entry fee is 78.46 USD. Recommended visit: 2 hours. Discover Frankfurt's Riverside Heritage Walk, a notable historic site in Frankfurt am Main, Germany, ideal for visitors. Open 09:00-17:30, entry 78.46 USD.",78.46,09:00-17:30,2 hours,3.5,"492 Shuri Street, Frankfurt am Main",50.20793463011335,8.679561590459949,"['fast-paced budget travel', 'business travelers']","['Restrooms', 'Information Desk', 'Restaurant', 'Souvenir Shop', 'First Aid Station', 'Luggage Storage', 'city passes', 'luggage storage', 'self-guided tours', 'High speed WiFi']"
105,Frankfurt am Main,Germany,Historic Site/Landmark,Frankfurt Heritage Ensemble,"Frankfurt Heritage Ensemble is a historic site in Frankfurt am Main, Germany, popular for its memorable experiences. Entry fee is 7.0 USD. Recommended visit: 2 hours. Discover Frankfurt Heritage Ensemble, a notable historic site in Frankfurt am Main, Germany, ideal for visitors. Open 08:30-17:30, entry 7.0 USD.",7.0,08:30-17:30,2 hours,3.5,"591 Sakura Street, Frankfurt am Main",50.12594821433344,8.6691986867675,"['nightlife enthusiast', 'with children', 'couples trip']","['Restrooms', 'Information Desk', 'Restaurant', 'Souvenir Shop', 'First Aid Station', 'Luggage Storage', 'night markets', 'bars', 'evening shows', 'family restrooms', 'Nursing facilities', 'scenic spots', 'sunset cruises', 'special couples experiences']"
106,Frankfurt am Main,Germany,Historic Site/Landmark,Horizon Heights Observation Deck,"Horizon Heights Observation Deck is a historic site in Frankfurt am Main, Germany, popular for its memorable experiences. Entry fee is 6.85 USD. Recommended visit: 2 hours. Discover Horizon Heights Observation Deck, a notable historic site in Frankfurt am Main, Germany, ideal for visitors. Open 09:00-21:00, entry 6.85 USD.",6.85,09:00-21:00,2 hours,3.5,"188-8578 Sapporo City, Nishi 6-chome, Frankfurt am Main",50.14706962698632,8.7591488863552,"['solo women', 'couples trip', 'luxury travelers']","['Restrooms', 'Information Desk', 'Restaurant', 'Souvenir Shop', 'First Aid Station', 'Luggage Storage', 'group tours', 'security', 'scenic spots', 'sunset cruises', 'special couples experiences', 'private tours', 'skip the line passes', 'VIP exclusive events']"
107,Frankfurt am Main,Germany,Historic Site/Landmark,Old Quarter Heritage Garden,"Old Quarter Heritage Garden is a historic site in Frankfurt am Main, Germany, popular for its memorable experiences. Entry fee is 15.16 USD. Recommended visit: 2 hours. Discover Old Quarter Heritage Garden, a notable historic site in Frankfurt am Main, Germany, ideal for visitors. Open 10:00-18:00, entry 15.16 USD.",15.16,10:00-18:00,2 hours,3.5,"954 Sentosa Gateway, Frankfurt am Main",50.08239579247586,8.698228625352039,"['fast-paced budget travel', 'solo women', 'couples trip']","['Restrooms', 'Information Desk', 'Restaurant', 'Souvenir Shop', 'First Aid Station', 'Luggage Storage', 'city passes', 'luggage storage', 'self-guided tours', 'group tours', 'security', 'scenic spots', 'sunset cruises', 'special couples experiences']"
108,Frankfurt am Main,Germany,Historic Site/Landmark,Skyward Spire Observation Lounge,"Skyward Spire Observation Lounge is a historic site in Frankfurt am Main, Germany, popular for its memorable experiences. Entry fee is 42.0 USD. Recommended visit: 2 hours. Discover Skyward Spire Observation Lounge, a notable historic site in Frankfurt am Main, Germany, ideal for visitors. Open 08:30-17:30, entry 42.0 USD.",42.0,08:30-17:30,2 hours,3.5,"353-2 Shinsaibashi, Chuo Ward, Frankfurt am Main",50.13524339576455,8.71338106701305,"['fast-paced budget travel', 'luxury travelers', 'elderly travelers']","['Restrooms', 'Information Desk', 'Restaurant', 'Souvenir Shop', 'First Aid Station', 'Luggage Storage', 'city passes', 'luggage storage', 'self-guided tours', 'private tours', 'skip the line passes', 'VIP exclusive events', 'wheelchair rental', 'benches/rest areas']"
109,Frankfurt am Main,Germany,Historic Site/Landmark,Crystal Spire Heritage Walk,"Crystal Spire Heritage Walk is a historic site in Frankfurt am Main, Germany, popular for its memorable experiences. Entry fee is 24.92 USD. Recommended visit: 2 hours. Discover Crystal Spire Heritage Walk, a notable historic site in Frankfurt am Main, Germany, ideal for visitors. Open 19:30-22:30, entry 24.92 USD.",24.92,19:30-22:30,2 hours,3.5,"960 Shinsaibashi Dori, Chuo Ward, Frankfurt am Main",50.136495689835655,8.77233028069287,"['solo women', 'photography', 'disabled traveler']","['Restrooms', 'Information Desk', 'Restaurant', 'Souvenir Shop', 'First Aid Station', 'Luggage Storage', 'group tours', 'security', 'photo spots', 'guided photo tours', 'charging stations', 'ramps', 'elevators', 'wheelchair rentals', 'accessible restrooms']"
110,Frankfurt am Main,Germany,Historic Site/Landmark,Rheinische Drum Circle & Heritage Tour,"Rheinische Drum Circle & Heritage Tour is a historic site in Frankfurt am Main, Germany, popular for its memorable experiences. Entry fee is 1.4 USD. Recommended visit: 2 hours. Discover Rheinische Drum Circle & Heritage Tour, a notable historic site in Frankfurt am Main, Germany, ideal for visitors. Open 08:30-20:00, entry 1.4 USD.",1.4,08:30-20:00,2 hours,3.5,"910 Jurong East Street 6, Frankfurt am Main",50.18401571727508,8.687498899511464,"['nightlife enthusiast', 'with pets', 'road trip']","['Restrooms', 'Information Desk', 'Restaurant', 'Souvenir Shop', 'First Aid Station', 'Luggage Storage', 'night markets', 'bars', 'evening shows', 'Pet-friendly', 'pet water stations', 'Pet rest area', 'parking']"
111,Frankfurt am Main,Germany,Historic Site/Landmark,Aqua Nexus Hall,"Aqua Nexus Hall is a historic site in Frankfurt am Main, Germany, popular for its memorable experiences. Entry fee is 160.64 USD. Recommended visit: 2 hours. Discover Aqua Nexus Hall, a notable historic site in Frankfurt am Main, Germany, ideal for visitors. Open 09:00-17:00, entry 160.64 USD.",160.64,09:00-17:00,2 hours,3.5,"809 Gwangsimni-ro, Gwangsimni-gu, Frankfurt am Main",50.10567975628884,8.520575231170652,"['nightlife enthusiast', 'fast-paced budget travel', 'with pets']","['Restrooms', 'Information Desk', 'Restaurant', 'Souvenir Shop', 'First Aid Station', 'Luggage Storage', 'night markets', 'bars', 'evening shows', 'city passes', 'luggage storage', 'self-guided tours', 'Pet-friendly', 'pet water stations', 'Pet rest area']"
112,Frankfurt am Main,Germany,Historic Site/Landmark,Hermannsburg Citadel and Scholar's Hall,"Hermannsburg Citadel and Scholar's Hall is a historic site in Frankfurt am Main, Germany, popular for its memorable experiences. Entry fee is 5.6 USD. Recommended visit: 2 hours. Discover Hermannsburg Citadel and Scholar's Hall, a notable historic site in Frankfurt am Main, Germany, ideal for visitors. Open 08:30-17:30, entry 5.6 USD.",5.6,08:30-17:30,2 hours,3.5,"No. 456, Xiamen Bay Road, Frankfurt am Main",50.10198674807064,8.642966024619925,"['business travelers', 'couples trip', 'luxury travelers']","['Restrooms', 'Information Desk', 'Restaurant', 'Souvenir Shop', 'First Aid Station', 'Luggage Storage', 'High speed WiFi', 'scenic spots', 'sunset cruises', 'special couples experiences', 'private tours', 'skip the line passes', 'VIP exclusive events']"
113,Frankfurt am Main,Germany,Historic Site/Landmark,The Iron Dragon's Hollow,"The Iron Dragon's Hollow is a historic site in Frankfurt am Main, Germany, popular for its memorable experiences. Entry fee is 50.54 USD. Recommended visit: 2 hours. Discover The Iron Dragon's Hollow, a notable historic site in Frankfurt am Main, Germany, ideal for visitors. Open 09:00-17:00, entry 50.54 USD.",50.54,09:00-17:00,2 hours,3.5,"388 Seaside Promenade, Frankfurt am Main",50.10412907730677,8.563254084287257,"['solo women', 'foodie', 'luxury travelers']","['Restrooms', 'Information Desk', 'Restaurant', 'Souvenir Shop', 'First Aid Station', 'Luggage Storage', 'group tours', 'security', 'Food markets', 'tasting tours', 'private tours', 'skip the line passes', 'VIP exclusive events']"
114,Frankfurt am Main,Germany,Historic Site/Landmark,Frankfurt Heritage Combat Theater,"Frankfurt Heritage Combat Theater is a historic site in Frankfurt am Main, Germany, popular for its memorable experiences. Entry fee is 29.19 USD. Recommended visit: 2 hours. Discover Frankfurt Heritage Combat Theater, a notable historic site in Frankfurt am Main, Germany, ideal for visitors. Open 08:30-17:00, entry 29.19 USD.",29.19,08:30-17:00,2 hours,3.5,"981 Shirokane Street, Frankfurt am Main",50.12183535912463,8.766443986087245,"['solo women', 'with pets', 'foodie']","['Restrooms', 'Information Desk', 'Restaurant', 'Souvenir Shop', 'First Aid Station', 'Luggage Storage', 'group tours', 'security', 'Pet-friendly', 'pet water stations', 'Pet rest area', 'Food markets', 'tasting tours']"
115,Frankfurt am Main,Germany,Historic Site/Landmark,Altestadt Heritage Walk,"Altestadt Heritage Walk is a historic site in Frankfurt am Main, Germany, popular for its memorable experiences. Entry fee is 6.23 USD. Recommended visit: 2 hours. Discover Altestadt Heritage Walk, a notable historic site in Frankfurt am Main, Germany, ideal for visitors. Open 08:30-17:00, entry 6.23 USD.",6.23,08:30-17:00,2 hours,3.5,"721-8745 Sapporo City, Nishi 1-chome, Frankfurt am Main",50.10648361442577,8.649213199527273,"['with pets', 'foodie', 'disabled traveler']","['Restrooms', 'Information Desk', 'Restaurant', 'Souvenir Shop', 'First Aid Station', 'Luggage Storage', 'Pet-friendly', 'pet water stations', 'Pet rest area', 'Food markets', 'tasting tours', 'ramps', 'elevators', 'wheelchair rentals', 'accessible restrooms']"
116,Frankfurt am Main,Germany,Historic Site/Landmark,Eberhard von Stein Memorial Hall,"Eberhard von Stein Memorial Hall is a historic site in Frankfurt am Main, Germany, popular for its memorable experiences. Entry fee is 13.36 USD. Recommended visit: 2 hours. Discover Eberhard von Stein Memorial Hall, a notable historic site in Frankfurt am Main, Germany, ideal for visitors. Open 08:30-17:00, entry 13.36 USD.",13.36,08:30-17:00,2 hours,3.5,"749 Shimbashi-dori, Shibuya-ku, Frankfurt am Main",50.082592077305726,8.567138183443834,"['fast-paced budget travel', 'photography', 'couples trip']","['Restrooms', 'Information Desk', 'Restaurant', 'Souvenir Shop', 'First Aid Station', 'Luggage Storage', 'city passes', 'luggage storage', 'self-guided tours', 'photo spots', 'guided photo tours', 'charging stations', 'scenic spots', 'sunset cruises', 'special couples experiences']"
117,Frankfurt am Main,Germany,Historic Site/Landmark,Echoes of the Old Quarter,"Echoes of the Old Quarter is a historic site in Frankfurt am Main, Germany, popular for its memorable experiences. Entry fee is 248.4 USD. Recommended visit: 2 hours. Discover Echoes of the Old Quarter, a notable historic site in Frankfurt am Main, Germany, ideal for visitors. Open 10:00-22:00, entry 248.4 USD.",248.4,10:00-22:00,2 hours,3.5,"No. 456, Cultural Street, Wuhou District, Frankfurt am Main",50.08692003613186,8.533312443167592,"['fast-paced budget travel', 'disabled traveler']","['Restrooms', 'Information Desk', 'Restaurant', 'Souvenir Shop', 'First Aid Station', 'Luggage Storage', 'city passes', 'luggage storage', 'self-guided tours', 'ramps', 'elevators', 'wheelchair rentals', 'accessible restrooms']"
118,Frankfurt am Main,Germany,Historic Site/Landmark,Frankfurt Imperial Hall Tour,"Frankfurt Imperial Hall Tour is a historic site in Frankfurt am Main, Germany, popular for its memorable experiences. Entry fee is 10.59 USD. Recommended visit: 2 hours. Discover Frankfurt Imperial Hall Tour, a notable historic site in Frankfurt am Main, Germany, ideal for visitors. Open 10:00-19:00, entry 10.59 USD.",10.59,10:00-19:00,2 hours,3.5,"No. 456 Xujiahui Road, Frankfurt am Main",50.17152805813855,8.670332884287694,"['road trip', 'with pets', 'business travelers']","['Restrooms', 'Information Desk', 'Restaurant', 'Souvenir Shop', 'First Aid Station', 'Luggage Storage', 'parking', 'Pet-friendly', 'pet water stations', 'Pet rest area', 'High speed WiFi']"
119,Frankfurt am Main,Germany,Historic Site/Landmark,The Celestial Harmony Hall,"The Celestial Harmony Hall is a historic site in Frankfurt am Main, Germany, popular for its memorable experiences. Entry fee is 114.46 USD. Recommended visit: 2 hours. Discover The Celestial Harmony Hall, a notable historic site in Frankfurt am Main, Germany, ideal for visitors. Open 09:00-17:30, entry 114.46 USD.",114.46,09:00-17:30,2 hours,3.5,"176 Jurong East Street 21, Frankfurt am Main",50.06744253862181,8.636512451430725,"['nightlife enthusiast', 'disabled traveler', 'road trip']","['Restrooms', 'Information Desk', 'Restaurant', 'Souvenir Shop', 'First Aid Station', 'Luggage Storage', 'night markets', 'bars', 'evening shows', 'ramps', 'elevators', 'wheelchair rentals', 'accessible restrooms', 'parking']"
120,Frankfurt am Main,Germany,Historic Site/Landmark,Echo Hall of Legends,"Echo Hall of Legends is a historic site in Frankfurt am Main, Germany, popular for its memorable experiences. Entry fee is 474.46 USD. Recommended visit: 2 hours. Discover Echo Hall of Legends, a notable historic site in Frankfurt am Main, Germany, ideal for visitors. Open 08:30-17:30, entry 474.46 USD.",474.46,08:30-17:30,2 hours,3.5,"No. 456, Lingyin Road, Frankfurt am Main",50.07452817489042,8.507191255871462,"['fast-paced budget travel', 'with pets', 'luxury travelers']","['Restrooms', 'Information Desk', 'Restaurant', 'Souvenir Shop', 'First Aid Station', 'Luggage Storage', 'city passes', 'luggage storage', 'self-guided tours', 'Pet-friendly', 'pet water stations', 'Pet rest area', 'private tours', 'skip the line passes', 'VIP exclusive events']"
121,Frankfurt am Main,Germany,Museum/Art Gallery,Frankfurt Canvas Collective,"Frankfurt Canvas Collective is a museum in Frankfurt am Main, Germany, popular for its unique collections and exhibitions. Entry fee is 5.61 USD. Recommended visit: 2 hours. Discover Frankfurt Canvas Collective, a renowned museum in Frankfurt am Main, Germany, ideal for art lovers. Open 09:30-17:00, entry 5.61 USD.",5.61,09:30-17:00,2 hours,4.0,"276 Kita-Nakamise-dori, Chuo Ward, Frankfurt am Main",50.14680948999595,8.747998887191072,"['with children', 'luxury travelers', 'elderly travelers']","['Restrooms', 'Information Desk', 'Restaurant', 'Souvenir Shop', 'First Aid Station', 'Luggage Storage', 'family restrooms', 'Nursing facilities', 'private tours', 'skip the line passes', 'VIP exclusive events', 'wheelchair rental', 'benches/rest areas']"
122,Frankfurt am Main,Germany,Museum/Art Gallery,Echo Vaults Art Collective,"Echo Vaults Art Collective is a museum in Frankfurt am Main, Germany, popular for its unique collections and exhibitions. Entry fee is 15.12 USD. Recommended visit: 2 hours. Discover Echo Vaults Art Collective, a renowned museum in Frankfurt am Main, Germany, ideal for art lovers. Open 09:00-21:00, entry 15.12 USD.",15.12,09:00-21:00,2 hours,4.0,"452 Thaweewong Road, Frankfurt am Main",50.06154088357735,8.557599403939722,"['with children', 'solo women', 'photography']","['Restrooms', 'Information Desk', 'Restaurant', 'Souvenir Shop', 'First Aid Station', 'Luggage Storage', 'family restrooms', 'Nursing facilities', 'group tours', 'security', 'photo spots', 'guided photo tours', 'charging stations']"
123,Frankfurt am Main,Germany,Museum/Art Gallery,Echoes of the Rhine Gallery,"Echoes of the Rhine Gallery is a museum in Frankfurt am Main, Germany, popular for its unique collections and exhibitions. Entry fee is 6.37 USD. Recommended visit: 2 hours. Discover Echoes of the Rhine Gallery, a renowned museum in Frankfurt am Main, Germany, ideal for art lovers. Open 09:00-17:30, entry 6.37 USD.",6.37,09:00-17:30,2 hours,4.0,"440 Gwangalli-ro, Frankfurt am Main",50.14946689270947,8.620284214434005,"['fast-paced budget travel', 'solo women', 'with pets']","['Restrooms', 'Information Desk', 'Restaurant', 'Souvenir Shop', 'First Aid Station', 'Luggage Storage', 'city passes', 'luggage storage', 'self-guided tours', 'group tours', 'security', 'Pet-friendly', 'pet water stations', 'Pet rest area']"
124,Frankfurt am Main,Germany,Museum/Art Gallery,The Echoes of Innovation,"The Echoes of Innovation is a museum in Frankfurt am Main, Germany, popular for its unique collections and exhibitions. Entry fee is 10.4 USD. Recommended visit: 2 hours. Discover The Echoes of Innovation, a renowned museum in Frankfurt am Main, Germany, ideal for art lovers. Open 10:00-22:00, entry 10.4 USD.",10.4,10:00-22:00,2 hours,4.0,"219 Shuri Street, Frankfurt am Main",50.146205125621286,8.768704030537503,"['couples trip', 'elderly travelers', 'road trip']","['Restrooms', 'Information Desk', 'Restaurant', 'Souvenir Shop', 'First Aid Station', 'Luggage Storage', 'scenic spots', 'sunset cruises', 'special couples experiences', 'wheelchair rental', 'benches/rest areas', 'parking']"
125,Frankfurt am Main,Germany,Museum/Art Gallery,The Echoes of Tea,"The Echoes of Tea is a museum in Frankfurt am Main, Germany, popular for its unique collections and exhibitions. Entry fee is 9.17 USD. Recommended visit: 2 hours. Discover The Echoes of Tea, a renowned museum in Frankfurt am Main, Germany, ideal for art lovers. Open 10:00-17:30, entry 9.17 USD.",9.17,10:00-17:30,2 hours,4.0,"No. 456, Zhongshan Road, Frankfurt am Main",50.127893169396295,8.742787038817452,"['nightlife enthusiast', 'photography', 'road trip']","['Restrooms', 'Information Desk', 'Restaurant', 'Souvenir Shop', 'First Aid Station', 'Luggage Storage', 'night markets', 'bars', 'evening shows', 'photo spots', 'guided photo tours', 'charging stations', 'parking']"
126,Frankfurt am Main,Germany,Museum/Art Gallery,LumenForest Interactive Gallery,"LumenForest Interactive Gallery is a museum in Frankfurt am Main, Germany, popular for its unique collections and exhibitions. Entry fee is 4.57 USD. Recommended visit: 2 hours. Discover LumenForest Interactive Gallery, a renowned museum in Frankfurt am Main, Germany, ideal for art lovers. Open 10:00-20:00, entry 4.57 USD.",4.57,10:00-20:00,2 hours,4.0,"915-8745 Shibuya 1-11-1, Shibuya City, Frankfurt am Main",50.06266252864454,8.677101999287324,"['with children', 'couples trip']","['Restrooms', 'Information Desk', 'Restaurant', 'Souvenir Shop', 'First Aid Station', 'Luggage Storage', 'family restrooms', 'Nursing facilities', 'scenic spots', 'sunset cruises', 'special couples experiences']"
127,Frankfurt am Main,Germany,Museum/Art Gallery,ChronoQuest Interactive Museum,"ChronoQuest Interactive Museum is a museum in Frankfurt am Main, Germany, popular for its unique collections and exhibitions. Entry fee is 28.12 USD. Recommended visit: 2 hours. Discover ChronoQuest Interactive Museum, a renowned museum in Frankfurt am Main, Germany, ideal for art lovers. Open 09:00-17:30, entry 28.12 USD.",28.12,09:00-17:30,2 hours,4.0,"No. 128, West Chang'an Road, Frankfurt am Main",50.140215579805336,8.621723510787021,"['nightlife enthusiast', 'fast-paced budget travel', 'business travelers']","['Restrooms', 'Information Desk', 'Restaurant', 'Souvenir Shop', 'First Aid Station', 'Luggage Storage', 'night markets', 'bars', 'evening shows', 'city passes', 'luggage storage', 'self-guided tours', 'High speed WiFi']"
128,Frankfurt am Main,Germany,Museum/Art Gallery,Frankfurt Modern Vision Gallery,"Frankfurt Modern Vision Gallery is a museum in Frankfurt am Main, Germany, popular for its unique collections and exhibitions. Entry fee is 16.33 USD. Recommended visit: 2 hours. Discover Frankfurt Modern Vision Gallery, a renowned museum in Frankfurt am Main, Germany, ideal for art lovers. Open 09:30-17:00, entry 16.33 USD.",16.33,09:30-17:00,2 hours,4.0,"No. 588, Jiangwan Road, Frankfurt am Main",50.170235623062,8.63873060355627,"['solo women', 'disabled traveler', 'business travelers']","['Restrooms', 'Information Desk', 'Restaurant', 'Souvenir Shop', 'First Aid Station', 'Luggage Storage', 'group tours', 'security', 'ramps', 'elevators', 'wheelchair rentals', 'accessible restrooms', 'High speed WiFi']"
129,Frankfurt am Main,Germany,Museum/Art Gallery,Frankfurt Heritage Hub,"Frankfurt Heritage Hub is a museum in Frankfurt am Main, Germany, popular for its unique collections and exhibitions. Entry fee is 24.92 USD. Recommended visit: 2 hours. Discover Frankfurt Heritage Hub, a renowned museum in Frankfurt am Main, Germany, ideal for art lovers. Open 09:30-17:00, entry 24.92 USD.",24.92,09:30-17:00,2 hours,4.0,"332 Sumo Street, Shibuya, Frankfurt am Main",50.08587675955234,8.552502452065726,['photography'],"['Restrooms', 'Information Desk', 'Restaurant', 'Souvenir Shop', 'First Aid Station', 'Luggage Storage', 'photo spots', 'guided photo tours', 'charging stations']"
130,Frankfurt am Main,Germany,Museum/Art Gallery,SweetForge Confectionery Lab,"SweetForge Confectionery Lab is a museum in Frankfurt am Main, Germany, popular for its unique collections and exhibitions. Entry fee is 3.78 USD. Recommended visit: 2 hours. Discover SweetForge Confectionery Lab, a renowned museum in Frankfurt am Main, Germany, ideal for art lovers. Open 09:00-17:30, entry 3.78 USD.",3.78,09:00-17:30,2 hours,4.0,"No. 456, Guangzhou Cultural Square, Frankfurt am Main",50.08150507987204,8.69324612567945,"['nightlife enthusiast', 'fast-paced budget travel', 'business travelers']","['Restrooms', 'Information Desk', 'Restaurant', 'Souvenir Shop', 'First Aid Station', 'Luggage Storage', 'night markets', 'bars', 'evening shows', 'city passes', 'luggage storage', 'self-guided tours', 'High speed WiFi']"
131,Frankfurt am Main,Germany,Museum/Art Gallery,Shadowforge Gallery,"Shadowforge Gallery is a museum in Frankfurt am Main, Germany, popular for its unique collections and exhibitions. Entry fee is 9.52 USD. Recommended visit: 2 hours. Discover Shadowforge Gallery, a renowned museum in Frankfurt am Main, Germany, ideal for art lovers. Open 10:00-18:00, entry 9.52 USD.",9.52,10:00-18:00,2 hours,4.0,"141 Sakura Street, Nakamura Ward, Frankfurt am Main",50.04451216993787,8.55585266243118,"['with children', 'luxury travelers', 'road trip']","['Restrooms', 'Information Desk', 'Restaurant', 'Souvenir Shop', 'First Aid Station', 'Luggage Storage', 'family restrooms', 'Nursing facilities', 'private tours', 'skip the line passes', 'VIP exclusive events', 'parking']"
132,Frankfurt am Main,Germany,Museum/Art Gallery,Abyssal Horizon Interactive Gallery,"Abyssal Horizon Interactive Gallery is a museum in Frankfurt am Main, Germany, popular for its unique collections and exhibitions. Entry fee is 4.35 USD. Recommended visit: 2 hours. Discover Abyssal Horizon Interactive Gallery, a renowned museum in Frankfurt am Main, Germany, ideal for art lovers. Open 09:00-17:30, entry 4.35 USD.",4.35,09:00-17:30,2 hours,4.0,"921 Shinjuku Garden Street, Frankfurt am Main",50.0326240706237,8.54889731977876,"['nightlife enthusiast', 'solo women', 'foodie']","['Restrooms', 'Information Desk', 'Restaurant', 'Souvenir Shop', 'First Aid Station', 'Luggage Storage', 'night markets', 'bars', 'evening shows', 'group tours', 'security', 'Food markets', 'tasting tours']"
133,Frankfurt am Main,Germany,Museum/Art Gallery,Echoes of the Rhine,"Echoes of the Rhine is a museum in Frankfurt am Main, Germany, popular for its unique collections and exhibitions. Entry fee is 14.47 USD. Recommended visit: 2 hours. Discover Echoes of the Rhine, a renowned museum in Frankfurt am Main, Germany, ideal for art lovers. Open 09:00-17:30, entry 14.47 USD.",14.47,09:00-17:30,2 hours,4.0,"335 Chalong Road, Frankfurt am Main",50.16252598301475,8.725318099747597,"['solo women', 'luxury travelers', 'business travelers']","['Restrooms', 'Information Desk', 'Restaurant', 'Souvenir Shop', 'First Aid Station', 'Luggage Storage', 'group tours', 'security', 'private tours', 'skip the line passes', 'VIP exclusive events', 'High speed WiFi']"
134,Frankfurt am Main,Germany,Museum/Art Gallery,Urban Canvas Gallery,"Urban Canvas Gallery is a museum in Frankfurt am Main, Germany, popular for its unique collections and exhibitions. Entry fee is 6.2 USD. Recommended visit: 2 hours. Discover Urban Canvas Gallery, a renowned museum in Frankfurt am Main, Germany, ideal for art lovers. Open 09:00-17:30, entry 6.2 USD.",6.2,09:00-17:30,2 hours,4.0,"401 Sukhumvit Road, Khlong Toei District, Frankfurt am Main",50.11242247746824,8.67725144808732,"['with children', 'with pets', 'business travelers']","['Restrooms', 'Information Desk', 'Restaurant', 'Souvenir Shop', 'First Aid Station', 'Luggage Storage', 'family restrooms', 'Nursing facilities', 'Pet-friendly', 'pet water stations', 'Pet rest area', 'High speed WiFi']"
135,Frankfurt am Main,Germany,Museum/Art Gallery,Echoes of Time Gallery,"Echoes of Time Gallery is a museum in Frankfurt am Main, Germany, popular for its unique collections and exhibitions. Entry fee is 52.55 USD. Recommended visit: 2 hours. Discover Echoes of Time Gallery, a renowned museum in Frankfurt am Main, Germany, ideal for art lovers. Open 09:00-18:00, entry 52.55 USD.",52.55,09:00-18:00,2 hours,4.0,"508-8654 Nishi 1-chome, Sapporo City, Frankfurt am Main",50.11730437673473,8.559960017630297,"['solo women', 'business travelers']","['Restrooms', 'Information Desk', 'Restaurant', 'Souvenir Shop', 'First Aid Station', 'Luggage Storage', 'group tours', 'security', 'High speed WiFi']"
136,Frankfurt am Main,Germany,Museum/Art Gallery,Frankfurt Fusion Art Gallery,"Frankfurt Fusion Art Gallery is a museum in Frankfurt am Main, Germany, popular for its unique collections and exhibitions. Entry fee is 7.79 USD. Recommended visit: 2 hours. Discover Frankfurt Fusion Art Gallery, a renowned museum in Frankfurt am Main, Germany, ideal for art lovers. Open 09:00-17:00, entry 7.79 USD.",7.79,09:00-17:00,2 hours,4.0,"No. 456 West Lake Road, Frankfurt am Main",50.0758924438292,8.563999518016471,['nightlife enthusiast'],"['Restrooms', 'Information Desk', 'Restaurant', 'Souvenir Shop', 'First Aid Station', 'Luggage Storage', 'night markets', 'bars', 'evening shows']"
137,Frankfurt am Main,Germany,Museum/Art Gallery,Frankfurt Lantern Lore Museum,"Frankfurt Lantern Lore Museum is a museum in Frankfurt am Main, Germany, popular for its unique collections and exhibitions. Entry fee is 2.77 USD. Recommended visit: 2 hours. Discover Frankfurt Lantern Lore Museum, a renowned museum in Frankfurt am Main, Germany, ideal for art lovers. Open 10:00-17:00, entry 2.77 USD.",2.77,10:00-17:00,2 hours,4.0,"No. 456, Zhongshan Road, Frankfurt am Main",50.073484960600894,8.612453107608399,"['with pets', 'foodie', 'elderly travelers']","['Restrooms', 'Information Desk', 'Restaurant', 'Souvenir Shop', 'First Aid Station', 'Luggage Storage', 'Pet-friendly', 'pet water stations', 'Pet rest area', 'Food markets', 'tasting tours', 'wheelchair rental', 'benches/rest areas']"
138,Frankfurt am Main,Germany,Museum/Art Gallery,Luminous Heritage Gallery,"Luminous Heritage Gallery is a museum in Frankfurt am Main, Germany, popular for its unique collections and exhibitions. Entry fee is 8.31 USD. Recommended visit: 2 hours. Discover Luminous Heritage Gallery, a renowned museum in Frankfurt am Main, Germany, ideal for art lovers. Open 09:30-17:00, entry 8.31 USD.",8.31,09:30-17:00,2 hours,4.0,"No. 456, Cultural Avenue, Chaoyang District, Frankfurt am Main",50.20409942954601,8.726864567149681,"['elderly travelers', 'luxury travelers', 'disabled traveler']","['Restrooms', 'Information Desk', 'Restaurant', 'Souvenir Shop', 'First Aid Station', 'Luggage Storage', 'wheelchair rental', 'benches/rest areas', 'private tours', 'skip the line passes', 'VIP exclusive events', 'ramps', 'elevators', 'wheelchair rentals', 'accessible restrooms']"
139,Frankfurt am Main,Germany,Museum/Art Gallery,Echoes of the Rhine Art Collective,"Echoes of the Rhine Art Collective is a museum in Frankfurt am Main, Germany, popular for its unique collections and exhibitions. Entry fee is 11.22 USD. Recommended visit: 2 hours. Discover Echoes of the Rhine Art Collective, a renowned museum in Frankfurt am Main, Germany, ideal for art lovers. Open 10:00-19:00, entry 11.22 USD.",11.22,10:00-19:00,2 hours,4.0,"873 Suthep Road, Frankfurt am Main",50.08529206183236,8.499589075089302,"['with children', 'couples trip', 'disabled traveler']","['Restrooms', 'Information Desk', 'Restaurant', 'Souvenir Shop', 'First Aid Station', 'Luggage Storage', 'family restrooms', 'Nursing facilities', 'scenic spots', 'sunset cruises', 'special couples experiences', 'ramps', 'elevators', 'wheelchair rentals', 'accessible restrooms']"
140,Frankfurt am Main,Germany,Museum/Art Gallery,Frankfurt Fusion Art Collective,"Frankfurt Fusion Art Collective is a museum in Frankfurt am Main, Germany, popular for its unique collections and exhibitions. Entry fee is 86.45 USD. Recommended visit: 2 hours. Discover Frankfurt Fusion Art Collective, a renowned museum in Frankfurt am Main, Germany, ideal for art lovers. Open 10:00-19:00, entry 86.45 USD.",86.45,10:00-19:00,2 hours,4.0,"908 Sakura Street, Chuo Ward, Frankfurt am Main",50.15082577489051,8.745258753190104,"['solo women', 'foodie', 'road trip']","['Restrooms', 'Information Desk', 'Restaurant', 'Souvenir Shop', 'First Aid Station', 'Luggage Storage', 'group tours', 'security', 'Food markets', 'tasting tours', 'parking']"
141,Frankfurt am Main,Germany,Museum/Art Gallery,Frankfurt Nexus of Mind and Motion,"Frankfurt Nexus of Mind and Motion is a museum in Frankfurt am Main, Germany, popular for its unique collections and exhibitions. Entry fee is 19.51 USD. Recommended visit: 2 hours. Discover Frankfurt Nexus of Mind and Motion, a renowned museum in Frankfurt am Main, Germany, ideal for art lovers. Open 10:00-20:00, entry 19.51 USD.",19.51,10:00-20:00,2 hours,4.0,"891 Suthep Road, Frankfurt am Main",50.099791939076006,8.73925384733137,"['fast-paced budget travel', 'solo women', 'luxury travelers']","['Restrooms', 'Information Desk', 'Restaurant', 'Souvenir Shop', 'First Aid Station', 'Luggage Storage', 'city passes', 'luggage storage', 'self-guided tours', 'group tours', 'security', 'private tours', 'skip the line passes', 'VIP exclusive events']"
142,Frankfurt am Main,Germany,Museum/Art Gallery,Frankfurt Fusion Gallery,"Frankfurt Fusion Gallery is a museum in Frankfurt am Main, Germany, popular for its unique collections and exhibitions. Entry fee is 7.46 USD. Recommended visit: 2 hours. Discover Frankfurt Fusion Gallery, a renowned museum in Frankfurt am Main, Germany, ideal for art lovers. Open 10:00-22:00, entry 7.46 USD.",7.46,10:00-22:00,2 hours,4.0,"849 Suthep Road, Frankfurt am Main",50.16897569957512,8.668457808275376,"['fast-paced budget travel', 'solo women', 'elderly travelers']","['Restrooms', 'Information Desk', 'Restaurant', 'Souvenir Shop', 'First Aid Station', 'Luggage Storage', 'city passes', 'luggage storage', 'self-guided tours', 'group tours', 'security', 'wheelchair rental', 'benches/rest areas']"
143,Frankfurt am Main,Germany,Museum/Art Gallery,Echoes of the Rhine Sound Lab,"Echoes of the Rhine Sound Lab is a museum in Frankfurt am Main, Germany, popular for its unique collections and exhibitions. Entry fee is 7.0 USD. Recommended visit: 2 hours. Discover Echoes of the Rhine Sound Lab, a renowned museum in Frankfurt am Main, Germany, ideal for art lovers. Open 11:00-21:00, entry 7.0 USD.",7.0,11:00-21:00,2 hours,4.0,"881-10 Minamiyamate, Setagaya-ku, Frankfurt am Main",50.08611825523705,8.615610095292539,"['nightlife enthusiast', 'elderly travelers', 'road trip']","['Restrooms', 'Information Desk', 'Restaurant', 'Souvenir Shop', 'First Aid Station', 'Luggage Storage', 'night markets', 'bars', 'evening shows', 'wheelchair rental', 'benches/rest areas', 'parking']"
144,Frankfurt am Main,Germany,Museum/Art Gallery,Luminous Reflections Interactive Gallery,"Luminous Reflections Interactive Gallery is a museum in Frankfurt am Main, Germany, popular for its unique collections and exhibitions. Entry fee is 37.37 USD. Recommended visit: 2 hours. Discover Luminous Reflections Interactive Gallery, a renowned museum in Frankfurt am Main, Germany, ideal for art lovers. Open 09:00-18:00, entry 37.37 USD.",37.37,09:00-18:00,2 hours,4.0,"576 Sakura Street, Frankfurt am Main",50.11783191089509,8.778163547462595,"['fast-paced budget travel', 'solo women', 'disabled traveler']","['Restrooms', 'Information Desk', 'Restaurant', 'Souvenir Shop', 'First Aid Station', 'Luggage Storage', 'city passes', 'luggage storage', 'self-guided tours', 'group tours', 'security', 'ramps', 'elevators', 'wheelchair rentals', 'accessible restrooms']"
145,Frankfurt am Main,Germany,Museum/Art Gallery,Echoes of Strings Gallery,"Echoes of Strings Gallery is a museum in Frankfurt am Main, Germany, popular for its unique collections and exhibitions. Entry fee is 15.9 USD. Recommended visit: 2 hours. Discover Echoes of Strings Gallery, a renowned museum in Frankfurt am Main, Germany, ideal for art lovers. Open 19:00-22:00, entry 15.9 USD.",15.9,19:00-22:00,2 hours,4.0,"156 Ocean Road, Frankfurt am Main",50.07827892207391,8.637691759769892,"['fast-paced budget travel', 'solo women']","['Restrooms', 'Information Desk', 'Restaurant', 'Souvenir Shop', 'First Aid Station', 'Luggage Storage', 'city passes', 'luggage storage', 'self-guided tours', 'group tours', 'security']"
146,Frankfurt am Main,Germany,Museum/Art Gallery,Echoes of the Rhine No.2,"Echoes of the Rhine is a museum in Frankfurt am Main, Germany, popular for its unique collections and exhibitions. Entry fee is 0.0 USD. Recommended visit: 2 hours. Discover Echoes of the Rhine, a renowned museum in Frankfurt am Main, Germany, ideal for art lovers. Open 08:30-17:00, entry 0.0 USD.",0.0,08:30-17:00,2 hours,4.0,"497 Shiroiwa Street, Chuo Ward, Frankfurt am Main",50.08370513177026,8.634908209899018,"['fast-paced budget travel', 'photography', 'foodie']","['Restrooms', 'Information Desk', 'Restaurant', 'Souvenir Shop', 'First Aid Station', 'Luggage Storage', 'city passes', 'luggage storage', 'self-guided tours', 'photo spots', 'guided photo tours', 'charging stations', 'Food markets', 'tasting tours']"
147,Frankfurt am Main,Germany,Museum/Art Gallery,Neon Nexus Interactive Exhibit,"Neon Nexus Interactive Exhibit is a museum in Frankfurt am Main, Germany, popular for its unique collections and exhibitions. Entry fee is 8.63 USD. Recommended visit: 2 hours. Discover Neon Nexus Interactive Exhibit, a renowned museum in Frankfurt am Main, Germany, ideal for art lovers. Open 09:00-17:30, entry 8.63 USD.",8.63,09:00-17:30,2 hours,4.0,"282 Gwangalli-daero, Haeundae-gu, Frankfurt am Main",50.1412354970641,8.63015323376722,"['foodie', 'couples trip', 'luxury travelers']","['Restrooms', 'Information Desk', 'Restaurant', 'Souvenir Shop', 'First Aid Station', 'Luggage Storage', 'Food markets', 'tasting tours', 'scenic spots', 'sunset cruises', 'special couples experiences', 'private tours', 'skip the line passes', 'VIP exclusive events']"
148,Frankfurt am Main,Germany,Museum/Art Gallery,ChronoQuest Interactive Experience,"ChronoQuest Interactive Experience is a museum in Frankfurt am Main, Germany, popular for its unique collections and exhibitions. Entry fee is 286.14 USD. Recommended visit: 2 hours. Discover ChronoQuest Interactive Experience, a renowned museum in Frankfurt am Main, Germany, ideal for art lovers. Open 08:30-17:30, entry 286.14 USD.",286.14,08:30-17:30,2 hours,4.0,"No. 456 Xujiahui Road, Frankfurt am Main",50.035314013504426,8.567881279883474,"['foodie', 'luxury travelers', 'disabled traveler']","['Restrooms', 'Information Desk', 'Restaurant', 'Souvenir Shop', 'First Aid Station', 'Luggage Storage', 'Food markets', 'tasting tours', 'private tours', 'skip the line passes', 'VIP exclusive events', 'ramps', 'elevators', 'wheelchair rentals', 'accessible restrooms']"
149,Frankfurt am Main,Germany,Museum/Art Gallery,Rheinische Harmony Hall,"Rheinische Harmony Hall is a museum in Frankfurt am Main, Germany, popular for its unique collections and exhibitions. Entry fee is 12.28 USD. Recommended visit: 2 hours. Discover Rheinische Harmony Hall, a renowned museum in Frankfurt am Main, Germany, ideal for art lovers. Open 10:00-21:00, entry 12.28 USD.",12.28,10:00-21:00,2 hours,4.0,"549 Hokkaido Street, Frankfurt am Main",50.10367369101483,8.608879905485072,"['solo women', 'with pets', 'road trip']","['Restrooms', 'Information Desk', 'Restaurant', 'Souvenir Shop', 'First Aid Station', 'Luggage Storage', 'group tours', 'security', 'Pet-friendly', 'pet water stations', 'Pet rest area', 'parking']"
