attraction_id,city_name,country,type,attraction_name,overview,ticket_price,open_hours,duration_of_visit,rate_of_restaurant,address,latitude,longitude,facilities_group,facilities
1,Helsinki,Finland,Nature/Scenery/Park,Lumiwood Grove,"Lumiwood Grove is a nature in Helsinki, Finland, popular for its natural scenery and relaxing atmosphere. Entry fee is 11.76 USD. Recommended visit: 3 hours. Discover Lumiwood Grove, a peaceful nature in Helsinki, Finland, ideal for nature lovers. Open 09:00-17:30, entry 11.76 USD.",11.76,09:00-17:30,3 hours,3.7,"No. 456, Xuefu Road, Helsinki",60.24771217242087,25.17186332103244,['foodie'],"['Restrooms', 'Information Desk', 'Restaurant', 'Souvenir Shop', 'First Aid Station', 'Luggage Storage', 'Food markets', 'tasting tours']"
2,Helsinki,Finland,Nature/Scenery/Park,Greenwood Pathway Adventure,"Greenwood Pathway Adventure is a nature in Helsinki, Finland, popular for its natural scenery and relaxing atmosphere. Entry fee is 19.18 USD. Recommended visit: 3 hours. Discover Greenwood Pathway Adventure, a peaceful nature in Helsinki, Finland, ideal for nature lovers. Open 08:30-20:00, entry 19.18 USD.",19.18,08:30-20:00,3 hours,3.7,"590 Siam Road, Helsinki",60.25198103462908,25.06181171800976,"['nightlife enthusiast', 'couples trip', 'foodie']","['Restrooms', 'Information Desk', 'Restaurant', 'Souvenir Shop', 'First Aid Station', 'Luggage Storage', 'night markets', 'bars', 'evening shows', 'scenic spots', 'sunset cruises', 'special couples experiences', 'Food markets', 'tasting tours']"
3,Helsinki,Finland,Nature/Scenery/Park,Lumiwood Sanctuary,"Lumiwood Sanctuary is a nature in Helsinki, Finland, popular for its natural scenery and relaxing atmosphere. Entry fee is 12.93 USD. Recommended visit: 3 hours. Discover Lumiwood Sanctuary, a peaceful nature in Helsinki, Finland, ideal for nature lovers. Open 08:30-17:00, entry 12.93 USD.",12.93,08:30-17:00,3 hours,3.7,"982 Seaside Promenade, Helsinki",60.255573758421626,25.20534344132222,"['with children', 'with pets', 'luxury travelers']","['Restrooms', 'Information Desk', 'Restaurant', 'Souvenir Shop', 'First Aid Station', 'Luggage Storage', 'family restrooms', 'Nursing facilities', 'Pet-friendly', 'pet water stations', 'Pet rest area', 'private tours', 'skip the line passes', 'VIP exclusive events']"
4,Helsinki,Finland,Nature/Scenery/Park,Finnish Bay Walk,"Finnish Bay Walk is a nature in Helsinki, Finland, popular for its natural scenery and relaxing atmosphere. Entry fee is 7.57 USD. Recommended visit: 3 hours. Discover Finnish Bay Walk, a peaceful nature in Helsinki, Finland, ideal for nature lovers. Open 09:00-17:30, entry 7.57 USD.",7.57,09:00-17:30,3 hours,3.7,"No. 456, Xueyuan Road, Yuzhong District, Helsinki",60.21678769065262,25.111819989017164,"['solo women', 'business travelers']","['Restrooms', 'Information Desk', 'Restaurant', 'Souvenir Shop', 'First Aid Station', 'Luggage Storage', 'group tours', 'security', 'High speed WiFi']"
5,Helsinki,Finland,Nature/Scenery/Park,Aurora Bay Ferry,"Aurora Bay Ferry is a nature in Helsinki, Finland, popular for its natural scenery and relaxing atmosphere. Entry fee is 3.36 USD. Recommended visit: 3 hours. Discover Aurora Bay Ferry, a peaceful nature in Helsinki, Finland, ideal for nature lovers. Open 08:00-19:00, entry 3.36 USD.",3.36,08:00-19:00,3 hours,3.7,"513 Changi Airport Road, Helsinki",60.23473556301458,24.97770696177367,"['solo women', 'foodie', 'elderly travelers']","['Restrooms', 'Information Desk', 'Restaurant', 'Souvenir Shop', 'First Aid Station', 'Luggage Storage', 'group tours', 'security', 'Food markets', 'tasting tours', 'wheelchair rental', 'benches/rest areas']"
6,Helsinki,Finland,Nature/Scenery/Park,Kaihola Skywalk,"Kaihola Skywalk is a nature in Helsinki, Finland, popular for its natural scenery and relaxing atmosphere. Entry fee is 20.74 USD. Recommended visit: 3 hours. Discover Kaihola Skywalk, a peaceful nature in Helsinki, Finland, ideal for nature lovers. Open 08:30-17:00, entry 20.74 USD.",20.74,08:30-17:00,3 hours,3.7,"No. 19, Dongdan Street, Helsinki",60.18010995715568,25.06159536862081,"['with pets', 'foodie', 'disabled traveler']","['Restrooms', 'Information Desk', 'Restaurant', 'Souvenir Shop', 'First Aid Station', 'Luggage Storage', 'Pet-friendly', 'pet water stations', 'Pet rest area', 'Food markets', 'tasting tours', 'ramps', 'elevators', 'wheelchair rentals', 'accessible restrooms']"
7,Helsinki,Finland,Nature/Scenery/Park,Green Peak Culinary Escape,"Green Peak Culinary Escape is a nature in Helsinki, Finland, popular for its natural scenery and relaxing atmosphere. Entry fee is 2059.2 USD. Recommended visit: 3 hours. Discover Green Peak Culinary Escape, a peaceful nature in Helsinki, Finland, ideal for nature lovers. Open 08:30-17:30, entry 2059.2 USD.",2059.2,08:30-17:30,3 hours,3.7,"234 Nakanoshima-dori, Chuo Ward, Helsinki",60.251959866010566,25.026207671170503,"['foodie', 'disabled traveler', 'business travelers']","['Restrooms', 'Information Desk', 'Restaurant', 'Souvenir Shop', 'First Aid Station', 'Luggage Storage', 'Food markets', 'tasting tours', 'ramps', 'elevators', 'wheelchair rentals', 'accessible restrooms', 'High speed WiFi']"
8,Helsinki,Finland,Nature/Scenery/Park,Sibelius Greenway Summit Pass,"Sibelius Greenway Summit Pass is a nature in Helsinki, Finland, popular for its natural scenery and relaxing atmosphere. Entry fee is 4.87 USD. Recommended visit: 3 hours. Discover Sibelius Greenway Summit Pass, a peaceful nature in Helsinki, Finland, ideal for nature lovers. Open 08:30-17:00, entry 4.87 USD.",4.87,08:30-17:00,3 hours,3.7,"339 Chalong Beach Road, Helsinki",60.21517589833381,24.89634555830765,"['nightlife enthusiast', 'elderly travelers', 'business travelers']","['Restrooms', 'Information Desk', 'Restaurant', 'Souvenir Shop', 'First Aid Station', 'Luggage Storage', 'night markets', 'bars', 'evening shows', 'wheelchair rental', 'benches/rest areas', 'High speed WiFi']"
9,Helsinki,Finland,Nature/Scenery/Park,Coastline Vista Point,"Coastline Vista Point is a nature in Helsinki, Finland, popular for its natural scenery and relaxing atmosphere. Entry fee is 17.5 USD. Recommended visit: 3 hours. Discover Coastline Vista Point, a peaceful nature in Helsinki, Finland, ideal for nature lovers. Open 10:00-18:00, entry 17.5 USD.",17.5,10:00-18:00,3 hours,3.7,"No. 456, Xuefu Road, Helsinki",60.23853736210528,24.98757763397192,"['photography', 'foodie', 'road trip']","['Restrooms', 'Information Desk', 'Restaurant', 'Souvenir Shop', 'First Aid Station', 'Luggage Storage', 'photo spots', 'guided photo tours', 'charging stations', 'Food markets', 'tasting tours', 'parking']"
10,Helsinki,Finland,Nature/Scenery/Park,LumiLabyrintti Playgrounds,"LumiLabyrintti Playgrounds is a nature in Helsinki, Finland, popular for its natural scenery and relaxing atmosphere. Entry fee is 12.53 USD. Recommended visit: 3 hours. Discover LumiLabyrintti Playgrounds, a peaceful nature in Helsinki, Finland, ideal for nature lovers. Open 08:30-17:30, entry 12.53 USD.",12.53,08:30-17:30,3 hours,3.7,"808 Suthep Road, Helsinki",60.190583847658864,25.155353177109525,"['fast-paced budget travel', 'elderly travelers']","['Restrooms', 'Information Desk', 'Restaurant', 'Souvenir Shop', 'First Aid Station', 'Luggage Storage', 'city passes', 'luggage storage', 'self-guided tours', 'wheelchair rental', 'benches/rest areas']"
11,Helsinki,Finland,Nature/Scenery/Park,Finnish Coastal Delight Garden,"Finnish Coastal Delight Garden is a nature in Helsinki, Finland, popular for its natural scenery and relaxing atmosphere. Entry fee is 6.72 USD. Recommended visit: 3 hours. Discover Finnish Coastal Delight Garden, a peaceful nature in Helsinki, Finland, ideal for nature lovers. Open 09:00-17:00, entry 6.72 USD.",6.72,09:00-17:00,3 hours,3.7,"914-13, Ssangmundong-ro, Mapo-gu, Helsinki",60.27749330296883,25.00122543275162,"['luxury travelers', 'elderly travelers', 'business travelers']","['Restrooms', 'Information Desk', 'Restaurant', 'Souvenir Shop', 'First Aid Station', 'Luggage Storage', 'private tours', 'skip the line passes', 'VIP exclusive events', 'wheelchair rental', 'benches/rest areas', 'High speed WiFi']"
12,Helsinki,Finland,Nature/Scenery/Park,Finnish Forest Escape,"Finnish Forest Escape is a nature in Helsinki, Finland, popular for its natural scenery and relaxing atmosphere. Entry fee is 33.27 USD. Recommended visit: 3 hours. Discover Finnish Forest Escape, a peaceful nature in Helsinki, Finland, ideal for nature lovers. Open 09:00-17:00, entry 33.27 USD.",33.27,09:00-17:00,3 hours,3.7,"No. 456 Riverside Road, Helsinki",60.255380039198016,24.968955739369576,"['foodie', 'disabled traveler', 'business travelers']","['Restrooms', 'Information Desk', 'Restaurant', 'Souvenir Shop', 'First Aid Station', 'Luggage Storage', 'Food markets', 'tasting tours', 'ramps', 'elevators', 'wheelchair rentals', 'accessible restrooms', 'High speed WiFi']"
13,Helsinki,Finland,Nature/Scenery/Park,Lumi Valley Thermal Retreat,"Lumi Valley Thermal Retreat is a nature in Helsinki, Finland, popular for its natural scenery and relaxing atmosphere. Entry fee is 10.5 USD. Recommended visit: 3 hours. Discover Lumi Valley Thermal Retreat, a peaceful nature in Helsinki, Finland, ideal for nature lovers. Open 08:30-18:00, entry 10.5 USD.",10.5,08:30-18:00,3 hours,3.7,"No. 456, West Lake Cultural Park, Helsinki",60.21576855865414,25.14539756796613,"['disabled traveler', 'with pets', 'elderly travelers']","['Restrooms', 'Information Desk', 'Restaurant', 'Souvenir Shop', 'First Aid Station', 'Luggage Storage', 'ramps', 'elevators', 'wheelchair rentals', 'accessible restrooms', 'Pet-friendly', 'pet water stations', 'Pet rest area', 'wheelchair rental', 'benches/rest areas']"
14,Helsinki,Finland,Nature/Scenery/Park,Lumi Lasko Trail,"Lumi Lasko Trail is a nature in Helsinki, Finland, popular for its natural scenery and relaxing atmosphere. Entry fee is 6.39 USD. Recommended visit: 3 hours. Discover Lumi Lasko Trail, a peaceful nature in Helsinki, Finland, ideal for nature lovers. Open 08:00-20:00, entry 6.39 USD.",6.39,08:00-20:00,3 hours,3.7,"No. 456, Zhongshan Road, Helsinki",60.25408902401148,24.93873720556477,"['fast-paced budget travel', 'disabled traveler', 'road trip']","['Restrooms', 'Information Desk', 'Restaurant', 'Souvenir Shop', 'First Aid Station', 'Luggage Storage', 'city passes', 'luggage storage', 'self-guided tours', 'ramps', 'elevators', 'wheelchair rentals', 'accessible restrooms', 'parking']"
15,Helsinki,Finland,Nature/Scenery/Park,Finnish Green Haven,"Finnish Green Haven is a nature in Helsinki, Finland, popular for its natural scenery and relaxing atmosphere. Entry fee is 294.64 USD. Recommended visit: 3 hours. Discover Finnish Green Haven, a peaceful nature in Helsinki, Finland, ideal for nature lovers. Open 08:30-17:00, entry 294.64 USD.",294.64,08:30-17:00,3 hours,3.7,"808 Suthep Road, Helsinki",60.20468773743666,25.126439449995605,"['with pets', 'luxury travelers', 'road trip']","['Restrooms', 'Information Desk', 'Restaurant', 'Souvenir Shop', 'First Aid Station', 'Luggage Storage', 'Pet-friendly', 'pet water stations', 'Pet rest area', 'private tours', 'skip the line passes', 'VIP exclusive events', 'parking']"
16,Helsinki,Finland,Nature/Scenery/Park,Lumi Bay Skyway,"Lumi Bay Skyway is a nature in Helsinki, Finland, popular for its natural scenery and relaxing atmosphere. Entry fee is 75.28 USD. Recommended visit: 3 hours. Discover Lumi Bay Skyway, a peaceful nature in Helsinki, Finland, ideal for nature lovers. Open 09:00-17:30, entry 75.28 USD.",75.28,09:00-17:30,3 hours,3.7,"No. 128, Guangming Road, Helsinki",60.232022330290725,25.056685985680858,"['elderly travelers', 'foodie', 'disabled traveler']","['Restrooms', 'Information Desk', 'Restaurant', 'Souvenir Shop', 'First Aid Station', 'Luggage Storage', 'wheelchair rental', 'benches/rest areas', 'Food markets', 'tasting tours', 'ramps', 'elevators', 'wheelchair rentals', 'accessible restrooms']"
17,Helsinki,Finland,Nature/Scenery/Park,Vesijoki Green Haven,"Vesijoki Green Haven is a nature in Helsinki, Finland, popular for its natural scenery and relaxing atmosphere. Entry fee is 14.4 USD. Recommended visit: 3 hours. Discover Vesijoki Green Haven, a peaceful nature in Helsinki, Finland, ideal for nature lovers. Open 08:30-17:00, entry 14.4 USD.",14.4,08:30-17:00,3 hours,3.7,"396-8 Nishi-Shinjuku 1-chome, Shinjuku City, Helsinki",60.23453195315526,24.96675936005795,"['nightlife enthusiast', 'fast-paced budget travel', 'elderly travelers']","['Restrooms', 'Information Desk', 'Restaurant', 'Souvenir Shop', 'First Aid Station', 'Luggage Storage', 'night markets', 'bars', 'evening shows', 'city passes', 'luggage storage', 'self-guided tours', 'wheelchair rental', 'benches/rest areas']"
18,Helsinki,Finland,Nature/Scenery/Park,Finnish Heritage Green Oasis,"Finnish Heritage Green Oasis is a nature in Helsinki, Finland, popular for its natural scenery and relaxing atmosphere. Entry fee is 13.95 USD. Recommended visit: 3 hours. Discover Finnish Heritage Green Oasis, a peaceful nature in Helsinki, Finland, ideal for nature lovers. Open 08:30-17:00, entry 13.95 USD.",13.95,08:30-17:00,3 hours,3.7,"588 Seopjeong-ro, Helsinki",60.27582532804055,25.001750200730488,"['solo women', 'disabled traveler', 'business travelers']","['Restrooms', 'Information Desk', 'Restaurant', 'Souvenir Shop', 'First Aid Station', 'Luggage Storage', 'group tours', 'security', 'ramps', 'elevators', 'wheelchair rentals', 'accessible restrooms', 'High speed WiFi']"
19,Helsinki,Finland,Nature/Scenery/Park,Kotka Riverside Zen Garden & Coastal Express Tour,"Kotka Riverside Zen Garden & Coastal Express Tour is a nature in Helsinki, Finland, popular for its natural scenery and relaxing atmosphere. Entry fee is 4.36 USD. Recommended visit: 3 hours. Discover Kotka Riverside Zen Garden & Coastal Express Tour, a peaceful nature in Helsinki, Finland, ideal for nature lovers. Open 09:30-17:00, entry 4.36 USD.",4.36,09:30-17:00,3 hours,3.7,"No. 456, Riverside Road, Helsinki",60.20125205693837,24.87880895889653,"['fast-paced budget travel', 'couples trip', 'road trip']","['Restrooms', 'Information Desk', 'Restaurant', 'Souvenir Shop', 'First Aid Station', 'Luggage Storage', 'city passes', 'luggage storage', 'self-guided tours', 'scenic spots', 'sunset cruises', 'special couples experiences', 'parking']"
20,Helsinki,Finland,Nature/Scenery/Park,Azure Cove Promenade,"Azure Cove Promenade is a nature in Helsinki, Finland, popular for its natural scenery and relaxing atmosphere. Entry fee is 55.55 USD. Recommended visit: 3 hours. Discover Azure Cove Promenade, a peaceful nature in Helsinki, Finland, ideal for nature lovers. Open 09:30-17:00, entry 55.55 USD.",55.55,09:30-17:00,3 hours,3.7,"755 Shuri Street, Helsinki",60.20992580050885,25.09887667984441,"['business travelers', 'photography', 'road trip']","['Restrooms', 'Information Desk', 'Restaurant', 'Souvenir Shop', 'First Aid Station', 'Luggage Storage', 'High speed WiFi', 'photo spots', 'guided photo tours', 'charging stations', 'parking']"
21,Helsinki,Finland,Nature/Scenery/Park,Cedar Sentinel Ridge,"Cedar Sentinel Ridge is a nature in Helsinki, Finland, popular for its natural scenery and relaxing atmosphere. Entry fee is 37.95 USD. Recommended visit: 3 hours. Discover Cedar Sentinel Ridge, a peaceful nature in Helsinki, Finland, ideal for nature lovers. Open 08:30-17:00, entry 37.95 USD.",37.95,08:30-17:00,3 hours,3.7,"484 Shimbashi Street, Shibuya, Helsinki",60.18565200466797,24.94953948457833,"['couples trip', 'foodie', 'elderly travelers']","['Restrooms', 'Information Desk', 'Restaurant', 'Souvenir Shop', 'First Aid Station', 'Luggage Storage', 'scenic spots', 'sunset cruises', 'special couples experiences', 'Food markets', 'tasting tours', 'wheelchair rental', 'benches/rest areas']"
22,Helsinki,Finland,Nature/Scenery/Park,Lighthouse Bay Marine Observatory,"Lighthouse Bay Marine Observatory is a nature in Helsinki, Finland, popular for its natural scenery and relaxing atmosphere. Entry fee is 14.98 USD. Recommended visit: 3 hours. Discover Lighthouse Bay Marine Observatory, a peaceful nature in Helsinki, Finland, ideal for nature lovers. Open 08:30-17:30, entry 14.98 USD.",14.98,08:30-17:30,3 hours,3.7,"No. 456, Zhongshan Road, Helsinki",60.27878246764695,25.1876951775567,"['fast-paced budget travel', 'foodie', 'elderly travelers']","['Restrooms', 'Information Desk', 'Restaurant', 'Souvenir Shop', 'First Aid Station', 'Luggage Storage', 'city passes', 'luggage storage', 'self-guided tours', 'Food markets', 'tasting tours', 'wheelchair rental', 'benches/rest areas']"
23,Helsinki,Finland,Nature/Scenery/Park,The Whispering Woodland Loop,"The Whispering Woodland Loop is a nature in Helsinki, Finland, popular for its natural scenery and relaxing atmosphere. Entry fee is 15.4 USD. Recommended visit: 3 hours. Discover The Whispering Woodland Loop, a peaceful nature in Helsinki, Finland, ideal for nature lovers. Open 19:00-23:00, entry 15.4 USD.",15.4,19:00-23:00,3 hours,3.7,"708 Seongsan Road, Helsinki",60.24406044268217,24.93031766759047,"['fast-paced budget travel', 'solo women', 'business travelers']","['Restrooms', 'Information Desk', 'Restaurant', 'Souvenir Shop', 'First Aid Station', 'Luggage Storage', 'city passes', 'luggage storage', 'self-guided tours', 'group tours', 'security', 'High speed WiFi']"
24,Helsinki,Finland,Nature/Scenery/Park,Finnish Heritage Greenway,"Finnish Heritage Greenway is a nature in Helsinki, Finland, popular for its natural scenery and relaxing atmosphere. Entry fee is 8.12 USD. Recommended visit: 3 hours. Discover Finnish Heritage Greenway, a peaceful nature in Helsinki, Finland, ideal for nature lovers. Open 08:30-19:00, entry 8.12 USD.",8.12,08:30-19:00,3 hours,3.7,"525 Sakura Street, Bunkyo City, Helsinki",60.26838829568618,24.896365678950225,"['solo women', 'photography', 'business travelers']","['Restrooms', 'Information Desk', 'Restaurant', 'Souvenir Shop', 'First Aid Station', 'Luggage Storage', 'group tours', 'security', 'photo spots', 'guided photo tours', 'charging stations', 'High speed WiFi']"
25,Helsinki,Finland,Nature/Scenery/Park,Lumiara Cave & Coastal Trail,"Lumiara Cave & Coastal Trail is a nature in Helsinki, Finland, popular for its natural scenery and relaxing atmosphere. Entry fee is 12.32 USD. Recommended visit: 3 hours. Discover Lumiara Cave & Coastal Trail, a peaceful nature in Helsinki, Finland, ideal for nature lovers. Open 08:00-22:00, entry 12.32 USD.",12.32,08:00-22:00,3 hours,3.7,"No. 456 Ocean View Avenue, Helsinki",60.195889306060494,25.04620680932636,"['luxury travelers', 'couples trip', 'business travelers']","['Restrooms', 'Information Desk', 'Restaurant', 'Souvenir Shop', 'First Aid Station', 'Luggage Storage', 'private tours', 'skip the line passes', 'VIP exclusive events', 'scenic spots', 'sunset cruises', 'special couples experiences', 'High speed WiFi']"
26,Helsinki,Finland,Nature/Scenery/Park,Finnish Lantern River Journey,"Finnish Lantern River Journey is a nature in Helsinki, Finland, popular for its natural scenery and relaxing atmosphere. Entry fee is 22.61 USD. Recommended visit: 3 hours. Discover Finnish Lantern River Journey, a peaceful nature in Helsinki, Finland, ideal for nature lovers. Open 09:00-17:30, entry 22.61 USD.",22.61,09:00-17:30,3 hours,3.7,"No. 188, Xujiahui Road, Helsinki",60.23224137770347,24.982434831562763,"['with children', 'couples trip', 'disabled traveler']","['Restrooms', 'Information Desk', 'Restaurant', 'Souvenir Shop', 'First Aid Station', 'Luggage Storage', 'family restrooms', 'Nursing facilities', 'scenic spots', 'sunset cruises', 'special couples experiences', 'ramps', 'elevators', 'wheelchair rentals', 'accessible restrooms']"
27,Helsinki,Finland,Nature/Scenery/Park,Finnish Tundra Explorer Park,"Finnish Tundra Explorer Park is a nature in Helsinki, Finland, popular for its natural scenery and relaxing atmosphere. Entry fee is 1.4 USD. Recommended visit: 3 hours. Discover Finnish Tundra Explorer Park, a peaceful nature in Helsinki, Finland, ideal for nature lovers. Open 09:00-21:00, entry 1.4 USD.",1.4,09:00-21:00,3 hours,3.7,"961 Seocho-ro, Ssangmundong-gu, Helsinki",60.20836672141749,25.13993075733983,"['fast-paced budget travel', 'foodie', 'disabled traveler']","['Restrooms', 'Information Desk', 'Restaurant', 'Souvenir Shop', 'First Aid Station', 'Luggage Storage', 'city passes', 'luggage storage', 'self-guided tours', 'Food markets', 'tasting tours', 'ramps', 'elevators', 'wheelchair rentals', 'accessible restrooms']"
28,Helsinki,Finland,Nature/Scenery/Park,Finnish Skyline Panorama,"Finnish Skyline Panorama is a nature in Helsinki, Finland, popular for its natural scenery and relaxing atmosphere. Entry fee is 6.44 USD. Recommended visit: 3 hours. Discover Finnish Skyline Panorama, a peaceful nature in Helsinki, Finland, ideal for nature lovers. Open 09:00-17:30, entry 6.44 USD.",6.44,09:00-17:30,3 hours,3.7,"128 Tanjong Pagar Road, Helsinki",60.26932104382919,25.04038885330445,"['photography', 'luxury travelers', 'road trip']","['Restrooms', 'Information Desk', 'Restaurant', 'Souvenir Shop', 'First Aid Station', 'Luggage Storage', 'photo spots', 'guided photo tours', 'charging stations', 'private tours', 'skip the line passes', 'VIP exclusive events', 'parking']"
29,Helsinki,Finland,Nature/Scenery/Park,Finnish Trails - Arctic Forest Exploration,"Finnish Trails - Arctic Forest Exploration is a nature in Helsinki, Finland, popular for its natural scenery and relaxing atmosphere. Entry fee is 116.65 USD. Recommended visit: 3 hours. Discover Finnish Trails - Arctic Forest Exploration, a peaceful nature in Helsinki, Finland, ideal for nature lovers. Open 08:30-17:30, entry 116.65 USD.",116.65,08:30-17:30,3 hours,3.7,"659 Jurong East Ave 6, Helsinki",60.23432359222378,25.04332902137476,"['foodie', 'photography', 'couples trip']","['Restrooms', 'Information Desk', 'Restaurant', 'Souvenir Shop', 'First Aid Station', 'Luggage Storage', 'Food markets', 'tasting tours', 'photo spots', 'guided photo tours', 'charging stations', 'scenic spots', 'sunset cruises', 'special couples experiences']"
30,Helsinki,Finland,Nature/Scenery/Park,Finnish Forest Escape No.2,"Finnish Forest Escape is a nature in Helsinki, Finland, popular for its natural scenery and relaxing atmosphere. Entry fee is 6.17 USD. Recommended visit: 3 hours. Discover Finnish Forest Escape, a peaceful nature in Helsinki, Finland, ideal for nature lovers. Open 09:00-18:00, entry 6.17 USD.",6.17,09:00-18:00,3 hours,3.7,"407 Shinsaibashi Dori, Chuo Ward, Helsinki",60.22565695688144,25.04324892315356,['road trip'],"['Restrooms', 'Information Desk', 'Restaurant', 'Souvenir Shop', 'First Aid Station', 'Luggage Storage', 'parking']"
31,Helsinki,Finland,Nature/Scenery/Park,Finnish Forest Walk,"Finnish Forest Walk is a nature in Helsinki, Finland, popular for its natural scenery and relaxing atmosphere. Entry fee is 31.52 USD. Recommended visit: 3 hours. Discover Finnish Forest Walk, a peaceful nature in Helsinki, Finland, ideal for nature lovers. Open 09:00-21:00, entry 31.52 USD.",31.52,09:00-21:00,3 hours,3.7,"102-8 Shibuya, Shibuya City, Helsinki",60.27939511933855,25.04044049747357,['fast-paced budget travel'],"['Restrooms', 'Information Desk', 'Restaurant', 'Souvenir Shop', 'First Aid Station', 'Luggage Storage', 'city passes', 'luggage storage', 'self-guided tours']"
32,Helsinki,Finland,Nature/Scenery/Park,Silver Bay Reflections,"Silver Bay Reflections is a nature in Helsinki, Finland, popular for its natural scenery and relaxing atmosphere. Entry fee is 13.3 USD. Recommended visit: 3 hours. Discover Silver Bay Reflections, a peaceful nature in Helsinki, Finland, ideal for nature lovers. Open 06:00-20:00, entry 13.3 USD.",13.3,06:00-20:00,3 hours,3.7,"735 Sathorn Road, Sam Yan, Helsinki",60.24141708091102,25.167893572728005,"['solo women', 'photography', 'luxury travelers']","['Restrooms', 'Information Desk', 'Restaurant', 'Souvenir Shop', 'First Aid Station', 'Luggage Storage', 'group tours', 'security', 'photo spots', 'guided photo tours', 'charging stations', 'private tours', 'skip the line passes', 'VIP exclusive events']"
33,Helsinki,Finland,Nature/Scenery/Park,Serenity Bay Nature Reserve,"Serenity Bay Nature Reserve is a nature in Helsinki, Finland, popular for its natural scenery and relaxing atmosphere. Entry fee is 51.08 USD. Recommended visit: 3 hours. Discover Serenity Bay Nature Reserve, a peaceful nature in Helsinki, Finland, ideal for nature lovers. Open 09:00-17:30, entry 51.08 USD.",51.08,09:00-17:30,3 hours,3.7,"599 Sumo Street, Helsinki",60.21274391373938,25.058875156329364,"['nightlife enthusiast', 'solo women', 'business travelers']","['Restrooms', 'Information Desk', 'Restaurant', 'Souvenir Shop', 'First Aid Station', 'Luggage Storage', 'night markets', 'bars', 'evening shows', 'group tours', 'security', 'High speed WiFi']"
34,Helsinki,Finland,Nature/Scenery/Park,Finnish Pine Retreat & Wellness Sanctuary,"Finnish Pine Retreat & Wellness Sanctuary is a nature in Helsinki, Finland, popular for its natural scenery and relaxing atmosphere. Entry fee is 5.6 USD. Recommended visit: 3 hours. Discover Finnish Pine Retreat & Wellness Sanctuary, a peaceful nature in Helsinki, Finland, ideal for nature lovers. Open 08:30-17:00, entry 5.6 USD.",5.6,08:30-17:00,3 hours,3.7,"709 Sakura Street, Chuo Ward, Helsinki",60.19736296332425,25.01911745961345,"['couples trip', 'luxury travelers', 'disabled traveler']","['Restrooms', 'Information Desk', 'Restaurant', 'Souvenir Shop', 'First Aid Station', 'Luggage Storage', 'scenic spots', 'sunset cruises', 'special couples experiences', 'private tours', 'skip the line passes', 'VIP exclusive events', 'ramps', 'elevators', 'wheelchair rentals', 'accessible restrooms']"
35,Helsinki,Finland,Nature/Scenery/Park,Frostwood Horizon,"Frostwood Horizon is a nature in Helsinki, Finland, popular for its natural scenery and relaxing atmosphere. Entry fee is 0.0 USD. Recommended visit: 3 hours. Discover Frostwood Horizon, a peaceful nature in Helsinki, Finland, ideal for nature lovers. Open 09:00-18:00, entry 0.0 USD.",0.0,09:00-18:00,3 hours,3.7,"282-8890 Fukuoka City, Chuo Ward, 3-1-1 Naka, Helsinki",60.219700487304806,24.985927907946287,"['luxury travelers', 'couples trip', 'road trip']","['Restrooms', 'Information Desk', 'Restaurant', 'Souvenir Shop', 'First Aid Station', 'Luggage Storage', 'private tours', 'skip the line passes', 'VIP exclusive events', 'scenic spots', 'sunset cruises', 'special couples experiences', 'parking']"
36,Helsinki,Finland,Nature/Scenery/Park,Arctic Quest Forest Trail,"Arctic Quest Forest Trail is a nature in Helsinki, Finland, popular for its natural scenery and relaxing atmosphere. Entry fee is 4.12 USD. Recommended visit: 3 hours. Discover Arctic Quest Forest Trail, a peaceful nature in Helsinki, Finland, ideal for nature lovers. Open 09:30-17:00, entry 4.12 USD.",4.12,09:30-17:00,3 hours,3.7,"No. 456, Yuyuantan Park Road, Helsinki",60.21608203867098,25.167134756496736,"['nightlife enthusiast', 'fast-paced budget travel', 'disabled traveler']","['Restrooms', 'Information Desk', 'Restaurant', 'Souvenir Shop', 'First Aid Station', 'Luggage Storage', 'night markets', 'bars', 'evening shows', 'city passes', 'luggage storage', 'self-guided tours', 'ramps', 'elevators', 'wheelchair rentals', 'accessible restrooms']"
37,Helsinki,Finland,Nature/Scenery/Park,Finnish Skyline Panorama No.2,"Finnish Skyline Panorama is a nature in Helsinki, Finland, popular for its natural scenery and relaxing atmosphere. Entry fee is 7.35 USD. Recommended visit: 3 hours. Discover Finnish Skyline Panorama, a peaceful nature in Helsinki, Finland, ideal for nature lovers. Open 08:00-18:00, entry 7.35 USD.",7.35,08:00-18:00,3 hours,3.7,"202-12-8 Shibuya, Shibuya City, Helsinki",60.27587477917869,25.23611923971743,"['couples trip', 'foodie', 'luxury travelers']","['Restrooms', 'Information Desk', 'Restaurant', 'Souvenir Shop', 'First Aid Station', 'Luggage Storage', 'scenic spots', 'sunset cruises', 'special couples experiences', 'Food markets', 'tasting tours', 'private tours', 'skip the line passes', 'VIP exclusive events']"
38,Helsinki,Finland,Nature/Scenery/Park,Lumiwood Reserve,"Lumiwood Reserve is a nature in Helsinki, Finland, popular for its natural scenery and relaxing atmosphere. Entry fee is 29.53 USD. Recommended visit: 3 hours. Discover Lumiwood Reserve, a peaceful nature in Helsinki, Finland, ideal for nature lovers. Open 09:00-17:30, entry 29.53 USD.",29.53,09:00-17:30,3 hours,3.7,"No. 456, Innovation Avenue, Futian District, Helsinki",60.22815306955734,25.03481001943942,"['fast-paced budget travel', 'disabled traveler', 'road trip']","['Restrooms', 'Information Desk', 'Restaurant', 'Souvenir Shop', 'First Aid Station', 'Luggage Storage', 'city passes', 'luggage storage', 'self-guided tours', 'ramps', 'elevators', 'wheelchair rentals', 'accessible restrooms', 'parking']"
39,Helsinki,Finland,Nature/Scenery/Park,Finnish Bay Botanical Haven,"Finnish Bay Botanical Haven is a nature in Helsinki, Finland, popular for its natural scenery and relaxing atmosphere. Entry fee is 11.05 USD. Recommended visit: 3 hours. Discover Finnish Bay Botanical Haven, a peaceful nature in Helsinki, Finland, ideal for nature lovers. Open 08:00-20:00, entry 11.05 USD.",11.05,08:00-20:00,3 hours,3.7,"702 Shuri Street, Helsinki",60.22544621051369,25.16092956470488,"['foodie', 'solo women', 'luxury travelers']","['Restrooms', 'Information Desk', 'Restaurant', 'Souvenir Shop', 'First Aid Station', 'Luggage Storage', 'Food markets', 'tasting tours', 'group tours', 'security', 'private tours', 'skip the line passes', 'VIP exclusive events']"
40,Helsinki,Finland,Nature/Scenery/Park,Finnish Archipelago Sunset Sail,"Finnish Archipelago Sunset Sail is a nature in Helsinki, Finland, popular for its natural scenery and relaxing atmosphere. Entry fee is 5.15 USD. Recommended visit: 3 hours. Discover Finnish Archipelago Sunset Sail, a peaceful nature in Helsinki, Finland, ideal for nature lovers. Open 09:00-18:00, entry 5.15 USD.",5.15,09:00-18:00,3 hours,3.7,"438 Shinjuku Garden Street, Helsinki",60.19809160193146,24.952965227522768,"['luxury travelers', 'elderly travelers', 'business travelers']","['Restrooms', 'Information Desk', 'Restaurant', 'Souvenir Shop', 'First Aid Station', 'Luggage Storage', 'private tours', 'skip the line passes', 'VIP exclusive events', 'wheelchair rental', 'benches/rest areas', 'High speed WiFi']"
41,Helsinki,Finland,Nature/Scenery/Park,Northern Lights Sky Garden,"Northern Lights Sky Garden is a nature in Helsinki, Finland, popular for its natural scenery and relaxing atmosphere. Entry fee is 9.8 USD. Recommended visit: 3 hours. Discover Northern Lights Sky Garden, a peaceful nature in Helsinki, Finland, ideal for nature lovers. Open 09:00-17:30, entry 9.8 USD.",9.8,09:00-17:30,3 hours,3.7,"117 Shinko Street, Chuo Ward, Helsinki",60.1764544081921,25.06075899114856,['nightlife enthusiast'],"['Restrooms', 'Information Desk', 'Restaurant', 'Souvenir Shop', 'First Aid Station', 'Luggage Storage', 'night markets', 'bars', 'evening shows']"
42,Helsinki,Finland,Nature/Scenery/Park,Secret Cove Canoe Escape,"Secret Cove Canoe Escape is a nature in Helsinki, Finland, popular for its natural scenery and relaxing atmosphere. Entry fee is 94.11 USD. Recommended visit: 3 hours. Discover Secret Cove Canoe Escape, a peaceful nature in Helsinki, Finland, ideal for nature lovers. Open 08:00-17:30, entry 94.11 USD.",94.11,08:00-17:30,3 hours,3.7,"No. 456, Xizhimen North Street, Haidian District, Helsinki",60.14654552491694,25.0430089762514,"['nightlife enthusiast', 'with children', 'with pets']","['Restrooms', 'Information Desk', 'Restaurant', 'Souvenir Shop', 'First Aid Station', 'Luggage Storage', 'night markets', 'bars', 'evening shows', 'family restrooms', 'Nursing facilities', 'Pet-friendly', 'pet water stations', 'Pet rest area']"
43,Helsinki,Finland,Nature/Scenery/Park,Finnish Spring Bloom Sanctuary,"Finnish Spring Bloom Sanctuary is a nature in Helsinki, Finland, popular for its natural scenery and relaxing atmosphere. Entry fee is 2.8 USD. Recommended visit: 3 hours. Discover Finnish Spring Bloom Sanctuary, a peaceful nature in Helsinki, Finland, ideal for nature lovers. Open 08:30-17:30, entry 2.8 USD.",2.8,08:30-17:30,3 hours,3.7,"No. 456, Zhongshan Road, Helsinki",60.1769580035859,24.94904569821617,"['with children', 'fast-paced budget travel', 'elderly travelers']","['Restrooms', 'Information Desk', 'Restaurant', 'Souvenir Shop', 'First Aid Station', 'Luggage Storage', 'family restrooms', 'Nursing facilities', 'city passes', 'luggage storage', 'self-guided tours', 'wheelchair rental', 'benches/rest areas']"
44,Helsinki,Finland,Nature/Scenery/Park,Finnish Stone Forest Trails,"Finnish Stone Forest Trails is a nature in Helsinki, Finland, popular for its natural scenery and relaxing atmosphere. Entry fee is 7.7 USD. Recommended visit: 3 hours. Discover Finnish Stone Forest Trails, a peaceful nature in Helsinki, Finland, ideal for nature lovers. Open 08:30-17:30, entry 7.7 USD.",7.7,08:30-17:30,3 hours,3.7,"927 Nishinari-ku, Helsinki",60.23146670846818,25.041747024036805,"['road trip', 'fast-paced budget travel', 'business travelers']","['Restrooms', 'Information Desk', 'Restaurant', 'Souvenir Shop', 'First Aid Station', 'Luggage Storage', 'parking', 'city passes', 'luggage storage', 'self-guided tours', 'High speed WiFi']"
45,Helsinki,Finland,Nature/Scenery/Park,Finnish Forest Canopy Trail & Sky Bridge,"Finnish Forest Canopy Trail & Sky Bridge is a nature in Helsinki, Finland, popular for its natural scenery and relaxing atmosphere. Entry fee is 2.0 USD. Recommended visit: 3 hours. Discover Finnish Forest Canopy Trail & Sky Bridge, a peaceful nature in Helsinki, Finland, ideal for nature lovers. Open 08:00-20:00, entry 2.0 USD.",2.0,08:00-20:00,3 hours,3.7,"518 Sakura Street, Naka Ward, Helsinki",60.24358866618887,24.861705945181583,['fast-paced budget travel'],"['Restrooms', 'Information Desk', 'Restaurant', 'Souvenir Shop', 'First Aid Station', 'Luggage Storage', 'city passes', 'luggage storage', 'self-guided tours']"
46,Helsinki,Finland,Nature/Scenery/Park,Kotka Coastal Whale Safaris,"Kotka Coastal Whale Safaris is a nature in Helsinki, Finland, popular for its natural scenery and relaxing atmosphere. Entry fee is 24.24 USD. Recommended visit: 3 hours. Discover Kotka Coastal Whale Safaris, a peaceful nature in Helsinki, Finland, ideal for nature lovers. Open 10:00-22:00, entry 24.24 USD.",24.24,10:00-22:00,3 hours,3.7,"483 Ocean View Road, Helsinki",60.1445521682572,25.057827725618697,"['fast-paced budget travel', 'solo women', 'with pets']","['Restrooms', 'Information Desk', 'Restaurant', 'Souvenir Shop', 'First Aid Station', 'Luggage Storage', 'city passes', 'luggage storage', 'self-guided tours', 'group tours', 'security', 'Pet-friendly', 'pet water stations', 'Pet rest area']"
47,Helsinki,Finland,Nature/Scenery/Park,Golden Baywalk,"Golden Baywalk is a nature in Helsinki, Finland, popular for its natural scenery and relaxing atmosphere. Entry fee is 26.32 USD. Recommended visit: 3 hours. Discover Golden Baywalk, a peaceful nature in Helsinki, Finland, ideal for nature lovers. Open 09:00-19:00, entry 26.32 USD.",26.32,09:00-19:00,3 hours,3.7,"No. 567, Green Valley Road, Helsinki",60.195380419637495,24.89876130075801,"['with pets', 'photography', 'luxury travelers']","['Restrooms', 'Information Desk', 'Restaurant', 'Souvenir Shop', 'First Aid Station', 'Luggage Storage', 'Pet-friendly', 'pet water stations', 'Pet rest area', 'photo spots', 'guided photo tours', 'charging stations', 'private tours', 'skip the line passes', 'VIP exclusive events']"
48,Helsinki,Finland,Nature/Scenery/Park,Finnish Forest Sanctuary,"Finnish Forest Sanctuary is a nature in Helsinki, Finland, popular for its natural scenery and relaxing atmosphere. Entry fee is 43.59 USD. Recommended visit: 3 hours. Discover Finnish Forest Sanctuary, a peaceful nature in Helsinki, Finland, ideal for nature lovers. Open 18:00-21:00, entry 43.59 USD.",43.59,18:00-21:00,3 hours,3.7,"235-12-8 Shibuya, Shibuya City, Helsinki",60.28426015680656,25.01844445268486,['disabled traveler'],"['Restrooms', 'Information Desk', 'Restaurant', 'Souvenir Shop', 'First Aid Station', 'Luggage Storage', 'ramps', 'elevators', 'wheelchair rentals', 'accessible restrooms']"
49,Helsinki,Finland,Nature/Scenery/Park,Polar Tundra Haven,"Polar Tundra Haven is a nature in Helsinki, Finland, popular for its natural scenery and relaxing atmosphere. Entry fee is 8.65 USD. Recommended visit: 3 hours. Discover Polar Tundra Haven, a peaceful nature in Helsinki, Finland, ideal for nature lovers. Open 09:00-18:00, entry 8.65 USD.",8.65,09:00-18:00,3 hours,3.7,"No. 128, Shangyang Road, Yanta District, Helsinki",60.25061337696957,25.167762880565583,"['nightlife enthusiast', 'foodie', 'elderly travelers']","['Restrooms', 'Information Desk', 'Restaurant', 'Souvenir Shop', 'First Aid Station', 'Luggage Storage', 'night markets', 'bars', 'evening shows', 'Food markets', 'tasting tours', 'wheelchair rental', 'benches/rest areas']"
50,Helsinki,Finland,Theme Park/Amusement Park,Finnish Fantasy Fiesta,"Finnish Fantasy Fiesta is a theme park in Helsinki, Finland, popular for its memorable experiences. Entry fee is 7.4 USD. Recommended visit: 8 hours. Discover Finnish Fantasy Fiesta, a notable theme park in Helsinki, Finland, ideal for visitors. Open 09:00-17:30, entry 7.4 USD.",7.4,09:00-17:30,8 hours,3.75,"441 Seogwipo Street, Helsinki",60.20874016358301,24.978002298842927,"['couples trip', 'foodie', 'disabled traveler']","['Restrooms', 'Information Desk', 'Restaurant', 'Souvenir Shop', 'First Aid Station', 'Luggage Storage', 'scenic spots', 'sunset cruises', 'special couples experiences', 'Food markets', 'tasting tours', 'ramps', 'elevators', 'wheelchair rentals', 'accessible restrooms']"
51,Helsinki,Finland,Theme Park/Amusement Park,Arctic Dreams Interactive Village,"Arctic Dreams Interactive Village is a theme park in Helsinki, Finland, popular for its memorable experiences. Entry fee is 24.66 USD. Recommended visit: 8 hours. Discover Arctic Dreams Interactive Village, a notable theme park in Helsinki, Finland, ideal for visitors. Open 09:00-17:30, entry 24.66 USD.",24.66,09:00-17:30,8 hours,3.75,"No. 567, Xuefu Road, Xihu District, Helsinki",60.23735605255287,25.16179772876191,"['with children', 'disabled traveler', 'elderly travelers']","['Restrooms', 'Information Desk', 'Restaurant', 'Souvenir Shop', 'First Aid Station', 'Luggage Storage', 'family restrooms', 'Nursing facilities', 'ramps', 'elevators', 'wheelchair rentals', 'accessible restrooms', 'wheelchair rental', 'benches/rest areas']"
52,Helsinki,Finland,Theme Park/Amusement Park,Nordic Playland,"Nordic Playland is a theme park in Helsinki, Finland, popular for its memorable experiences. Entry fee is 67.2 USD. Recommended visit: 7 hours. Discover Nordic Playland, a notable theme park in Helsinki, Finland, ideal for visitors. Open 09:30-17:00, entry 67.2 USD.",67.2,09:30-17:00,7 hours,3.75,"No. 456, Bridge Street, Yuzhong District, Helsinki",60.22594251678655,25.151931759413355,"['with children', 'fast-paced budget travel', 'disabled traveler']","['Restrooms', 'Information Desk', 'Restaurant', 'Souvenir Shop', 'First Aid Station', 'Luggage Storage', 'family restrooms', 'Nursing facilities', 'city passes', 'luggage storage', 'self-guided tours', 'ramps', 'elevators', 'wheelchair rentals', 'accessible restrooms']"
53,Helsinki,Finland,Theme Park/Amusement Park,AquaWhale Explorer,"AquaWhale Explorer is a theme park in Helsinki, Finland, popular for its memorable experiences. Entry fee is 5.52 USD. Recommended visit: 8 hours. Discover AquaWhale Explorer, a notable theme park in Helsinki, Finland, ideal for visitors. Open 10:00-22:00, entry 5.52 USD.",5.52,10:00-22:00,8 hours,3.75,"633 Suthep Road, Helsinki",60.20357178203056,25.069068071762803,['fast-paced budget travel'],"['Restrooms', 'Information Desk', 'Restaurant', 'Souvenir Shop', 'First Aid Station', 'Luggage Storage', 'city passes', 'luggage storage', 'self-guided tours']"
54,Helsinki,Finland,Theme Park/Amusement Park,Nordic Blocks Helsinki,"Nordic Blocks Helsinki is a theme park in Helsinki, Finland, popular for its memorable experiences. Entry fee is 49.0 USD. Recommended visit: 7 hours. Discover Nordic Blocks Helsinki, a notable theme park in Helsinki, Finland, ideal for visitors. Open 10:00-20:00, entry 49.0 USD.",49.0,10:00-20:00,7 hours,3.75,"705 Riverside Park, Helsinki",60.25097490591303,24.94246657334184,"['elderly travelers', 'solo women', 'disabled traveler']","['Restrooms', 'Information Desk', 'Restaurant', 'Souvenir Shop', 'First Aid Station', 'Luggage Storage', 'wheelchair rental', 'benches/rest areas', 'group tours', 'security', 'ramps', 'elevators', 'wheelchair rentals', 'accessible restrooms']"
55,Helsinki,Finland,Theme Park/Amusement Park,Finnish Ice & Light Adventure,"Finnish Ice & Light Adventure is a theme park in Helsinki, Finland, popular for its memorable experiences. Entry fee is 0.37 USD. Recommended visit: 8 hours. Discover Finnish Ice & Light Adventure, a notable theme park in Helsinki, Finland, ideal for visitors. Open 09:00-18:00, entry 0.37 USD.",0.37,09:00-18:00,8 hours,3.75,"916 Northern Promenade, Helsinki",60.22740012140205,25.15236749668968,"['with children', 'solo women', 'luxury travelers']","['Restrooms', 'Information Desk', 'Restaurant', 'Souvenir Shop', 'First Aid Station', 'Luggage Storage', 'family restrooms', 'Nursing facilities', 'group tours', 'security', 'private tours', 'skip the line passes', 'VIP exclusive events']"
56,Helsinki,Finland,Theme Park/Amusement Park,Arctic Sky Adventure Park,"Arctic Sky Adventure Park is a theme park in Helsinki, Finland, popular for its memorable experiences. Entry fee is 32.62 USD. Recommended visit: 7 hours. Discover Arctic Sky Adventure Park, a notable theme park in Helsinki, Finland, ideal for visitors. Open 08:00-00:00, entry 32.62 USD.",32.62,08:00-00:00,7 hours,3.75,"No. 567, Huilongguan Road, Helsinki",60.20631923637591,25.089212658999667,"['photography', 'foodie', 'elderly travelers']","['Restrooms', 'Information Desk', 'Restaurant', 'Souvenir Shop', 'First Aid Station', 'Luggage Storage', 'photo spots', 'guided photo tours', 'charging stations', 'Food markets', 'tasting tours', 'wheelchair rental', 'benches/rest areas']"
57,Helsinki,Finland,Theme Park/Amusement Park,Aurora Skyline Adventure,"Aurora Skyline Adventure is a theme park in Helsinki, Finland, popular for its memorable experiences. Entry fee is 31.01 USD. Recommended visit: 6 hours. Discover Aurora Skyline Adventure, a notable theme park in Helsinki, Finland, ideal for visitors. Open 08:00-23:00, entry 31.01 USD.",31.01,08:00-23:00,6 hours,3.75,"458-1 Nishi 1-chome, Helsinki",60.20756286945219,24.87090832900672,"['nightlife enthusiast', 'couples trip', 'business travelers']","['Restrooms', 'Information Desk', 'Restaurant', 'Souvenir Shop', 'First Aid Station', 'Luggage Storage', 'night markets', 'bars', 'evening shows', 'scenic spots', 'sunset cruises', 'special couples experiences', 'High speed WiFi']"
58,Helsinki,Finland,Theme Park/Amusement Park,Finnish Arctic Connect Hub,"Finnish Arctic Connect Hub is a theme park in Helsinki, Finland, popular for its memorable experiences. Entry fee is 37.52 USD. Recommended visit: 8 hours. Discover Finnish Arctic Connect Hub, a notable theme park in Helsinki, Finland, ideal for visitors. Open 08:00-22:00, entry 37.52 USD.",37.52,08:00-22:00,8 hours,3.75,"404 Sakura Street, Chuo Ward, Helsinki",60.20803225749096,25.08244271761944,"['with pets', 'couples trip', 'business travelers']","['Restrooms', 'Information Desk', 'Restaurant', 'Souvenir Shop', 'First Aid Station', 'Luggage Storage', 'Pet-friendly', 'pet water stations', 'Pet rest area', 'scenic spots', 'sunset cruises', 'special couples experiences', 'High speed WiFi']"
59,Helsinki,Finland,Theme Park/Amusement Park,Nordic Skyline Adventure,"Nordic Skyline Adventure is a theme park in Helsinki, Finland, popular for its memorable experiences. Entry fee is 13.72 USD. Recommended visit: 7 hours. Discover Nordic Skyline Adventure, a notable theme park in Helsinki, Finland, ideal for visitors. Open 10:00-22:00, entry 13.72 USD.",13.72,10:00-22:00,7 hours,3.75,"875 Sakura Street, Chuo Ward, Helsinki",60.1964280206261,25.06724690665931,"['fast-paced budget travel', 'solo women', 'disabled traveler']","['Restrooms', 'Information Desk', 'Restaurant', 'Souvenir Shop', 'First Aid Station', 'Luggage Storage', 'city passes', 'luggage storage', 'self-guided tours', 'group tours', 'security', 'ramps', 'elevators', 'wheelchair rentals', 'accessible restrooms']"
60,Helsinki,Finland,Theme Park/Amusement Park,LumiQuest Adventure Hub,"LumiQuest Adventure Hub is a theme park in Helsinki, Finland, popular for its memorable experiences. Entry fee is 23.37 USD. Recommended visit: 7 hours. Discover LumiQuest Adventure Hub, a notable theme park in Helsinki, Finland, ideal for visitors. Open 09:00-18:00, entry 23.37 USD.",23.37,09:00-18:00,7 hours,3.75,"No. 88, Huangpu River Promenade, Helsinki",60.24629816972229,24.992766236362225,"['nightlife enthusiast', 'fast-paced budget travel', 'photography']","['Restrooms', 'Information Desk', 'Restaurant', 'Souvenir Shop', 'First Aid Station', 'Luggage Storage', 'night markets', 'bars', 'evening shows', 'city passes', 'luggage storage', 'self-guided tours', 'photo spots', 'guided photo tours', 'charging stations']"
61,Helsinki,Finland,Theme Park/Amusement Park,Nordic Tide Playland,"Nordic Tide Playland is a theme park in Helsinki, Finland, popular for its memorable experiences. Entry fee is 59.69 USD. Recommended visit: 8 hours. Discover Nordic Tide Playland, a notable theme park in Helsinki, Finland, ideal for visitors. Open 10:00-21:00, entry 59.69 USD.",59.69,10:00-21:00,8 hours,3.75,"999 Suthep Road, Helsinki",60.2365445193733,24.83606229687728,"['solo women', 'photography', 'road trip']","['Restrooms', 'Information Desk', 'Restaurant', 'Souvenir Shop', 'First Aid Station', 'Luggage Storage', 'group tours', 'security', 'photo spots', 'guided photo tours', 'charging stations', 'parking']"
62,Helsinki,Finland,Theme Park/Amusement Park,Finnish Puzzle Quest,"Finnish Puzzle Quest is a theme park in Helsinki, Finland, popular for its memorable experiences. Entry fee is 6.56 USD. Recommended visit: 7 hours. Discover Finnish Puzzle Quest, a notable theme park in Helsinki, Finland, ideal for visitors. Open 09:00-20:00, entry 6.56 USD.",6.56,09:00-20:00,7 hours,3.75,"725-8901 Shibuya City, Helsinki",60.24320720742811,25.18977583002972,"['solo women', 'couples trip']","['Restrooms', 'Information Desk', 'Restaurant', 'Souvenir Shop', 'First Aid Station', 'Luggage Storage', 'group tours', 'security', 'scenic spots', 'sunset cruises', 'special couples experiences']"
63,Helsinki,Finland,Theme Park/Amusement Park,Finnish Arctic Quest,"Finnish Arctic Quest is a theme park in Helsinki, Finland, popular for its memorable experiences. Entry fee is 171.36 USD. Recommended visit: 7 hours. Discover Finnish Arctic Quest, a notable theme park in Helsinki, Finland, ideal for visitors. Open 10:00-22:00, entry 171.36 USD.",171.36,10:00-22:00,7 hours,3.75,"No. 456, Yuzhong District, Helsinki",60.25980958828505,24.886178659585543,"['with children', 'couples trip', 'disabled traveler']","['Restrooms', 'Information Desk', 'Restaurant', 'Souvenir Shop', 'First Aid Station', 'Luggage Storage', 'family restrooms', 'Nursing facilities', 'scenic spots', 'sunset cruises', 'special couples experiences', 'ramps', 'elevators', 'wheelchair rentals', 'accessible restrooms']"
64,Helsinki,Finland,Theme Park/Amusement Park,Finnish Voyage Marina,"Finnish Voyage Marina is a theme park in Helsinki, Finland, popular for its memorable experiences. Entry fee is 22.09 USD. Recommended visit: 8 hours. Discover Finnish Voyage Marina, a notable theme park in Helsinki, Finland, ideal for visitors. Open 20:00-05:00, entry 22.09 USD.",22.09,20:00-05:00,8 hours,3.75,"223 Sakura Street, Chuo Ward, Helsinki",60.23904112402997,25.06458088967637,"['elderly travelers', 'luxury travelers', 'disabled traveler']","['Restrooms', 'Information Desk', 'Restaurant', 'Souvenir Shop', 'First Aid Station', 'Luggage Storage', 'wheelchair rental', 'benches/rest areas', 'private tours', 'skip the line passes', 'VIP exclusive events', 'ramps', 'elevators', 'wheelchair rentals', 'accessible restrooms']"
65,Helsinki,Finland,Theme Park/Amusement Park,Finnish Arctic Quest Pass,"Finnish Arctic Quest Pass is a theme park in Helsinki, Finland, popular for its memorable experiences. Entry fee is 16.79 USD. Recommended visit: 8 hours. Discover Finnish Arctic Quest Pass, a notable theme park in Helsinki, Finland, ideal for visitors. Open 09:00-18:00, entry 16.79 USD.",16.79,09:00-18:00,8 hours,3.75,"748 Seaside Promenade, Helsinki",60.24943589043812,24.943865134982747,"['fast-paced budget travel', 'foodie', 'business travelers']","['Restrooms', 'Information Desk', 'Restaurant', 'Souvenir Shop', 'First Aid Station', 'Luggage Storage', 'city passes', 'luggage storage', 'self-guided tours', 'Food markets', 'tasting tours', 'High speed WiFi']"
66,Helsinki,Finland,Theme Park/Amusement Park,Nordic Dragon Adventure Park,"Nordic Dragon Adventure Park is a theme park in Helsinki, Finland, popular for its memorable experiences. Entry fee is 54.32 USD. Recommended visit: 7 hours. Discover Nordic Dragon Adventure Park, a notable theme park in Helsinki, Finland, ideal for visitors. Open 09:00-17:00, entry 54.32 USD.",54.32,09:00-17:00,7 hours,3.75,"No. 588, Xinle Road, Helsinki",60.25258219741127,25.02235428456748,"['nightlife enthusiast', 'solo women', 'couples trip']","['Restrooms', 'Information Desk', 'Restaurant', 'Souvenir Shop', 'First Aid Station', 'Luggage Storage', 'night markets', 'bars', 'evening shows', 'group tours', 'security', 'scenic spots', 'sunset cruises', 'special couples experiences']"
67,Helsinki,Finland,Theme Park/Amusement Park,Echoes of the Northern Lights,"Echoes of the Northern Lights is a theme park in Helsinki, Finland, popular for its memorable experiences. Entry fee is 26.46 USD. Recommended visit: 7 hours. Discover Echoes of the Northern Lights, a notable theme park in Helsinki, Finland, ideal for visitors. Open 08:30-17:30, entry 26.46 USD.",26.46,08:30-17:30,7 hours,3.75,"No. 456, South Zhongshan Road, Helsinki",60.24076808927028,25.05242605617319,"['fast-paced budget travel', 'with pets', 'couples trip']","['Restrooms', 'Information Desk', 'Restaurant', 'Souvenir Shop', 'First Aid Station', 'Luggage Storage', 'city passes', 'luggage storage', 'self-guided tours', 'Pet-friendly', 'pet water stations', 'Pet rest area', 'scenic spots', 'sunset cruises', 'special couples experiences']"
68,Helsinki,Finland,Theme Park/Amusement Park,Nordic Wave Adventure,"Nordic Wave Adventure is a theme park in Helsinki, Finland, popular for its memorable experiences. Entry fee is 11.89 USD. Recommended visit: 6 hours. Discover Nordic Wave Adventure, a notable theme park in Helsinki, Finland, ideal for visitors. Open 09:00-18:00, entry 11.89 USD.",11.89,09:00-18:00,6 hours,3.75,"No. 456, Jiangbei District, Helsinki",60.240895249223264,24.93004180160713,"['solo women', 'photography', 'luxury travelers']","['Restrooms', 'Information Desk', 'Restaurant', 'Souvenir Shop', 'First Aid Station', 'Luggage Storage', 'group tours', 'security', 'photo spots', 'guided photo tours', 'charging stations', 'private tours', 'skip the line passes', 'VIP exclusive events']"
69,Helsinki,Finland,Theme Park/Amusement Park,LumiVerse: Arctic Adventure Hub,"LumiVerse: Arctic Adventure Hub is a theme park in Helsinki, Finland, popular for its memorable experiences. Entry fee is 22.56 USD. Recommended visit: 8 hours. Discover LumiVerse: Arctic Adventure Hub, a notable theme park in Helsinki, Finland, ideal for visitors. Open 08:00-22:00, entry 22.56 USD.",22.56,08:00-22:00,8 hours,3.75,"252-8673 Shibuya, Helsinki",60.15862326942906,24.91574065884163,"['photography', 'elderly travelers', 'road trip']","['Restrooms', 'Information Desk', 'Restaurant', 'Souvenir Shop', 'First Aid Station', 'Luggage Storage', 'photo spots', 'guided photo tours', 'charging stations', 'wheelchair rental', 'benches/rest areas', 'parking']"
70,Helsinki,Finland,Theme Park/Amusement Park,Finnish Fjord Fantasia,"Finnish Fjord Fantasia is a theme park in Helsinki, Finland, popular for its memorable experiences. Entry fee is 89.6 USD. Recommended visit: 7 hours. Discover Finnish Fjord Fantasia, a notable theme park in Helsinki, Finland, ideal for visitors. Open 09:00-17:30, entry 89.6 USD.",89.6,09:00-17:30,7 hours,3.75,"382 Seaside Promenade, Chuo-ku, Helsinki",60.16462377931571,24.944731447143543,"['foodie', 'solo women', 'couples trip']","['Restrooms', 'Information Desk', 'Restaurant', 'Souvenir Shop', 'First Aid Station', 'Luggage Storage', 'Food markets', 'tasting tours', 'group tours', 'security', 'scenic spots', 'sunset cruises', 'special couples experiences']"
71,Helsinki,Finland,Theme Park/Amusement Park,Aurora Pulse Nightclub,"Aurora Pulse Nightclub is a theme park in Helsinki, Finland, popular for its memorable experiences. Entry fee is 1654.66 USD. Recommended visit: 7 hours. Discover Aurora Pulse Nightclub, a notable theme park in Helsinki, Finland, ideal for visitors. Open 10:00-22:00, entry 1654.66 USD.",1654.66,10:00-22:00,7 hours,3.75,"No. 588, Haizhu Avenue, Haizhu District, Helsinki",60.20050429637283,24.866476823416303,"['with children', 'disabled traveler', 'elderly travelers']","['Restrooms', 'Information Desk', 'Restaurant', 'Souvenir Shop', 'First Aid Station', 'Luggage Storage', 'family restrooms', 'Nursing facilities', 'ramps', 'elevators', 'wheelchair rentals', 'accessible restrooms', 'wheelchair rental', 'benches/rest areas']"
72,Helsinki,Finland,Theme Park/Amusement Park,Arctic Night Walk,"Arctic Night Walk is a theme park in Helsinki, Finland, popular for its memorable experiences. Entry fee is 53.2 USD. Recommended visit: 7 hours. Discover Arctic Night Walk, a notable theme park in Helsinki, Finland, ideal for visitors. Open 08:30-17:00, entry 53.2 USD.",53.2,08:30-17:00,7 hours,3.75,"685 Shinsaibashi-dori, Chuo-ku, Helsinki",60.21227179068087,25.133101931286834,"['disabled traveler', 'elderly travelers', 'road trip']","['Restrooms', 'Information Desk', 'Restaurant', 'Souvenir Shop', 'First Aid Station', 'Luggage Storage', 'ramps', 'elevators', 'wheelchair rentals', 'accessible restrooms', 'wheelchair rental', 'benches/rest areas', 'parking']"
73,Helsinki,Finland,Theme Park/Amusement Park,Nordic Pulse Entertainment Hub,"Nordic Pulse Entertainment Hub is a theme park in Helsinki, Finland, popular for its memorable experiences. Entry fee is 12.7 USD. Recommended visit: 8 hours. Discover Nordic Pulse Entertainment Hub, a notable theme park in Helsinki, Finland, ideal for visitors. Open 09:00-18:00, entry 12.7 USD.",12.7,09:00-18:00,8 hours,3.75,"No. 456, West Street, Xiguan District, Helsinki",60.25649962185747,25.082750905667623,"['foodie', 'luxury travelers']","['Restrooms', 'Information Desk', 'Restaurant', 'Souvenir Shop', 'First Aid Station', 'Luggage Storage', 'Food markets', 'tasting tours', 'private tours', 'skip the line passes', 'VIP exclusive events']"
74,Helsinki,Finland,Theme Park/Amusement Park,Arctic Quest Adventure Park,"Arctic Quest Adventure Park is a theme park in Helsinki, Finland, popular for its memorable experiences. Entry fee is 41.86 USD. Recommended visit: 8 hours. Discover Arctic Quest Adventure Park, a notable theme park in Helsinki, Finland, ideal for visitors. Open 09:00-21:00, entry 41.86 USD.",41.86,09:00-21:00,8 hours,3.75,"No. 456, Jiangbei District, Helsinki",60.21800031058226,24.95699956449112,"['nightlife enthusiast', 'with children', 'solo women']","['Restrooms', 'Information Desk', 'Restaurant', 'Souvenir Shop', 'First Aid Station', 'Luggage Storage', 'night markets', 'bars', 'evening shows', 'family restrooms', 'Nursing facilities', 'group tours', 'security']"
75,Helsinki,Finland,Theme Park/Amusement Park,Arctic Skyline Adventure Bus with 1-Day Pass,"Arctic Skyline Adventure Bus with 1-Day Pass is a theme park in Helsinki, Finland, popular for its memorable experiences. Entry fee is 17.6 USD. Recommended visit: 6 hours. Discover Arctic Skyline Adventure Bus with 1-Day Pass, a notable theme park in Helsinki, Finland, ideal for visitors. Open 10:00-22:00, entry 17.6 USD.",17.6,10:00-22:00,6 hours,3.75,"No. 456, Xishan Scenic Avenue, Helsinki",60.216010436602346,25.18861577993566,['business travelers'],"['Restrooms', 'Information Desk', 'Restaurant', 'Souvenir Shop', 'First Aid Station', 'Luggage Storage', 'High speed WiFi']"
76,Helsinki,Finland,Theme Park/Amusement Park,Finnish Skyline Adventure,"Finnish Skyline Adventure is a theme park in Helsinki, Finland, popular for its memorable experiences. Entry fee is 15.98 USD. Recommended visit: 6 hours. Discover Finnish Skyline Adventure, a notable theme park in Helsinki, Finland, ideal for visitors. Open 09:00-18:00, entry 15.98 USD.",15.98,09:00-18:00,6 hours,3.75,"493 Shinjuku Park, Shinjuku, Helsinki",60.1626241374558,24.91604445127336,"['solo women', 'with pets', 'disabled traveler']","['Restrooms', 'Information Desk', 'Restaurant', 'Souvenir Shop', 'First Aid Station', 'Luggage Storage', 'group tours', 'security', 'Pet-friendly', 'pet water stations', 'Pet rest area', 'ramps', 'elevators', 'wheelchair rentals', 'accessible restrooms']"
77,Helsinki,Finland,Theme Park/Amusement Park,Northern Lights Adventure Park,"Northern Lights Adventure Park is a theme park in Helsinki, Finland, popular for its memorable experiences. Entry fee is 19.55 USD. Recommended visit: 6 hours. Discover Northern Lights Adventure Park, a notable theme park in Helsinki, Finland, ideal for visitors. Open 08:00-22:00, entry 19.55 USD.",19.55,08:00-22:00,6 hours,3.75,"No. 456 Riverside Road, Helsinki",60.2379782909368,25.20052462728814,"['with children', 'couples trip', 'foodie']","['Restrooms', 'Information Desk', 'Restaurant', 'Souvenir Shop', 'First Aid Station', 'Luggage Storage', 'family restrooms', 'Nursing facilities', 'scenic spots', 'sunset cruises', 'special couples experiences', 'Food markets', 'tasting tours']"
78,Helsinki,Finland,Theme Park/Amusement Park,Helsinki Harbor Sports Arena | Finnish Ice Hockey Fan Experience | Includes Team-Branded Towel,"Helsinki Harbor Sports Arena | Finnish Ice Hockey Fan Experience | Includes Team-Branded Towel is a theme park in Helsinki, Finland, popular for its memorable experiences. Entry fee is 44.17 USD. Recommended visit: 6 hours. Discover Helsinki Harbor Sports Arena | Finnish Ice Hockey Fan Experience | Includes Team-Branded Towel, a notable theme park in Helsinki, Finland, ideal for visitors. Open 10:00-20:00, entry 44.17 USD.",44.17,10:00-20:00,6 hours,3.75,"568 Tanjong Pagar Road, Helsinki",60.22075644629479,25.04832673123266,"['solo women', 'with pets', 'luxury travelers']","['Restrooms', 'Information Desk', 'Restaurant', 'Souvenir Shop', 'First Aid Station', 'Luggage Storage', 'group tours', 'security', 'Pet-friendly', 'pet water stations', 'Pet rest area', 'private tours', 'skip the line passes', 'VIP exclusive events']"
79,Helsinki,Finland,Theme Park/Amusement Park,Arctic Quest Adventure Hub,"Arctic Quest Adventure Hub is a theme park in Helsinki, Finland, popular for its memorable experiences. Entry fee is 10.15 USD. Recommended visit: 6 hours. Discover Arctic Quest Adventure Hub, a notable theme park in Helsinki, Finland, ideal for visitors. Open 10:00-19:00, entry 10.15 USD.",10.15,10:00-19:00,6 hours,3.75,"823 Suthep Road, Helsinki",60.2779181386285,25.02283836666265,"['with pets', 'disabled traveler', 'business travelers']","['Restrooms', 'Information Desk', 'Restaurant', 'Souvenir Shop', 'First Aid Station', 'Luggage Storage', 'Pet-friendly', 'pet water stations', 'Pet rest area', 'ramps', 'elevators', 'wheelchair rentals', 'accessible restrooms', 'High speed WiFi']"
80,Helsinki,Finland,Theme Park/Amusement Park,Finnish Ice Flow Experience,"Finnish Ice Flow Experience is a theme park in Helsinki, Finland, popular for its memorable experiences. Entry fee is 28.0 USD. Recommended visit: 6 hours. Discover Finnish Ice Flow Experience, a notable theme park in Helsinki, Finland, ideal for visitors. Open 09:00-18:00, entry 28.0 USD.",28.0,09:00-18:00,6 hours,3.75,"303 Nishi-Ku Street, Helsinki",60.25722416077155,25.19215693610396,['with pets'],"['Restrooms', 'Information Desk', 'Restaurant', 'Souvenir Shop', 'First Aid Station', 'Luggage Storage', 'Pet-friendly', 'pet water stations', 'Pet rest area']"
81,Helsinki,Finland,Theme Park/Amusement Park,Finnish Horizon: Echoes of the Future,"Finnish Horizon: Echoes of the Future is a theme park in Helsinki, Finland, popular for its memorable experiences. Entry fee is 29.85 USD. Recommended visit: 6 hours. Discover Finnish Horizon: Echoes of the Future, a notable theme park in Helsinki, Finland, ideal for visitors. Open 09:30-21:00, entry 29.85 USD.",29.85,09:30-21:00,6 hours,3.75,"No. 588, Huaqiao Street, Helsinki",60.22332561562655,25.153841213259224,"['with pets', 'foodie', 'disabled traveler']","['Restrooms', 'Information Desk', 'Restaurant', 'Souvenir Shop', 'First Aid Station', 'Luggage Storage', 'Pet-friendly', 'pet water stations', 'Pet rest area', 'Food markets', 'tasting tours', 'ramps', 'elevators', 'wheelchair rentals', 'accessible restrooms']"
82,Helsinki,Finland,Theme Park/Amusement Park,Nordic Quest Playland,"Nordic Quest Playland is a theme park in Helsinki, Finland, popular for its memorable experiences. Entry fee is 15.24 USD. Recommended visit: 8 hours. Discover Nordic Quest Playland, a notable theme park in Helsinki, Finland, ideal for visitors. Open 09:00-17:30, entry 15.24 USD.",15.24,09:00-17:30,8 hours,3.75,"270 Beach Road, Helsinki",60.27234662618595,24.937941261829565,"['nightlife enthusiast', 'couples trip', 'business travelers']","['Restrooms', 'Information Desk', 'Restaurant', 'Souvenir Shop', 'First Aid Station', 'Luggage Storage', 'night markets', 'bars', 'evening shows', 'scenic spots', 'sunset cruises', 'special couples experiences', 'High speed WiFi']"
83,Helsinki,Finland,Theme Park/Amusement Park,Finnish Arctic Splashland,"Finnish Arctic Splashland is a theme park in Helsinki, Finland, popular for its memorable experiences. Entry fee is 14.0 USD. Recommended visit: 6 hours. Discover Finnish Arctic Splashland, a notable theme park in Helsinki, Finland, ideal for visitors. Open 10:00-22:00, entry 14.0 USD.",14.0,10:00-22:00,6 hours,3.75,"321 Victoria Harbour Road, Helsinki",60.193681662992425,24.9706687388622,"['with children', 'fast-paced budget travel']","['Restrooms', 'Information Desk', 'Restaurant', 'Souvenir Shop', 'First Aid Station', 'Luggage Storage', 'family restrooms', 'Nursing facilities', 'city passes', 'luggage storage', 'self-guided tours']"
84,Helsinki,Finland,Theme Park/Amusement Park,Arctic Quest Adventure Park No.2,"Arctic Quest Adventure Park is a theme park in Helsinki, Finland, popular for its memorable experiences. Entry fee is 6.99 USD. Recommended visit: 8 hours. Discover Arctic Quest Adventure Park, a notable theme park in Helsinki, Finland, ideal for visitors. Open 08:00-22:00, entry 6.99 USD.",6.99,08:00-22:00,8 hours,3.75,"No. 450 Yuyuan Road, Helsinki",60.23658021898818,25.0530750471653,"['disabled traveler', 'foodie', 'elderly travelers']","['Restrooms', 'Information Desk', 'Restaurant', 'Souvenir Shop', 'First Aid Station', 'Luggage Storage', 'ramps', 'elevators', 'wheelchair rentals', 'accessible restrooms', 'Food markets', 'tasting tours', 'wheelchair rental', 'benches/rest areas']"
85,Helsinki,Finland,Theme Park/Amusement Park,Northern Lights Harmony Park,"Northern Lights Harmony Park is a theme park in Helsinki, Finland, popular for its memorable experiences. Entry fee is 9.28 USD. Recommended visit: 6 hours. Discover Northern Lights Harmony Park, a notable theme park in Helsinki, Finland, ideal for visitors. Open 09:00-17:30, entry 9.28 USD.",9.28,09:00-17:30,6 hours,3.75,"No. 456, Xiamen Beach Road, Helsinki",60.21905482582251,24.897092393547883,"['business travelers', 'couples trip', 'luxury travelers']","['Restrooms', 'Information Desk', 'Restaurant', 'Souvenir Shop', 'First Aid Station', 'Luggage Storage', 'High speed WiFi', 'scenic spots', 'sunset cruises', 'special couples experiences', 'private tours', 'skip the line passes', 'VIP exclusive events']"
86,Helsinki,Finland,Theme Park/Amusement Park,Finnish Fjord Fantasy Park,"Finnish Fjord Fantasy Park is a theme park in Helsinki, Finland, popular for its memorable experiences. Entry fee is 20.67 USD. Recommended visit: 6 hours. Discover Finnish Fjord Fantasy Park, a notable theme park in Helsinki, Finland, ideal for visitors. Open 09:00-17:30, entry 20.67 USD.",20.67,09:00-17:30,6 hours,3.75,"910 Jurong East Street 6, Helsinki",60.22920644097942,25.00050968111688,"['with pets', 'photography', 'road trip']","['Restrooms', 'Information Desk', 'Restaurant', 'Souvenir Shop', 'First Aid Station', 'Luggage Storage', 'Pet-friendly', 'pet water stations', 'Pet rest area', 'photo spots', 'guided photo tours', 'charging stations', 'parking']"
87,Helsinki,Finland,Theme Park/Amusement Park,Nordic Brickland,"Nordic Brickland is a theme park in Helsinki, Finland, popular for its memorable experiences. Entry fee is 4.06 USD. Recommended visit: 7 hours. Discover Nordic Brickland, a notable theme park in Helsinki, Finland, ideal for visitors. Open 09:00-17:30, entry 4.06 USD.",4.06,09:00-17:30,7 hours,3.75,"583-2 Gwangalli-dong, Gangseo-gu, Helsinki",60.226054824700405,25.12995761324878,"['with children', 'with pets', 'road trip']","['Restrooms', 'Information Desk', 'Restaurant', 'Souvenir Shop', 'First Aid Station', 'Luggage Storage', 'family restrooms', 'Nursing facilities', 'Pet-friendly', 'pet water stations', 'Pet rest area', 'parking']"
88,Helsinki,Finland,Theme Park/Amusement Park,LumiVilla: Nordic Cultural Park,"LumiVilla: Nordic Cultural Park is a theme park in Helsinki, Finland, popular for its memorable experiences. Entry fee is 39.62 USD. Recommended visit: 8 hours. Discover LumiVilla: Nordic Cultural Park, a notable theme park in Helsinki, Finland, ideal for visitors. Open 08:00-22:30, entry 39.62 USD.",39.62,08:00-22:30,8 hours,3.75,"617-8745 Shibuya, Helsinki",60.18716145286204,24.87475934704851,"['couples trip', 'luxury travelers']","['Restrooms', 'Information Desk', 'Restaurant', 'Souvenir Shop', 'First Aid Station', 'Luggage Storage', 'scenic spots', 'sunset cruises', 'special couples experiences', 'private tours', 'skip the line passes', 'VIP exclusive events']"
89,Helsinki,Finland,Theme Park/Amusement Park,Nordic Sky Lagoon,"Nordic Sky Lagoon is a theme park in Helsinki, Finland, popular for its memorable experiences. Entry fee is 18.98 USD. Recommended visit: 7 hours. Discover Nordic Sky Lagoon, a notable theme park in Helsinki, Finland, ideal for visitors. Open 10:00-19:00, entry 18.98 USD.",18.98,10:00-19:00,7 hours,3.75,"No. 456 Cultural Square, Helsinki",60.25047379687256,24.84463000742575,"['couples trip', 'photography', 'foodie']","['Restrooms', 'Information Desk', 'Restaurant', 'Souvenir Shop', 'First Aid Station', 'Luggage Storage', 'scenic spots', 'sunset cruises', 'special couples experiences', 'photo spots', 'guided photo tours', 'charging stations', 'Food markets', 'tasting tours']"
90,Helsinki,Finland,Theme Park/Amusement Park,AquaVista Splashland,"AquaVista Splashland is a theme park in Helsinki, Finland, popular for its memorable experiences. Entry fee is 35.0 USD. Recommended visit: 6 hours. Discover AquaVista Splashland, a notable theme park in Helsinki, Finland, ideal for visitors. Open 08:30-19:00, entry 35.0 USD.",35.0,08:30-19:00,6 hours,3.75,"881 Seaside Promenade, Helsinki",60.27088171112364,25.019873717823334,"['solo women', 'luxury travelers', 'elderly travelers']","['Restrooms', 'Information Desk', 'Restaurant', 'Souvenir Shop', 'First Aid Station', 'Luggage Storage', 'group tours', 'security', 'private tours', 'skip the line passes', 'VIP exclusive events', 'wheelchair rental', 'benches/rest areas']"
91,Helsinki,Finland,Historic Site/Landmark,Finnish Skyline Observatory,"Finnish Skyline Observatory is a historic site in Helsinki, Finland, popular for its memorable experiences. Entry fee is 4.2 USD. Recommended visit: 2 hours. Discover Finnish Skyline Observatory, a notable historic site in Helsinki, Finland, ideal for visitors. Open 10:00-22:00, entry 4.2 USD.",4.2,10:00-22:00,2 hours,3.5,"698 Beach Road, Helsinki",60.2097310136796,25.139171698724724,"['with pets', 'elderly travelers', 'business travelers']","['Restrooms', 'Information Desk', 'Restaurant', 'Souvenir Shop', 'First Aid Station', 'Luggage Storage', 'Pet-friendly', 'pet water stations', 'Pet rest area', 'wheelchair rental', 'benches/rest areas', 'High speed WiFi']"
92,Helsinki,Finland,Historic Site/Landmark,Kaisaniemi Heritage Quarter,"Kaisaniemi Heritage Quarter is a historic site in Helsinki, Finland, popular for its memorable experiences. Entry fee is 2.79 USD. Recommended visit: 2 hours. Discover Kaisaniemi Heritage Quarter, a notable historic site in Helsinki, Finland, ideal for visitors. Open 08:30-17:00, entry 2.79 USD.",2.79,08:30-17:00,2 hours,3.5,"No. 456 Cultural Avenue, Helsinki",60.178057411542525,24.938580633608893,"['with children', 'with pets', 'road trip']","['Restrooms', 'Information Desk', 'Restaurant', 'Souvenir Shop', 'First Aid Station', 'Luggage Storage', 'family restrooms', 'Nursing facilities', 'Pet-friendly', 'pet water stations', 'Pet rest area', 'parking']"
93,Helsinki,Finland,Historic Site/Landmark,Viking's Echo Pavilion,"Viking's Echo Pavilion is a historic site in Helsinki, Finland, popular for its memorable experiences. Entry fee is 11.68 USD. Recommended visit: 2 hours. Discover Viking's Echo Pavilion, a notable historic site in Helsinki, Finland, ideal for visitors. Open 08:30-17:30, entry 11.68 USD.",11.68,08:30-17:30,2 hours,3.5,"109 Rachadamnoen Road, Helsinki",60.17870034496718,25.06396886395512,"['with pets', 'photography', 'elderly travelers']","['Restrooms', 'Information Desk', 'Restaurant', 'Souvenir Shop', 'First Aid Station', 'Luggage Storage', 'Pet-friendly', 'pet water stations', 'Pet rest area', 'photo spots', 'guided photo tours', 'charging stations', 'wheelchair rental', 'benches/rest areas']"
94,Helsinki,Finland,Historic Site/Landmark,Eternal Courtyards Heritage Walk,"Eternal Courtyards Heritage Walk is a historic site in Helsinki, Finland, popular for its memorable experiences. Entry fee is 4.13 USD. Recommended visit: 2 hours. Discover Eternal Courtyards Heritage Walk, a notable historic site in Helsinki, Finland, ideal for visitors. Open 08:00-18:00, entry 4.13 USD.",4.13,08:00-18:00,2 hours,3.5,"372-12-8 Shibuya, Helsinki",60.211051578101,24.85850404135579,['road trip'],"['Restrooms', 'Information Desk', 'Restaurant', 'Souvenir Shop', 'First Aid Station', 'Luggage Storage', 'parking']"
95,Helsinki,Finland,Historic Site/Landmark,Kalevala Heritage Pavilion,"Kalevala Heritage Pavilion is a historic site in Helsinki, Finland, popular for its memorable experiences. Entry fee is 6.85 USD. Recommended visit: 2 hours. Discover Kalevala Heritage Pavilion, a notable historic site in Helsinki, Finland, ideal for visitors. Open 09:00-17:00, entry 6.85 USD.",6.85,09:00-17:00,2 hours,3.5,"730 Marina Bay Sands, Helsinki",60.27590009483671,25.02568290903253,['business travelers'],"['Restrooms', 'Information Desk', 'Restaurant', 'Souvenir Shop', 'First Aid Station', 'Luggage Storage', 'High speed WiFi']"
96,Helsinki,Finland,Historic Site/Landmark,Arctic Heritage and Athletics Hall,"Arctic Heritage and Athletics Hall is a historic site in Helsinki, Finland, popular for its memorable experiences. Entry fee is 12.6 USD. Recommended visit: 2 hours. Discover Arctic Heritage and Athletics Hall, a notable historic site in Helsinki, Finland, ideal for visitors. Open 09:00-17:30, entry 12.6 USD.",12.6,09:00-17:30,2 hours,3.5,"473-890 Nishi 1-chome, Helsinki",60.19820580242001,24.94359084097796,"['nightlife enthusiast', 'fast-paced budget travel', 'foodie']","['Restrooms', 'Information Desk', 'Restaurant', 'Souvenir Shop', 'First Aid Station', 'Luggage Storage', 'night markets', 'bars', 'evening shows', 'city passes', 'luggage storage', 'self-guided tours', 'Food markets', 'tasting tours']"
97,Helsinki,Finland,Historic Site/Landmark,Old Quarter Heritage Trail,"Old Quarter Heritage Trail is a historic site in Helsinki, Finland, popular for its memorable experiences. Entry fee is 13.36 USD. Recommended visit: 2 hours. Discover Old Quarter Heritage Trail, a notable historic site in Helsinki, Finland, ideal for visitors. Open 09:00-17:00, entry 13.36 USD.",13.36,09:00-17:00,2 hours,3.5,"No. 15, Yuyuantan Road, Helsinki",60.25677778280261,25.170382978495955,"['business travelers', 'foodie', 'road trip']","['Restrooms', 'Information Desk', 'Restaurant', 'Souvenir Shop', 'First Aid Station', 'Luggage Storage', 'High speed WiFi', 'Food markets', 'tasting tours', 'parking']"
98,Helsinki,Finland,Historic Site/Landmark,Aurora's Gaze Tower,"Aurora's Gaze Tower is a historic site in Helsinki, Finland, popular for its memorable experiences. Entry fee is 6.23 USD. Recommended visit: 2 hours. Discover Aurora's Gaze Tower, a notable historic site in Helsinki, Finland, ideal for visitors. Open 10:00-22:00, entry 6.23 USD.",6.23,10:00-22:00,2 hours,3.5,"826-12, Gwanak-daero, Gwanak-gu, Helsinki",60.14243463515545,25.046113213614507,"['luxury travelers', 'disabled traveler', 'road trip']","['Restrooms', 'Information Desk', 'Restaurant', 'Souvenir Shop', 'First Aid Station', 'Luggage Storage', 'private tours', 'skip the line passes', 'VIP exclusive events', 'ramps', 'elevators', 'wheelchair rentals', 'accessible restrooms', 'parking']"
99,Helsinki,Finland,Historic Site/Landmark,Helsinki Skyline Heritage Walk,"Helsinki Skyline Heritage Walk is a historic site in Helsinki, Finland, popular for its memorable experiences. Entry fee is 36.54 USD. Recommended visit: 2 hours. Discover Helsinki Skyline Heritage Walk, a notable historic site in Helsinki, Finland, ideal for visitors. Open 09:00-17:30, entry 36.54 USD.",36.54,09:00-17:30,2 hours,3.5,"874-1-1 Namba, Chuo Ward, Helsinki",60.24881880715977,24.979290717134056,"['photography', 'luxury travelers', 'disabled traveler']","['Restrooms', 'Information Desk', 'Restaurant', 'Souvenir Shop', 'First Aid Station', 'Luggage Storage', 'photo spots', 'guided photo tours', 'charging stations', 'private tours', 'skip the line passes', 'VIP exclusive events', 'ramps', 'elevators', 'wheelchair rentals', 'accessible restrooms']"
100,Helsinki,Finland,Historic Site/Landmark,Finnish Skyline Panorama No.3,"Finnish Skyline Panorama is a historic site in Helsinki, Finland, popular for its memorable experiences. Entry fee is 16.97 USD. Recommended visit: 2 hours. Discover Finnish Skyline Panorama, a notable historic site in Helsinki, Finland, ideal for visitors. Open 08:30-17:30, entry 16.97 USD.",16.97,08:30-17:30,2 hours,3.5,"399 Jurong Hill, Helsinki",60.25833866791568,24.99852027420626,"['photography', 'disabled traveler', 'road trip']","['Restrooms', 'Information Desk', 'Restaurant', 'Souvenir Shop', 'First Aid Station', 'Luggage Storage', 'photo spots', 'guided photo tours', 'charging stations', 'ramps', 'elevators', 'wheelchair rentals', 'accessible restrooms', 'parking']"
101,Helsinki,Finland,Historic Site/Landmark,Kaisaniemi Skyview Spire,"Kaisaniemi Skyview Spire is a historic site in Helsinki, Finland, popular for its memorable experiences. Entry fee is 7.0 USD. Recommended visit: 2 hours. Discover Kaisaniemi Skyview Spire, a notable historic site in Helsinki, Finland, ideal for visitors. Open 08:30-17:00, entry 7.0 USD.",7.0,08:30-17:00,2 hours,3.5,"No. 58 Banpo Road, Helsinki",60.21820481091147,25.104375413101533,"['solo women', 'elderly travelers', 'road trip']","['Restrooms', 'Information Desk', 'Restaurant', 'Souvenir Shop', 'First Aid Station', 'Luggage Storage', 'group tours', 'security', 'wheelchair rental', 'benches/rest areas', 'parking']"
102,Helsinki,Finland,Historic Site/Landmark,Aurora Echo Hall,"Aurora Echo Hall is a historic site in Helsinki, Finland, popular for its memorable experiences. Entry fee is 248.4 USD. Recommended visit: 2 hours. Discover Aurora Echo Hall, a notable historic site in Helsinki, Finland, ideal for visitors. Open 08:30-19:00, entry 248.4 USD.",248.4,08:30-19:00,2 hours,3.5,"412 Jurong East Avenue 6, Helsinki",60.26015748413644,24.97202390026851,"['luxury travelers', 'business travelers']","['Restrooms', 'Information Desk', 'Restaurant', 'Souvenir Shop', 'First Aid Station', 'Luggage Storage', 'private tours', 'skip the line passes', 'VIP exclusive events', 'High speed WiFi']"
103,Helsinki,Finland,Historic Site/Landmark,Viking Echoes Heritage Trail,"Viking Echoes Heritage Trail is a historic site in Helsinki, Finland, popular for its memorable experiences. Entry fee is 10.59 USD. Recommended visit: 2 hours. Discover Viking Echoes Heritage Trail, a notable historic site in Helsinki, Finland, ideal for visitors. Open 09:30-17:00, entry 10.59 USD.",10.59,09:30-17:00,2 hours,3.5,"No. 456 Riverside Road, Helsinki",60.24753548478599,24.914437811029284,"['with pets', 'elderly travelers', 'business travelers']","['Restrooms', 'Information Desk', 'Restaurant', 'Souvenir Shop', 'First Aid Station', 'Luggage Storage', 'Pet-friendly', 'pet water stations', 'Pet rest area', 'wheelchair rental', 'benches/rest areas', 'High speed WiFi']"
104,Helsinki,Finland,Historic Site/Landmark,Aurora Heritage Workshop,"Aurora Heritage Workshop is a historic site in Helsinki, Finland, popular for its memorable experiences. Entry fee is 24.92 USD. Recommended visit: 2 hours. Discover Aurora Heritage Workshop, a notable historic site in Helsinki, Finland, ideal for visitors. Open 06:00-18:00, entry 24.92 USD.",24.92,06:00-18:00,2 hours,3.5,"489 Sakura Street, Nishi Ward, Helsinki",60.25463630390188,25.19608155207794,"['fast-paced budget travel', 'foodie', 'couples trip']","['Restrooms', 'Information Desk', 'Restaurant', 'Souvenir Shop', 'First Aid Station', 'Luggage Storage', 'city passes', 'luggage storage', 'self-guided tours', 'Food markets', 'tasting tours', 'scenic spots', 'sunset cruises', 'special couples experiences']"
105,Helsinki,Finland,Historic Site/Landmark,Finnish Heritage Walk at Old Cathedral Square and Royal Palace Gardens,"Finnish Heritage Walk at Old Cathedral Square and Royal Palace Gardens is a historic site in Helsinki, Finland, popular for its memorable experiences. Entry fee is 26.79 USD. Recommended visit: 2 hours. Discover Finnish Heritage Walk at Old Cathedral Square and Royal Palace Gardens, a notable historic site in Helsinki, Finland, ideal for visitors. Open 09:00-21:00, entry 26.79 USD.",26.79,09:00-21:00,2 hours,3.5,"No. 456 Zhongshan Road, Helsinki",60.26963589131198,25.188453201979108,"['with children', 'solo women']","['Restrooms', 'Information Desk', 'Restaurant', 'Souvenir Shop', 'First Aid Station', 'Luggage Storage', 'family restrooms', 'Nursing facilities', 'group tours', 'security']"
106,Helsinki,Finland,Historic Site/Landmark,Finnish Heritage Ensemble,"Finnish Heritage Ensemble is a historic site in Helsinki, Finland, popular for its memorable experiences. Entry fee is 29.19 USD. Recommended visit: 2 hours. Discover Finnish Heritage Ensemble, a notable historic site in Helsinki, Finland, ideal for visitors. Open 08:30-17:30, entry 29.19 USD.",29.19,08:30-17:30,2 hours,3.5,"568 Tanjong Pagar Road, Helsinki",60.198292676772205,25.02463066773057,"['fast-paced budget travel', 'with pets', 'elderly travelers']","['Restrooms', 'Information Desk', 'Restaurant', 'Souvenir Shop', 'First Aid Station', 'Luggage Storage', 'city passes', 'luggage storage', 'self-guided tours', 'Pet-friendly', 'pet water stations', 'Pet rest area', 'wheelchair rental', 'benches/rest areas']"
107,Helsinki,Finland,Historic Site/Landmark,Aurora's Edge Observation Tower,"Aurora's Edge Observation Tower is a historic site in Helsinki, Finland, popular for its memorable experiences. Entry fee is 114.46 USD. Recommended visit: 2 hours. Discover Aurora's Edge Observation Tower, a notable historic site in Helsinki, Finland, ideal for visitors. Open 08:30-17:00, entry 114.46 USD.",114.46,08:30-17:00,2 hours,3.5,"No. 125, Xujiahui Road, Helsinki",60.261475328156166,24.951403650706744,"['with children', 'couples trip', 'disabled traveler']","['Restrooms', 'Information Desk', 'Restaurant', 'Souvenir Shop', 'First Aid Station', 'Luggage Storage', 'family restrooms', 'Nursing facilities', 'scenic spots', 'sunset cruises', 'special couples experiences', 'ramps', 'elevators', 'wheelchair rentals', 'accessible restrooms']"
108,Helsinki,Finland,Historic Site/Landmark,Viking's Echo Square,"Viking's Echo Square is a historic site in Helsinki, Finland, popular for its memorable experiences. Entry fee is 1.4 USD. Recommended visit: 2 hours. Discover Viking's Echo Square, a notable historic site in Helsinki, Finland, ideal for visitors. Open 09:00-17:30, entry 1.4 USD.",1.4,09:00-17:30,2 hours,3.5,"809 Seongsan Road, Helsinki",60.19666628148035,25.11312887855613,"['foodie', 'couples trip', 'business travelers']","['Restrooms', 'Information Desk', 'Restaurant', 'Souvenir Shop', 'First Aid Station', 'Luggage Storage', 'Food markets', 'tasting tours', 'scenic spots', 'sunset cruises', 'special couples experiences', 'High speed WiFi']"
109,Helsinki,Finland,Historic Site/Landmark,Aurinko Heights Observation Lounge,"Aurinko Heights Observation Lounge is a historic site in Helsinki, Finland, popular for its memorable experiences. Entry fee is 15.16 USD. Recommended visit: 2 hours. Discover Aurinko Heights Observation Lounge, a notable historic site in Helsinki, Finland, ideal for visitors. Open 10:00-20:00, entry 15.16 USD.",15.16,10:00-20:00,2 hours,3.5,"430 Rachadaphisek Road, Pathum Wan, Helsinki",60.212791902265664,25.175777747911045,"['nightlife enthusiast', 'foodie', 'disabled traveler']","['Restrooms', 'Information Desk', 'Restaurant', 'Souvenir Shop', 'First Aid Station', 'Luggage Storage', 'night markets', 'bars', 'evening shows', 'Food markets', 'tasting tours', 'ramps', 'elevators', 'wheelchair rentals', 'accessible restrooms']"
110,Helsinki,Finland,Historic Site/Landmark,Frostspire Citadel,"Frostspire Citadel is a historic site in Helsinki, Finland, popular for its memorable experiences. Entry fee is 50.54 USD. Recommended visit: 2 hours. Discover Frostspire Citadel, a notable historic site in Helsinki, Finland, ideal for visitors. Open 09:00-17:30, entry 50.54 USD.",50.54,09:00-17:30,2 hours,3.5,"501-1 Nishi 1-chome, Helsinki",60.27704838145844,25.20543079669145,['photography'],"['Restrooms', 'Information Desk', 'Restaurant', 'Souvenir Shop', 'First Aid Station', 'Luggage Storage', 'photo spots', 'guided photo tours', 'charging stations']"
111,Helsinki,Finland,Historic Site/Landmark,Finnish Drum Circle at the Old Harbor,"Finnish Drum Circle at the Old Harbor is a historic site in Helsinki, Finland, popular for its memorable experiences. Entry fee is 9.73 USD. Recommended visit: 2 hours. Discover Finnish Drum Circle at the Old Harbor, a notable historic site in Helsinki, Finland, ideal for visitors. Open 09:00-18:00, entry 9.73 USD.",9.73,09:00-18:00,2 hours,3.5,"219-2-3 Nishiki-chuo, Kita-ku, Helsinki",60.22333891142076,24.929034747994173,['luxury travelers'],"['Restrooms', 'Information Desk', 'Restaurant', 'Souvenir Shop', 'First Aid Station', 'Luggage Storage', 'private tours', 'skip the line passes', 'VIP exclusive events']"
112,Helsinki,Finland,Historic Site/Landmark,Aqua Haven Monument,"Aqua Haven Monument is a historic site in Helsinki, Finland, popular for its memorable experiences. Entry fee is 42.0 USD. Recommended visit: 2 hours. Discover Aqua Haven Monument, a notable historic site in Helsinki, Finland, ideal for visitors. Open 19:30-22:30, entry 42.0 USD.",42.0,19:30-22:30,2 hours,3.5,"852-8501 Sapporo City, Nishi 10-chome, Helsinki",60.1698697111599,25.01997131354782,"['fast-paced budget travel', 'photography', 'road trip']","['Restrooms', 'Information Desk', 'Restaurant', 'Souvenir Shop', 'First Aid Station', 'Luggage Storage', 'city passes', 'luggage storage', 'self-guided tours', 'photo spots', 'guided photo tours', 'charging stations', 'parking']"
113,Helsinki,Finland,Historic Site/Landmark,Vellamo Heritage Keep and Lumi Academy,"Vellamo Heritage Keep and Lumi Academy is a historic site in Helsinki, Finland, popular for its memorable experiences. Entry fee is 21.77 USD. Recommended visit: 2 hours. Discover Vellamo Heritage Keep and Lumi Academy, a notable historic site in Helsinki, Finland, ideal for visitors. Open 10:00-19:00, entry 21.77 USD.",21.77,10:00-19:00,2 hours,3.5,"146 Beach Road, Helsinki",60.2052312191078,24.898859050188,"['with children', 'disabled traveler', 'road trip']","['Restrooms', 'Information Desk', 'Restaurant', 'Souvenir Shop', 'First Aid Station', 'Luggage Storage', 'family restrooms', 'Nursing facilities', 'ramps', 'elevators', 'wheelchair rentals', 'accessible restrooms', 'parking']"
114,Helsinki,Finland,Historic Site/Landmark,Vesijalka Heritage Hall,"Vesijalka Heritage Hall is a historic site in Helsinki, Finland, popular for its memorable experiences. Entry fee is 5.38 USD. Recommended visit: 2 hours. Discover Vesijalka Heritage Hall, a notable historic site in Helsinki, Finland, ideal for visitors. Open 09:00-21:00, entry 5.38 USD.",5.38,09:00-21:00,2 hours,3.5,"290 Gwangjang-ro, Jongno-gu, Helsinki",60.22849228769308,25.16669465184561,"['nightlife enthusiast', 'with children', 'with pets']","['Restrooms', 'Information Desk', 'Restaurant', 'Souvenir Shop', 'First Aid Station', 'Luggage Storage', 'night markets', 'bars', 'evening shows', 'family restrooms', 'Nursing facilities', 'Pet-friendly', 'pet water stations', 'Pet rest area']"
115,Helsinki,Finland,Historic Site/Landmark,Finnish Heritage Combat Theater,"Finnish Heritage Combat Theater is a historic site in Helsinki, Finland, popular for its memorable experiences. Entry fee is 7.84 USD. Recommended visit: 2 hours. Discover Finnish Heritage Combat Theater, a notable historic site in Helsinki, Finland, ideal for visitors. Open 09:00-22:00, entry 7.84 USD.",7.84,09:00-22:00,2 hours,3.5,"642 Ratchadaphisek Road, Pathumwan, Helsinki",60.20728122185458,24.956968048348045,"['with pets', 'couples trip', 'business travelers']","['Restrooms', 'Information Desk', 'Restaurant', 'Souvenir Shop', 'First Aid Station', 'Luggage Storage', 'Pet-friendly', 'pet water stations', 'Pet rest area', 'scenic spots', 'sunset cruises', 'special couples experiences', 'High speed WiFi']"
116,Helsinki,Finland,Historic Site/Landmark,Kaisaniemi Heritage Walk,"Kaisaniemi Heritage Walk is a historic site in Helsinki, Finland, popular for its memorable experiences. Entry fee is 16.52 USD. Recommended visit: 2 hours. Discover Kaisaniemi Heritage Walk, a notable historic site in Helsinki, Finland, ideal for visitors. Open 09:00-18:00, entry 16.52 USD.",16.52,09:00-18:00,2 hours,3.5,"No. 125 Zhanghua Road, Helsinki",60.25196401846716,24.91564921494975,"['nightlife enthusiast', 'with children', 'luxury travelers']","['Restrooms', 'Information Desk', 'Restaurant', 'Souvenir Shop', 'First Aid Station', 'Luggage Storage', 'night markets', 'bars', 'evening shows', 'family restrooms', 'Nursing facilities', 'private tours', 'skip the line passes', 'VIP exclusive events']"
117,Helsinki,Finland,Historic Site/Landmark,Era's Echo Hall,"Era's Echo Hall is a historic site in Helsinki, Finland, popular for its memorable experiences. Entry fee is 5.6 USD. Recommended visit: 2 hours. Discover Era's Echo Hall, a notable historic site in Helsinki, Finland, ideal for visitors. Open 10:00-18:00, entry 5.6 USD.",5.6,10:00-18:00,2 hours,3.5,"112 Shinsaibashi Dori, Chuo Ward, Helsinki",60.2637416026055,24.89902328254712,"['nightlife enthusiast', 'with children', 'solo women']","['Restrooms', 'Information Desk', 'Restaurant', 'Souvenir Shop', 'First Aid Station', 'Luggage Storage', 'night markets', 'bars', 'evening shows', 'family restrooms', 'Nursing facilities', 'group tours', 'security']"
118,Helsinki,Finland,Historic Site/Landmark,Vellamo Heritage House,"Vellamo Heritage House is a historic site in Helsinki, Finland, popular for its memorable experiences. Entry fee is 78.46 USD. Recommended visit: 2 hours. Discover Vellamo Heritage House, a notable historic site in Helsinki, Finland, ideal for visitors. Open 08:30-17:00, entry 78.46 USD.",78.46,08:30-17:00,2 hours,3.5,"970 Shinsaibashi Dori, Chuo Ward, Helsinki",60.26392771446596,25.22925481322341,"['with children', 'with pets']","['Restrooms', 'Information Desk', 'Restaurant', 'Souvenir Shop', 'First Aid Station', 'Luggage Storage', 'family restrooms', 'Nursing facilities', 'Pet-friendly', 'pet water stations', 'Pet rest area']"
119,Helsinki,Finland,Historic Site/Landmark,Vantaa Castle Heritage Tour,"Vantaa Castle Heritage Tour is a historic site in Helsinki, Finland, popular for its memorable experiences. Entry fee is 474.46 USD. Recommended visit: 2 hours. Discover Vantaa Castle Heritage Tour, a notable historic site in Helsinki, Finland, ideal for visitors. Open 08:30-20:00, entry 474.46 USD.",474.46,08:30-20:00,2 hours,3.5,"975 Nai Harn Road, Helsinki",60.25013470115866,24.94640897166144,"['fast-paced budget travel', 'couples trip']","['Restrooms', 'Information Desk', 'Restaurant', 'Souvenir Shop', 'First Aid Station', 'Luggage Storage', 'city passes', 'luggage storage', 'self-guided tours', 'scenic spots', 'sunset cruises', 'special couples experiences']"
120,Helsinki,Finland,Historic Site/Landmark,Aurora Hall of Echoes,"Aurora Hall of Echoes is a historic site in Helsinki, Finland, popular for its memorable experiences. Entry fee is 0.0 USD. Recommended visit: 2 hours. Discover Aurora Hall of Echoes, a notable historic site in Helsinki, Finland, ideal for visitors. Open 08:30-17:30, entry 0.0 USD.",0.0,08:30-17:30,2 hours,3.5,"788 Suthep Road, Helsinki",60.23328672512711,24.85620705768791,"['photography', 'couples trip', 'elderly travelers']","['Restrooms', 'Information Desk', 'Restaurant', 'Souvenir Shop', 'First Aid Station', 'Luggage Storage', 'photo spots', 'guided photo tours', 'charging stations', 'scenic spots', 'sunset cruises', 'special couples experiences', 'wheelchair rental', 'benches/rest areas']"
121,Helsinki,Finland,Historic Site/Landmark,Aurora Hall,"Aurora Hall is a historic site in Helsinki, Finland, popular for its memorable experiences. Entry fee is 160.64 USD. Recommended visit: 2 hours. Discover Aurora Hall, a notable historic site in Helsinki, Finland, ideal for visitors. Open 09:00-17:00, entry 160.64 USD.",160.64,09:00-17:00,2 hours,3.5,"245 Sakura Street, Helsinki",60.19823363096935,24.9132195652934,"['with children', 'photography', 'foodie']","['Restrooms', 'Information Desk', 'Restaurant', 'Souvenir Shop', 'First Aid Station', 'Luggage Storage', 'family restrooms', 'Nursing facilities', 'photo spots', 'guided photo tours', 'charging stations', 'Food markets', 'tasting tours']"
122,Helsinki,Finland,Museum/Art Gallery,LumiCraft Studio,"LumiCraft Studio is a museum in Helsinki, Finland, popular for its unique collections and exhibitions. Entry fee is 15.9 USD. Recommended visit: 2 hours. Discover LumiCraft Studio, a renowned museum in Helsinki, Finland, ideal for art lovers. Open 10:00-22:00, entry 15.9 USD.",15.9,10:00-22:00,2 hours,4.0,"705 Jurong East Avenue 6, Helsinki",60.2239432896267,25.03987081653924,"['nightlife enthusiast', 'with children', 'foodie']","['Restrooms', 'Information Desk', 'Restaurant', 'Souvenir Shop', 'First Aid Station', 'Luggage Storage', 'night markets', 'bars', 'evening shows', 'family restrooms', 'Nursing facilities', 'Food markets', 'tasting tours']"
123,Helsinki,Finland,Museum/Art Gallery,Echoes of the Subterranean,"Echoes of the Subterranean is a museum in Helsinki, Finland, popular for its unique collections and exhibitions. Entry fee is 37.37 USD. Recommended visit: 2 hours. Discover Echoes of the Subterranean, a renowned museum in Helsinki, Finland, ideal for art lovers. Open 10:00-18:00, entry 37.37 USD.",37.37,10:00-18:00,2 hours,4.0,"No. 123 Huaihai Road, Helsinki",60.18904843970185,24.96682810985217,"['fast-paced budget travel', 'foodie', 'road trip']","['Restrooms', 'Information Desk', 'Restaurant', 'Souvenir Shop', 'First Aid Station', 'Luggage Storage', 'city passes', 'luggage storage', 'self-guided tours', 'Food markets', 'tasting tours', 'parking']"
124,Helsinki,Finland,Museum/Art Gallery,Northern Horizon Art Collective,"Northern Horizon Art Collective is a museum in Helsinki, Finland, popular for its unique collections and exhibitions. Entry fee is 8.63 USD. Recommended visit: 2 hours. Discover Northern Horizon Art Collective, a renowned museum in Helsinki, Finland, ideal for art lovers. Open 09:00-17:30, entry 8.63 USD.",8.63,09:00-17:30,2 hours,4.0,"No. 456, Cultural Avenue, Futian District, Helsinki",60.25818087158304,25.183391748183386,"['solo women', 'couples trip', 'luxury travelers']","['Restrooms', 'Information Desk', 'Restaurant', 'Souvenir Shop', 'First Aid Station', 'Luggage Storage', 'group tours', 'security', 'scenic spots', 'sunset cruises', 'special couples experiences', 'private tours', 'skip the line passes', 'VIP exclusive events']"
125,Helsinki,Finland,Museum/Art Gallery,Lumi Contemporary Space,"Lumi Contemporary Space is a museum in Helsinki, Finland, popular for its unique collections and exhibitions. Entry fee is 5.61 USD. Recommended visit: 2 hours. Discover Lumi Contemporary Space, a renowned museum in Helsinki, Finland, ideal for art lovers. Open 11:00-21:00, entry 5.61 USD.",5.61,11:00-21:00,2 hours,4.0,"616 Sakura Street, Helsinki",60.24977954042798,25.061157135616167,"['with children', 'photography', 'foodie']","['Restrooms', 'Information Desk', 'Restaurant', 'Souvenir Shop', 'First Aid Station', 'Luggage Storage', 'family restrooms', 'Nursing facilities', 'photo spots', 'guided photo tours', 'charging stations', 'Food markets', 'tasting tours']"
126,Helsinki,Finland,Museum/Art Gallery,The Nordic Teahouse,"The Nordic Teahouse is a museum in Helsinki, Finland, popular for its unique collections and exhibitions. Entry fee is 12.28 USD. Recommended visit: 2 hours. Discover The Nordic Teahouse, a renowned museum in Helsinki, Finland, ideal for art lovers. Open 10:00-19:00, entry 12.28 USD.",12.28,10:00-19:00,2 hours,4.0,"809 Suthep Road, Helsinki",60.214426550486735,24.86443074587377,"['nightlife enthusiast', 'foodie', 'couples trip']","['Restrooms', 'Information Desk', 'Restaurant', 'Souvenir Shop', 'First Aid Station', 'Luggage Storage', 'night markets', 'bars', 'evening shows', 'Food markets', 'tasting tours', 'scenic spots', 'sunset cruises', 'special couples experiences']"
127,Helsinki,Finland,Museum/Art Gallery,LumiLands Interactive Haven,"LumiLands Interactive Haven is a museum in Helsinki, Finland, popular for its unique collections and exhibitions. Entry fee is 28.12 USD. Recommended visit: 2 hours. Discover LumiLands Interactive Haven, a renowned museum in Helsinki, Finland, ideal for art lovers. Open 10:00-20:00, entry 28.12 USD.",28.12,10:00-20:00,2 hours,4.0,"365 Shinjuku Park, Shinjuku, Helsinki",60.23398590466468,25.028628046883444,"['nightlife enthusiast', 'elderly travelers', 'business travelers']","['Restrooms', 'Information Desk', 'Restaurant', 'Souvenir Shop', 'First Aid Station', 'Luggage Storage', 'night markets', 'bars', 'evening shows', 'wheelchair rental', 'benches/rest areas', 'High speed WiFi']"
128,Helsinki,Finland,Museum/Art Gallery,Echoes of the North,"Echoes of the North is a museum in Helsinki, Finland, popular for its unique collections and exhibitions. Entry fee is 3.78 USD. Recommended visit: 2 hours. Discover Echoes of the North, a renowned museum in Helsinki, Finland, ideal for art lovers. Open 10:00-22:00, entry 3.78 USD.",3.78,10:00-22:00,2 hours,4.0,"730 Shibuya Crossing Street, Helsinki",60.249545234901376,24.98771798850713,"['with children', 'foodie', 'road trip']","['Restrooms', 'Information Desk', 'Restaurant', 'Souvenir Shop', 'First Aid Station', 'Luggage Storage', 'family restrooms', 'Nursing facilities', 'Food markets', 'tasting tours', 'parking']"
129,Helsinki,Finland,Museum/Art Gallery,Northern Light Contemporary Gallery,"Northern Light Contemporary Gallery is a museum in Helsinki, Finland, popular for its unique collections and exhibitions. Entry fee is 10.4 USD. Recommended visit: 2 hours. Discover Northern Light Contemporary Gallery, a renowned museum in Helsinki, Finland, ideal for art lovers. Open 09:00-17:30, entry 10.4 USD.",10.4,09:00-17:30,2 hours,4.0,"No. 567, Ocean Road, Helsinki",60.17082658035709,25.050976259195643,"['solo women', 'with pets', 'foodie']","['Restrooms', 'Information Desk', 'Restaurant', 'Souvenir Shop', 'First Aid Station', 'Luggage Storage', 'group tours', 'security', 'Pet-friendly', 'pet water stations', 'Pet rest area', 'Food markets', 'tasting tours']"
130,Helsinki,Finland,Museum/Art Gallery,Northern Light Artistry,"Northern Light Artistry is a museum in Helsinki, Finland, popular for its unique collections and exhibitions. Entry fee is 7.0 USD. Recommended visit: 2 hours. Discover Northern Light Artistry, a renowned museum in Helsinki, Finland, ideal for art lovers. Open 09:30-17:00, entry 7.0 USD.",7.0,09:30-17:00,2 hours,4.0,"819-8901 Shibuya, Helsinki",60.22245018277012,25.169670732737845,"['nightlife enthusiast', 'elderly travelers', 'business travelers']","['Restrooms', 'Information Desk', 'Restaurant', 'Souvenir Shop', 'First Aid Station', 'Luggage Storage', 'night markets', 'bars', 'evening shows', 'wheelchair rental', 'benches/rest areas', 'High speed WiFi']"
131,Helsinki,Finland,Museum/Art Gallery,SweetHaven Chocolate Workshop,"SweetHaven Chocolate Workshop is a museum in Helsinki, Finland, popular for its unique collections and exhibitions. Entry fee is 9.17 USD. Recommended visit: 2 hours. Discover SweetHaven Chocolate Workshop, a renowned museum in Helsinki, Finland, ideal for art lovers. Open 09:00-18:00, entry 9.17 USD.",9.17,09:00-18:00,2 hours,4.0,"No. 456, Cultural Avenue, Helsinki",60.20042879888705,24.871954295917764,"['with pets', 'luxury travelers', 'road trip']","['Restrooms', 'Information Desk', 'Restaurant', 'Souvenir Shop', 'First Aid Station', 'Luggage Storage', 'Pet-friendly', 'pet water stations', 'Pet rest area', 'private tours', 'skip the line passes', 'VIP exclusive events', 'parking']"
132,Helsinki,Finland,Museum/Art Gallery,Shadowlight Studio,"Shadowlight Studio is a museum in Helsinki, Finland, popular for its unique collections and exhibitions. Entry fee is 14.47 USD. Recommended visit: 2 hours. Discover Shadowlight Studio, a renowned museum in Helsinki, Finland, ideal for art lovers. Open 09:00-18:00, entry 14.47 USD.",14.47,09:00-18:00,2 hours,4.0,"877-10 Gwanghwamun Station-ro, Yongsan-gu, Helsinki",60.248573653539815,24.98178804847557,"['fast-paced budget travel', 'solo women', 'photography']","['Restrooms', 'Information Desk', 'Restaurant', 'Souvenir Shop', 'First Aid Station', 'Luggage Storage', 'city passes', 'luggage storage', 'self-guided tours', 'group tours', 'security', 'photo spots', 'guided photo tours', 'charging stations']"
133,Helsinki,Finland,Museum/Art Gallery,Abyssal Tide Gallery,"Abyssal Tide Gallery is a museum in Helsinki, Finland, popular for its unique collections and exhibitions. Entry fee is 52.55 USD. Recommended visit: 2 hours. Discover Abyssal Tide Gallery, a renowned museum in Helsinki, Finland, ideal for art lovers. Open 09:30-17:00, entry 52.55 USD.",52.55,09:30-17:00,2 hours,4.0,"604/2 Charoenkrung Road, Thonburi District, Helsinki",60.19208081622459,25.03017451831296,"['nightlife enthusiast', 'fast-paced budget travel', 'business travelers']","['Restrooms', 'Information Desk', 'Restaurant', 'Souvenir Shop', 'First Aid Station', 'Luggage Storage', 'night markets', 'bars', 'evening shows', 'city passes', 'luggage storage', 'self-guided tours', 'High speed WiFi']"
134,Helsinki,Finland,Museum/Art Gallery,Echoes of the Baltic,"Echoes of the Baltic is a museum in Helsinki, Finland, popular for its unique collections and exhibitions. Entry fee is 7.79 USD. Recommended visit: 2 hours. Discover Echoes of the Baltic, a renowned museum in Helsinki, Finland, ideal for art lovers. Open 09:00-17:30, entry 7.79 USD.",7.79,09:00-17:30,2 hours,4.0,"No. 588, Jing'an Road, Jing'an District, Helsinki",60.19464552687754,24.94745628314153,['couples trip'],"['Restrooms', 'Information Desk', 'Restaurant', 'Souvenir Shop', 'First Aid Station', 'Luggage Storage', 'scenic spots', 'sunset cruises', 'special couples experiences']"
135,Helsinki,Finland,Museum/Art Gallery,Lumi Path of Reflections,"Lumi Path of Reflections is a museum in Helsinki, Finland, popular for its unique collections and exhibitions. Entry fee is 6.2 USD. Recommended visit: 2 hours. Discover Lumi Path of Reflections, a renowned museum in Helsinki, Finland, ideal for art lovers. Open 09:30-17:00, entry 6.2 USD.",6.2,09:30-17:00,2 hours,4.0,"378 Marina Bay, Helsinki",60.20309849346896,24.924260187248315,"['with pets', 'photography', 'luxury travelers']","['Restrooms', 'Information Desk', 'Restaurant', 'Souvenir Shop', 'First Aid Station', 'Luggage Storage', 'Pet-friendly', 'pet water stations', 'Pet rest area', 'photo spots', 'guided photo tours', 'charging stations', 'private tours', 'skip the line passes', 'VIP exclusive events']"
136,Helsinki,Finland,Museum/Art Gallery,Echoes of Time Gallery,"Echoes of Time Gallery is a museum in Helsinki, Finland, popular for its unique collections and exhibitions. Entry fee is 16.33 USD. Recommended visit: 2 hours. Discover Echoes of Time Gallery, a renowned museum in Helsinki, Finland, ideal for art lovers. Open 10:00-19:00, entry 16.33 USD.",16.33,10:00-19:00,2 hours,4.0,"No. 456, Innovation Avenue, Helsinki",60.227303809500384,25.00391204504836,"['fast-paced budget travel', 'with pets']","['Restrooms', 'Information Desk', 'Restaurant', 'Souvenir Shop', 'First Aid Station', 'Luggage Storage', 'city passes', 'luggage storage', 'self-guided tours', 'Pet-friendly', 'pet water stations', 'Pet rest area']"
137,Helsinki,Finland,Museum/Art Gallery,Lumi Fusion Art Collective,"Lumi Fusion Art Collective is a museum in Helsinki, Finland, popular for its unique collections and exhibitions. Entry fee is 4.57 USD. Recommended visit: 2 hours. Discover Lumi Fusion Art Collective, a renowned museum in Helsinki, Finland, ideal for art lovers. Open 09:00-17:00, entry 4.57 USD.",4.57,09:00-17:00,2 hours,4.0,"No. 456, Haiyue Road, Helsinki",60.21633854788776,24.89066877849964,['photography'],"['Restrooms', 'Information Desk', 'Restaurant', 'Souvenir Shop', 'First Aid Station', 'Luggage Storage', 'photo spots', 'guided photo tours', 'charging stations']"
138,Helsinki,Finland,Museum/Art Gallery,Finnish Heritage Lantern Gallery,"Finnish Heritage Lantern Gallery is a museum in Helsinki, Finland, popular for its unique collections and exhibitions. Entry fee is 2.77 USD. Recommended visit: 2 hours. Discover Finnish Heritage Lantern Gallery, a renowned museum in Helsinki, Finland, ideal for art lovers. Open 10:00-20:00, entry 2.77 USD.",2.77,10:00-20:00,2 hours,4.0,"963 Shinsaibashi Dori, Chuo Ward, Helsinki",60.21994193846357,24.849068224034355,"['with children', 'solo women', 'couples trip']","['Restrooms', 'Information Desk', 'Restaurant', 'Souvenir Shop', 'First Aid Station', 'Luggage Storage', 'family restrooms', 'Nursing facilities', 'group tours', 'security', 'scenic spots', 'sunset cruises', 'special couples experiences']"
139,Helsinki,Finland,Museum/Art Gallery,Northern Light Artistry Gallery,"Northern Light Artistry Gallery is a museum in Helsinki, Finland, popular for its unique collections and exhibitions. Entry fee is 4.35 USD. Recommended visit: 2 hours. Discover Northern Light Artistry Gallery, a renowned museum in Helsinki, Finland, ideal for art lovers. Open 09:00-17:30, entry 4.35 USD.",4.35,09:00-17:30,2 hours,4.0,"423 Shirokane Street, Chuo-ku, Helsinki",60.19097868256735,24.97887957043736,"['fast-paced budget travel', 'couples trip']","['Restrooms', 'Information Desk', 'Restaurant', 'Souvenir Shop', 'First Aid Station', 'Luggage Storage', 'city passes', 'luggage storage', 'self-guided tours', 'scenic spots', 'sunset cruises', 'special couples experiences']"
140,Helsinki,Finland,Museum/Art Gallery,Lumi Kuvataide Tila,"Lumi Kuvataide Tila is a museum in Helsinki, Finland, popular for its unique collections and exhibitions. Entry fee is 15.12 USD. Recommended visit: 2 hours. Discover Lumi Kuvataide Tila, a renowned museum in Helsinki, Finland, ideal for art lovers. Open 09:30-17:00, entry 15.12 USD.",15.12,09:30-17:00,2 hours,4.0,"No. 128, Dream Valley Road, Helsinki",60.20709723991796,25.147258163257643,"['nightlife enthusiast', 'foodie']","['Restrooms', 'Information Desk', 'Restaurant', 'Souvenir Shop', 'First Aid Station', 'Luggage Storage', 'night markets', 'bars', 'evening shows', 'Food markets', 'tasting tours']"
141,Helsinki,Finland,Museum/Art Gallery,Northern Lights Combat Arena,"Northern Lights Combat Arena is a museum in Helsinki, Finland, popular for its unique collections and exhibitions. Entry fee is 7.46 USD. Recommended visit: 2 hours. Discover Northern Lights Combat Arena, a renowned museum in Helsinki, Finland, ideal for art lovers. Open 10:00-21:00, entry 7.46 USD.",7.46,10:00-21:00,2 hours,4.0,"185 Sukhumvit Road, Khlong Toei District, Helsinki",60.16196550167179,25.119401829175903,"['nightlife enthusiast', 'solo women', 'with pets']","['Restrooms', 'Information Desk', 'Restaurant', 'Souvenir Shop', 'First Aid Station', 'Luggage Storage', 'night markets', 'bars', 'evening shows', 'group tours', 'security', 'Pet-friendly', 'pet water stations', 'Pet rest area']"
142,Helsinki,Finland,Museum/Art Gallery,Northern Light Reflections Gallery,"Northern Light Reflections Gallery is a museum in Helsinki, Finland, popular for its unique collections and exhibitions. Entry fee is 24.92 USD. Recommended visit: 2 hours. Discover Northern Light Reflections Gallery, a renowned museum in Helsinki, Finland, ideal for art lovers. Open 09:00-21:00, entry 24.92 USD.",24.92,09:00-21:00,2 hours,4.0,"965 Seomyeon-ro, Busanjin-gu, Helsinki",60.18469553524583,24.8749242391606,"['fast-paced budget travel', 'solo women', 'foodie']","['Restrooms', 'Information Desk', 'Restaurant', 'Souvenir Shop', 'First Aid Station', 'Luggage Storage', 'city passes', 'luggage storage', 'self-guided tours', 'group tours', 'security', 'Food markets', 'tasting tours']"
143,Helsinki,Finland,Museum/Art Gallery,Arctic Echo Gallery,"Arctic Echo Gallery is a museum in Helsinki, Finland, popular for its unique collections and exhibitions. Entry fee is 6.37 USD. Recommended visit: 2 hours. Discover Arctic Echo Gallery, a renowned museum in Helsinki, Finland, ideal for art lovers. Open 19:00-22:00, entry 6.37 USD.",6.37,19:00-22:00,2 hours,4.0,"793 Seaside Promenade, Helsinki",60.260097738405854,24.901744292838444,"['with children', 'photography', 'road trip']","['Restrooms', 'Information Desk', 'Restaurant', 'Souvenir Shop', 'First Aid Station', 'Luggage Storage', 'family restrooms', 'Nursing facilities', 'photo spots', 'guided photo tours', 'charging stations', 'parking']"
144,Helsinki,Finland,Museum/Art Gallery,Echoes of the Northern Lights Gallery,"Echoes of the Northern Lights Gallery is a museum in Helsinki, Finland, popular for its unique collections and exhibitions. Entry fee is 0.0 USD. Recommended visit: 2 hours. Discover Echoes of the Northern Lights Gallery, a renowned museum in Helsinki, Finland, ideal for art lovers. Open 10:00-17:00, entry 0.0 USD.",0.0,10:00-17:00,2 hours,4.0,"690 Siam Road, Helsinki",60.22963921322263,25.10833228157833,"['nightlife enthusiast', 'luxury travelers']","['Restrooms', 'Information Desk', 'Restaurant', 'Souvenir Shop', 'First Aid Station', 'Luggage Storage', 'night markets', 'bars', 'evening shows', 'private tours', 'skip the line passes', 'VIP exclusive events']"
145,Helsinki,Finland,Museum/Art Gallery,Frozen Tundra Artistry,"Frozen Tundra Artistry is a museum in Helsinki, Finland, popular for its unique collections and exhibitions. Entry fee is 286.14 USD. Recommended visit: 2 hours. Discover Frozen Tundra Artistry, a renowned museum in Helsinki, Finland, ideal for art lovers. Open 09:00-17:30, entry 286.14 USD.",286.14,09:00-17:30,2 hours,4.0,"347 Shinsaibashi Dori, Chuo Ward, Helsinki",60.2401438116464,24.94987893962934,"['with pets', 'couples trip']","['Restrooms', 'Information Desk', 'Restaurant', 'Souvenir Shop', 'First Aid Station', 'Luggage Storage', 'Pet-friendly', 'pet water stations', 'Pet rest area', 'scenic spots', 'sunset cruises', 'special couples experiences']"
146,Helsinki,Finland,Museum/Art Gallery,Echoes of Strings Art Space,"Echoes of Strings Art Space is a museum in Helsinki, Finland, popular for its unique collections and exhibitions. Entry fee is 11.22 USD. Recommended visit: 2 hours. Discover Echoes of Strings Art Space, a renowned museum in Helsinki, Finland, ideal for art lovers. Open 10:00-17:30, entry 11.22 USD.",11.22,10:00-17:30,2 hours,4.0,"803 Sakura Street, Helsinki",60.21628079169762,25.177514201382937,"['solo women', 'couples trip', 'disabled traveler']","['Restrooms', 'Information Desk', 'Restaurant', 'Souvenir Shop', 'First Aid Station', 'Luggage Storage', 'group tours', 'security', 'scenic spots', 'sunset cruises', 'special couples experiences', 'ramps', 'elevators', 'wheelchair rentals', 'accessible restrooms']"
147,Helsinki,Finland,Museum/Art Gallery,Echoes of the Northern Lights No.2,"Echoes of the Northern Lights is a museum in Helsinki, Finland, popular for its unique collections and exhibitions. Entry fee is 19.51 USD. Recommended visit: 2 hours. Discover Echoes of the Northern Lights, a renowned museum in Helsinki, Finland, ideal for art lovers. Open 08:30-17:30, entry 19.51 USD.",19.51,08:30-17:30,2 hours,4.0,"176 Nakanoshima-dori, Chuo Ward, Helsinki",60.23681744197639,25.165848890122422,"['disabled traveler', 'photography', 'elderly travelers']","['Restrooms', 'Information Desk', 'Restaurant', 'Souvenir Shop', 'First Aid Station', 'Luggage Storage', 'ramps', 'elevators', 'wheelchair rentals', 'accessible restrooms', 'photo spots', 'guided photo tours', 'charging stations', 'wheelchair rental', 'benches/rest areas']"
148,Helsinki,Finland,Museum/Art Gallery,LumiSphere Interactive Gallery,"LumiSphere Interactive Gallery is a museum in Helsinki, Finland, popular for its unique collections and exhibitions. Entry fee is 86.45 USD. Recommended visit: 2 hours. Discover LumiSphere Interactive Gallery, a renowned museum in Helsinki, Finland, ideal for art lovers. Open 09:00-17:30, entry 86.45 USD.",86.45,09:00-17:30,2 hours,4.0,"158 Harbour Road, Helsinki",60.25866131958684,24.91132991417429,"['with pets', 'photography', 'couples trip']","['Restrooms', 'Information Desk', 'Restaurant', 'Souvenir Shop', 'First Aid Station', 'Luggage Storage', 'Pet-friendly', 'pet water stations', 'Pet rest area', 'photo spots', 'guided photo tours', 'charging stations', 'scenic spots', 'sunset cruises', 'special couples experiences']"
149,Helsinki,Finland,Museum/Art Gallery,Finnish Mythology and Warrior Arts Exhibit,"Finnish Mythology and Warrior Arts Exhibit is a museum in Helsinki, Finland, popular for its unique collections and exhibitions. Entry fee is 9.52 USD. Recommended visit: 2 hours. Discover Finnish Mythology and Warrior Arts Exhibit, a renowned museum in Helsinki, Finland, ideal for art lovers. Open 09:00-17:30, entry 9.52 USD.",9.52,09:00-17:30,2 hours,4.0,"293 Shirokane Street, Chuo Ward, Helsinki",60.18618658228468,24.930868787344952,"['nightlife enthusiast', 'with children', 'foodie']","['Restrooms', 'Information Desk', 'Restaurant', 'Souvenir Shop', 'First Aid Station', 'Luggage Storage', 'night markets', 'bars', 'evening shows', 'family restrooms', 'Nursing facilities', 'Food markets', 'tasting tours']"
150,Helsinki,Finland,Museum/Art Gallery,LumiHarmonia Art & Wellness Center,"LumiHarmonia Art & Wellness Center is a museum in Helsinki, Finland, popular for its unique collections and exhibitions. Entry fee is 8.31 USD. Recommended visit: 2 hours. Discover LumiHarmonia Art & Wellness Center, a renowned museum in Helsinki, Finland, ideal for art lovers. Open 08:30-17:00, entry 8.31 USD.",8.31,08:30-17:00,2 hours,4.0,"388 Sukhumvit Road, Khlong Toei District, Helsinki",60.244432621325856,25.056356084521788,"['foodie', 'luxury travelers', 'road trip']","['Restrooms', 'Information Desk', 'Restaurant', 'Souvenir Shop', 'First Aid Station', 'Luggage Storage', 'Food markets', 'tasting tours', 'private tours', 'skip the line passes', 'VIP exclusive events', 'parking']"
