attraction_id,city_name,country,type,attraction_name,overview,ticket_price,open_hours,duration_of_visit,rate_of_restaurant,address,latitude,longitude,facilities_group,facilities
1,Juba,South Sudan,Nature/Scenery/Park,White Nile Eco-Reserve,"White Nile Eco-Reserve is a nature in Juba, South Sudan, popular for its natural scenery and relaxing atmosphere. Entry fee is 0.0 USD. Recommended visit: 3 hours. Discover White Nile Eco-Reserve, a peaceful nature in Juba, South Sudan, ideal for nature lovers. Open 08:30-17:30, entry 0.0 USD.",0.0,08:30-17:30,3 hours,3.7,"737 Jurong East Ave 6, Juba",4.85143881266976,31.59253726776662,"['fast-paced budget travel', 'luxury travelers', 'elderly travelers']","['Restrooms', 'Information Desk', 'Restaurant', 'Souvenir Shop', 'First Aid Station', 'Luggage Storage', 'city passes', 'luggage storage', 'self-guided tours', 'private tours', 'skip the line passes', 'VIP exclusive events', 'wheelchair rental', 'benches/rest areas']"
2,Juba,South Sudan,Nature/Scenery/Park,Greenbelt Canopy Walk,"Greenbelt Canopy Walk is a nature in Juba, South Sudan, popular for its natural scenery and relaxing atmosphere. Entry fee is 10.5 USD. Recommended visit: 3 hours. Discover Greenbelt Canopy Walk, a peaceful nature in Juba, South Sudan, ideal for nature lovers. Open 08:00-18:00, entry 10.5 USD.",10.5,08:00-18:00,3 hours,3.7,"289 Gwanghwamunno 1-ga, Jongno-gu, Juba",4.857482245610373,31.60492809892399,"['nightlife enthusiast', 'luxury travelers', 'elderly travelers']","['Restrooms', 'Information Desk', 'Restaurant', 'Souvenir Shop', 'First Aid Station', 'Luggage Storage', 'night markets', 'bars', 'evening shows', 'private tours', 'skip the line passes', 'VIP exclusive events', 'wheelchair rental', 'benches/rest areas']"
3,Juba,South Sudan,Nature/Scenery/Park,Nile Haven Sanctuary,"Nile Haven Sanctuary is a nature in Juba, South Sudan, popular for its natural scenery and relaxing atmosphere. Entry fee is 43.59 USD. Recommended visit: 3 hours. Discover Nile Haven Sanctuary, a peaceful nature in Juba, South Sudan, ideal for nature lovers. Open 09:00-18:00, entry 43.59 USD.",43.59,09:00-18:00,3 hours,3.7,"933-8901 Nishi-Ku, Fukuoka City, Juba",4.881681874539223,31.59092741675396,"['with pets', 'elderly travelers', 'business travelers']","['Restrooms', 'Information Desk', 'Restaurant', 'Souvenir Shop', 'First Aid Station', 'Luggage Storage', 'Pet-friendly', 'pet water stations', 'Pet rest area', 'wheelchair rental', 'benches/rest areas', 'High speed WiFi']"
4,Juba,South Sudan,Nature/Scenery/Park,Nile Horizon Trail,"Nile Horizon Trail is a nature in Juba, South Sudan, popular for its natural scenery and relaxing atmosphere. Entry fee is 94.11 USD. Recommended visit: 3 hours. Discover Nile Horizon Trail, a peaceful nature in Juba, South Sudan, ideal for nature lovers. Open 09:00-19:00, entry 94.11 USD.",94.11,09:00-19:00,3 hours,3.7,"864-8745 Shibuya, Juba",4.856782631532205,31.585484571063866,"['fast-paced budget travel', 'elderly travelers', 'business travelers']","['Restrooms', 'Information Desk', 'Restaurant', 'Souvenir Shop', 'First Aid Station', 'Luggage Storage', 'city passes', 'luggage storage', 'self-guided tours', 'wheelchair rental', 'benches/rest areas', 'High speed WiFi']"
5,Juba,South Sudan,Nature/Scenery/Park,Moonlit River Walk,"Moonlit River Walk is a nature in Juba, South Sudan, popular for its natural scenery and relaxing atmosphere. Entry fee is 6.17 USD. Recommended visit: 3 hours. Discover Moonlit River Walk, a peaceful nature in Juba, South Sudan, ideal for nature lovers. Open 09:00-21:00, entry 6.17 USD.",6.17,09:00-21:00,3 hours,3.7,"836-8745 Nakasu 1-1-1, Juba",4.873247525399005,31.58875714010068,"['nightlife enthusiast', 'foodie', 'business travelers']","['Restrooms', 'Information Desk', 'Restaurant', 'Souvenir Shop', 'First Aid Station', 'Luggage Storage', 'night markets', 'bars', 'evening shows', 'Food markets', 'tasting tours', 'High speed WiFi']"
6,Juba,South Sudan,Nature/Scenery/Park,Emerald Ridge Reserve,"Emerald Ridge Reserve is a nature in Juba, South Sudan, popular for its natural scenery and relaxing atmosphere. Entry fee is 6.44 USD. Recommended visit: 3 hours. Discover Emerald Ridge Reserve, a peaceful nature in Juba, South Sudan, ideal for nature lovers. Open 08:30-17:00, entry 6.44 USD.",6.44,08:30-17:00,3 hours,3.7,"985 Sakura Street, Nakamura-ku, Juba",4.850585846552634,31.58118961025136,['fast-paced budget travel'],"['Restrooms', 'Information Desk', 'Restaurant', 'Souvenir Shop', 'First Aid Station', 'Luggage Storage', 'city passes', 'luggage storage', 'self-guided tours']"
7,Juba,South Sudan,Nature/Scenery/Park,Green Ridge Eatscape,"Green Ridge Eatscape is a nature in Juba, South Sudan, popular for its natural scenery and relaxing atmosphere. Entry fee is 24.24 USD. Recommended visit: 3 hours. Discover Green Ridge Eatscape, a peaceful nature in Juba, South Sudan, ideal for nature lovers. Open 09:30-17:00, entry 24.24 USD.",24.24,09:30-17:00,3 hours,3.7,"430 Marina Bay Sands, Juba",4.872698620267076,31.60049839109308,"['with children', 'photography', 'luxury travelers']","['Restrooms', 'Information Desk', 'Restaurant', 'Souvenir Shop', 'First Aid Station', 'Luggage Storage', 'family restrooms', 'Nursing facilities', 'photo spots', 'guided photo tours', 'charging stations', 'private tours', 'skip the line passes', 'VIP exclusive events']"
8,Juba,South Sudan,Nature/Scenery/Park,White Nile Riverside Adventure Pass,"White Nile Riverside Adventure Pass is a nature in Juba, South Sudan, popular for its natural scenery and relaxing atmosphere. Entry fee is 75.28 USD. Recommended visit: 3 hours. Discover White Nile Riverside Adventure Pass, a peaceful nature in Juba, South Sudan, ideal for nature lovers. Open 08:30-17:30, entry 75.28 USD.",75.28,08:30-17:30,3 hours,3.7,"206 Shuri Street, Juba",4.8722623997836525,31.593308819539512,"['fast-paced budget travel', 'solo women', 'foodie']","['Restrooms', 'Information Desk', 'Restaurant', 'Souvenir Shop', 'First Aid Station', 'Luggage Storage', 'city passes', 'luggage storage', 'self-guided tours', 'group tours', 'security', 'Food markets', 'tasting tours']"
9,Juba,South Sudan,Nature/Scenery/Park,Horizon Haven,"Horizon Haven is a nature in Juba, South Sudan, popular for its natural scenery and relaxing atmosphere. Entry fee is 33.27 USD. Recommended visit: 3 hours. Discover Horizon Haven, a peaceful nature in Juba, South Sudan, ideal for nature lovers. Open 08:00-20:00, entry 33.27 USD.",33.27,08:00-20:00,3 hours,3.7,"932 Siam Road, Juba",4.871615107712812,31.5938340244134,"['photography', 'disabled traveler', 'road trip']","['Restrooms', 'Information Desk', 'Restaurant', 'Souvenir Shop', 'First Aid Station', 'Luggage Storage', 'photo spots', 'guided photo tours', 'charging stations', 'ramps', 'elevators', 'wheelchair rentals', 'accessible restrooms', 'parking']"
10,Juba,South Sudan,Nature/Scenery/Park,Green Horizon Playland,"Green Horizon Playland is a nature in Juba, South Sudan, popular for its natural scenery and relaxing atmosphere. Entry fee is 4.87 USD. Recommended visit: 3 hours. Discover Green Horizon Playland, a peaceful nature in Juba, South Sudan, ideal for nature lovers. Open 08:30-17:30, entry 4.87 USD.",4.87,08:30-17:30,3 hours,3.7,"682 Shimbashi Park, Shibuya Ward, Juba",4.836690588181094,31.60788356420545,"['photography', 'elderly travelers', 'road trip']","['Restrooms', 'Information Desk', 'Restaurant', 'Souvenir Shop', 'First Aid Station', 'Luggage Storage', 'photo spots', 'guided photo tours', 'charging stations', 'wheelchair rental', 'benches/rest areas', 'parking']"
11,Juba,South Sudan,Nature/Scenery/Park,Juba Coastal Delight Gardens,"Juba Coastal Delight Gardens is a nature in Juba, South Sudan, popular for its natural scenery and relaxing atmosphere. Entry fee is 12.53 USD. Recommended visit: 3 hours. Discover Juba Coastal Delight Gardens, a peaceful nature in Juba, South Sudan, ideal for nature lovers. Open 09:00-21:00, entry 12.53 USD.",12.53,09:00-21:00,3 hours,3.7,"178 Sathorn Road, Silom, Juba",4.857910291022456,31.59346493717076,"['nightlife enthusiast', 'couples trip', 'disabled traveler']","['Restrooms', 'Information Desk', 'Restaurant', 'Souvenir Shop', 'First Aid Station', 'Luggage Storage', 'night markets', 'bars', 'evening shows', 'scenic spots', 'sunset cruises', 'special couples experiences', 'ramps', 'elevators', 'wheelchair rentals', 'accessible restrooms']"
12,Juba,South Sudan,Nature/Scenery/Park,Sudd Wild Oasis,"Sudd Wild Oasis is a nature in Juba, South Sudan, popular for its natural scenery and relaxing atmosphere. Entry fee is 55.55 USD. Recommended visit: 3 hours. Discover Sudd Wild Oasis, a peaceful nature in Juba, South Sudan, ideal for nature lovers. Open 08:30-17:30, entry 55.55 USD.",55.55,08:30-17:30,3 hours,3.7,"892 Suthep Road, Juba",4.881873561993711,31.582878085598644,"['solo women', 'photography', 'luxury travelers']","['Restrooms', 'Information Desk', 'Restaurant', 'Souvenir Shop', 'First Aid Station', 'Luggage Storage', 'group tours', 'security', 'photo spots', 'guided photo tours', 'charging stations', 'private tours', 'skip the line passes', 'VIP exclusive events']"
13,Juba,South Sudan,Nature/Scenery/Park,Ngok Thok Thermal Sanctuary,"Ngok Thok Thermal Sanctuary is a nature in Juba, South Sudan, popular for its natural scenery and relaxing atmosphere. Entry fee is 5.6 USD. Recommended visit: 3 hours. Discover Ngok Thok Thermal Sanctuary, a peaceful nature in Juba, South Sudan, ideal for nature lovers. Open 08:30-17:00, entry 5.6 USD.",5.6,08:30-17:00,3 hours,3.7,"326-8672 Shibuya, Juba",4.852804023219251,31.61371492020849,"['solo women', 'with pets', 'elderly travelers']","['Restrooms', 'Information Desk', 'Restaurant', 'Souvenir Shop', 'First Aid Station', 'Luggage Storage', 'group tours', 'security', 'Pet-friendly', 'pet water stations', 'Pet rest area', 'wheelchair rental', 'benches/rest areas']"
14,Juba,South Sudan,Nature/Scenery/Park,Verdant Horizon Trail,"Verdant Horizon Trail is a nature in Juba, South Sudan, popular for its natural scenery and relaxing atmosphere. Entry fee is 15.4 USD. Recommended visit: 3 hours. Discover Verdant Horizon Trail, a peaceful nature in Juba, South Sudan, ideal for nature lovers. Open 08:30-17:00, entry 15.4 USD.",15.4,08:30-17:00,3 hours,3.7,"831-8901 Naha City, Okinawa, Juba",4.860314572925005,31.58700261686799,"['nightlife enthusiast', 'photography']","['Restrooms', 'Information Desk', 'Restaurant', 'Souvenir Shop', 'First Aid Station', 'Luggage Storage', 'night markets', 'bars', 'evening shows', 'photo spots', 'guided photo tours', 'charging stations']"
15,Juba,South Sudan,Nature/Scenery/Park,Juba Green Haven,"Juba Green Haven is a nature in Juba, South Sudan, popular for its natural scenery and relaxing atmosphere. Entry fee is 13.3 USD. Recommended visit: 3 hours. Discover Juba Green Haven, a peaceful nature in Juba, South Sudan, ideal for nature lovers. Open 08:30-17:00, entry 13.3 USD.",13.3,08:30-17:00,3 hours,3.7,"No. 456, Harmony Road, Juba",4.845306410690562,31.61632255396053,"['photography', 'couples trip', 'elderly travelers']","['Restrooms', 'Information Desk', 'Restaurant', 'Souvenir Shop', 'First Aid Station', 'Luggage Storage', 'photo spots', 'guided photo tours', 'charging stations', 'scenic spots', 'sunset cruises', 'special couples experiences', 'wheelchair rental', 'benches/rest areas']"
16,Juba,South Sudan,Nature/Scenery/Park,Juba Skyline Oasis,"Juba Skyline Oasis is a nature in Juba, South Sudan, popular for its natural scenery and relaxing atmosphere. Entry fee is 37.95 USD. Recommended visit: 3 hours. Discover Juba Skyline Oasis, a peaceful nature in Juba, South Sudan, ideal for nature lovers. Open 09:00-17:00, entry 37.95 USD.",37.95,09:00-17:00,3 hours,3.7,"No. 456, Hengshan Road, Juba",4.841533618838123,31.61007508054131,"['nightlife enthusiast', 'with children', 'disabled traveler']","['Restrooms', 'Information Desk', 'Restaurant', 'Souvenir Shop', 'First Aid Station', 'Luggage Storage', 'night markets', 'bars', 'evening shows', 'family restrooms', 'Nursing facilities', 'ramps', 'elevators', 'wheelchair rentals', 'accessible restrooms']"
17,Juba,South Sudan,Nature/Scenery/Park,Korongo Green Sanctuary,"Korongo Green Sanctuary is a nature in Juba, South Sudan, popular for its natural scenery and relaxing atmosphere. Entry fee is 11.05 USD. Recommended visit: 3 hours. Discover Korongo Green Sanctuary, a peaceful nature in Juba, South Sudan, ideal for nature lovers. Open 08:00-20:00, entry 11.05 USD.",11.05,08:00-20:00,3 hours,3.7,"541 Riverside Road, Juba",4.857218350975186,31.60918990803028,"['fast-paced budget travel', 'solo women', 'elderly travelers']","['Restrooms', 'Information Desk', 'Restaurant', 'Souvenir Shop', 'First Aid Station', 'Luggage Storage', 'city passes', 'luggage storage', 'self-guided tours', 'group tours', 'security', 'wheelchair rental', 'benches/rest areas']"
18,Juba,South Sudan,Nature/Scenery/Park,Nile Bloom Sanctuary,"Nile Bloom Sanctuary is a nature in Juba, South Sudan, popular for its natural scenery and relaxing atmosphere. Entry fee is 6.72 USD. Recommended visit: 3 hours. Discover Nile Bloom Sanctuary, a peaceful nature in Juba, South Sudan, ideal for nature lovers. Open 18:00-21:00, entry 6.72 USD.",6.72,18:00-21:00,3 hours,3.7,"No. 456 Cultural Heritage Avenue, Juba",4.866386196832069,31.60950650518552,"['nightlife enthusiast', 'foodie']","['Restrooms', 'Information Desk', 'Restaurant', 'Souvenir Shop', 'First Aid Station', 'Luggage Storage', 'night markets', 'bars', 'evening shows', 'Food markets', 'tasting tours']"
19,Juba,South Sudan,Nature/Scenery/Park,Kurmi River Heritage Walk,"Kurmi River Heritage Walk is a nature in Juba, South Sudan, popular for its natural scenery and relaxing atmosphere. Entry fee is 7.57 USD. Recommended visit: 3 hours. Discover Kurmi River Heritage Walk, a peaceful nature in Juba, South Sudan, ideal for nature lovers. Open 09:00-17:30, entry 7.57 USD.",7.57,09:00-17:30,3 hours,3.7,"No. 456 Cultural Avenue, Juba",4.854279501861989,31.583429409029865,"['fast-paced budget travel', 'couples trip', 'road trip']","['Restrooms', 'Information Desk', 'Restaurant', 'Souvenir Shop', 'First Aid Station', 'Luggage Storage', 'city passes', 'luggage storage', 'self-guided tours', 'scenic spots', 'sunset cruises', 'special couples experiences', 'parking']"
20,Juba,South Sudan,Nature/Scenery/Park,Emerald Cove,"Emerald Cove is a nature in Juba, South Sudan, popular for its natural scenery and relaxing atmosphere. Entry fee is 12.93 USD. Recommended visit: 3 hours. Discover Emerald Cove, a peaceful nature in Juba, South Sudan, ideal for nature lovers. Open 09:30-17:00, entry 12.93 USD.",12.93,09:30-17:00,3 hours,3.7,"746-10-12 Shibuya, Shibuya City, Juba",4.864800225713411,31.600602488453674,"['with children', 'disabled traveler', 'business travelers']","['Restrooms', 'Information Desk', 'Restaurant', 'Souvenir Shop', 'First Aid Station', 'Luggage Storage', 'family restrooms', 'Nursing facilities', 'ramps', 'elevators', 'wheelchair rentals', 'accessible restrooms', 'High speed WiFi']"
21,Juba,South Sudan,Nature/Scenery/Park,Echo Ridge,"Echo Ridge is a nature in Juba, South Sudan, popular for its natural scenery and relaxing atmosphere. Entry fee is 31.52 USD. Recommended visit: 3 hours. Discover Echo Ridge, a peaceful nature in Juba, South Sudan, ideal for nature lovers. Open 09:00-17:30, entry 31.52 USD.",31.52,09:00-17:30,3 hours,3.7,"674 Sukhumvit Road, Juba",4.865105977882299,31.604133752373,"['fast-paced budget travel', 'photography']","['Restrooms', 'Information Desk', 'Restaurant', 'Souvenir Shop', 'First Aid Station', 'Luggage Storage', 'city passes', 'luggage storage', 'self-guided tours', 'photo spots', 'guided photo tours', 'charging stations']"
22,Juba,South Sudan,Nature/Scenery/Park,Juba Riverfront Eco Haven,"Juba Riverfront Eco Haven is a nature in Juba, South Sudan, popular for its natural scenery and relaxing atmosphere. Entry fee is 11.76 USD. Recommended visit: 3 hours. Discover Juba Riverfront Eco Haven, a peaceful nature in Juba, South Sudan, ideal for nature lovers. Open 08:00-19:00, entry 11.76 USD.",11.76,08:00-19:00,3 hours,3.7,"818 Sukhumvit Road, Khlong Toei District, Juba",4.850634531513341,31.61336152031847,"['business travelers', 'disabled traveler', 'road trip']","['Restrooms', 'Information Desk', 'Restaurant', 'Souvenir Shop', 'First Aid Station', 'Luggage Storage', 'High speed WiFi', 'ramps', 'elevators', 'wheelchair rentals', 'accessible restrooms', 'parking']"
23,Juba,South Sudan,Nature/Scenery/Park,Verdant Haven Cycle Trail,"Verdant Haven Cycle Trail is a nature in Juba, South Sudan, popular for its natural scenery and relaxing atmosphere. Entry fee is 8.65 USD. Recommended visit: 3 hours. Discover Verdant Haven Cycle Trail, a peaceful nature in Juba, South Sudan, ideal for nature lovers. Open 08:00-17:30, entry 8.65 USD.",8.65,08:00-17:30,3 hours,3.7,"411 Nakanoshima-dori, Kita-ku, Juba",4.839783588951138,31.592837146821868,"['nightlife enthusiast', 'foodie', 'business travelers']","['Restrooms', 'Information Desk', 'Restaurant', 'Souvenir Shop', 'First Aid Station', 'Luggage Storage', 'night markets', 'bars', 'evening shows', 'Food markets', 'tasting tours', 'High speed WiFi']"
24,Juba,South Sudan,Nature/Scenery/Park,Sudanese Heritage Green Oasis,"Sudanese Heritage Green Oasis is a nature in Juba, South Sudan, popular for its natural scenery and relaxing atmosphere. Entry fee is 26.32 USD. Recommended visit: 3 hours. Discover Sudanese Heritage Green Oasis, a peaceful nature in Juba, South Sudan, ideal for nature lovers. Open 09:30-17:00, entry 26.32 USD.",26.32,09:30-17:00,3 hours,3.7,"789/12 Sukhumvit Road, Khlong Toei District, Juba",4.855560579833203,31.58519417817673,"['nightlife enthusiast', 'with children', 'photography']","['Restrooms', 'Information Desk', 'Restaurant', 'Souvenir Shop', 'First Aid Station', 'Luggage Storage', 'night markets', 'bars', 'evening shows', 'family restrooms', 'Nursing facilities', 'photo spots', 'guided photo tours', 'charging stations']"
25,Juba,South Sudan,Nature/Scenery/Park,Sudanese Serenity Bay & Hidden Wildlife Grotto,"Sudanese Serenity Bay & Hidden Wildlife Grotto is a nature in Juba, South Sudan, popular for its natural scenery and relaxing atmosphere. Entry fee is 9.8 USD. Recommended visit: 3 hours. Discover Sudanese Serenity Bay & Hidden Wildlife Grotto, a peaceful nature in Juba, South Sudan, ideal for nature lovers. Open 10:00-18:00, entry 9.8 USD.",9.8,10:00-18:00,3 hours,3.7,"513 Chao Phraya Road, Juba",4.843001768012721,31.61953127463181,"['elderly travelers', 'business travelers']","['Restrooms', 'Information Desk', 'Restaurant', 'Souvenir Shop', 'First Aid Station', 'Luggage Storage', 'wheelchair rental', 'benches/rest areas', 'High speed WiFi']"
26,Juba,South Sudan,Nature/Scenery/Park,Nile Horizon Night Voyage & Cultural Lantern Festival,"Nile Horizon Night Voyage & Cultural Lantern Festival is a nature in Juba, South Sudan, popular for its natural scenery and relaxing atmosphere. Entry fee is 1.4 USD. Recommended visit: 3 hours. Discover Nile Horizon Night Voyage & Cultural Lantern Festival, a peaceful nature in Juba, South Sudan, ideal for nature lovers. Open 08:30-17:00, entry 1.4 USD.",1.4,08:30-17:00,3 hours,3.7,"214 Chinatown Complex, Juba",4.85007042927803,31.60747708933708,"['solo women', 'with pets', 'disabled traveler']","['Restrooms', 'Information Desk', 'Restaurant', 'Souvenir Shop', 'First Aid Station', 'Luggage Storage', 'group tours', 'security', 'Pet-friendly', 'pet water stations', 'Pet rest area', 'ramps', 'elevators', 'wheelchair rentals', 'accessible restrooms']"
27,Juba,South Sudan,Nature/Scenery/Park,Juba Green Haven Wildlife Sanctuary,"Juba Green Haven Wildlife Sanctuary is a nature in Juba, South Sudan, popular for its natural scenery and relaxing atmosphere. Entry fee is 7.35 USD. Recommended visit: 3 hours. Discover Juba Green Haven Wildlife Sanctuary, a peaceful nature in Juba, South Sudan, ideal for nature lovers. Open 08:30-18:00, entry 7.35 USD.",7.35,08:30-18:00,3 hours,3.7,"887 Shibuya Crossing Street, Shibuya Ward, Juba",4.8432170813698745,31.60006148685509,"['solo women', 'couples trip', 'disabled traveler']","['Restrooms', 'Information Desk', 'Restaurant', 'Souvenir Shop', 'First Aid Station', 'Luggage Storage', 'group tours', 'security', 'scenic spots', 'sunset cruises', 'special couples experiences', 'ramps', 'elevators', 'wheelchair rentals', 'accessible restrooms']"
28,Juba,South Sudan,Nature/Scenery/Park,Juba Heights Skyline Viewpoint,"Juba Heights Skyline Viewpoint is a nature in Juba, South Sudan, popular for its natural scenery and relaxing atmosphere. Entry fee is 22.61 USD. Recommended visit: 3 hours. Discover Juba Heights Skyline Viewpoint, a peaceful nature in Juba, South Sudan, ideal for nature lovers. Open 08:00-20:00, entry 22.61 USD.",22.61,08:00-20:00,3 hours,3.7,"590 Nihonbashi 2-chome, Chuo City, Juba",4.855714698048169,31.58937294649529,"['solo women', 'luxury travelers', 'elderly travelers']","['Restrooms', 'Information Desk', 'Restaurant', 'Souvenir Shop', 'First Aid Station', 'Luggage Storage', 'group tours', 'security', 'private tours', 'skip the line passes', 'VIP exclusive events', 'wheelchair rental', 'benches/rest areas']"
29,Juba,South Sudan,Nature/Scenery/Park,Savanna Serenade - Juba to Bahr el Ghazal Traverse,"Savanna Serenade - Juba to Bahr el Ghazal Traverse is a nature in Juba, South Sudan, popular for its natural scenery and relaxing atmosphere. Entry fee is 17.5 USD. Recommended visit: 3 hours. Discover Savanna Serenade - Juba to Bahr el Ghazal Traverse, a peaceful nature in Juba, South Sudan, ideal for nature lovers. Open 09:00-17:30, entry 17.5 USD.",17.5,09:00-17:30,3 hours,3.7,"261 Sakura Street, Naka-ku, Juba",4.857648716322522,31.6192673258478,['couples trip'],"['Restrooms', 'Information Desk', 'Restaurant', 'Souvenir Shop', 'First Aid Station', 'Luggage Storage', 'scenic spots', 'sunset cruises', 'special couples experiences']"
30,Juba,South Sudan,Nature/Scenery/Park,Nile Horizon Trail No.2,"Nile Horizon Trail is a nature in Juba, South Sudan, popular for its natural scenery and relaxing atmosphere. Entry fee is 116.65 USD. Recommended visit: 3 hours. Discover Nile Horizon Trail, a peaceful nature in Juba, South Sudan, ideal for nature lovers. Open 09:00-18:00, entry 116.65 USD.",116.65,09:00-18:00,3 hours,3.7,"No. 456, Xueyuan Road, Juba",4.863592694406497,31.59529799001436,"['couples trip', 'foodie', 'luxury travelers']","['Restrooms', 'Information Desk', 'Restaurant', 'Souvenir Shop', 'First Aid Station', 'Luggage Storage', 'scenic spots', 'sunset cruises', 'special couples experiences', 'Food markets', 'tasting tours', 'private tours', 'skip the line passes', 'VIP exclusive events']"
31,Juba,South Sudan,Nature/Scenery/Park,Nilebank Walkway,"Nilebank Walkway is a nature in Juba, South Sudan, popular for its natural scenery and relaxing atmosphere. Entry fee is 12.32 USD. Recommended visit: 3 hours. Discover Nilebank Walkway, a peaceful nature in Juba, South Sudan, ideal for nature lovers. Open 09:00-17:30, entry 12.32 USD.",12.32,09:00-17:30,3 hours,3.7,"No. 45 Xizhimen Wuyi Lane, Juba",4.837375489432246,31.61509188506128,"['solo women', 'with pets', 'luxury travelers']","['Restrooms', 'Information Desk', 'Restaurant', 'Souvenir Shop', 'First Aid Station', 'Luggage Storage', 'group tours', 'security', 'Pet-friendly', 'pet water stations', 'Pet rest area', 'private tours', 'skip the line passes', 'VIP exclusive events']"
32,Juba,South Sudan,Nature/Scenery/Park,Emerald Basin Reserve,"Emerald Basin Reserve is a nature in Juba, South Sudan, popular for its natural scenery and relaxing atmosphere. Entry fee is 14.98 USD. Recommended visit: 3 hours. Discover Emerald Basin Reserve, a peaceful nature in Juba, South Sudan, ideal for nature lovers. Open 09:00-17:00, entry 14.98 USD.",14.98,09:00-17:00,3 hours,3.7,"No. 456, Zhongshan Road, Juba",4.858806977684995,31.59503593089012,['couples trip'],"['Restrooms', 'Information Desk', 'Restaurant', 'Souvenir Shop', 'First Aid Station', 'Luggage Storage', 'scenic spots', 'sunset cruises', 'special couples experiences']"
33,Juba,South Sudan,Nature/Scenery/Park,Emerald Pools Sanctuary,"Emerald Pools Sanctuary is a nature in Juba, South Sudan, popular for its natural scenery and relaxing atmosphere. Entry fee is 51.08 USD. Recommended visit: 3 hours. Discover Emerald Pools Sanctuary, a peaceful nature in Juba, South Sudan, ideal for nature lovers. Open 08:30-17:00, entry 51.08 USD.",51.08,08:30-17:00,3 hours,3.7,"915 Shinko Street, Chuo Ward, Juba",4.875819523064188,31.58921400027426,"['couples trip', 'road trip']","['Restrooms', 'Information Desk', 'Restaurant', 'Souvenir Shop', 'First Aid Station', 'Luggage Storage', 'scenic spots', 'sunset cruises', 'special couples experiences', 'parking']"
34,Juba,South Sudan,Nature/Scenery/Park,Nubian Harmony Wellness Oasis,"Nubian Harmony Wellness Oasis is a nature in Juba, South Sudan, popular for its natural scenery and relaxing atmosphere. Entry fee is 19.18 USD. Recommended visit: 3 hours. Discover Nubian Harmony Wellness Oasis, a peaceful nature in Juba, South Sudan, ideal for nature lovers. Open 09:00-17:30, entry 19.18 USD.",19.18,09:00-17:30,3 hours,3.7,"883-8901 Sapporo City, Nishi 10-chome, Juba",4.863036635997841,31.604960275639783,"['fast-paced budget travel', 'with pets', 'elderly travelers']","['Restrooms', 'Information Desk', 'Restaurant', 'Souvenir Shop', 'First Aid Station', 'Luggage Storage', 'city passes', 'luggage storage', 'self-guided tours', 'Pet-friendly', 'pet water stations', 'Pet rest area', 'wheelchair rental', 'benches/rest areas']"
35,Juba,South Sudan,Nature/Scenery/Park,Horizon Heights Nature Reserve,"Horizon Heights Nature Reserve is a nature in Juba, South Sudan, popular for its natural scenery and relaxing atmosphere. Entry fee is 5.15 USD. Recommended visit: 3 hours. Discover Horizon Heights Nature Reserve, a peaceful nature in Juba, South Sudan, ideal for nature lovers. Open 08:30-17:00, entry 5.15 USD.",5.15,08:30-17:00,3 hours,3.7,"No. 456, Haiwen Road, Juba",4.855443087266843,31.588483960534017,"['business travelers', 'photography', 'road trip']","['Restrooms', 'Information Desk', 'Restaurant', 'Souvenir Shop', 'First Aid Station', 'Luggage Storage', 'High speed WiFi', 'photo spots', 'guided photo tours', 'charging stations', 'parking']"
36,Juba,South Sudan,Nature/Scenery/Park,Korongo Wild Explorer Trail,"Korongo Wild Explorer Trail is a nature in Juba, South Sudan, popular for its natural scenery and relaxing atmosphere. Entry fee is 4.36 USD. Recommended visit: 3 hours. Discover Korongo Wild Explorer Trail, a peaceful nature in Juba, South Sudan, ideal for nature lovers. Open 08:30-20:00, entry 4.36 USD.",4.36,08:30-20:00,3 hours,3.7,"321 Queen's Road Central, Juba",4.863557567116374,31.605701745664486,"['fast-paced budget travel', 'luxury travelers']","['Restrooms', 'Information Desk', 'Restaurant', 'Souvenir Shop', 'First Aid Station', 'Luggage Storage', 'city passes', 'luggage storage', 'self-guided tours', 'private tours', 'skip the line passes', 'VIP exclusive events']"
37,Juba,South Sudan,Nature/Scenery/Park,Nile Horizon Vista Point,"Nile Horizon Vista Point is a nature in Juba, South Sudan, popular for its natural scenery and relaxing atmosphere. Entry fee is 7.7 USD. Recommended visit: 3 hours. Discover Nile Horizon Vista Point, a peaceful nature in Juba, South Sudan, ideal for nature lovers. Open 08:30-17:30, entry 7.7 USD.",7.7,08:30-17:30,3 hours,3.7,"No. 456 Riverside Avenue, Juba",4.855251406291166,31.59036396123725,"['nightlife enthusiast', 'with children', 'elderly travelers']","['Restrooms', 'Information Desk', 'Restaurant', 'Souvenir Shop', 'First Aid Station', 'Luggage Storage', 'night markets', 'bars', 'evening shows', 'family restrooms', 'Nursing facilities', 'wheelchair rental', 'benches/rest areas']"
38,Juba,South Sudan,Nature/Scenery/Park,Kurra Green Haven,"Kurra Green Haven is a nature in Juba, South Sudan, popular for its natural scenery and relaxing atmosphere. Entry fee is 2059.2 USD. Recommended visit: 3 hours. Discover Kurra Green Haven, a peaceful nature in Juba, South Sudan, ideal for nature lovers. Open 08:30-17:30, entry 2059.2 USD.",2059.2,08:30-17:30,3 hours,3.7,"587 Seocho-ro, Suyeong-gu, Juba",4.856141288494424,31.593350280048107,['with pets'],"['Restrooms', 'Information Desk', 'Restaurant', 'Souvenir Shop', 'First Aid Station', 'Luggage Storage', 'Pet-friendly', 'pet water stations', 'Pet rest area']"
39,Juba,South Sudan,Nature/Scenery/Park,Juba Green Haven Sanctuary,"Juba Green Haven Sanctuary is a nature in Juba, South Sudan, popular for its natural scenery and relaxing atmosphere. Entry fee is 3.36 USD. Recommended visit: 3 hours. Discover Juba Green Haven Sanctuary, a peaceful nature in Juba, South Sudan, ideal for nature lovers. Open 09:00-18:00, entry 3.36 USD.",3.36,09:00-18:00,3 hours,3.7,"565-8, Gyeongbokgwan-ro, Jongno-gu, Juba",4.853888234202453,31.617717208961327,"['with pets', 'elderly travelers', 'road trip']","['Restrooms', 'Information Desk', 'Restaurant', 'Souvenir Shop', 'First Aid Station', 'Luggage Storage', 'Pet-friendly', 'pet water stations', 'Pet rest area', 'wheelchair rental', 'benches/rest areas', 'parking']"
40,Juba,South Sudan,Nature/Scenery/Park,White Nile Sunset Sail with River Feasts,"White Nile Sunset Sail with River Feasts is a nature in Juba, South Sudan, popular for its natural scenery and relaxing atmosphere. Entry fee is 8.12 USD. Recommended visit: 3 hours. Discover White Nile Sunset Sail with River Feasts, a peaceful nature in Juba, South Sudan, ideal for nature lovers. Open 06:00-20:00, entry 8.12 USD.",8.12,06:00-20:00,3 hours,3.7,"445 Rama IV Road, Juba",4.837046652039806,31.607216904693207,"['photography', 'business travelers']","['Restrooms', 'Information Desk', 'Restaurant', 'Souvenir Shop', 'First Aid Station', 'Luggage Storage', 'photo spots', 'guided photo tours', 'charging stations', 'High speed WiFi']"
41,Juba,South Sudan,Nature/Scenery/Park,White Nile Sky Gliders,"White Nile Sky Gliders is a nature in Juba, South Sudan, popular for its natural scenery and relaxing atmosphere. Entry fee is 13.95 USD. Recommended visit: 3 hours. Discover White Nile Sky Gliders, a peaceful nature in Juba, South Sudan, ideal for nature lovers. Open 09:00-17:30, entry 13.95 USD.",13.95,09:00-17:30,3 hours,3.7,"No. 456, Xinghai Road, Juba",4.866395403247924,31.601523300126463,"['foodie', 'luxury travelers', 'elderly travelers']","['Restrooms', 'Information Desk', 'Restaurant', 'Souvenir Shop', 'First Aid Station', 'Luggage Storage', 'Food markets', 'tasting tours', 'private tours', 'skip the line passes', 'VIP exclusive events', 'wheelchair rental', 'benches/rest areas']"
42,Juba,South Sudan,Nature/Scenery/Park,Sudanese Serenity Canoe Trail,"Sudanese Serenity Canoe Trail is a nature in Juba, South Sudan, popular for its natural scenery and relaxing atmosphere. Entry fee is 6.39 USD. Recommended visit: 3 hours. Discover Sudanese Serenity Canoe Trail, a peaceful nature in Juba, South Sudan, ideal for nature lovers. Open 08:30-17:00, entry 6.39 USD.",6.39,08:30-17:00,3 hours,3.7,"No. 456, Cultural Arts Avenue, Juba",4.858983580134674,31.58081279744989,"['luxury travelers', 'couples trip', 'business travelers']","['Restrooms', 'Information Desk', 'Restaurant', 'Souvenir Shop', 'First Aid Station', 'Luggage Storage', 'private tours', 'skip the line passes', 'VIP exclusive events', 'scenic spots', 'sunset cruises', 'special couples experiences', 'High speed WiFi']"
43,Juba,South Sudan,Nature/Scenery/Park,Juba Bloom Sanctuary,"Juba Bloom Sanctuary is a nature in Juba, South Sudan, popular for its natural scenery and relaxing atmosphere. Entry fee is 4.12 USD. Recommended visit: 3 hours. Discover Juba Bloom Sanctuary, a peaceful nature in Juba, South Sudan, ideal for nature lovers. Open 09:00-18:00, entry 4.12 USD.",4.12,09:00-18:00,3 hours,3.7,"609 Sukhumvit Road, Juba",4.872890169171209,31.59019780402616,"['solo women', 'with pets', 'foodie']","['Restrooms', 'Information Desk', 'Restaurant', 'Souvenir Shop', 'First Aid Station', 'Luggage Storage', 'group tours', 'security', 'Pet-friendly', 'pet water stations', 'Pet rest area', 'Food markets', 'tasting tours']"
44,Juba,South Sudan,Nature/Scenery/Park,Makorai Rock Haven,"Makorai Rock Haven is a nature in Juba, South Sudan, popular for its natural scenery and relaxing atmosphere. Entry fee is 294.64 USD. Recommended visit: 3 hours. Discover Makorai Rock Haven, a peaceful nature in Juba, South Sudan, ideal for nature lovers. Open 19:00-23:00, entry 294.64 USD.",294.64,19:00-23:00,3 hours,3.7,"148 Shuri Street, Juba",4.842871316173742,31.60378544813636,"['luxury travelers', 'business travelers']","['Restrooms', 'Information Desk', 'Restaurant', 'Souvenir Shop', 'First Aid Station', 'Luggage Storage', 'private tours', 'skip the line passes', 'VIP exclusive events', 'High speed WiFi']"
45,Juba,South Sudan,Nature/Scenery/Park,Juba Green Haven & Elevated Trail,"Juba Green Haven & Elevated Trail is a nature in Juba, South Sudan, popular for its natural scenery and relaxing atmosphere. Entry fee is 14.4 USD. Recommended visit: 3 hours. Discover Juba Green Haven & Elevated Trail, a peaceful nature in Juba, South Sudan, ideal for nature lovers. Open 08:30-19:00, entry 14.4 USD.",14.4,08:30-19:00,3 hours,3.7,"174 Seaside Promenade, Juba",4.844329123780009,31.588840845242057,"['solo women', 'elderly travelers', 'business travelers']","['Restrooms', 'Information Desk', 'Restaurant', 'Souvenir Shop', 'First Aid Station', 'Luggage Storage', 'group tours', 'security', 'wheelchair rental', 'benches/rest areas', 'High speed WiFi']"
46,Juba,South Sudan,Nature/Scenery/Park,White Sand Coastal Safaris,"White Sand Coastal Safaris is a nature in Juba, South Sudan, popular for its natural scenery and relaxing atmosphere. Entry fee is 2.8 USD. Recommended visit: 3 hours. Discover White Sand Coastal Safaris, a peaceful nature in Juba, South Sudan, ideal for nature lovers. Open 09:00-17:30, entry 2.8 USD.",2.8,09:00-17:30,3 hours,3.7,"No. 58, West Street, Juba",4.848923643495623,31.604109218299268,"['nightlife enthusiast', 'with children', 'photography']","['Restrooms', 'Information Desk', 'Restaurant', 'Souvenir Shop', 'First Aid Station', 'Luggage Storage', 'night markets', 'bars', 'evening shows', 'family restrooms', 'Nursing facilities', 'photo spots', 'guided photo tours', 'charging stations']"
47,Juba,South Sudan,Nature/Scenery/Park,Golden Dunes Oasis,"Golden Dunes Oasis is a nature in Juba, South Sudan, popular for its natural scenery and relaxing atmosphere. Entry fee is 20.74 USD. Recommended visit: 3 hours. Discover Golden Dunes Oasis, a peaceful nature in Juba, South Sudan, ideal for nature lovers. Open 08:00-22:00, entry 20.74 USD.",20.74,08:00-22:00,3 hours,3.7,"No. 45, West Gate, Haidian District, Juba",4.867057934419301,31.604602973672872,"['solo women', 'with pets', 'luxury travelers']","['Restrooms', 'Information Desk', 'Restaurant', 'Souvenir Shop', 'First Aid Station', 'Luggage Storage', 'group tours', 'security', 'Pet-friendly', 'pet water stations', 'Pet rest area', 'private tours', 'skip the line passes', 'VIP exclusive events']"
48,Juba,South Sudan,Nature/Scenery/Park,Juba Green Haven Sanctuary No.2,"Juba Green Haven Sanctuary is a nature in Juba, South Sudan, popular for its natural scenery and relaxing atmosphere. Entry fee is 29.53 USD. Recommended visit: 3 hours. Discover Juba Green Haven Sanctuary, a peaceful nature in Juba, South Sudan, ideal for nature lovers. Open 09:00-17:30, entry 29.53 USD.",29.53,09:00-17:30,3 hours,3.7,"No. 456 Sports Park Road, Juba",4.859218048175532,31.599608123229395,['couples trip'],"['Restrooms', 'Information Desk', 'Restaurant', 'Souvenir Shop', 'First Aid Station', 'Luggage Storage', 'scenic spots', 'sunset cruises', 'special couples experiences']"
49,Juba,South Sudan,Nature/Scenery/Park,Juba Jungle Haven,"Juba Jungle Haven is a nature in Juba, South Sudan, popular for its natural scenery and relaxing atmosphere. Entry fee is 2.0 USD. Recommended visit: 3 hours. Discover Juba Jungle Haven, a peaceful nature in Juba, South Sudan, ideal for nature lovers. Open 10:00-22:00, entry 2.0 USD.",2.0,10:00-22:00,3 hours,3.7,"967 Seifuku Street, Juba",4.871826309217148,31.60306105407984,"['solo women', 'luxury travelers', 'elderly travelers']","['Restrooms', 'Information Desk', 'Restaurant', 'Souvenir Shop', 'First Aid Station', 'Luggage Storage', 'group tours', 'security', 'private tours', 'skip the line passes', 'VIP exclusive events', 'wheelchair rental', 'benches/rest areas']"
50,Juba,South Sudan,Theme Park/Amusement Park,Sudanian Splendor Adventure,"Sudanian Splendor Adventure is a theme park in Juba, South Sudan, popular for its memorable experiences. Entry fee is 12.7 USD. Recommended visit: 6 hours. Discover Sudanian Splendor Adventure, a notable theme park in Juba, South Sudan, ideal for visitors. Open 08:00-22:00, entry 12.7 USD.",12.7,08:00-22:00,6 hours,3.75,"995 Jurong East Ave 6, Juba",4.849952805703607,31.61508647896348,"['fast-paced budget travel', 'couples trip', 'luxury travelers']","['Restrooms', 'Information Desk', 'Restaurant', 'Souvenir Shop', 'First Aid Station', 'Luggage Storage', 'city passes', 'luggage storage', 'self-guided tours', 'scenic spots', 'sunset cruises', 'special couples experiences', 'private tours', 'skip the line passes', 'VIP exclusive events']"
51,Juba,South Sudan,Theme Park/Amusement Park,Juba Jungle Adventure Hub,"Juba Jungle Adventure Hub is a theme park in Juba, South Sudan, popular for its memorable experiences. Entry fee is 7.4 USD. Recommended visit: 6 hours. Discover Juba Jungle Adventure Hub, a notable theme park in Juba, South Sudan, ideal for visitors. Open 08:00-22:00, entry 7.4 USD.",7.4,08:00-22:00,6 hours,3.75,"178 Sathorn Road, Silom, Juba",4.848302571559315,31.60863019557941,"['with children', 'foodie', 'luxury travelers']","['Restrooms', 'Information Desk', 'Restaurant', 'Souvenir Shop', 'First Aid Station', 'Luggage Storage', 'family restrooms', 'Nursing facilities', 'Food markets', 'tasting tours', 'private tours', 'skip the line passes', 'VIP exclusive events']"
52,Juba,South Sudan,Theme Park/Amusement Park,Juba Joyland,"Juba Joyland is a theme park in Juba, South Sudan, popular for its memorable experiences. Entry fee is 22.56 USD. Recommended visit: 7 hours. Discover Juba Joyland, a notable theme park in Juba, South Sudan, ideal for visitors. Open 10:00-19:00, entry 22.56 USD.",22.56,10:00-19:00,7 hours,3.75,"622 Harajuku Street, Shinjuku, Juba",4.854999829954643,31.58392521294824,"['nightlife enthusiast', 'fast-paced budget travel']","['Restrooms', 'Information Desk', 'Restaurant', 'Souvenir Shop', 'First Aid Station', 'Luggage Storage', 'night markets', 'bars', 'evening shows', 'city passes', 'luggage storage', 'self-guided tours']"
53,Juba,South Sudan,Theme Park/Amusement Park,Juba Oceanic Explorer Hub,"Juba Oceanic Explorer Hub is a theme park in Juba, South Sudan, popular for its memorable experiences. Entry fee is 0.37 USD. Recommended visit: 7 hours. Discover Juba Oceanic Explorer Hub, a notable theme park in Juba, South Sudan, ideal for visitors. Open 10:00-22:00, entry 0.37 USD.",0.37,10:00-22:00,7 hours,3.75,"922 Moo 5, Khlong Toei Road, Wattana, Juba",4.869203711445174,31.607821619532768,"['with children', 'solo women', 'road trip']","['Restrooms', 'Information Desk', 'Restaurant', 'Souvenir Shop', 'First Aid Station', 'Luggage Storage', 'family restrooms', 'Nursing facilities', 'group tours', 'security', 'parking']"
54,Juba,South Sudan,Theme Park/Amusement Park,Juba Jungle Adventure Village,"Juba Jungle Adventure Village is a theme park in Juba, South Sudan, popular for its memorable experiences. Entry fee is 44.17 USD. Recommended visit: 8 hours. Discover Juba Jungle Adventure Village, a notable theme park in Juba, South Sudan, ideal for visitors. Open 09:00-18:00, entry 44.17 USD.",44.17,09:00-18:00,8 hours,3.75,"494 Gwangnaru-ro, Nowon-gu, Juba",4.863228344575177,31.5894307360988,"['disabled traveler', 'elderly travelers', 'business travelers']","['Restrooms', 'Information Desk', 'Restaurant', 'Souvenir Shop', 'First Aid Station', 'Luggage Storage', 'ramps', 'elevators', 'wheelchair rentals', 'accessible restrooms', 'wheelchair rental', 'benches/rest areas', 'High speed WiFi']"
55,Juba,South Sudan,Theme Park/Amusement Park,Juba Joyland Express,"Juba Joyland Express is a theme park in Juba, South Sudan, popular for its memorable experiences. Entry fee is 35.0 USD. Recommended visit: 6 hours. Discover Juba Joyland Express, a notable theme park in Juba, South Sudan, ideal for visitors. Open 10:00-21:00, entry 35.0 USD.",35.0,10:00-21:00,6 hours,3.75,"No. 456, Haiwen Road, Juba",4.843828666602152,31.6118792057418,"['with pets', 'couples trip', 'road trip']","['Restrooms', 'Information Desk', 'Restaurant', 'Souvenir Shop', 'First Aid Station', 'Luggage Storage', 'Pet-friendly', 'pet water stations', 'Pet rest area', 'scenic spots', 'sunset cruises', 'special couples experiences', 'parking']"
56,Juba,South Sudan,Theme Park/Amusement Park,Nile Nebula Adventure Park,"Nile Nebula Adventure Park is a theme park in Juba, South Sudan, popular for its memorable experiences. Entry fee is 53.2 USD. Recommended visit: 8 hours. Discover Nile Nebula Adventure Park, a notable theme park in Juba, South Sudan, ideal for visitors. Open 08:30-19:00, entry 53.2 USD.",53.2,08:30-19:00,8 hours,3.75,"135-8521, 3-11-18 Nishi-Shinjuku, Shinjuku City, Juba",4.851463551099859,31.603172394656056,"['fast-paced budget travel', 'disabled traveler', 'road trip']","['Restrooms', 'Information Desk', 'Restaurant', 'Souvenir Shop', 'First Aid Station', 'Luggage Storage', 'city passes', 'luggage storage', 'self-guided tours', 'ramps', 'elevators', 'wheelchair rentals', 'accessible restrooms', 'parking']"
57,Juba,South Sudan,Theme Park/Amusement Park,Horizon Heights Adventure Loop,"Horizon Heights Adventure Loop is a theme park in Juba, South Sudan, popular for its memorable experiences. Entry fee is 9.28 USD. Recommended visit: 7 hours. Discover Horizon Heights Adventure Loop, a notable theme park in Juba, South Sudan, ideal for visitors. Open 10:00-20:00, entry 9.28 USD.",9.28,10:00-20:00,7 hours,3.75,"No. 456, Jing'an Temple Road, Juba",4.859500880019297,31.608020230614745,"['with pets', 'photography', 'disabled traveler']","['Restrooms', 'Information Desk', 'Restaurant', 'Souvenir Shop', 'First Aid Station', 'Luggage Storage', 'Pet-friendly', 'pet water stations', 'Pet rest area', 'photo spots', 'guided photo tours', 'charging stations', 'ramps', 'elevators', 'wheelchair rentals', 'accessible restrooms']"
58,Juba,South Sudan,Theme Park/Amusement Park,Nile Sky Adventure Hub,"Nile Sky Adventure Hub is a theme park in Juba, South Sudan, popular for its memorable experiences. Entry fee is 22.09 USD. Recommended visit: 7 hours. Discover Nile Sky Adventure Hub, a notable theme park in Juba, South Sudan, ideal for visitors. Open 09:00-17:30, entry 22.09 USD.",22.09,09:00-17:30,7 hours,3.75,"615 Suthep Road, Juba",4.857816543345415,31.58610635117266,"['with children', 'couples trip', 'business travelers']","['Restrooms', 'Information Desk', 'Restaurant', 'Souvenir Shop', 'First Aid Station', 'Luggage Storage', 'family restrooms', 'Nursing facilities', 'scenic spots', 'sunset cruises', 'special couples experiences', 'High speed WiFi']"
59,Juba,South Sudan,Theme Park/Amusement Park,Sudan Skyland Adventure,"Sudan Skyland Adventure is a theme park in Juba, South Sudan, popular for its memorable experiences. Entry fee is 171.36 USD. Recommended visit: 8 hours. Discover Sudan Skyland Adventure, a notable theme park in Juba, South Sudan, ideal for visitors. Open 08:00-23:00, entry 171.36 USD.",171.36,08:00-23:00,8 hours,3.75,"164 Siam Road, Juba",4.877001666239552,31.590007847972288,"['disabled traveler', 'elderly travelers', 'business travelers']","['Restrooms', 'Information Desk', 'Restaurant', 'Souvenir Shop', 'First Aid Station', 'Luggage Storage', 'ramps', 'elevators', 'wheelchair rentals', 'accessible restrooms', 'wheelchair rental', 'benches/rest areas', 'High speed WiFi']"
60,Juba,South Sudan,Theme Park/Amusement Park,Nile Quest Adventure Zone,"Nile Quest Adventure Zone is a theme park in Juba, South Sudan, popular for its memorable experiences. Entry fee is 39.62 USD. Recommended visit: 7 hours. Discover Nile Quest Adventure Zone, a notable theme park in Juba, South Sudan, ideal for visitors. Open 09:30-17:00, entry 39.62 USD.",39.62,09:30-17:00,7 hours,3.75,"374-11-15 Shibuya, Shibuya City, Juba",4.854733497403877,31.62103018046267,"['nightlife enthusiast', 'fast-paced budget travel', 'elderly travelers']","['Restrooms', 'Information Desk', 'Restaurant', 'Souvenir Shop', 'First Aid Station', 'Luggage Storage', 'night markets', 'bars', 'evening shows', 'city passes', 'luggage storage', 'self-guided tours', 'wheelchair rental', 'benches/rest areas']"
61,Juba,South Sudan,Theme Park/Amusement Park,Nile Rapids Escape,"Nile Rapids Escape is a theme park in Juba, South Sudan, popular for its memorable experiences. Entry fee is 59.69 USD. Recommended visit: 8 hours. Discover Nile Rapids Escape, a notable theme park in Juba, South Sudan, ideal for visitors. Open 08:30-17:30, entry 59.69 USD.",59.69,08:30-17:30,8 hours,3.75,"156 Nathan Road, Juba",4.839879676417466,31.60195568065124,"['fast-paced budget travel', 'elderly travelers', 'business travelers']","['Restrooms', 'Information Desk', 'Restaurant', 'Souvenir Shop', 'First Aid Station', 'Luggage Storage', 'city passes', 'luggage storage', 'self-guided tours', 'wheelchair rental', 'benches/rest areas', 'High speed WiFi']"
62,Juba,South Sudan,Theme Park/Amusement Park,Juba DreamCraft Zone,"Juba DreamCraft Zone is a theme park in Juba, South Sudan, popular for its memorable experiences. Entry fee is 19.55 USD. Recommended visit: 7 hours. Discover Juba DreamCraft Zone, a notable theme park in Juba, South Sudan, ideal for visitors. Open 08:00-22:30, entry 19.55 USD.",19.55,08:00-22:30,7 hours,3.75,"No. 456 Cultural Street, Juba",4.833648673666768,31.61260858753938,"['solo women', 'with pets', 'business travelers']","['Restrooms', 'Information Desk', 'Restaurant', 'Souvenir Shop', 'First Aid Station', 'Luggage Storage', 'group tours', 'security', 'Pet-friendly', 'pet water stations', 'Pet rest area', 'High speed WiFi']"
63,Juba,South Sudan,Theme Park/Amusement Park,Juba Jungle Quest,"Juba Jungle Quest is a theme park in Juba, South Sudan, popular for its memorable experiences. Entry fee is 31.01 USD. Recommended visit: 8 hours. Discover Juba Jungle Quest, a notable theme park in Juba, South Sudan, ideal for visitors. Open 10:00-19:00, entry 31.01 USD.",31.01,10:00-19:00,8 hours,3.75,"No. 188, Shangwu Road, Juba",4.842325124645209,31.61795699847231,"['nightlife enthusiast', 'with children', 'business travelers']","['Restrooms', 'Information Desk', 'Restaurant', 'Souvenir Shop', 'First Aid Station', 'Luggage Storage', 'night markets', 'bars', 'evening shows', 'family restrooms', 'Nursing facilities', 'High speed WiFi']"
64,Juba,South Sudan,Theme Park/Amusement Park,Nile Star Adventure Hub,"Nile Star Adventure Hub is a theme park in Juba, South Sudan, popular for its memorable experiences. Entry fee is 37.52 USD. Recommended visit: 6 hours. Discover Nile Star Adventure Hub, a notable theme park in Juba, South Sudan, ideal for visitors. Open 09:00-18:00, entry 37.52 USD.",37.52,09:00-18:00,6 hours,3.75,"No. 456, Cultural Road, Juba",4.861658312377719,31.58708503477284,"['with children', 'fast-paced budget travel', 'foodie']","['Restrooms', 'Information Desk', 'Restaurant', 'Souvenir Shop', 'First Aid Station', 'Luggage Storage', 'family restrooms', 'Nursing facilities', 'city passes', 'luggage storage', 'self-guided tours', 'Food markets', 'tasting tours']"
65,Juba,South Sudan,Theme Park/Amusement Park,Juba Jungle Quest Adventure,"Juba Jungle Quest Adventure is a theme park in Juba, South Sudan, popular for its memorable experiences. Entry fee is 54.32 USD. Recommended visit: 6 hours. Discover Juba Jungle Quest Adventure, a notable theme park in Juba, South Sudan, ideal for visitors. Open 10:00-22:00, entry 54.32 USD.",54.32,10:00-22:00,6 hours,3.75,"211 Pasir Ris Avenue, Juba",4.867060334954934,31.58133301723999,"['solo women', 'photography', 'elderly travelers']","['Restrooms', 'Information Desk', 'Restaurant', 'Souvenir Shop', 'First Aid Station', 'Luggage Storage', 'group tours', 'security', 'photo spots', 'guided photo tours', 'charging stations', 'wheelchair rental', 'benches/rest areas']"
66,Juba,South Sudan,Theme Park/Amusement Park,Nile Mirage Adventure Park,"Nile Mirage Adventure Park is a theme park in Juba, South Sudan, popular for its memorable experiences. Entry fee is 20.67 USD. Recommended visit: 7 hours. Discover Nile Mirage Adventure Park, a notable theme park in Juba, South Sudan, ideal for visitors. Open 08:00-22:00, entry 20.67 USD.",20.67,08:00-22:00,7 hours,3.75,"466 Seaside Promenade, Juba",4.865447003426846,31.61195011557034,"['with children', 'solo women', 'road trip']","['Restrooms', 'Information Desk', 'Restaurant', 'Souvenir Shop', 'First Aid Station', 'Luggage Storage', 'family restrooms', 'Nursing facilities', 'group tours', 'security', 'parking']"
67,Juba,South Sudan,Theme Park/Amusement Park,Juba Echoes of the Nile Adventure,"Juba Echoes of the Nile Adventure is a theme park in Juba, South Sudan, popular for its memorable experiences. Entry fee is 11.89 USD. Recommended visit: 6 hours. Discover Juba Echoes of the Nile Adventure, a notable theme park in Juba, South Sudan, ideal for visitors. Open 09:00-18:00, entry 11.89 USD.",11.89,09:00-18:00,6 hours,3.75,"459 Kitahama Street, Juba",4.881423319751736,31.59244420653621,"['photography', 'luxury travelers']","['Restrooms', 'Information Desk', 'Restaurant', 'Souvenir Shop', 'First Aid Station', 'Luggage Storage', 'photo spots', 'guided photo tours', 'charging stations', 'private tours', 'skip the line passes', 'VIP exclusive events']"
68,Juba,South Sudan,Theme Park/Amusement Park,Nile Rapids Adventure Park,"Nile Rapids Adventure Park is a theme park in Juba, South Sudan, popular for its memorable experiences. Entry fee is 28.0 USD. Recommended visit: 6 hours. Discover Nile Rapids Adventure Park, a notable theme park in Juba, South Sudan, ideal for visitors. Open 09:30-21:00, entry 28.0 USD.",28.0,09:30-21:00,6 hours,3.75,"No. 456, West Lake Scenic Avenue, Juba",4.843963099565335,31.59035995635336,"['with pets', 'photography', 'disabled traveler']","['Restrooms', 'Information Desk', 'Restaurant', 'Souvenir Shop', 'First Aid Station', 'Luggage Storage', 'Pet-friendly', 'pet water stations', 'Pet rest area', 'photo spots', 'guided photo tours', 'charging stations', 'ramps', 'elevators', 'wheelchair rentals', 'accessible restrooms']"
69,Juba,South Sudan,Theme Park/Amusement Park,Wildlife Wonders of the Nile,"Wildlife Wonders of the Nile is a theme park in Juba, South Sudan, popular for its memorable experiences. Entry fee is 15.24 USD. Recommended visit: 7 hours. Discover Wildlife Wonders of the Nile, a notable theme park in Juba, South Sudan, ideal for visitors. Open 08:00-00:00, entry 15.24 USD.",15.24,08:00-00:00,7 hours,3.75,"992 Sakura Street, Naka Ward, Juba",4.867391813385321,31.60493752654608,"['solo women', 'photography', 'road trip']","['Restrooms', 'Information Desk', 'Restaurant', 'Souvenir Shop', 'First Aid Station', 'Luggage Storage', 'group tours', 'security', 'photo spots', 'guided photo tours', 'charging stations', 'parking']"
70,Juba,South Sudan,Theme Park/Amusement Park,Sudd Safaris Adventure Hub,"Sudd Safaris Adventure Hub is a theme park in Juba, South Sudan, popular for its memorable experiences. Entry fee is 5.52 USD. Recommended visit: 8 hours. Discover Sudd Safaris Adventure Hub, a notable theme park in Juba, South Sudan, ideal for visitors. Open 09:00-17:00, entry 5.52 USD.",5.52,09:00-17:00,8 hours,3.75,"307 Sakura Street, Juba",4.845057807993283,31.588101045130685,"['solo women', 'photography', 'couples trip']","['Restrooms', 'Information Desk', 'Restaurant', 'Souvenir Shop', 'First Aid Station', 'Luggage Storage', 'group tours', 'security', 'photo spots', 'guided photo tours', 'charging stations', 'scenic spots', 'sunset cruises', 'special couples experiences']"
71,Juba,South Sudan,Theme Park/Amusement Park,Juba Skyline Adventure Hub,"Juba Skyline Adventure Hub is a theme park in Juba, South Sudan, popular for its memorable experiences. Entry fee is 6.56 USD. Recommended visit: 8 hours. Discover Juba Skyline Adventure Hub, a notable theme park in Juba, South Sudan, ideal for visitors. Open 08:30-17:00, entry 6.56 USD.",6.56,08:30-17:00,8 hours,3.75,"289 Shinsaibashi Dori, Chuo Ward, Juba",4.854525863598863,31.58251978605131,"['fast-paced budget travel', 'disabled traveler', 'business travelers']","['Restrooms', 'Information Desk', 'Restaurant', 'Souvenir Shop', 'First Aid Station', 'Luggage Storage', 'city passes', 'luggage storage', 'self-guided tours', 'ramps', 'elevators', 'wheelchair rentals', 'accessible restrooms', 'High speed WiFi']"
72,Juba,South Sudan,Theme Park/Amusement Park,Juba Night Explorers Hub,"Juba Night Explorers Hub is a theme park in Juba, South Sudan, popular for its memorable experiences. Entry fee is 67.2 USD. Recommended visit: 7 hours. Discover Juba Night Explorers Hub, a notable theme park in Juba, South Sudan, ideal for visitors. Open 20:00-05:00, entry 67.2 USD.",67.2,20:00-05:00,7 hours,3.75,"443 Seaside Promenade, Juba",4.852784128944785,31.61927331889259,"['nightlife enthusiast', 'fast-paced budget travel', 'with children']","['Restrooms', 'Information Desk', 'Restaurant', 'Souvenir Shop', 'First Aid Station', 'Luggage Storage', 'night markets', 'bars', 'evening shows', 'city passes', 'luggage storage', 'self-guided tours', 'family restrooms', 'Nursing facilities']"
73,Juba,South Sudan,Theme Park/Amusement Park,Juba Jive Entertainment Hub,"Juba Jive Entertainment Hub is a theme park in Juba, South Sudan, popular for its memorable experiences. Entry fee is 17.6 USD. Recommended visit: 6 hours. Discover Juba Jive Entertainment Hub, a notable theme park in Juba, South Sudan, ideal for visitors. Open 09:00-18:00, entry 17.6 USD.",17.6,09:00-18:00,6 hours,3.75,"436 Sathorn Road, Wat Phra Singh, Juba",4.8431009153225135,31.58677062984352,"['with children', 'with pets', 'disabled traveler']","['Restrooms', 'Information Desk', 'Restaurant', 'Souvenir Shop', 'First Aid Station', 'Luggage Storage', 'family restrooms', 'Nursing facilities', 'Pet-friendly', 'pet water stations', 'Pet rest area', 'ramps', 'elevators', 'wheelchair rentals', 'accessible restrooms']"
74,Juba,South Sudan,Theme Park/Amusement Park,Juba Jungle Quest No.2,"Juba Jungle Quest is a theme park in Juba, South Sudan, popular for its memorable experiences. Entry fee is 16.79 USD. Recommended visit: 8 hours. Discover Juba Jungle Quest, a notable theme park in Juba, South Sudan, ideal for visitors. Open 08:00-22:00, entry 16.79 USD.",16.79,08:00-22:00,8 hours,3.75,"229 Shinsaibashi Dori, Chuo Ward, Juba",4.847152138038686,31.587044983450348,"['nightlife enthusiast', 'fast-paced budget travel', 'foodie']","['Restrooms', 'Information Desk', 'Restaurant', 'Souvenir Shop', 'First Aid Station', 'Luggage Storage', 'night markets', 'bars', 'evening shows', 'city passes', 'luggage storage', 'self-guided tours', 'Food markets', 'tasting tours']"
75,Juba,South Sudan,Theme Park/Amusement Park,Nile Skyline Adventure Line,"Nile Skyline Adventure Line is a theme park in Juba, South Sudan, popular for its memorable experiences. Entry fee is 1654.66 USD. Recommended visit: 8 hours. Discover Nile Skyline Adventure Line, a notable theme park in Juba, South Sudan, ideal for visitors. Open 09:00-20:00, entry 1654.66 USD.",1654.66,09:00-20:00,8 hours,3.75,"256/11 Sukhumvit Road, Khlong Toei District, Juba",4.883542734190469,31.58558632413979,"['fast-paced budget travel', 'elderly travelers', 'business travelers']","['Restrooms', 'Information Desk', 'Restaurant', 'Souvenir Shop', 'First Aid Station', 'Luggage Storage', 'city passes', 'luggage storage', 'self-guided tours', 'wheelchair rental', 'benches/rest areas', 'High speed WiFi']"
76,Juba,South Sudan,Theme Park/Amusement Park,Sudanian Sky Adventure Park,"Sudanian Sky Adventure Park is a theme park in Juba, South Sudan, popular for its memorable experiences. Entry fee is 49.0 USD. Recommended visit: 7 hours. Discover Sudanian Sky Adventure Park, a notable theme park in Juba, South Sudan, ideal for visitors. Open 10:00-22:00, entry 49.0 USD.",49.0,10:00-22:00,7 hours,3.75,"281-890-1234 Nishi 1-chome, Juba",4.8395454167247545,31.61231664315689,"['foodie', 'disabled traveler']","['Restrooms', 'Information Desk', 'Restaurant', 'Souvenir Shop', 'First Aid Station', 'Luggage Storage', 'Food markets', 'tasting tours', 'ramps', 'elevators', 'wheelchair rentals', 'accessible restrooms']"
77,Juba,South Sudan,Theme Park/Amusement Park,Nile Echoes Adventure Park,"Nile Echoes Adventure Park is a theme park in Juba, South Sudan, popular for its memorable experiences. Entry fee is 89.6 USD. Recommended visit: 7 hours. Discover Nile Echoes Adventure Park, a notable theme park in Juba, South Sudan, ideal for visitors. Open 09:00-17:30, entry 89.6 USD.",89.6,09:00-17:30,7 hours,3.75,"No. 15, Olympic Road, Juba",4.869544246465881,31.59555469321784,"['fast-paced budget travel', 'with pets']","['Restrooms', 'Information Desk', 'Restaurant', 'Souvenir Shop', 'First Aid Station', 'Luggage Storage', 'city passes', 'luggage storage', 'self-guided tours', 'Pet-friendly', 'pet water stations', 'Pet rest area']"
78,Juba,South Sudan,Theme Park/Amusement Park,Juba Jungle Adventure Stadium | Local Heroes Lower Level Infield Seat Ticket | Includes Authentic Tribal Warrior Towel,"Juba Jungle Adventure Stadium | Local Heroes Lower Level Infield Seat Ticket | Includes Authentic Tribal Warrior Towel is a theme park in Juba, South Sudan, popular for its memorable experiences. Entry fee is 26.46 USD. Recommended visit: 6 hours. Discover Juba Jungle Adventure Stadium | Local Heroes Lower Level Infield Seat Ticket | Includes Authentic Tribal Warrior Towel, a notable theme park in Juba, South Sudan, ideal for visitors. Open 09:00-18:00, entry 26.46 USD.",26.46,09:00-18:00,6 hours,3.75,"No. 128, Lingyin Road, Xihu District, Juba",4.872377206172705,31.587344571956947,"['with pets', 'couples trip', 'luxury travelers']","['Restrooms', 'Information Desk', 'Restaurant', 'Souvenir Shop', 'First Aid Station', 'Luggage Storage', 'Pet-friendly', 'pet water stations', 'Pet rest area', 'scenic spots', 'sunset cruises', 'special couples experiences', 'private tours', 'skip the line passes', 'VIP exclusive events']"
79,Juba,South Sudan,Theme Park/Amusement Park,Sudan Savannah Safari Park,"Sudan Savannah Safari Park is a theme park in Juba, South Sudan, popular for its memorable experiences. Entry fee is 15.98 USD. Recommended visit: 6 hours. Discover Sudan Savannah Safari Park, a notable theme park in Juba, South Sudan, ideal for visitors. Open 09:00-17:30, entry 15.98 USD.",15.98,09:00-17:30,6 hours,3.75,"615 Suthep Road, Juba",4.848323565067291,31.61455485531864,"['solo women', 'couples trip', 'foodie']","['Restrooms', 'Information Desk', 'Restaurant', 'Souvenir Shop', 'First Aid Station', 'Luggage Storage', 'group tours', 'security', 'scenic spots', 'sunset cruises', 'special couples experiences', 'Food markets', 'tasting tours']"
80,Juba,South Sudan,Theme Park/Amusement Park,Nile Rapids Adventure Zone,"Nile Rapids Adventure Zone is a theme park in Juba, South Sudan, popular for its memorable experiences. Entry fee is 24.66 USD. Recommended visit: 8 hours. Discover Nile Rapids Adventure Zone, a notable theme park in Juba, South Sudan, ideal for visitors. Open 09:00-17:30, entry 24.66 USD.",24.66,09:00-17:30,8 hours,3.75,"No. 1, Olympic Road, Juba",4.872264056067165,31.5992199051678,['with pets'],"['Restrooms', 'Information Desk', 'Restaurant', 'Souvenir Shop', 'First Aid Station', 'Luggage Storage', 'Pet-friendly', 'pet water stations', 'Pet rest area']"
81,Juba,South Sudan,Theme Park/Amusement Park,Horizon Echoes Adventure Park,"Horizon Echoes Adventure Park is a theme park in Juba, South Sudan, popular for its memorable experiences. Entry fee is 13.72 USD. Recommended visit: 7 hours. Discover Horizon Echoes Adventure Park, a notable theme park in Juba, South Sudan, ideal for visitors. Open 10:00-22:00, entry 13.72 USD.",13.72,10:00-22:00,7 hours,3.75,"898 Sakura Street, Naka Ward, Juba",4.864424345780586,31.59921102613217,"['solo women', 'road trip']","['Restrooms', 'Information Desk', 'Restaurant', 'Souvenir Shop', 'First Aid Station', 'Luggage Storage', 'group tours', 'security', 'parking']"
82,Juba,South Sudan,Theme Park/Amusement Park,Juba Jungle Quest No.3,"Juba Jungle Quest is a theme park in Juba, South Sudan, popular for its memorable experiences. Entry fee is 23.37 USD. Recommended visit: 8 hours. Discover Juba Jungle Quest, a notable theme park in Juba, South Sudan, ideal for visitors. Open 09:00-17:30, entry 23.37 USD.",23.37,09:00-17:30,8 hours,3.75,"156 Ocean Road, Juba",4.836073259574174,31.615342666321627,"['with children', 'business travelers']","['Restrooms', 'Information Desk', 'Restaurant', 'Souvenir Shop', 'First Aid Station', 'Luggage Storage', 'family restrooms', 'Nursing facilities', 'High speed WiFi']"
83,Juba,South Sudan,Theme Park/Amusement Park,Juba River Rapids Adventure,"Juba River Rapids Adventure is a theme park in Juba, South Sudan, popular for its memorable experiences. Entry fee is 32.62 USD. Recommended visit: 6 hours. Discover Juba River Rapids Adventure, a notable theme park in Juba, South Sudan, ideal for visitors. Open 09:00-18:00, entry 32.62 USD.",32.62,09:00-18:00,6 hours,3.75,"795 Thaweewong Road, Juba",4.84893991811024,31.588644291396754,"['photography', 'with pets', 'couples trip']","['Restrooms', 'Information Desk', 'Restaurant', 'Souvenir Shop', 'First Aid Station', 'Luggage Storage', 'photo spots', 'guided photo tours', 'charging stations', 'Pet-friendly', 'pet water stations', 'Pet rest area', 'scenic spots', 'sunset cruises', 'special couples experiences']"
84,Juba,South Sudan,Theme Park/Amusement Park,Juba Jungle Escape,"Juba Jungle Escape is a theme park in Juba, South Sudan, popular for its memorable experiences. Entry fee is 29.85 USD. Recommended visit: 7 hours. Discover Juba Jungle Escape, a notable theme park in Juba, South Sudan, ideal for visitors. Open 10:00-22:00, entry 29.85 USD.",29.85,10:00-22:00,7 hours,3.75,"106 Sakura Street, Chuo Ward, Juba",4.86262195628536,31.590407625168627,"['with children', 'luxury travelers']","['Restrooms', 'Information Desk', 'Restaurant', 'Souvenir Shop', 'First Aid Station', 'Luggage Storage', 'family restrooms', 'Nursing facilities', 'private tours', 'skip the line passes', 'VIP exclusive events']"
85,Juba,South Sudan,Theme Park/Amusement Park,Juba Jungle Pulse Adventure,"Juba Jungle Pulse Adventure is a theme park in Juba, South Sudan, popular for its memorable experiences. Entry fee is 14.0 USD. Recommended visit: 8 hours. Discover Juba Jungle Pulse Adventure, a notable theme park in Juba, South Sudan, ideal for visitors. Open 10:00-20:00, entry 14.0 USD.",14.0,10:00-20:00,8 hours,3.75,"607 Seomyeon-ro, Busanjin-gu, Juba",4.872125579119451,31.583002239265937,"['nightlife enthusiast', 'foodie', 'business travelers']","['Restrooms', 'Information Desk', 'Restaurant', 'Souvenir Shop', 'First Aid Station', 'Luggage Storage', 'night markets', 'bars', 'evening shows', 'Food markets', 'tasting tours', 'High speed WiFi']"
86,Juba,South Sudan,Theme Park/Amusement Park,Juba Jungle Quest Adventure No.2,"Juba Jungle Quest Adventure is a theme park in Juba, South Sudan, popular for its memorable experiences. Entry fee is 41.86 USD. Recommended visit: 7 hours. Discover Juba Jungle Quest Adventure, a notable theme park in Juba, South Sudan, ideal for visitors. Open 09:00-18:00, entry 41.86 USD.",41.86,09:00-18:00,7 hours,3.75,"No. 456 Cultural Avenue, Juba",4.853407384054529,31.589027246576283,"['photography', 'luxury travelers', 'business travelers']","['Restrooms', 'Information Desk', 'Restaurant', 'Souvenir Shop', 'First Aid Station', 'Luggage Storage', 'photo spots', 'guided photo tours', 'charging stations', 'private tours', 'skip the line passes', 'VIP exclusive events', 'High speed WiFi']"
87,Juba,South Sudan,Theme Park/Amusement Park,Juba Adventure Hub,"Juba Adventure Hub is a theme park in Juba, South Sudan, popular for its memorable experiences. Entry fee is 10.15 USD. Recommended visit: 6 hours. Discover Juba Adventure Hub, a notable theme park in Juba, South Sudan, ideal for visitors. Open 09:00-17:30, entry 10.15 USD.",10.15,09:00-17:30,6 hours,3.75,"No. 125, Xingang Road, Juba",4.837543369304886,31.61755622148108,"['nightlife enthusiast', 'with children', 'with pets']","['Restrooms', 'Information Desk', 'Restaurant', 'Souvenir Shop', 'First Aid Station', 'Luggage Storage', 'night markets', 'bars', 'evening shows', 'family restrooms', 'Nursing facilities', 'Pet-friendly', 'pet water stations', 'Pet rest area']"
88,Juba,South Sudan,Theme Park/Amusement Park,Juba Heritage Hub,"Juba Heritage Hub is a theme park in Juba, South Sudan, popular for its memorable experiences. Entry fee is 18.98 USD. Recommended visit: 8 hours. Discover Juba Heritage Hub, a notable theme park in Juba, South Sudan, ideal for visitors. Open 09:00-21:00, entry 18.98 USD.",18.98,09:00-21:00,8 hours,3.75,"765 Sukhumvit Road, Khlong Toei District, Juba",4.854056975697433,31.617698461319915,"['fast-paced budget travel', 'couples trip', 'elderly travelers']","['Restrooms', 'Information Desk', 'Restaurant', 'Souvenir Shop', 'First Aid Station', 'Luggage Storage', 'city passes', 'luggage storage', 'self-guided tours', 'scenic spots', 'sunset cruises', 'special couples experiences', 'wheelchair rental', 'benches/rest areas']"
89,Juba,South Sudan,Theme Park/Amusement Park,Juba Sky Domes Adventure Park,"Juba Sky Domes Adventure Park is a theme park in Juba, South Sudan, popular for its memorable experiences. Entry fee is 4.06 USD. Recommended visit: 8 hours. Discover Juba Sky Domes Adventure Park, a notable theme park in Juba, South Sudan, ideal for visitors. Open 10:00-22:00, entry 4.06 USD.",4.06,10:00-22:00,8 hours,3.75,"946 Hibikino Street, Juba",4.852724269884063,31.601507481400063,['with children'],"['Restrooms', 'Information Desk', 'Restaurant', 'Souvenir Shop', 'First Aid Station', 'Luggage Storage', 'family restrooms', 'Nursing facilities']"
90,Juba,South Sudan,Theme Park/Amusement Park,Sudanian Splashland,"Sudanian Splashland is a theme park in Juba, South Sudan, popular for its memorable experiences. Entry fee is 6.99 USD. Recommended visit: 6 hours. Discover Sudanian Splashland, a notable theme park in Juba, South Sudan, ideal for visitors. Open 09:00-17:30, entry 6.99 USD.",6.99,09:00-17:30,6 hours,3.75,"313 Gwangjang Street, Mapo-gu, Juba",4.863641923530154,31.60028244468006,"['photography', 'foodie', 'disabled traveler']","['Restrooms', 'Information Desk', 'Restaurant', 'Souvenir Shop', 'First Aid Station', 'Luggage Storage', 'photo spots', 'guided photo tours', 'charging stations', 'Food markets', 'tasting tours', 'ramps', 'elevators', 'wheelchair rentals', 'accessible restrooms']"
91,Juba,South Sudan,Historic Site/Landmark,Nile Horizon Observation Point,"Nile Horizon Observation Point is a historic site in Juba, South Sudan, popular for its memorable experiences. Entry fee is 12.6 USD. Recommended visit: 2 hours. Discover Nile Horizon Observation Point, a notable historic site in Juba, South Sudan, ideal for visitors. Open 06:00-18:00, entry 12.6 USD.",12.6,06:00-18:00,2 hours,3.5,"169 Gwangjang-ro, Jung-gu, Juba",4.845380259853085,31.619467247993345,['foodie'],"['Restrooms', 'Information Desk', 'Restaurant', 'Souvenir Shop', 'First Aid Station', 'Luggage Storage', 'Food markets', 'tasting tours']"
92,Juba,South Sudan,Historic Site/Landmark,Kurume Cultural Legacy Park,"Kurume Cultural Legacy Park is a historic site in Juba, South Sudan, popular for its memorable experiences. Entry fee is 7.84 USD. Recommended visit: 2 hours. Discover Kurume Cultural Legacy Park, a notable historic site in Juba, South Sudan, ideal for visitors. Open 08:30-17:30, entry 7.84 USD.",7.84,08:30-17:30,2 hours,3.5,"243 Sakura Street, Juba",4.847885439029782,31.60022339455085,"['nightlife enthusiast', 'with pets', 'road trip']","['Restrooms', 'Information Desk', 'Restaurant', 'Souvenir Shop', 'First Aid Station', 'Luggage Storage', 'night markets', 'bars', 'evening shows', 'Pet-friendly', 'pet water stations', 'Pet rest area', 'parking']"
93,Juba,South Sudan,Historic Site/Landmark,Echoes of the Nile,"Echoes of the Nile is a historic site in Juba, South Sudan, popular for its memorable experiences. Entry fee is 16.97 USD. Recommended visit: 2 hours. Discover Echoes of the Nile, a notable historic site in Juba, South Sudan, ideal for visitors. Open 09:00-17:30, entry 16.97 USD.",16.97,09:00-17:30,2 hours,3.5,"570 Kita-Ku Street, Juba",4.872016654612849,31.592454772280128,"['with children', 'disabled traveler', 'road trip']","['Restrooms', 'Information Desk', 'Restaurant', 'Souvenir Shop', 'First Aid Station', 'Luggage Storage', 'family restrooms', 'Nursing facilities', 'ramps', 'elevators', 'wheelchair rentals', 'accessible restrooms', 'parking']"
94,Juba,South Sudan,Historic Site/Landmark,Legacy of the Sovereigns Heritage Tour,"Legacy of the Sovereigns Heritage Tour is a historic site in Juba, South Sudan, popular for its memorable experiences. Entry fee is 16.52 USD. Recommended visit: 2 hours. Discover Legacy of the Sovereigns Heritage Tour, a notable historic site in Juba, South Sudan, ideal for visitors. Open 08:30-17:00, entry 16.52 USD.",16.52,08:30-17:00,2 hours,3.5,"808-8 Higashitsubosaki, Juba",4.844869365066834,31.59504958470072,"['fast-paced budget travel', 'photography', 'disabled traveler']","['Restrooms', 'Information Desk', 'Restaurant', 'Souvenir Shop', 'First Aid Station', 'Luggage Storage', 'city passes', 'luggage storage', 'self-guided tours', 'photo spots', 'guided photo tours', 'charging stations', 'ramps', 'elevators', 'wheelchair rentals', 'accessible restrooms']"
95,Juba,South Sudan,Historic Site/Landmark,Juba Heritage Museum,"Juba Heritage Museum is a historic site in Juba, South Sudan, popular for its memorable experiences. Entry fee is 10.59 USD. Recommended visit: 2 hours. Discover Juba Heritage Museum, a notable historic site in Juba, South Sudan, ideal for visitors. Open 09:00-17:00, entry 10.59 USD.",10.59,09:00-17:00,2 hours,3.5,"329 Kita-Ku, Juba",4.861846977653917,31.59588329558915,"['with children', 'photography', 'foodie']","['Restrooms', 'Information Desk', 'Restaurant', 'Souvenir Shop', 'First Aid Station', 'Luggage Storage', 'family restrooms', 'Nursing facilities', 'photo spots', 'guided photo tours', 'charging stations', 'Food markets', 'tasting tours']"
96,Juba,South Sudan,Historic Site/Landmark,Juba Heritage and Unity Monument,"Juba Heritage and Unity Monument is a historic site in Juba, South Sudan, popular for its memorable experiences. Entry fee is 29.19 USD. Recommended visit: 2 hours. Discover Juba Heritage and Unity Monument, a notable historic site in Juba, South Sudan, ideal for visitors. Open 08:30-17:30, entry 29.19 USD.",29.19,08:30-17:30,2 hours,3.5,"No. 18, Zhongguancun South Street, Juba",4.875306496068821,31.59953152080549,['with children'],"['Restrooms', 'Information Desk', 'Restaurant', 'Souvenir Shop', 'First Aid Station', 'Luggage Storage', 'family restrooms', 'Nursing facilities']"
97,Juba,South Sudan,Historic Site/Landmark,Old Juba Heritage Trail,"Old Juba Heritage Trail is a historic site in Juba, South Sudan, popular for its memorable experiences. Entry fee is 248.4 USD. Recommended visit: 2 hours. Discover Old Juba Heritage Trail, a notable historic site in Juba, South Sudan, ideal for visitors. Open 10:00-18:00, entry 248.4 USD.",248.4,10:00-18:00,2 hours,3.5,"780 Shinsaibashi Street, Chuo Ward, Juba",4.886825619845203,31.584730105367417,"['couples trip', 'luxury travelers', 'road trip']","['Restrooms', 'Information Desk', 'Restaurant', 'Souvenir Shop', 'First Aid Station', 'Luggage Storage', 'scenic spots', 'sunset cruises', 'special couples experiences', 'private tours', 'skip the line passes', 'VIP exclusive events', 'parking']"
98,Juba,South Sudan,Historic Site/Landmark,Aerial Heritage Tower,"Aerial Heritage Tower is a historic site in Juba, South Sudan, popular for its memorable experiences. Entry fee is 1.4 USD. Recommended visit: 2 hours. Discover Aerial Heritage Tower, a notable historic site in Juba, South Sudan, ideal for visitors. Open 09:00-21:00, entry 1.4 USD.",1.4,09:00-21:00,2 hours,3.5,"402 Shinjuku Garden Street, Juba",4.844933767204221,31.607839129075483,['road trip'],"['Restrooms', 'Information Desk', 'Restaurant', 'Souvenir Shop', 'First Aid Station', 'Luggage Storage', 'parking']"
99,Juba,South Sudan,Historic Site/Landmark,Juba Heritage Skywalk Experience,"Juba Heritage Skywalk Experience is a historic site in Juba, South Sudan, popular for its memorable experiences. Entry fee is 4.2 USD. Recommended visit: 2 hours. Discover Juba Heritage Skywalk Experience, a notable historic site in Juba, South Sudan, ideal for visitors. Open 09:00-18:00, entry 4.2 USD.",4.2,09:00-18:00,2 hours,3.5,"156 Ocean Road, Juba",4.839694792181704,31.62011685235528,"['nightlife enthusiast', 'elderly travelers', 'business travelers']","['Restrooms', 'Information Desk', 'Restaurant', 'Souvenir Shop', 'First Aid Station', 'Luggage Storage', 'night markets', 'bars', 'evening shows', 'wheelchair rental', 'benches/rest areas', 'High speed WiFi']"
100,Juba,South Sudan,Historic Site/Landmark,Juba Skyline Tower,"Juba Skyline Tower is a historic site in Juba, South Sudan, popular for its memorable experiences. Entry fee is 13.36 USD. Recommended visit: 2 hours. Discover Juba Skyline Tower, a notable historic site in Juba, South Sudan, ideal for visitors. Open 08:30-17:00, entry 13.36 USD.",13.36,08:30-17:00,2 hours,3.5,"223-8612 Tokyo, Sumida Ward, Juba",4.861146557652548,31.601014960847674,"['photography', 'couples trip', 'disabled traveler']","['Restrooms', 'Information Desk', 'Restaurant', 'Souvenir Shop', 'First Aid Station', 'Luggage Storage', 'photo spots', 'guided photo tours', 'charging stations', 'scenic spots', 'sunset cruises', 'special couples experiences', 'ramps', 'elevators', 'wheelchair rentals', 'accessible restrooms']"
101,Juba,South Sudan,Historic Site/Landmark,Juba Heritage Spire,"Juba Heritage Spire is a historic site in Juba, South Sudan, popular for its memorable experiences. Entry fee is 114.46 USD. Recommended visit: 2 hours. Discover Juba Heritage Spire, a notable historic site in Juba, South Sudan, ideal for visitors. Open 10:00-20:00, entry 114.46 USD.",114.46,10:00-20:00,2 hours,3.5,"526 Shinko Street, Chuo Ward, Juba",4.849440836380111,31.59336640670607,"['nightlife enthusiast', 'with pets', 'business travelers']","['Restrooms', 'Information Desk', 'Restaurant', 'Souvenir Shop', 'First Aid Station', 'Luggage Storage', 'night markets', 'bars', 'evening shows', 'Pet-friendly', 'pet water stations', 'Pet rest area', 'High speed WiFi']"
102,Juba,South Sudan,Historic Site/Landmark,Juba Heritage Echoes Center,"Juba Heritage Echoes Center is a historic site in Juba, South Sudan, popular for its memorable experiences. Entry fee is 24.92 USD. Recommended visit: 2 hours. Discover Juba Heritage Echoes Center, a notable historic site in Juba, South Sudan, ideal for visitors. Open 08:00-18:00, entry 24.92 USD.",24.92,08:00-18:00,2 hours,3.5,"158 West Riverside Road, Juba",4.841405324802218,31.59198890344024,"['foodie', 'luxury travelers', 'disabled traveler']","['Restrooms', 'Information Desk', 'Restaurant', 'Souvenir Shop', 'First Aid Station', 'Luggage Storage', 'Food markets', 'tasting tours', 'private tours', 'skip the line passes', 'VIP exclusive events', 'ramps', 'elevators', 'wheelchair rentals', 'accessible restrooms']"
103,Juba,South Sudan,Historic Site/Landmark,Kerem Cultural Legacy Walk,"Kerem Cultural Legacy Walk is a historic site in Juba, South Sudan, popular for its memorable experiences. Entry fee is 50.54 USD. Recommended visit: 2 hours. Discover Kerem Cultural Legacy Walk, a notable historic site in Juba, South Sudan, ideal for visitors. Open 09:30-17:00, entry 50.54 USD.",50.54,09:30-17:00,2 hours,3.5,"497 Shiroiwa Street, Chuo Ward, Juba",4.873315369176495,31.603550019940627,"['with pets', 'luxury travelers', 'disabled traveler']","['Restrooms', 'Information Desk', 'Restaurant', 'Souvenir Shop', 'First Aid Station', 'Luggage Storage', 'Pet-friendly', 'pet water stations', 'Pet rest area', 'private tours', 'skip the line passes', 'VIP exclusive events', 'ramps', 'elevators', 'wheelchair rentals', 'accessible restrooms']"
104,Juba,South Sudan,Historic Site/Landmark,Khartoum Legacy Cultural Hub,"Khartoum Legacy Cultural Hub is a historic site in Juba, South Sudan, popular for its memorable experiences. Entry fee is 9.73 USD. Recommended visit: 2 hours. Discover Khartoum Legacy Cultural Hub, a notable historic site in Juba, South Sudan, ideal for visitors. Open 08:30-19:00, entry 9.73 USD.",9.73,08:30-19:00,2 hours,3.5,"558 Gukje-ro, Gukje-gu, Juba",4.877528160314794,31.591390789468967,"['nightlife enthusiast', 'fast-paced budget travel', 'photography']","['Restrooms', 'Information Desk', 'Restaurant', 'Souvenir Shop', 'First Aid Station', 'Luggage Storage', 'night markets', 'bars', 'evening shows', 'city passes', 'luggage storage', 'self-guided tours', 'photo spots', 'guided photo tours', 'charging stations']"
105,Juba,South Sudan,Historic Site/Landmark,Juba Heritage Walk through the Sacred Stone Monuments,"Juba Heritage Walk through the Sacred Stone Monuments is a historic site in Juba, South Sudan, popular for its memorable experiences. Entry fee is 6.85 USD. Recommended visit: 2 hours. Discover Juba Heritage Walk through the Sacred Stone Monuments, a notable historic site in Juba, South Sudan, ideal for visitors. Open 10:00-22:00, entry 6.85 USD.",6.85,10:00-22:00,2 hours,3.5,"112 Shinsaibashi Dori, Chuo Ward, Juba",4.861293914750188,31.596902542448912,"['nightlife enthusiast', 'foodie', 'disabled traveler']","['Restrooms', 'Information Desk', 'Restaurant', 'Souvenir Shop', 'First Aid Station', 'Luggage Storage', 'night markets', 'bars', 'evening shows', 'Food markets', 'tasting tours', 'ramps', 'elevators', 'wheelchair rentals', 'accessible restrooms']"
106,Juba,South Sudan,Historic Site/Landmark,Juba Heritage Costume Gallery,"Juba Heritage Costume Gallery is a historic site in Juba, South Sudan, popular for its memorable experiences. Entry fee is 36.54 USD. Recommended visit: 2 hours. Discover Juba Heritage Costume Gallery, a notable historic site in Juba, South Sudan, ideal for visitors. Open 09:00-18:00, entry 36.54 USD.",36.54,09:00-18:00,2 hours,3.5,"131-8901 Sapporo City, Nishi 1-chome, Juba",4.859562481993075,31.60751806136437,"['with pets', 'luxury travelers', 'elderly travelers']","['Restrooms', 'Information Desk', 'Restaurant', 'Souvenir Shop', 'First Aid Station', 'Luggage Storage', 'Pet-friendly', 'pet water stations', 'Pet rest area', 'private tours', 'skip the line passes', 'VIP exclusive events', 'wheelchair rental', 'benches/rest areas']"
107,Juba,South Sudan,Historic Site/Landmark,Golden Horizon Observation Tower,"Golden Horizon Observation Tower is a historic site in Juba, South Sudan, popular for its memorable experiences. Entry fee is 78.46 USD. Recommended visit: 2 hours. Discover Golden Horizon Observation Tower, a notable historic site in Juba, South Sudan, ideal for visitors. Open 09:00-17:00, entry 78.46 USD.",78.46,09:00-17:00,2 hours,3.5,"No. 123 Xingye Road, Juba",4.846275231002047,31.61958182896076,"['luxury travelers', 'elderly travelers']","['Restrooms', 'Information Desk', 'Restaurant', 'Souvenir Shop', 'First Aid Station', 'Luggage Storage', 'private tours', 'skip the line passes', 'VIP exclusive events', 'wheelchair rental', 'benches/rest areas']"
108,Juba,South Sudan,Historic Site/Landmark,Echoes of the Nile Heritage Grounds,"Echoes of the Nile Heritage Grounds is a historic site in Juba, South Sudan, popular for its memorable experiences. Entry fee is 474.46 USD. Recommended visit: 2 hours. Discover Echoes of the Nile Heritage Grounds, a notable historic site in Juba, South Sudan, ideal for visitors. Open 19:30-22:30, entry 474.46 USD.",474.46,19:30-22:30,2 hours,3.5,"No. 456 Zhongshan Road, Juba",4.848999752999666,31.59773406347545,"['fast-paced budget travel', 'solo women', 'road trip']","['Restrooms', 'Information Desk', 'Restaurant', 'Souvenir Shop', 'First Aid Station', 'Luggage Storage', 'city passes', 'luggage storage', 'self-guided tours', 'group tours', 'security', 'parking']"
109,Juba,South Sudan,Historic Site/Landmark,Skyward Legacy Viewing Platform,"Skyward Legacy Viewing Platform is a historic site in Juba, South Sudan, popular for its memorable experiences. Entry fee is 26.79 USD. Recommended visit: 2 hours. Discover Skyward Legacy Viewing Platform, a notable historic site in Juba, South Sudan, ideal for visitors. Open 09:00-21:00, entry 26.79 USD.",26.79,09:00-21:00,2 hours,3.5,"No. 456, Zhangzhou Road, Juba",4.853620066145858,31.617778606605835,['disabled traveler'],"['Restrooms', 'Information Desk', 'Restaurant', 'Souvenir Shop', 'First Aid Station', 'Luggage Storage', 'ramps', 'elevators', 'wheelchair rentals', 'accessible restrooms']"
110,Juba,South Sudan,Historic Site/Landmark,Echoing Stone Citadel,"Echoing Stone Citadel is a historic site in Juba, South Sudan, popular for its memorable experiences. Entry fee is 160.64 USD. Recommended visit: 2 hours. Discover Echoing Stone Citadel, a notable historic site in Juba, South Sudan, ideal for visitors. Open 09:00-17:30, entry 160.64 USD.",160.64,09:00-17:30,2 hours,3.5,"No. 456, Huafeng Road, Juba",4.83839852342985,31.61254338842556,"['photography', 'foodie', 'road trip']","['Restrooms', 'Information Desk', 'Restaurant', 'Souvenir Shop', 'First Aid Station', 'Luggage Storage', 'photo spots', 'guided photo tours', 'charging stations', 'Food markets', 'tasting tours', 'parking']"
111,Juba,South Sudan,Historic Site/Landmark,Kurume Thermal Baths Cultural Journey,"Kurume Thermal Baths Cultural Journey is a historic site in Juba, South Sudan, popular for its memorable experiences. Entry fee is 6.23 USD. Recommended visit: 2 hours. Discover Kurume Thermal Baths Cultural Journey, a notable historic site in Juba, South Sudan, ideal for visitors. Open 09:00-22:00, entry 6.23 USD.",6.23,09:00-22:00,2 hours,3.5,"182 Shibuya Street, Shibuya Ward, Juba",4.87136400590529,31.58811544295708,"['nightlife enthusiast', 'photography', 'elderly travelers']","['Restrooms', 'Information Desk', 'Restaurant', 'Souvenir Shop', 'First Aid Station', 'Luggage Storage', 'night markets', 'bars', 'evening shows', 'photo spots', 'guided photo tours', 'charging stations', 'wheelchair rental', 'benches/rest areas']"
112,Juba,South Sudan,Historic Site/Landmark,Echoing Pools Memorial,"Echoing Pools Memorial is a historic site in Juba, South Sudan, popular for its memorable experiences. Entry fee is 15.16 USD. Recommended visit: 2 hours. Discover Echoing Pools Memorial, a notable historic site in Juba, South Sudan, ideal for visitors. Open 09:00-17:30, entry 15.16 USD.",15.16,09:00-17:30,2 hours,3.5,"No. 456, Ocean View Road, Juba",4.847224130336673,31.58697542975484,"['with children', 'foodie', 'disabled traveler']","['Restrooms', 'Information Desk', 'Restaurant', 'Souvenir Shop', 'First Aid Station', 'Luggage Storage', 'family restrooms', 'Nursing facilities', 'Food markets', 'tasting tours', 'ramps', 'elevators', 'wheelchair rentals', 'accessible restrooms']"
113,Juba,South Sudan,Historic Site/Landmark,Kurume Heritage Ensemble,"Kurume Heritage Ensemble is a historic site in Juba, South Sudan, popular for its memorable experiences. Entry fee is 0.0 USD. Recommended visit: 2 hours. Discover Kurume Heritage Ensemble, a notable historic site in Juba, South Sudan, ideal for visitors. Open 08:30-17:00, entry 0.0 USD.",0.0,08:30-17:00,2 hours,3.5,"631 Sakura Street, Naka-ku, Juba",4.861175398577858,31.5919035666507,"['couples trip', 'disabled traveler', 'business travelers']","['Restrooms', 'Information Desk', 'Restaurant', 'Souvenir Shop', 'First Aid Station', 'Luggage Storage', 'scenic spots', 'sunset cruises', 'special couples experiences', 'ramps', 'elevators', 'wheelchair rentals', 'accessible restrooms', 'High speed WiFi']"
114,Juba,South Sudan,Historic Site/Landmark,Kor Ghar Cultural Hall,"Kor Ghar Cultural Hall is a historic site in Juba, South Sudan, popular for its memorable experiences. Entry fee is 11.68 USD. Recommended visit: 2 hours. Discover Kor Ghar Cultural Hall, a notable historic site in Juba, South Sudan, ideal for visitors. Open 08:30-17:30, entry 11.68 USD.",11.68,08:30-17:30,2 hours,3.5,"934 Sakura Street, Chuo Ward, Juba",4.86628093904173,31.59172441656288,"['with pets', 'solo women', 'photography']","['Restrooms', 'Information Desk', 'Restaurant', 'Souvenir Shop', 'First Aid Station', 'Luggage Storage', 'Pet-friendly', 'pet water stations', 'Pet rest area', 'group tours', 'security', 'photo spots', 'guided photo tours', 'charging stations']"
115,Juba,South Sudan,Historic Site/Landmark,Juba Heritage Combat Theater,"Juba Heritage Combat Theater is a historic site in Juba, South Sudan, popular for its memorable experiences. Entry fee is 5.6 USD. Recommended visit: 2 hours. Discover Juba Heritage Combat Theater, a notable historic site in Juba, South Sudan, ideal for visitors. Open 09:00-17:00, entry 5.6 USD.",5.6,09:00-17:00,2 hours,3.5,"472 Beach Road, Juba",4.873385660508419,31.601990931218584,"['with children', 'with pets', 'photography']","['Restrooms', 'Information Desk', 'Restaurant', 'Souvenir Shop', 'First Aid Station', 'Luggage Storage', 'family restrooms', 'Nursing facilities', 'Pet-friendly', 'pet water stations', 'Pet rest area', 'photo spots', 'guided photo tours', 'charging stations']"
116,Juba,South Sudan,Historic Site/Landmark,Juba Heritage Walk,"Juba Heritage Walk is a historic site in Juba, South Sudan, popular for its memorable experiences. Entry fee is 5.38 USD. Recommended visit: 2 hours. Discover Juba Heritage Walk, a notable historic site in Juba, South Sudan, ideal for visitors. Open 09:00-17:30, entry 5.38 USD.",5.38,09:00-17:30,2 hours,3.5,"549-12, Gwanghwamun-daero, Yongsan-gu, Juba",4.856957646248319,31.618653686196808,"['foodie', 'elderly travelers', 'luxury travelers']","['Restrooms', 'Information Desk', 'Restaurant', 'Souvenir Shop', 'First Aid Station', 'Luggage Storage', 'Food markets', 'tasting tours', 'wheelchair rental', 'benches/rest areas', 'private tours', 'skip the line passes', 'VIP exclusive events']"
117,Juba,South Sudan,Historic Site/Landmark,Khartoum Legacy Museum,"Khartoum Legacy Museum is a historic site in Juba, South Sudan, popular for its memorable experiences. Entry fee is 2.79 USD. Recommended visit: 2 hours. Discover Khartoum Legacy Museum, a notable historic site in Juba, South Sudan, ideal for visitors. Open 08:30-17:00, entry 2.79 USD.",2.79,08:30-17:00,2 hours,3.5,"295 Sakura Street, Juba",4.874792345315092,31.6011699948264,['with pets'],"['Restrooms', 'Information Desk', 'Restaurant', 'Souvenir Shop', 'First Aid Station', 'Luggage Storage', 'Pet-friendly', 'pet water stations', 'Pet rest area']"
118,Juba,South Sudan,Historic Site/Landmark,Echoes of the Elders,"Echoes of the Elders is a historic site in Juba, South Sudan, popular for its memorable experiences. Entry fee is 42.0 USD. Recommended visit: 2 hours. Discover Echoes of the Elders, a notable historic site in Juba, South Sudan, ideal for visitors. Open 10:00-19:00, entry 42.0 USD.",42.0,10:00-19:00,2 hours,3.5,"625 Sakura Street, Shibuya, Juba",4.844598582692988,31.601858611201365,"['nightlife enthusiast', 'solo women']","['Restrooms', 'Information Desk', 'Restaurant', 'Souvenir Shop', 'First Aid Station', 'Luggage Storage', 'night markets', 'bars', 'evening shows', 'group tours', 'security']"
119,Juba,South Sudan,Historic Site/Landmark,Juba Heritage Walk and Cultural Hub,"Juba Heritage Walk and Cultural Hub is a historic site in Juba, South Sudan, popular for its memorable experiences. Entry fee is 7.0 USD. Recommended visit: 2 hours. Discover Juba Heritage Walk and Cultural Hub, a notable historic site in Juba, South Sudan, ideal for visitors. Open 08:30-17:30, entry 7.0 USD.",7.0,08:30-17:30,2 hours,3.5,"214 Nakanoshima-dori, Chuo-ku, Juba",4.867226907895649,31.588304617044987,"['photography', 'foodie']","['Restrooms', 'Information Desk', 'Restaurant', 'Souvenir Shop', 'First Aid Station', 'Luggage Storage', 'photo spots', 'guided photo tours', 'charging stations', 'Food markets', 'tasting tours']"
120,Juba,South Sudan,Historic Site/Landmark,Echoes of the Nile Shrine,"Echoes of the Nile Shrine is a historic site in Juba, South Sudan, popular for its memorable experiences. Entry fee is 4.13 USD. Recommended visit: 2 hours. Discover Echoes of the Nile Shrine, a notable historic site in Juba, South Sudan, ideal for visitors. Open 10:00-22:00, entry 4.13 USD.",4.13,10:00-22:00,2 hours,3.5,"813 Sakura Street, Shibuya, Juba",4.850749422466196,31.603290716641112,"['with pets', 'foodie', 'road trip']","['Restrooms', 'Information Desk', 'Restaurant', 'Souvenir Shop', 'First Aid Station', 'Luggage Storage', 'Pet-friendly', 'pet water stations', 'Pet rest area', 'Food markets', 'tasting tours', 'parking']"
121,Juba,South Sudan,Historic Site/Landmark,Echoing Stones,"Echoing Stones is a historic site in Juba, South Sudan, popular for its memorable experiences. Entry fee is 21.77 USD. Recommended visit: 2 hours. Discover Echoing Stones, a notable historic site in Juba, South Sudan, ideal for visitors. Open 08:30-20:00, entry 21.77 USD.",21.77,08:30-20:00,2 hours,3.5,"630 Shibuya Crossing Street, Shibuya Ward, Juba",4.880144533150211,31.583057713784868,"['foodie', 'business travelers']","['Restrooms', 'Information Desk', 'Restaurant', 'Souvenir Shop', 'First Aid Station', 'Luggage Storage', 'Food markets', 'tasting tours', 'High speed WiFi']"
122,Juba,South Sudan,Museum/Art Gallery,Juba Canvas Collective,"Juba Canvas Collective is a museum in Juba, South Sudan, popular for its unique collections and exhibitions. Entry fee is 286.14 USD. Recommended visit: 2 hours. Discover Juba Canvas Collective, a renowned museum in Juba, South Sudan, ideal for art lovers. Open 09:00-17:30, entry 286.14 USD.",286.14,09:00-17:30,2 hours,4.0,"984-8 Shinsaibashi, Chuo Ward, Juba",4.861286811962261,31.585842552106087,"['nightlife enthusiast', 'with children', 'fast-paced budget travel']","['Restrooms', 'Information Desk', 'Restaurant', 'Souvenir Shop', 'First Aid Station', 'Luggage Storage', 'night markets', 'bars', 'evening shows', 'family restrooms', 'Nursing facilities', 'city passes', 'luggage storage', 'self-guided tours']"
123,Juba,South Sudan,Museum/Art Gallery,Echoes of the Valley,"Echoes of the Valley is a museum in Juba, South Sudan, popular for its unique collections and exhibitions. Entry fee is 7.0 USD. Recommended visit: 2 hours. Discover Echoes of the Valley, a renowned museum in Juba, South Sudan, ideal for art lovers. Open 10:00-20:00, entry 7.0 USD.",7.0,10:00-20:00,2 hours,4.0,"No. 456, Innovation Avenue, Juba",4.842668622824983,31.61691554371008,"['photography', 'foodie']","['Restrooms', 'Information Desk', 'Restaurant', 'Souvenir Shop', 'First Aid Station', 'Luggage Storage', 'photo spots', 'guided photo tours', 'charging stations', 'Food markets', 'tasting tours']"
124,Juba,South Sudan,Museum/Art Gallery,Juba Heritage Nexus,"Juba Heritage Nexus is a museum in Juba, South Sudan, popular for its unique collections and exhibitions. Entry fee is 7.46 USD. Recommended visit: 2 hours. Discover Juba Heritage Nexus, a renowned museum in Juba, South Sudan, ideal for art lovers. Open 10:00-17:00, entry 7.46 USD.",7.46,10:00-17:00,2 hours,4.0,"No. 456, Riverside Avenue, Juba",4.8458581919084205,31.60860062095429,"['nightlife enthusiast', 'couples trip', 'foodie']","['Restrooms', 'Information Desk', 'Restaurant', 'Souvenir Shop', 'First Aid Station', 'Luggage Storage', 'night markets', 'bars', 'evening shows', 'scenic spots', 'sunset cruises', 'special couples experiences', 'Food markets', 'tasting tours']"
125,Juba,South Sudan,Museum/Art Gallery,Nubian Heritage Art Space,"Nubian Heritage Art Space is a museum in Juba, South Sudan, popular for its unique collections and exhibitions. Entry fee is 5.61 USD. Recommended visit: 2 hours. Discover Nubian Heritage Art Space, a renowned museum in Juba, South Sudan, ideal for art lovers. Open 10:00-22:00, entry 5.61 USD.",5.61,10:00-22:00,2 hours,4.0,"496 Shiroiwa Street, Juba",4.85695131887101,31.604294940875445,"['with children', 'fast-paced budget travel', 'couples trip']","['Restrooms', 'Information Desk', 'Restaurant', 'Souvenir Shop', 'First Aid Station', 'Luggage Storage', 'family restrooms', 'Nursing facilities', 'city passes', 'luggage storage', 'self-guided tours', 'scenic spots', 'sunset cruises', 'special couples experiences']"
126,Juba,South Sudan,Museum/Art Gallery,Echoes of the Nile Gallery,"Echoes of the Nile Gallery is a museum in Juba, South Sudan, popular for its unique collections and exhibitions. Entry fee is 15.12 USD. Recommended visit: 2 hours. Discover Echoes of the Nile Gallery, a renowned museum in Juba, South Sudan, ideal for art lovers. Open 08:30-17:00, entry 15.12 USD.",15.12,08:30-17:00,2 hours,4.0,"No. 456, Green Harmony Road, Juba",4.851348051192571,31.607900533397704,"['solo women', 'foodie', 'business travelers']","['Restrooms', 'Information Desk', 'Restaurant', 'Souvenir Shop', 'First Aid Station', 'Luggage Storage', 'group tours', 'security', 'Food markets', 'tasting tours', 'High speed WiFi']"
127,Juba,South Sudan,Museum/Art Gallery,Juba EcoLumina Gallery,"Juba EcoLumina Gallery is a museum in Juba, South Sudan, popular for its unique collections and exhibitions. Entry fee is 86.45 USD. Recommended visit: 2 hours. Discover Juba EcoLumina Gallery, a renowned museum in Juba, South Sudan, ideal for art lovers. Open 09:30-17:00, entry 86.45 USD.",86.45,09:30-17:00,2 hours,4.0,"162-89 Sakura Street, Shinjuku Ward, Juba",4.866003035730613,31.606439652255776,"['fast-paced budget travel', 'with pets']","['Restrooms', 'Information Desk', 'Restaurant', 'Souvenir Shop', 'First Aid Station', 'Luggage Storage', 'city passes', 'luggage storage', 'self-guided tours', 'Pet-friendly', 'pet water stations', 'Pet rest area']"
128,Juba,South Sudan,Museum/Art Gallery,Echoes of the Nile Gallery No.2,"Echoes of the Nile Gallery is a museum in Juba, South Sudan, popular for its unique collections and exhibitions. Entry fee is 12.28 USD. Recommended visit: 2 hours. Discover Echoes of the Nile Gallery, a renowned museum in Juba, South Sudan, ideal for art lovers. Open 09:00-17:30, entry 12.28 USD.",12.28,09:00-17:30,2 hours,4.0,"817 Khlong Toei Road, Juba",4.8449108304920285,31.60745456098479,"['nightlife enthusiast', 'road trip']","['Restrooms', 'Information Desk', 'Restaurant', 'Souvenir Shop', 'First Aid Station', 'Luggage Storage', 'night markets', 'bars', 'evening shows', 'parking']"
129,Juba,South Sudan,Museum/Art Gallery,Juba Modern Vision Gallery,"Juba Modern Vision Gallery is a museum in Juba, South Sudan, popular for its unique collections and exhibitions. Entry fee is 15.9 USD. Recommended visit: 2 hours. Discover Juba Modern Vision Gallery, a renowned museum in Juba, South Sudan, ideal for art lovers. Open 09:30-17:00, entry 15.9 USD.",15.9,09:30-17:00,2 hours,4.0,"No. 456, Xingye Road, Tianhe District, Juba",4.847359005743114,31.58836534552131,"['nightlife enthusiast', 'solo women', 'with pets']","['Restrooms', 'Information Desk', 'Restaurant', 'Souvenir Shop', 'First Aid Station', 'Luggage Storage', 'night markets', 'bars', 'evening shows', 'group tours', 'security', 'Pet-friendly', 'pet water stations', 'Pet rest area']"
130,Juba,South Sudan,Museum/Art Gallery,Nubian Heritage Centre,"Nubian Heritage Centre is a museum in Juba, South Sudan, popular for its unique collections and exhibitions. Entry fee is 6.2 USD. Recommended visit: 2 hours. Discover Nubian Heritage Centre, a renowned museum in Juba, South Sudan, ideal for art lovers. Open 08:30-17:30, entry 6.2 USD.",6.2,08:30-17:30,2 hours,4.0,"671 Jurong West Ave 6, Juba",4.864241565724983,31.59104501884457,"['nightlife enthusiast', 'disabled traveler', 'elderly travelers']","['Restrooms', 'Information Desk', 'Restaurant', 'Souvenir Shop', 'First Aid Station', 'Luggage Storage', 'night markets', 'bars', 'evening shows', 'ramps', 'elevators', 'wheelchair rentals', 'accessible restrooms', 'wheelchair rental', 'benches/rest areas']"
131,Juba,South Sudan,Museum/Art Gallery,SweetLegacy Chocolate Workshop,"SweetLegacy Chocolate Workshop is a museum in Juba, South Sudan, popular for its unique collections and exhibitions. Entry fee is 6.37 USD. Recommended visit: 2 hours. Discover SweetLegacy Chocolate Workshop, a renowned museum in Juba, South Sudan, ideal for art lovers. Open 11:00-21:00, entry 6.37 USD.",6.37,11:00-21:00,2 hours,4.0,"120 Nishi-Shinjuku Street, Juba",4.855810600757593,31.60403562465242,"['fast-paced budget travel', 'solo women', 'luxury travelers']","['Restrooms', 'Information Desk', 'Restaurant', 'Souvenir Shop', 'First Aid Station', 'Luggage Storage', 'city passes', 'luggage storage', 'self-guided tours', 'group tours', 'security', 'private tours', 'skip the line passes', 'VIP exclusive events']"
132,Juba,South Sudan,Museum/Art Gallery,Juba Heritage Canvas,"Juba Heritage Canvas is a museum in Juba, South Sudan, popular for its unique collections and exhibitions. Entry fee is 52.55 USD. Recommended visit: 2 hours. Discover Juba Heritage Canvas, a renowned museum in Juba, South Sudan, ideal for art lovers. Open 10:00-17:30, entry 52.55 USD.",52.55,10:00-17:30,2 hours,4.0,"229 Sakura Street, Shinjuku, Juba",4.858115454793423,31.58199726016362,"['nightlife enthusiast', 'business travelers']","['Restrooms', 'Information Desk', 'Restaurant', 'Souvenir Shop', 'First Aid Station', 'Luggage Storage', 'night markets', 'bars', 'evening shows', 'High speed WiFi']"
133,Juba,South Sudan,Museum/Art Gallery,Deep Blue Horizon Gallery,"Deep Blue Horizon Gallery is a museum in Juba, South Sudan, popular for its unique collections and exhibitions. Entry fee is 7.79 USD. Recommended visit: 2 hours. Discover Deep Blue Horizon Gallery, a renowned museum in Juba, South Sudan, ideal for art lovers. Open 10:00-22:00, entry 7.79 USD.",7.79,10:00-22:00,2 hours,4.0,"No. 456, Cultural Square, Juba",4.862817125451006,31.60534282528599,"['with children', 'luxury travelers', 'road trip']","['Restrooms', 'Information Desk', 'Restaurant', 'Souvenir Shop', 'First Aid Station', 'Luggage Storage', 'family restrooms', 'Nursing facilities', 'private tours', 'skip the line passes', 'VIP exclusive events', 'parking']"
134,Juba,South Sudan,Museum/Art Gallery,Nile Echoes Gallery,"Nile Echoes Gallery is a museum in Juba, South Sudan, popular for its unique collections and exhibitions. Entry fee is 16.33 USD. Recommended visit: 2 hours. Discover Nile Echoes Gallery, a renowned museum in Juba, South Sudan, ideal for art lovers. Open 09:30-17:00, entry 16.33 USD.",16.33,09:30-17:00,2 hours,4.0,"No. 48, Taiping Road, Juba",4.858931374510274,31.58169658653797,"['photography', 'luxury travelers']","['Restrooms', 'Information Desk', 'Restaurant', 'Souvenir Shop', 'First Aid Station', 'Luggage Storage', 'photo spots', 'guided photo tours', 'charging stations', 'private tours', 'skip the line passes', 'VIP exclusive events']"
135,Juba,South Sudan,Museum/Art Gallery,Nubian Canvas Collective,"Nubian Canvas Collective is a museum in Juba, South Sudan, popular for its unique collections and exhibitions. Entry fee is 10.4 USD. Recommended visit: 2 hours. Discover Nubian Canvas Collective, a renowned museum in Juba, South Sudan, ideal for art lovers. Open 09:00-17:30, entry 10.4 USD.",10.4,09:00-17:30,2 hours,4.0,"468 Gyeongbokgung-ro, Jongno-gu, Juba",4.870374159416311,31.58228857515361,"['photography', 'couples trip']","['Restrooms', 'Information Desk', 'Restaurant', 'Souvenir Shop', 'First Aid Station', 'Luggage Storage', 'photo spots', 'guided photo tours', 'charging stations', 'scenic spots', 'sunset cruises', 'special couples experiences']"
136,Juba,South Sudan,Museum/Art Gallery,Echoes of the Nile Gallery No.3,"Echoes of the Nile Gallery is a museum in Juba, South Sudan, popular for its unique collections and exhibitions. Entry fee is 11.22 USD. Recommended visit: 2 hours. Discover Echoes of the Nile Gallery, a renowned museum in Juba, South Sudan, ideal for art lovers. Open 09:00-18:00, entry 11.22 USD.",11.22,09:00-18:00,2 hours,4.0,"713 Shibuya Crossing Digital Plaza, Shibuya-ku, Juba",4.84449267030523,31.58769778144408,"['road trip', 'with pets', 'business travelers']","['Restrooms', 'Information Desk', 'Restaurant', 'Souvenir Shop', 'First Aid Station', 'Luggage Storage', 'parking', 'Pet-friendly', 'pet water stations', 'Pet rest area', 'High speed WiFi']"
137,Juba,South Sudan,Museum/Art Gallery,Juba Crossroads Cultural Nexus,"Juba Crossroads Cultural Nexus is a museum in Juba, South Sudan, popular for its unique collections and exhibitions. Entry fee is 28.12 USD. Recommended visit: 2 hours. Discover Juba Crossroads Cultural Nexus, a renowned museum in Juba, South Sudan, ideal for art lovers. Open 09:30-17:00, entry 28.12 USD.",28.12,09:30-17:00,2 hours,4.0,"759 Sports Plaza, Juba",4.878124942380381,31.58302536764625,"['with pets', 'business travelers']","['Restrooms', 'Information Desk', 'Restaurant', 'Souvenir Shop', 'First Aid Station', 'Luggage Storage', 'Pet-friendly', 'pet water stations', 'Pet rest area', 'High speed WiFi']"
138,Juba,South Sudan,Museum/Art Gallery,Juba Heritage Craft Hub,"Juba Heritage Craft Hub is a museum in Juba, South Sudan, popular for its unique collections and exhibitions. Entry fee is 2.77 USD. Recommended visit: 2 hours. Discover Juba Heritage Craft Hub, a renowned museum in Juba, South Sudan, ideal for art lovers. Open 09:00-17:30, entry 2.77 USD.",2.77,09:00-17:30,2 hours,4.0,"436 Sathorn Road, Wat Phra Singh, Juba",4.841212843977135,31.604726151503915,"['with children', 'fast-paced budget travel', 'disabled traveler']","['Restrooms', 'Information Desk', 'Restaurant', 'Souvenir Shop', 'First Aid Station', 'Luggage Storage', 'family restrooms', 'Nursing facilities', 'city passes', 'luggage storage', 'self-guided tours', 'ramps', 'elevators', 'wheelchair rentals', 'accessible restrooms']"
139,Juba,South Sudan,Museum/Art Gallery,Juba Heritage Light Gallery,"Juba Heritage Light Gallery is a museum in Juba, South Sudan, popular for its unique collections and exhibitions. Entry fee is 37.37 USD. Recommended visit: 2 hours. Discover Juba Heritage Light Gallery, a renowned museum in Juba, South Sudan, ideal for art lovers. Open 09:00-17:00, entry 37.37 USD.",37.37,09:00-17:00,2 hours,4.0,"No. 456, Zhongshan Road, Juba",4.851547088556381,31.5827975802078,"['with children', 'disabled traveler', 'business travelers']","['Restrooms', 'Information Desk', 'Restaurant', 'Souvenir Shop', 'First Aid Station', 'Luggage Storage', 'family restrooms', 'Nursing facilities', 'ramps', 'elevators', 'wheelchair rentals', 'accessible restrooms', 'High speed WiFi']"
140,Juba,South Sudan,Museum/Art Gallery,Echoes of the Nile Artistry Center,"Echoes of the Nile Artistry Center is a museum in Juba, South Sudan, popular for its unique collections and exhibitions. Entry fee is 19.51 USD. Recommended visit: 2 hours. Discover Echoes of the Nile Artistry Center, a renowned museum in Juba, South Sudan, ideal for art lovers. Open 09:00-17:30, entry 19.51 USD.",19.51,09:00-17:30,2 hours,4.0,"154 Shinkawa Street, Naka-ku, Juba",4.846296594831425,31.597706654378616,"['nightlife enthusiast', 'couples trip']","['Restrooms', 'Information Desk', 'Restaurant', 'Souvenir Shop', 'First Aid Station', 'Luggage Storage', 'night markets', 'bars', 'evening shows', 'scenic spots', 'sunset cruises', 'special couples experiences']"
141,Juba,South Sudan,Museum/Art Gallery,Juba Heritage Combat Museum,"Juba Heritage Combat Museum is a museum in Juba, South Sudan, popular for its unique collections and exhibitions. Entry fee is 14.47 USD. Recommended visit: 2 hours. Discover Juba Heritage Combat Museum, a renowned museum in Juba, South Sudan, ideal for art lovers. Open 10:00-19:00, entry 14.47 USD.",14.47,10:00-19:00,2 hours,4.0,"854 Bukit Timah Road, Juba",4.849717764644787,31.610592854650285,"['road trip', 'photography', 'business travelers']","['Restrooms', 'Information Desk', 'Restaurant', 'Souvenir Shop', 'First Aid Station', 'Luggage Storage', 'parking', 'photo spots', 'guided photo tours', 'charging stations', 'High speed WiFi']"
142,Juba,South Sudan,Museum/Art Gallery,Juba Heritage and Harmony Center,"Juba Heritage and Harmony Center is a museum in Juba, South Sudan, popular for its unique collections and exhibitions. Entry fee is 9.17 USD. Recommended visit: 2 hours. Discover Juba Heritage and Harmony Center, a renowned museum in Juba, South Sudan, ideal for art lovers. Open 10:00-21:00, entry 9.17 USD.",9.17,10:00-21:00,2 hours,4.0,"919-789 Shuri Street, Juba",4.851017189867022,31.580496133735835,"['solo women', 'couples trip', 'business travelers']","['Restrooms', 'Information Desk', 'Restaurant', 'Souvenir Shop', 'First Aid Station', 'Luggage Storage', 'group tours', 'security', 'scenic spots', 'sunset cruises', 'special couples experiences', 'High speed WiFi']"
143,Juba,South Sudan,Museum/Art Gallery,Nubian Heritage Gallery,"Nubian Heritage Gallery is a museum in Juba, South Sudan, popular for its unique collections and exhibitions. Entry fee is 4.57 USD. Recommended visit: 2 hours. Discover Nubian Heritage Gallery, a renowned museum in Juba, South Sudan, ideal for art lovers. Open 10:00-19:00, entry 4.57 USD.",4.57,10:00-19:00,2 hours,4.0,"880-890 Kitahiroshima, Juba",4.834742677122748,31.60993917533211,"['fast-paced budget travel', 'luxury travelers']","['Restrooms', 'Information Desk', 'Restaurant', 'Souvenir Shop', 'First Aid Station', 'Luggage Storage', 'city passes', 'luggage storage', 'self-guided tours', 'private tours', 'skip the line passes', 'VIP exclusive events']"
144,Juba,South Sudan,Museum/Art Gallery,Juba Harmony Sound Archive,"Juba Harmony Sound Archive is a museum in Juba, South Sudan, popular for its unique collections and exhibitions. Entry fee is 9.52 USD. Recommended visit: 2 hours. Discover Juba Harmony Sound Archive, a renowned museum in Juba, South Sudan, ideal for art lovers. Open 10:00-18:00, entry 9.52 USD.",9.52,10:00-18:00,2 hours,4.0,"No. 456, Zhongshan Road, Juba",4.841923561373619,31.596111306382888,"['fast-paced budget travel', 'with pets', 'business travelers']","['Restrooms', 'Information Desk', 'Restaurant', 'Souvenir Shop', 'First Aid Station', 'Luggage Storage', 'city passes', 'luggage storage', 'self-guided tours', 'Pet-friendly', 'pet water stations', 'Pet rest area', 'High speed WiFi']"
145,Juba,South Sudan,Museum/Art Gallery,Sudanese Heritage and Wax Art Gallery,"Sudanese Heritage and Wax Art Gallery is a museum in Juba, South Sudan, popular for its unique collections and exhibitions. Entry fee is 4.35 USD. Recommended visit: 2 hours. Discover Sudanese Heritage and Wax Art Gallery, a renowned museum in Juba, South Sudan, ideal for art lovers. Open 09:00-17:30, entry 4.35 USD.",4.35,09:00-17:30,2 hours,4.0,"No. 456, Jiangbei District, Juba",4.843667217553324,31.58701394750405,"['photography', 'foodie', 'road trip']","['Restrooms', 'Information Desk', 'Restaurant', 'Souvenir Shop', 'First Aid Station', 'Luggage Storage', 'photo spots', 'guided photo tours', 'charging stations', 'Food markets', 'tasting tours', 'parking']"
146,Juba,South Sudan,Museum/Art Gallery,Echoes of the Nile Art Collective,"Echoes of the Nile Art Collective is a museum in Juba, South Sudan, popular for its unique collections and exhibitions. Entry fee is 0.0 USD. Recommended visit: 2 hours. Discover Echoes of the Nile Art Collective, a renowned museum in Juba, South Sudan, ideal for art lovers. Open 09:00-21:00, entry 0.0 USD.",0.0,09:00-21:00,2 hours,4.0,"301 Seifuku Street, Juba",4.858074187518083,31.59142919671637,"['with pets', 'foodie', 'disabled traveler']","['Restrooms', 'Information Desk', 'Restaurant', 'Souvenir Shop', 'First Aid Station', 'Luggage Storage', 'Pet-friendly', 'pet water stations', 'Pet rest area', 'Food markets', 'tasting tours', 'ramps', 'elevators', 'wheelchair rentals', 'accessible restrooms']"
147,Juba,South Sudan,Museum/Art Gallery,Echoes of the Nile Gallery No.4,"Echoes of the Nile Gallery is a museum in Juba, South Sudan, popular for its unique collections and exhibitions. Entry fee is 8.31 USD. Recommended visit: 2 hours. Discover Echoes of the Nile Gallery, a renowned museum in Juba, South Sudan, ideal for art lovers. Open 09:00-17:30, entry 8.31 USD.",8.31,09:00-17:30,2 hours,4.0,"558 Gukje-ro, Gukje-gu, Juba",4.840630169701724,31.61648750286175,"['with children', 'luxury travelers', 'elderly travelers']","['Restrooms', 'Information Desk', 'Restaurant', 'Souvenir Shop', 'First Aid Station', 'Luggage Storage', 'family restrooms', 'Nursing facilities', 'private tours', 'skip the line passes', 'VIP exclusive events', 'wheelchair rental', 'benches/rest areas']"
148,Juba,South Sudan,Museum/Art Gallery,Nile Horizon Interactive Gallery,"Nile Horizon Interactive Gallery is a museum in Juba, South Sudan, popular for its unique collections and exhibitions. Entry fee is 24.92 USD. Recommended visit: 2 hours. Discover Nile Horizon Interactive Gallery, a renowned museum in Juba, South Sudan, ideal for art lovers. Open 10:00-20:00, entry 24.92 USD.",24.92,10:00-20:00,2 hours,4.0,"487 Chalong Bay Road, Juba",4.850156307461569,31.60885043762741,"['solo women', 'luxury travelers', 'elderly travelers']","['Restrooms', 'Information Desk', 'Restaurant', 'Souvenir Shop', 'First Aid Station', 'Luggage Storage', 'group tours', 'security', 'private tours', 'skip the line passes', 'VIP exclusive events', 'wheelchair rental', 'benches/rest areas']"
149,Juba,South Sudan,Museum/Art Gallery,Echoes of the Equator,"Echoes of the Equator is a museum in Juba, South Sudan, popular for its unique collections and exhibitions. Entry fee is 8.63 USD. Recommended visit: 2 hours. Discover Echoes of the Equator, a renowned museum in Juba, South Sudan, ideal for art lovers. Open 19:00-22:00, entry 8.63 USD.",8.63,19:00-22:00,2 hours,4.0,"No. 567 Innovation Avenue, Juba",4.849886479904304,31.58194738157799,"['nightlife enthusiast', 'disabled traveler', 'elderly travelers']","['Restrooms', 'Information Desk', 'Restaurant', 'Souvenir Shop', 'First Aid Station', 'Luggage Storage', 'night markets', 'bars', 'evening shows', 'ramps', 'elevators', 'wheelchair rentals', 'accessible restrooms', 'wheelchair rental', 'benches/rest areas']"
150,Juba,South Sudan,Museum/Art Gallery,Nubian Heritage Wellness Centre,"Nubian Heritage Wellness Centre is a museum in Juba, South Sudan, popular for its unique collections and exhibitions. Entry fee is 3.78 USD. Recommended visit: 2 hours. Discover Nubian Heritage Wellness Centre, a renowned museum in Juba, South Sudan, ideal for art lovers. Open 09:00-18:00, entry 3.78 USD.",3.78,09:00-18:00,2 hours,4.0,"399 Seongsan-ro, Juba",4.858398719209371,31.60177280671828,"['couples trip', 'foodie', 'elderly travelers']","['Restrooms', 'Information Desk', 'Restaurant', 'Souvenir Shop', 'First Aid Station', 'Luggage Storage', 'scenic spots', 'sunset cruises', 'special couples experiences', 'Food markets', 'tasting tours', 'wheelchair rental', 'benches/rest areas']"
