attraction_id,city_name,country,type,attraction_name,overview,ticket_price,open_hours,duration_of_visit,rate_of_restaurant,address,latitude,longitude,facilities_group,facilities
1,Kampala,Uganda,Nature/Scenery/Park,Nakaseke Green Haven,"Nakaseke Green Haven is a nature in Kampala, Uganda, popular for its natural scenery and relaxing atmosphere. Entry fee is 7.35 USD. Recommended visit: 3 hours. Discover Nakaseke Green Haven, a peaceful nature in Kampala, Uganda, ideal for nature lovers. Open 09:00-18:00, entry 7.35 USD.",7.35,09:00-18:00,3 hours,3.7,"No. 456, Zhongshan Road, Kampala",0.2934725773449342,32.5603032190235,"['couples trip', 'foodie', 'luxury travelers']","['Restrooms', 'Information Desk', 'Restaurant', 'Souvenir Shop', 'First Aid Station', 'Luggage Storage', 'scenic spots', 'sunset cruises', 'special couples experiences', 'Food markets', 'tasting tours', 'private tours', 'skip the line passes', 'VIP exclusive events']"
2,Kampala,Uganda,Nature/Scenery/Park,Kasanga Greenway Adventure,"Kasanga Greenway Adventure is a nature in Kampala, Uganda, popular for its natural scenery and relaxing atmosphere. Entry fee is 51.08 USD. Recommended visit: 3 hours. Discover Kasanga Greenway Adventure, a peaceful nature in Kampala, Uganda, ideal for nature lovers. Open 09:00-17:00, entry 51.08 USD.",51.08,09:00-17:00,3 hours,3.7,"975 Sakura Street, Chuo Ward, Kampala",0.3934630228745898,32.5681986921297,"['foodie', 'couples trip', 'road trip']","['Restrooms', 'Information Desk', 'Restaurant', 'Souvenir Shop', 'First Aid Station', 'Luggage Storage', 'Food markets', 'tasting tours', 'scenic spots', 'sunset cruises', 'special couples experiences', 'parking']"
3,Kampala,Uganda,Nature/Scenery/Park,Nileview Sanctuary,"Nileview Sanctuary is a nature in Kampala, Uganda, popular for its natural scenery and relaxing atmosphere. Entry fee is 2059.2 USD. Recommended visit: 3 hours. Discover Nileview Sanctuary, a peaceful nature in Kampala, Uganda, ideal for nature lovers. Open 09:00-18:00, entry 2059.2 USD.",2059.2,09:00-18:00,3 hours,3.7,"No. 588, Xueyuan Road, Futian District, Kampala",0.364615821609236,32.60881907772575,"['fast-paced budget travel', 'with pets', 'road trip']","['Restrooms', 'Information Desk', 'Restaurant', 'Souvenir Shop', 'First Aid Station', 'Luggage Storage', 'city passes', 'luggage storage', 'self-guided tours', 'Pet-friendly', 'pet water stations', 'Pet rest area', 'parking']"
4,Kampala,Uganda,Nature/Scenery/Park,Nilebank Greenway,"Nilebank Greenway is a nature in Kampala, Uganda, popular for its natural scenery and relaxing atmosphere. Entry fee is 6.17 USD. Recommended visit: 3 hours. Discover Nilebank Greenway, a peaceful nature in Kampala, Uganda, ideal for nature lovers. Open 08:00-19:00, entry 6.17 USD.",6.17,08:00-19:00,3 hours,3.7,"370 Suthep Road, Kampala",0.3219217399710639,32.61096096476824,"['solo women', 'with pets', 'foodie']","['Restrooms', 'Information Desk', 'Restaurant', 'Souvenir Shop', 'First Aid Station', 'Luggage Storage', 'group tours', 'security', 'Pet-friendly', 'pet water stations', 'Pet rest area', 'Food markets', 'tasting tours']"
5,Kampala,Uganda,Nature/Scenery/Park,Nile Moon Reflections,"Nile Moon Reflections is a nature in Kampala, Uganda, popular for its natural scenery and relaxing atmosphere. Entry fee is 12.32 USD. Recommended visit: 3 hours. Discover Nile Moon Reflections, a peaceful nature in Kampala, Uganda, ideal for nature lovers. Open 08:30-17:30, entry 12.32 USD.",12.32,08:30-17:30,3 hours,3.7,"780-890 Nishi 1-chome, Kampala",0.3331292810744757,32.55070780847266,"['fast-paced budget travel', 'with pets', 'road trip']","['Restrooms', 'Information Desk', 'Restaurant', 'Souvenir Shop', 'First Aid Station', 'Luggage Storage', 'city passes', 'luggage storage', 'self-guided tours', 'Pet-friendly', 'pet water stations', 'Pet rest area', 'parking']"
6,Kampala,Uganda,Nature/Scenery/Park,Nkumba Ridge Viewpoint,"Nkumba Ridge Viewpoint is a nature in Kampala, Uganda, popular for its natural scenery and relaxing atmosphere. Entry fee is 8.12 USD. Recommended visit: 3 hours. Discover Nkumba Ridge Viewpoint, a peaceful nature in Kampala, Uganda, ideal for nature lovers. Open 08:00-20:00, entry 8.12 USD.",8.12,08:00-20:00,3 hours,3.7,"No. 456 Xizhimen Street, Kampala",0.3269387281579171,32.5944225770461,['solo women'],"['Restrooms', 'Information Desk', 'Restaurant', 'Souvenir Shop', 'First Aid Station', 'Luggage Storage', 'group tours', 'security']"
7,Kampala,Uganda,Nature/Scenery/Park,Mukono Ridge Eco Haven,"Mukono Ridge Eco Haven is a nature in Kampala, Uganda, popular for its natural scenery and relaxing atmosphere. Entry fee is 9.8 USD. Recommended visit: 3 hours. Discover Mukono Ridge Eco Haven, a peaceful nature in Kampala, Uganda, ideal for nature lovers. Open 09:00-17:30, entry 9.8 USD.",9.8,09:00-17:30,3 hours,3.7,"No. 456, Riverside Avenue, Jianyang City, Kampala",0.2862342460784592,32.54132174970082,"['fast-paced budget travel', 'photography', 'with pets']","['Restrooms', 'Information Desk', 'Restaurant', 'Souvenir Shop', 'First Aid Station', 'Luggage Storage', 'city passes', 'luggage storage', 'self-guided tours', 'photo spots', 'guided photo tours', 'charging stations', 'Pet-friendly', 'pet water stations', 'Pet rest area']"
8,Kampala,Uganda,Nature/Scenery/Park,Nkandwe Hill Adventure Pass,"Nkandwe Hill Adventure Pass is a nature in Kampala, Uganda, popular for its natural scenery and relaxing atmosphere. Entry fee is 33.27 USD. Recommended visit: 3 hours. Discover Nkandwe Hill Adventure Pass, a peaceful nature in Kampala, Uganda, ideal for nature lovers. Open 08:00-20:00, entry 33.27 USD.",33.27,08:00-20:00,3 hours,3.7,"227 Nishinari-cho, Nishi-ku, Kampala",0.2491123543920936,32.62115274621098,"['nightlife enthusiast', 'fast-paced budget travel', 'luxury travelers']","['Restrooms', 'Information Desk', 'Restaurant', 'Souvenir Shop', 'First Aid Station', 'Luggage Storage', 'night markets', 'bars', 'evening shows', 'city passes', 'luggage storage', 'self-guided tours', 'private tours', 'skip the line passes', 'VIP exclusive events']"
9,Kampala,Uganda,Nature/Scenery/Park,Mudumu Heights,"Mudumu Heights is a nature in Kampala, Uganda, popular for its natural scenery and relaxing atmosphere. Entry fee is 12.53 USD. Recommended visit: 3 hours. Discover Mudumu Heights, a peaceful nature in Kampala, Uganda, ideal for nature lovers. Open 09:00-17:30, entry 12.53 USD.",12.53,09:00-17:30,3 hours,3.7,"No. 456, Zhongshan Road, Kampala",0.3065883747365538,32.56200573157645,"['photography', 'luxury travelers', 'business travelers']","['Restrooms', 'Information Desk', 'Restaurant', 'Souvenir Shop', 'First Aid Station', 'Luggage Storage', 'photo spots', 'guided photo tours', 'charging stations', 'private tours', 'skip the line passes', 'VIP exclusive events', 'High speed WiFi']"
10,Kampala,Uganda,Nature/Scenery/Park,Green Haven Explorers' Grove,"Green Haven Explorers' Grove is a nature in Kampala, Uganda, popular for its natural scenery and relaxing atmosphere. Entry fee is 2.0 USD. Recommended visit: 3 hours. Discover Green Haven Explorers' Grove, a peaceful nature in Kampala, Uganda, ideal for nature lovers. Open 08:30-17:00, entry 2.0 USD.",2.0,08:30-17:00,3 hours,3.7,"604 Beach Road, Kampala",0.2834380877483117,32.54562327637383,"['solo women', 'foodie', 'luxury travelers']","['Restrooms', 'Information Desk', 'Restaurant', 'Souvenir Shop', 'First Aid Station', 'Luggage Storage', 'group tours', 'security', 'Food markets', 'tasting tours', 'private tours', 'skip the line passes', 'VIP exclusive events']"
11,Kampala,Uganda,Nature/Scenery/Park,Nile Horizon Botanical Grove,"Nile Horizon Botanical Grove is a nature in Kampala, Uganda, popular for its natural scenery and relaxing atmosphere. Entry fee is 0.0 USD. Recommended visit: 3 hours. Discover Nile Horizon Botanical Grove, a peaceful nature in Kampala, Uganda, ideal for nature lovers. Open 19:00-23:00, entry 0.0 USD.",0.0,19:00-23:00,3 hours,3.7,"604 Suthep Road, Kampala",0.2598952276806813,32.627407518795685,"['couples trip', 'foodie', 'business travelers']","['Restrooms', 'Information Desk', 'Restaurant', 'Souvenir Shop', 'First Aid Station', 'Luggage Storage', 'scenic spots', 'sunset cruises', 'special couples experiences', 'Food markets', 'tasting tours', 'High speed WiFi']"
12,Kampala,Uganda,Nature/Scenery/Park,Nile Whisper Trail,"Nile Whisper Trail is a nature in Kampala, Uganda, popular for its natural scenery and relaxing atmosphere. Entry fee is 10.5 USD. Recommended visit: 3 hours. Discover Nile Whisper Trail, a peaceful nature in Kampala, Uganda, ideal for nature lovers. Open 09:00-17:30, entry 10.5 USD.",10.5,09:00-17:30,3 hours,3.7,"279 Shibuya Street, Shibuya Ward, Kampala",0.3132029134075053,32.61204539869205,['nightlife enthusiast'],"['Restrooms', 'Information Desk', 'Restaurant', 'Souvenir Shop', 'First Aid Station', 'Luggage Storage', 'night markets', 'bars', 'evening shows']"
13,Kampala,Uganda,Nature/Scenery/Park,Nileview Thermal Retreat,"Nileview Thermal Retreat is a nature in Kampala, Uganda, popular for its natural scenery and relaxing atmosphere. Entry fee is 29.53 USD. Recommended visit: 3 hours. Discover Nileview Thermal Retreat, a peaceful nature in Kampala, Uganda, ideal for nature lovers. Open 09:00-18:00, entry 29.53 USD.",29.53,09:00-18:00,3 hours,3.7,"No. 128, Shangyang Road, Yanta District, Kampala",0.2522321499348833,32.62322991941694,"['fast-paced budget travel', 'elderly travelers', 'road trip']","['Restrooms', 'Information Desk', 'Restaurant', 'Souvenir Shop', 'First Aid Station', 'Luggage Storage', 'city passes', 'luggage storage', 'self-guided tours', 'wheelchair rental', 'benches/rest areas', 'parking']"
14,Kampala,Uganda,Nature/Scenery/Park,Lakeside Haven,"Lakeside Haven is a nature in Kampala, Uganda, popular for its natural scenery and relaxing atmosphere. Entry fee is 94.11 USD. Recommended visit: 3 hours. Discover Lakeside Haven, a peaceful nature in Kampala, Uganda, ideal for nature lovers. Open 09:00-17:30, entry 94.11 USD.",94.11,09:00-17:30,3 hours,3.7,"918 Marina Boulevard, Kampala",0.3084382004345798,32.591580321157586,"['fast-paced budget travel', 'elderly travelers', 'disabled traveler']","['Restrooms', 'Information Desk', 'Restaurant', 'Souvenir Shop', 'First Aid Station', 'Luggage Storage', 'city passes', 'luggage storage', 'self-guided tours', 'wheelchair rental', 'benches/rest areas', 'ramps', 'elevators', 'wheelchair rentals', 'accessible restrooms']"
15,Kampala,Uganda,Nature/Scenery/Park,Nile Green Haven,"Nile Green Haven is a nature in Kampala, Uganda, popular for its natural scenery and relaxing atmosphere. Entry fee is 4.12 USD. Recommended visit: 3 hours. Discover Nile Green Haven, a peaceful nature in Kampala, Uganda, ideal for nature lovers. Open 09:00-17:00, entry 4.12 USD.",4.12,09:00-17:00,3 hours,3.7,"698 Beach Road, Kampala",0.3552302570826193,32.592294029544085,"['with pets', 'foodie', 'elderly travelers']","['Restrooms', 'Information Desk', 'Restaurant', 'Souvenir Shop', 'First Aid Station', 'Luggage Storage', 'Pet-friendly', 'pet water stations', 'Pet rest area', 'Food markets', 'tasting tours', 'wheelchair rental', 'benches/rest areas']"
16,Kampala,Uganda,Nature/Scenery/Park,Nakaseke Skyline Path,"Nakaseke Skyline Path is a nature in Kampala, Uganda, popular for its natural scenery and relaxing atmosphere. Entry fee is 5.6 USD. Recommended visit: 3 hours. Discover Nakaseke Skyline Path, a peaceful nature in Kampala, Uganda, ideal for nature lovers. Open 08:30-17:30, entry 5.6 USD.",5.6,08:30-17:30,3 hours,3.7,"582 Sakura Street, Naka-ku, Kampala",0.2934237482136183,32.543547253226954,"['business travelers', 'couples trip', 'road trip']","['Restrooms', 'Information Desk', 'Restaurant', 'Souvenir Shop', 'First Aid Station', 'Luggage Storage', 'High speed WiFi', 'scenic spots', 'sunset cruises', 'special couples experiences', 'parking']"
17,Kampala,Uganda,Nature/Scenery/Park,Kasasa Green Haven,"Kasasa Green Haven is a nature in Kampala, Uganda, popular for its natural scenery and relaxing atmosphere. Entry fee is 7.7 USD. Recommended visit: 3 hours. Discover Kasasa Green Haven, a peaceful nature in Kampala, Uganda, ideal for nature lovers. Open 09:00-21:00, entry 7.7 USD.",7.7,09:00-21:00,3 hours,3.7,"304 Seocho-ro, Suyeong-gu, Kampala",0.2534011421565348,32.611921186772726,['nightlife enthusiast'],"['Restrooms', 'Information Desk', 'Restaurant', 'Souvenir Shop', 'First Aid Station', 'Luggage Storage', 'night markets', 'bars', 'evening shows']"
18,Kampala,Uganda,Nature/Scenery/Park,Nile Whisper Botanical Haven,"Nile Whisper Botanical Haven is a nature in Kampala, Uganda, popular for its natural scenery and relaxing atmosphere. Entry fee is 6.44 USD. Recommended visit: 3 hours. Discover Nile Whisper Botanical Haven, a peaceful nature in Kampala, Uganda, ideal for nature lovers. Open 08:30-17:00, entry 6.44 USD.",6.44,08:30-17:00,3 hours,3.7,"916 Northern Promenade, Kampala",0.3460299619401787,32.578304935905614,"['photography', 'disabled traveler']","['Restrooms', 'Information Desk', 'Restaurant', 'Souvenir Shop', 'First Aid Station', 'Luggage Storage', 'photo spots', 'guided photo tours', 'charging stations', 'ramps', 'elevators', 'wheelchair rentals', 'accessible restrooms']"
19,Kampala,Uganda,Nature/Scenery/Park,Nkanda Falls Heritage Trail,"Nkanda Falls Heritage Trail is a nature in Kampala, Uganda, popular for its natural scenery and relaxing atmosphere. Entry fee is 75.28 USD. Recommended visit: 3 hours. Discover Nkanda Falls Heritage Trail, a peaceful nature in Kampala, Uganda, ideal for nature lovers. Open 08:00-18:00, entry 75.28 USD.",75.28,08:00-18:00,3 hours,3.7,"No. 456 Riverside Lane, Kampala",0.3186725620986779,32.623710818935486,"['nightlife enthusiast', 'with children', 'couples trip']","['Restrooms', 'Information Desk', 'Restaurant', 'Souvenir Shop', 'First Aid Station', 'Luggage Storage', 'night markets', 'bars', 'evening shows', 'family restrooms', 'Nursing facilities', 'scenic spots', 'sunset cruises', 'special couples experiences']"
20,Kampala,Uganda,Nature/Scenery/Park,Azure Mirage Shore,"Azure Mirage Shore is a nature in Kampala, Uganda, popular for its natural scenery and relaxing atmosphere. Entry fee is 17.5 USD. Recommended visit: 3 hours. Discover Azure Mirage Shore, a peaceful nature in Kampala, Uganda, ideal for nature lovers. Open 09:00-21:00, entry 17.5 USD.",17.5,09:00-21:00,3 hours,3.7,"242 Seaside Promenade, Kampala",0.3785291267201165,32.55905946901598,"['nightlife enthusiast', 'with pets', 'business travelers']","['Restrooms', 'Information Desk', 'Restaurant', 'Souvenir Shop', 'First Aid Station', 'Luggage Storage', 'night markets', 'bars', 'evening shows', 'Pet-friendly', 'pet water stations', 'Pet rest area', 'High speed WiFi']"
21,Kampala,Uganda,Nature/Scenery/Park,Mudumu Summit,"Mudumu Summit is a nature in Kampala, Uganda, popular for its natural scenery and relaxing atmosphere. Entry fee is 43.59 USD. Recommended visit: 3 hours. Discover Mudumu Summit, a peaceful nature in Kampala, Uganda, ideal for nature lovers. Open 08:30-19:00, entry 43.59 USD.",43.59,08:30-19:00,3 hours,3.7,"787 Suthep Road, Kampala",0.2434868890019288,32.62081675695358,"['road trip', 'foodie', 'business travelers']","['Restrooms', 'Information Desk', 'Restaurant', 'Souvenir Shop', 'First Aid Station', 'Luggage Storage', 'parking', 'Food markets', 'tasting tours', 'High speed WiFi']"
22,Kampala,Uganda,Nature/Scenery/Park,Nile Horizon EcoPark,"Nile Horizon EcoPark is a nature in Kampala, Uganda, popular for its natural scenery and relaxing atmosphere. Entry fee is 13.95 USD. Recommended visit: 3 hours. Discover Nile Horizon EcoPark, a peaceful nature in Kampala, Uganda, ideal for nature lovers. Open 09:00-17:30, entry 13.95 USD.",13.95,09:00-17:30,3 hours,3.7,"686 Sakura Street, Chuo Ward, Kampala",0.272885630271918,32.66595073428553,"['nightlife enthusiast', 'luxury travelers', 'business travelers']","['Restrooms', 'Information Desk', 'Restaurant', 'Souvenir Shop', 'First Aid Station', 'Luggage Storage', 'night markets', 'bars', 'evening shows', 'private tours', 'skip the line passes', 'VIP exclusive events', 'High speed WiFi']"
23,Kampala,Uganda,Nature/Scenery/Park,Verdant Haven Cycle Trail,"Verdant Haven Cycle Trail is a nature in Kampala, Uganda, popular for its natural scenery and relaxing atmosphere. Entry fee is 12.93 USD. Recommended visit: 3 hours. Discover Verdant Haven Cycle Trail, a peaceful nature in Kampala, Uganda, ideal for nature lovers. Open 08:30-17:00, entry 12.93 USD.",12.93,08:30-17:00,3 hours,3.7,"744 Shinjuku Park, Shinjuku Ward, Kampala",0.3184363582417009,32.65799372436169,"['nightlife enthusiast', 'solo women', 'road trip']","['Restrooms', 'Information Desk', 'Restaurant', 'Souvenir Shop', 'First Aid Station', 'Luggage Storage', 'night markets', 'bars', 'evening shows', 'group tours', 'security', 'parking']"
24,Kampala,Uganda,Nature/Scenery/Park,Kasubi Heritage and Green Escape,"Kasubi Heritage and Green Escape is a nature in Kampala, Uganda, popular for its natural scenery and relaxing atmosphere. Entry fee is 4.87 USD. Recommended visit: 3 hours. Discover Kasubi Heritage and Green Escape, a peaceful nature in Kampala, Uganda, ideal for nature lovers. Open 08:30-17:30, entry 4.87 USD.",4.87,08:30-17:30,3 hours,3.7,"927 Nishinari-ku, Kampala",0.2842288439488731,32.62119356795088,"['solo women', 'with pets', 'disabled traveler']","['Restrooms', 'Information Desk', 'Restaurant', 'Souvenir Shop', 'First Aid Station', 'Luggage Storage', 'group tours', 'security', 'Pet-friendly', 'pet water stations', 'Pet rest area', 'ramps', 'elevators', 'wheelchair rentals', 'accessible restrooms']"
25,Kampala,Uganda,Nature/Scenery/Park,Mpeera Falls & Hidden Jungle Trail,"Mpeera Falls & Hidden Jungle Trail is a nature in Kampala, Uganda, popular for its natural scenery and relaxing atmosphere. Entry fee is 13.3 USD. Recommended visit: 3 hours. Discover Mpeera Falls & Hidden Jungle Trail, a peaceful nature in Kampala, Uganda, ideal for nature lovers. Open 09:00-18:00, entry 13.3 USD.",13.3,09:00-18:00,3 hours,3.7,"135 Beach Road, Kampala",0.3721990967619895,32.59362760542861,"['with children', 'fast-paced budget travel', 'nightlife enthusiast']","['Restrooms', 'Information Desk', 'Restaurant', 'Souvenir Shop', 'First Aid Station', 'Luggage Storage', 'family restrooms', 'Nursing facilities', 'city passes', 'luggage storage', 'self-guided tours', 'night markets', 'bars', 'evening shows']"
26,Kampala,Uganda,Nature/Scenery/Park,Nile Reflections Night Voyage & Cultural Lantern Festival,"Nile Reflections Night Voyage & Cultural Lantern Festival is a nature in Kampala, Uganda, popular for its natural scenery and relaxing atmosphere. Entry fee is 2.8 USD. Recommended visit: 3 hours. Discover Nile Reflections Night Voyage & Cultural Lantern Festival, a peaceful nature in Kampala, Uganda, ideal for nature lovers. Open 08:30-17:00, entry 2.8 USD.",2.8,08:30-17:00,3 hours,3.7,"No. 456, Innovation Road, Kampala",0.3611311577928291,32.59200503649797,"['with pets', 'couples trip', 'business travelers']","['Restrooms', 'Information Desk', 'Restaurant', 'Souvenir Shop', 'First Aid Station', 'Luggage Storage', 'Pet-friendly', 'pet water stations', 'Pet rest area', 'scenic spots', 'sunset cruises', 'special couples experiences', 'High speed WiFi']"
27,Kampala,Uganda,Nature/Scenery/Park,Kampala Green Canopy Adventure,"Kampala Green Canopy Adventure is a nature in Kampala, Uganda, popular for its natural scenery and relaxing atmosphere. Entry fee is 4.36 USD. Recommended visit: 3 hours. Discover Kampala Green Canopy Adventure, a peaceful nature in Kampala, Uganda, ideal for nature lovers. Open 08:30-17:00, entry 4.36 USD.",4.36,08:30-17:00,3 hours,3.7,"No. 456, Xuefu Road, Kampala",0.354743619053651,32.58542214526515,"['nightlife enthusiast', 'photography', 'foodie']","['Restrooms', 'Information Desk', 'Restaurant', 'Souvenir Shop', 'First Aid Station', 'Luggage Storage', 'night markets', 'bars', 'evening shows', 'photo spots', 'guided photo tours', 'charging stations', 'Food markets', 'tasting tours']"
28,Kampala,Uganda,Nature/Scenery/Park,Kasempa Heights Panorama,"Kasempa Heights Panorama is a nature in Kampala, Uganda, popular for its natural scenery and relaxing atmosphere. Entry fee is 8.65 USD. Recommended visit: 3 hours. Discover Kasempa Heights Panorama, a peaceful nature in Kampala, Uganda, ideal for nature lovers. Open 09:00-17:30, entry 8.65 USD.",8.65,09:00-17:30,3 hours,3.7,"779 Shinsaibashi Dori, Chuo Ward, Kampala",0.3212700867886623,32.5630924598764,"['foodie', 'photography', 'couples trip']","['Restrooms', 'Information Desk', 'Restaurant', 'Souvenir Shop', 'First Aid Station', 'Luggage Storage', 'Food markets', 'tasting tours', 'photo spots', 'guided photo tours', 'charging stations', 'scenic spots', 'sunset cruises', 'special couples experiences']"
29,Kampala,Uganda,Nature/Scenery/Park,Green Pathway - Lake Victoria to Kibuli Hill Trek,"Green Pathway - Lake Victoria to Kibuli Hill Trek is a nature in Kampala, Uganda, popular for its natural scenery and relaxing atmosphere. Entry fee is 1.4 USD. Recommended visit: 3 hours. Discover Green Pathway - Lake Victoria to Kibuli Hill Trek, a peaceful nature in Kampala, Uganda, ideal for nature lovers. Open 09:30-17:00, entry 1.4 USD.",1.4,09:30-17:00,3 hours,3.7,"465 Sakura Street, Naka-ku, Kampala",0.2963651458754797,32.54645948356792,"['fast-paced budget travel', 'couples trip', 'luxury travelers']","['Restrooms', 'Information Desk', 'Restaurant', 'Souvenir Shop', 'First Aid Station', 'Luggage Storage', 'city passes', 'luggage storage', 'self-guided tours', 'scenic spots', 'sunset cruises', 'special couples experiences', 'private tours', 'skip the line passes', 'VIP exclusive events']"
30,Kampala,Uganda,Nature/Scenery/Park,Nkandama Green Escape,"Nkandama Green Escape is a nature in Kampala, Uganda, popular for its natural scenery and relaxing atmosphere. Entry fee is 22.61 USD. Recommended visit: 3 hours. Discover Nkandama Green Escape, a peaceful nature in Kampala, Uganda, ideal for nature lovers. Open 09:00-17:30, entry 22.61 USD.",22.61,09:00-17:30,3 hours,3.7,"214 Nakanoshima-dori, Chuo-ku, Kampala",0.3243644681851187,32.64582109332283,"['photography', 'foodie', 'business travelers']","['Restrooms', 'Information Desk', 'Restaurant', 'Souvenir Shop', 'First Aid Station', 'Luggage Storage', 'photo spots', 'guided photo tours', 'charging stations', 'Food markets', 'tasting tours', 'High speed WiFi']"
31,Kampala,Uganda,Nature/Scenery/Park,Nilebank Walkway,"Nilebank Walkway is a nature in Kampala, Uganda, popular for its natural scenery and relaxing atmosphere. Entry fee is 11.76 USD. Recommended visit: 3 hours. Discover Nilebank Walkway, a peaceful nature in Kampala, Uganda, ideal for nature lovers. Open 08:00-20:00, entry 11.76 USD.",11.76,08:00-20:00,3 hours,3.7,"513-8543 Sapporo City, Nishi 10-chome, Kampala",0.3491437013442665,32.6382438495508,"['nightlife enthusiast', 'disabled traveler', 'business travelers']","['Restrooms', 'Information Desk', 'Restaurant', 'Souvenir Shop', 'First Aid Station', 'Luggage Storage', 'night markets', 'bars', 'evening shows', 'ramps', 'elevators', 'wheelchair rentals', 'accessible restrooms', 'High speed WiFi']"
32,Kampala,Uganda,Nature/Scenery/Park,Nile Reflections Reserve,"Nile Reflections Reserve is a nature in Kampala, Uganda, popular for its natural scenery and relaxing atmosphere. Entry fee is 7.57 USD. Recommended visit: 3 hours. Discover Nile Reflections Reserve, a peaceful nature in Kampala, Uganda, ideal for nature lovers. Open 08:30-17:30, entry 7.57 USD.",7.57,08:30-17:30,3 hours,3.7,"No. 456 West Lake Scenic Road, Kampala",0.2757924359431812,32.64082625298666,"['solo women', 'foodie']","['Restrooms', 'Information Desk', 'Restaurant', 'Souvenir Shop', 'First Aid Station', 'Luggage Storage', 'group tours', 'security', 'Food markets', 'tasting tours']"
33,Kampala,Uganda,Nature/Scenery/Park,Nkumba Green Haven,"Nkumba Green Haven is a nature in Kampala, Uganda, popular for its natural scenery and relaxing atmosphere. Entry fee is 31.52 USD. Recommended visit: 3 hours. Discover Nkumba Green Haven, a peaceful nature in Kampala, Uganda, ideal for nature lovers. Open 08:30-20:00, entry 31.52 USD.",31.52,08:30-20:00,3 hours,3.7,"No. 588, Zhongshan Road, Kampala",0.3915156242101927,32.59484178166839,"['fast-paced budget travel', 'solo women', 'disabled traveler']","['Restrooms', 'Information Desk', 'Restaurant', 'Souvenir Shop', 'First Aid Station', 'Luggage Storage', 'city passes', 'luggage storage', 'self-guided tours', 'group tours', 'security', 'ramps', 'elevators', 'wheelchair rentals', 'accessible restrooms']"
34,Kampala,Uganda,Nature/Scenery/Park,Nkumba Valley Serenity Spa,"Nkumba Valley Serenity Spa is a nature in Kampala, Uganda, popular for its natural scenery and relaxing atmosphere. Entry fee is 14.4 USD. Recommended visit: 3 hours. Discover Nkumba Valley Serenity Spa, a peaceful nature in Kampala, Uganda, ideal for nature lovers. Open 18:00-21:00, entry 14.4 USD.",14.4,18:00-21:00,3 hours,3.7,"783 Kitahama Street, Kampala",0.3877370742544195,32.58800140707758,"['nightlife enthusiast', 'luxury travelers', 'business travelers']","['Restrooms', 'Information Desk', 'Restaurant', 'Souvenir Shop', 'First Aid Station', 'Luggage Storage', 'night markets', 'bars', 'evening shows', 'private tours', 'skip the line passes', 'VIP exclusive events', 'High speed WiFi']"
35,Kampala,Uganda,Nature/Scenery/Park,Skyline Summit Grove,"Skyline Summit Grove is a nature in Kampala, Uganda, popular for its natural scenery and relaxing atmosphere. Entry fee is 55.55 USD. Recommended visit: 3 hours. Discover Skyline Summit Grove, a peaceful nature in Kampala, Uganda, ideal for nature lovers. Open 08:30-17:30, entry 55.55 USD.",55.55,08:30-17:30,3 hours,3.7,"981 Shirokane Street, Kampala",0.3367038400365221,32.54318588412303,['road trip'],"['Restrooms', 'Information Desk', 'Restaurant', 'Souvenir Shop', 'First Aid Station', 'Luggage Storage', 'parking']"
36,Kampala,Uganda,Nature/Scenery/Park,Kampala Wild Heritage Trail,"Kampala Wild Heritage Trail is a nature in Kampala, Uganda, popular for its natural scenery and relaxing atmosphere. Entry fee is 20.74 USD. Recommended visit: 3 hours. Discover Kampala Wild Heritage Trail, a peaceful nature in Kampala, Uganda, ideal for nature lovers. Open 08:30-17:30, entry 20.74 USD.",20.74,08:30-17:30,3 hours,3.7,"362 Orchard Road, Kampala",0.3247481977984099,32.55007048895799,"['fast-paced budget travel', 'disabled traveler', 'elderly travelers']","['Restrooms', 'Information Desk', 'Restaurant', 'Souvenir Shop', 'First Aid Station', 'Luggage Storage', 'city passes', 'luggage storage', 'self-guided tours', 'ramps', 'elevators', 'wheelchair rentals', 'accessible restrooms', 'wheelchair rental', 'benches/rest areas']"
37,Kampala,Uganda,Nature/Scenery/Park,Nile Horizon Observation Deck,"Nile Horizon Observation Deck is a nature in Kampala, Uganda, popular for its natural scenery and relaxing atmosphere. Entry fee is 14.98 USD. Recommended visit: 3 hours. Discover Nile Horizon Observation Deck, a peaceful nature in Kampala, Uganda, ideal for nature lovers. Open 09:30-17:00, entry 14.98 USD.",14.98,09:30-17:00,3 hours,3.7,"103 Shibuya Crossing Street, Shibuya Ward, Kampala",0.3041011332556808,32.638336567171706,"['fast-paced budget travel', 'solo women', 'luxury travelers']","['Restrooms', 'Information Desk', 'Restaurant', 'Souvenir Shop', 'First Aid Station', 'Luggage Storage', 'city passes', 'luggage storage', 'self-guided tours', 'group tours', 'security', 'private tours', 'skip the line passes', 'VIP exclusive events']"
38,Kampala,Uganda,Nature/Scenery/Park,Mubende Green Haven,"Mubende Green Haven is a nature in Kampala, Uganda, popular for its natural scenery and relaxing atmosphere. Entry fee is 15.4 USD. Recommended visit: 3 hours. Discover Mubende Green Haven, a peaceful nature in Kampala, Uganda, ideal for nature lovers. Open 09:30-17:00, entry 15.4 USD.",15.4,09:30-17:00,3 hours,3.7,"141 Sakura Street, Nakamura Ward, Kampala",0.2317033510457609,32.61967904895815,"['with pets', 'photography']","['Restrooms', 'Information Desk', 'Restaurant', 'Souvenir Shop', 'First Aid Station', 'Luggage Storage', 'Pet-friendly', 'pet water stations', 'Pet rest area', 'photo spots', 'guided photo tours', 'charging stations']"
39,Kampala,Uganda,Nature/Scenery/Park,Nkandwe Waterfall Sanctuary,"Nkandwe Waterfall Sanctuary is a nature in Kampala, Uganda, popular for its natural scenery and relaxing atmosphere. Entry fee is 11.05 USD. Recommended visit: 3 hours. Discover Nkandwe Waterfall Sanctuary, a peaceful nature in Kampala, Uganda, ideal for nature lovers. Open 06:00-20:00, entry 11.05 USD.",11.05,06:00-20:00,3 hours,3.7,"225 Shinkawa Street, Naka-ku, Kampala",0.2603410701989694,32.59905819612356,"['nightlife enthusiast', 'elderly travelers']","['Restrooms', 'Information Desk', 'Restaurant', 'Souvenir Shop', 'First Aid Station', 'Luggage Storage', 'night markets', 'bars', 'evening shows', 'wheelchair rental', 'benches/rest areas']"
40,Kampala,Uganda,Nature/Scenery/Park,Nile Sunset Boat Tour with Local Cuisine,"Nile Sunset Boat Tour with Local Cuisine is a nature in Kampala, Uganda, popular for its natural scenery and relaxing atmosphere. Entry fee is 6.72 USD. Recommended visit: 3 hours. Discover Nile Sunset Boat Tour with Local Cuisine, a peaceful nature in Kampala, Uganda, ideal for nature lovers. Open 10:00-22:00, entry 6.72 USD.",6.72,10:00-22:00,3 hours,3.7,"304 Shimo-Yasuda, Tama, Kampala",0.2618212843874227,32.64285694058709,"['fast-paced budget travel', 'luxury travelers', 'road trip']","['Restrooms', 'Information Desk', 'Restaurant', 'Souvenir Shop', 'First Aid Station', 'Luggage Storage', 'city passes', 'luggage storage', 'self-guided tours', 'private tours', 'skip the line passes', 'VIP exclusive events', 'parking']"
41,Kampala,Uganda,Nature/Scenery/Park,Nile Horizon Sky Lantern Garden,"Nile Horizon Sky Lantern Garden is a nature in Kampala, Uganda, popular for its natural scenery and relaxing atmosphere. Entry fee is 5.15 USD. Recommended visit: 3 hours. Discover Nile Horizon Sky Lantern Garden, a peaceful nature in Kampala, Uganda, ideal for nature lovers. Open 08:30-17:00, entry 5.15 USD.",5.15,08:30-17:00,3 hours,3.7,"579 Seongsan-ro, Kampala",0.2973259180182578,32.538860682332015,"['business travelers', 'elderly travelers', 'road trip']","['Restrooms', 'Information Desk', 'Restaurant', 'Souvenir Shop', 'First Aid Station', 'Luggage Storage', 'High speed WiFi', 'wheelchair rental', 'benches/rest areas', 'parking']"
42,Kampala,Uganda,Nature/Scenery/Park,Majestic Lake Canoe Escape,"Majestic Lake Canoe Escape is a nature in Kampala, Uganda, popular for its natural scenery and relaxing atmosphere. Entry fee is 6.39 USD. Recommended visit: 3 hours. Discover Majestic Lake Canoe Escape, a peaceful nature in Kampala, Uganda, ideal for nature lovers. Open 10:00-18:00, entry 6.39 USD.",6.39,10:00-18:00,3 hours,3.7,"483 Ocean View Road, Kampala",0.3992742152415915,32.580677845987466,"['nightlife enthusiast', 'luxury travelers', 'business travelers']","['Restrooms', 'Information Desk', 'Restaurant', 'Souvenir Shop', 'First Aid Station', 'Luggage Storage', 'night markets', 'bars', 'evening shows', 'private tours', 'skip the line passes', 'VIP exclusive events', 'High speed WiFi']"
43,Kampala,Uganda,Nature/Scenery/Park,Nile Bloom Sanctuary,"Nile Bloom Sanctuary is a nature in Kampala, Uganda, popular for its natural scenery and relaxing atmosphere. Entry fee is 3.36 USD. Recommended visit: 3 hours. Discover Nile Bloom Sanctuary, a peaceful nature in Kampala, Uganda, ideal for nature lovers. Open 09:00-17:30, entry 3.36 USD.",3.36,09:00-17:30,3 hours,3.7,"No. 128, Yantian District, Kampala",0.2952150563588949,32.54513644492286,"['solo women', 'disabled traveler', 'business travelers']","['Restrooms', 'Information Desk', 'Restaurant', 'Souvenir Shop', 'First Aid Station', 'Luggage Storage', 'group tours', 'security', 'ramps', 'elevators', 'wheelchair rentals', 'accessible restrooms', 'High speed WiFi']"
44,Kampala,Uganda,Nature/Scenery/Park,Nkumba Skyline Reserve,"Nkumba Skyline Reserve is a nature in Kampala, Uganda, popular for its natural scenery and relaxing atmosphere. Entry fee is 19.18 USD. Recommended visit: 3 hours. Discover Nkumba Skyline Reserve, a peaceful nature in Kampala, Uganda, ideal for nature lovers. Open 08:30-18:00, entry 19.18 USD.",19.18,08:30-18:00,3 hours,3.7,"842 Sakura Street, Naka Ward, Kampala",0.2980169840180527,32.54983944451359,['elderly travelers'],"['Restrooms', 'Information Desk', 'Restaurant', 'Souvenir Shop', 'First Aid Station', 'Luggage Storage', 'wheelchair rental', 'benches/rest areas']"
45,Kampala,Uganda,Nature/Scenery/Park,Nileview Eco Haven & Skybridge Trail,"Nileview Eco Haven & Skybridge Trail is a nature in Kampala, Uganda, popular for its natural scenery and relaxing atmosphere. Entry fee is 37.95 USD. Recommended visit: 3 hours. Discover Nileview Eco Haven & Skybridge Trail, a peaceful nature in Kampala, Uganda, ideal for nature lovers. Open 08:30-17:00, entry 37.95 USD.",37.95,08:30-17:00,3 hours,3.7,"No. 456, Winter Street, Kampala",0.2706912715408653,32.58716079098561,"['nightlife enthusiast', 'solo women', 'elderly travelers']","['Restrooms', 'Information Desk', 'Restaurant', 'Souvenir Shop', 'First Aid Station', 'Luggage Storage', 'night markets', 'bars', 'evening shows', 'group tours', 'security', 'wheelchair rental', 'benches/rest areas']"
46,Kampala,Uganda,Nature/Scenery/Park,Nkanda River Kayaking Adventure,"Nkanda River Kayaking Adventure is a nature in Kampala, Uganda, popular for its natural scenery and relaxing atmosphere. Entry fee is 116.65 USD. Recommended visit: 3 hours. Discover Nkanda River Kayaking Adventure, a peaceful nature in Kampala, Uganda, ideal for nature lovers. Open 08:00-22:00, entry 116.65 USD.",116.65,08:00-22:00,3 hours,3.7,"727 Shinjuku Park, Shinjuku-ku, Kampala",0.2758267178613239,32.59965953894674,"['nightlife enthusiast', 'photography', 'foodie']","['Restrooms', 'Information Desk', 'Restaurant', 'Souvenir Shop', 'First Aid Station', 'Luggage Storage', 'night markets', 'bars', 'evening shows', 'photo spots', 'guided photo tours', 'charging stations', 'Food markets', 'tasting tours']"
47,Kampala,Uganda,Nature/Scenery/Park,Golden Stream Sanctuary,"Golden Stream Sanctuary is a nature in Kampala, Uganda, popular for its natural scenery and relaxing atmosphere. Entry fee is 24.24 USD. Recommended visit: 3 hours. Discover Golden Stream Sanctuary, a peaceful nature in Kampala, Uganda, ideal for nature lovers. Open 09:00-19:00, entry 24.24 USD.",24.24,09:00-19:00,3 hours,3.7,"627 Seogwipo Street, Kampala",0.3416336102507366,32.60714995006666,"['road trip', 'foodie', 'business travelers']","['Restrooms', 'Information Desk', 'Restaurant', 'Souvenir Shop', 'First Aid Station', 'Luggage Storage', 'parking', 'Food markets', 'tasting tours', 'High speed WiFi']"
48,Kampala,Uganda,Nature/Scenery/Park,Kampala Green Haven Sanctuary,"Kampala Green Haven Sanctuary is a nature in Kampala, Uganda, popular for its natural scenery and relaxing atmosphere. Entry fee is 294.64 USD. Recommended visit: 3 hours. Discover Kampala Green Haven Sanctuary, a peaceful nature in Kampala, Uganda, ideal for nature lovers. Open 08:30-17:00, entry 294.64 USD.",294.64,08:30-17:00,3 hours,3.7,"469 Chalong Road, Kampala",0.2700328188211052,32.63277676895223,"['photography', 'foodie', 'luxury travelers']","['Restrooms', 'Information Desk', 'Restaurant', 'Souvenir Shop', 'First Aid Station', 'Luggage Storage', 'photo spots', 'guided photo tours', 'charging stations', 'Food markets', 'tasting tours', 'private tours', 'skip the line passes', 'VIP exclusive events']"
49,Kampala,Uganda,Nature/Scenery/Park,Kampala Wild Haven,"Kampala Wild Haven is a nature in Kampala, Uganda, popular for its natural scenery and relaxing atmosphere. Entry fee is 26.32 USD. Recommended visit: 3 hours. Discover Kampala Wild Haven, a peaceful nature in Kampala, Uganda, ideal for nature lovers. Open 08:00-17:30, entry 26.32 USD.",26.32,08:00-17:30,3 hours,3.7,"420-234 Kitahama Street, Kampala",0.3140898936568699,32.565992576529354,"['nightlife enthusiast', 'with children', 'fast-paced budget travel']","['Restrooms', 'Information Desk', 'Restaurant', 'Souvenir Shop', 'First Aid Station', 'Luggage Storage', 'night markets', 'bars', 'evening shows', 'family restrooms', 'Nursing facilities', 'city passes', 'luggage storage', 'self-guided tours']"
50,Kampala,Uganda,Theme Park/Amusement Park,Safari Nights Adventure Park,"Safari Nights Adventure Park is a theme park in Kampala, Uganda, popular for its memorable experiences. Entry fee is 13.72 USD. Recommended visit: 7 hours. Discover Safari Nights Adventure Park, a notable theme park in Kampala, Uganda, ideal for visitors. Open 09:00-17:30, entry 13.72 USD.",13.72,09:00-17:30,7 hours,3.75,"344 Seiwa Street, Chuo Ward, Kampala",0.3453852888120535,32.58055828184878,"['nightlife enthusiast', 'luxury travelers']","['Restrooms', 'Information Desk', 'Restaurant', 'Souvenir Shop', 'First Aid Station', 'Luggage Storage', 'night markets', 'bars', 'evening shows', 'private tours', 'skip the line passes', 'VIP exclusive events']"
51,Kampala,Uganda,Theme Park/Amusement Park,Kampala Dreamland Adventure Hub,"Kampala Dreamland Adventure Hub is a theme park in Kampala, Uganda, popular for its memorable experiences. Entry fee is 15.98 USD. Recommended visit: 6 hours. Discover Kampala Dreamland Adventure Hub, a notable theme park in Kampala, Uganda, ideal for visitors. Open 08:30-17:30, entry 15.98 USD.",15.98,08:30-17:30,6 hours,3.75,"800-8901 Sapporo City, Nishi 10-chome, Kampala",0.3368634468739547,32.610589056472136,"['nightlife enthusiast', 'couples trip', 'elderly travelers']","['Restrooms', 'Information Desk', 'Restaurant', 'Souvenir Shop', 'First Aid Station', 'Luggage Storage', 'night markets', 'bars', 'evening shows', 'scenic spots', 'sunset cruises', 'special couples experiences', 'wheelchair rental', 'benches/rest areas']"
52,Kampala,Uganda,Theme Park/Amusement Park,Joyland Adventure Hub,"Joyland Adventure Hub is a theme park in Kampala, Uganda, popular for its memorable experiences. Entry fee is 11.89 USD. Recommended visit: 7 hours. Discover Joyland Adventure Hub, a notable theme park in Kampala, Uganda, ideal for visitors. Open 09:30-17:00, entry 11.89 USD.",11.89,09:30-17:00,7 hours,3.75,"166 Sukhumvit Road, Khlong Toei District, Kampala",0.2867799335367206,32.60133278376581,['nightlife enthusiast'],"['Restrooms', 'Information Desk', 'Restaurant', 'Souvenir Shop', 'First Aid Station', 'Luggage Storage', 'night markets', 'bars', 'evening shows']"
53,Kampala,Uganda,Theme Park/Amusement Park,Kampala Water Wonders Aqua Park,"Kampala Water Wonders Aqua Park is a theme park in Kampala, Uganda, popular for its memorable experiences. Entry fee is 15.24 USD. Recommended visit: 7 hours. Discover Kampala Water Wonders Aqua Park, a notable theme park in Kampala, Uganda, ideal for visitors. Open 08:00-22:00, entry 15.24 USD.",15.24,08:00-22:00,7 hours,3.75,"175 Sakura Street, Kampala",0.3096894709767566,32.60412167936219,"['nightlife enthusiast', 'luxury travelers']","['Restrooms', 'Information Desk', 'Restaurant', 'Souvenir Shop', 'First Aid Station', 'Luggage Storage', 'night markets', 'bars', 'evening shows', 'private tours', 'skip the line passes', 'VIP exclusive events']"
54,Kampala,Uganda,Theme Park/Amusement Park,Kampala Adventure Quest,"Kampala Adventure Quest is a theme park in Kampala, Uganda, popular for its memorable experiences. Entry fee is 10.15 USD. Recommended visit: 7 hours. Discover Kampala Adventure Quest, a notable theme park in Kampala, Uganda, ideal for visitors. Open 09:00-18:00, entry 10.15 USD.",10.15,09:00-18:00,7 hours,3.75,"No. 456, West Lake Road, Kampala",0.2489945613797413,32.638958799562246,"['solo women', 'with pets', 'elderly travelers']","['Restrooms', 'Information Desk', 'Restaurant', 'Souvenir Shop', 'First Aid Station', 'Luggage Storage', 'group tours', 'security', 'Pet-friendly', 'pet water stations', 'Pet rest area', 'wheelchair rental', 'benches/rest areas']"
55,Kampala,Uganda,Theme Park/Amusement Park,Kampala PlaySphere Express,"Kampala PlaySphere Express is a theme park in Kampala, Uganda, popular for its memorable experiences. Entry fee is 5.52 USD. Recommended visit: 6 hours. Discover Kampala PlaySphere Express, a notable theme park in Kampala, Uganda, ideal for visitors. Open 09:00-17:30, entry 5.52 USD.",5.52,09:00-17:30,6 hours,3.75,"No. 456, Cultural Street, Kampala",0.3427949779383956,32.60077831203265,['with children'],"['Restrooms', 'Information Desk', 'Restaurant', 'Souvenir Shop', 'First Aid Station', 'Luggage Storage', 'family restrooms', 'Nursing facilities']"
56,Kampala,Uganda,Theme Park/Amusement Park,Nile Cool Adventure Hub,"Nile Cool Adventure Hub is a theme park in Kampala, Uganda, popular for its memorable experiences. Entry fee is 54.32 USD. Recommended visit: 6 hours. Discover Nile Cool Adventure Hub, a notable theme park in Kampala, Uganda, ideal for visitors. Open 10:00-22:00, entry 54.32 USD.",54.32,10:00-22:00,6 hours,3.75,"152 Seaside Promenade, Kampala",0.3499800993276716,32.61805163759629,"['fast-paced budget travel', 'foodie', 'luxury travelers']","['Restrooms', 'Information Desk', 'Restaurant', 'Souvenir Shop', 'First Aid Station', 'Luggage Storage', 'city passes', 'luggage storage', 'self-guided tours', 'Food markets', 'tasting tours', 'private tours', 'skip the line passes', 'VIP exclusive events']"
57,Kampala,Uganda,Theme Park/Amusement Park,Nile Horizon Sky Ride,"Nile Horizon Sky Ride is a theme park in Kampala, Uganda, popular for its memorable experiences. Entry fee is 19.55 USD. Recommended visit: 7 hours. Discover Nile Horizon Sky Ride, a notable theme park in Kampala, Uganda, ideal for visitors. Open 09:00-17:00, entry 19.55 USD.",19.55,09:00-17:00,7 hours,3.75,"303 Sakura Street, Naka Ward, Kampala",0.3702342617867118,32.58802686068291,"['nightlife enthusiast', 'fast-paced budget travel', 'luxury travelers']","['Restrooms', 'Information Desk', 'Restaurant', 'Souvenir Shop', 'First Aid Station', 'Luggage Storage', 'night markets', 'bars', 'evening shows', 'city passes', 'luggage storage', 'self-guided tours', 'private tours', 'skip the line passes', 'VIP exclusive events']"
58,Kampala,Uganda,Theme Park/Amusement Park,Nile Pulse WiFi Hub,"Nile Pulse WiFi Hub is a theme park in Kampala, Uganda, popular for its memorable experiences. Entry fee is 0.37 USD. Recommended visit: 8 hours. Discover Nile Pulse WiFi Hub, a notable theme park in Kampala, Uganda, ideal for visitors. Open 20:00-05:00, entry 0.37 USD.",0.37,20:00-05:00,8 hours,3.75,"261 Gwanghwamun Street, Jongno-gu, Kampala",0.2755717440635451,32.541792939956345,"['with children', 'foodie', 'road trip']","['Restrooms', 'Information Desk', 'Restaurant', 'Souvenir Shop', 'First Aid Station', 'Luggage Storage', 'family restrooms', 'Nursing facilities', 'Food markets', 'tasting tours', 'parking']"
59,Kampala,Uganda,Theme Park/Amusement Park,Nile Vista Adventure Park,"Nile Vista Adventure Park is a theme park in Kampala, Uganda, popular for its memorable experiences. Entry fee is 89.6 USD. Recommended visit: 8 hours. Discover Nile Vista Adventure Park, a notable theme park in Kampala, Uganda, ideal for visitors. Open 09:30-21:00, entry 89.6 USD.",89.6,09:30-21:00,8 hours,3.75,"539 Nihonbashi 2-chome, Chuo Ward, Kampala",0.3211534645468163,32.635442400511515,"['nightlife enthusiast', 'with pets', 'business travelers']","['Restrooms', 'Information Desk', 'Restaurant', 'Souvenir Shop', 'First Aid Station', 'Luggage Storage', 'night markets', 'bars', 'evening shows', 'Pet-friendly', 'pet water stations', 'Pet rest area', 'High speed WiFi']"
60,Kampala,Uganda,Theme Park/Amusement Park,Kazinga Quest,"Kazinga Quest is a theme park in Kampala, Uganda, popular for its memorable experiences. Entry fee is 7.4 USD. Recommended visit: 8 hours. Discover Kazinga Quest, a notable theme park in Kampala, Uganda, ideal for visitors. Open 09:00-17:30, entry 7.4 USD.",7.4,09:00-17:30,8 hours,3.75,"372-12-8 Shibuya, Kampala",0.362587136846599,32.61261844946992,"['fast-paced budget travel', 'with pets', 'road trip']","['Restrooms', 'Information Desk', 'Restaurant', 'Souvenir Shop', 'First Aid Station', 'Luggage Storage', 'city passes', 'luggage storage', 'self-guided tours', 'Pet-friendly', 'pet water stations', 'Pet rest area', 'parking']"
61,Kampala,Uganda,Theme Park/Amusement Park,Nile Rapids Escape,"Nile Rapids Escape is a theme park in Kampala, Uganda, popular for its memorable experiences. Entry fee is 44.17 USD. Recommended visit: 6 hours. Discover Nile Rapids Escape, a notable theme park in Kampala, Uganda, ideal for visitors. Open 09:00-20:00, entry 44.17 USD.",44.17,09:00-20:00,6 hours,3.75,"837 Shinsaibashi Dori, Chuo Ward, Kampala",0.3348909305375911,32.59402689914422,"['couples trip', 'foodie', 'elderly travelers']","['Restrooms', 'Information Desk', 'Restaurant', 'Souvenir Shop', 'First Aid Station', 'Luggage Storage', 'scenic spots', 'sunset cruises', 'special couples experiences', 'Food markets', 'tasting tours', 'wheelchair rental', 'benches/rest areas']"
62,Kampala,Uganda,Theme Park/Amusement Park,Kampala PlaySphere Express No.2,"Kampala PlaySphere Express is a theme park in Kampala, Uganda, popular for its memorable experiences. Entry fee is 16.79 USD. Recommended visit: 7 hours. Discover Kampala PlaySphere Express, a notable theme park in Kampala, Uganda, ideal for visitors. Open 08:30-19:00, entry 16.79 USD.",16.79,08:30-19:00,7 hours,3.75,"No. 123, Art Avenue, Kampala",0.241076632781342,32.62374611418501,"['business travelers', 'photography', 'road trip']","['Restrooms', 'Information Desk', 'Restaurant', 'Souvenir Shop', 'First Aid Station', 'Luggage Storage', 'High speed WiFi', 'photo spots', 'guided photo tours', 'charging stations', 'parking']"
63,Kampala,Uganda,Theme Park/Amusement Park,Kampala Adventure Quest No.2,"Kampala Adventure Quest is a theme park in Kampala, Uganda, popular for its memorable experiences. Entry fee is 9.28 USD. Recommended visit: 8 hours. Discover Kampala Adventure Quest, a notable theme park in Kampala, Uganda, ideal for visitors. Open 09:00-18:00, entry 9.28 USD.",9.28,09:00-18:00,8 hours,3.75,"No. 456, Cultural Park Road, Futian District, Kampala",0.3343192565553129,32.55324811592017,"['nightlife enthusiast', 'solo women', 'couples trip']","['Restrooms', 'Information Desk', 'Restaurant', 'Souvenir Shop', 'First Aid Station', 'Luggage Storage', 'night markets', 'bars', 'evening shows', 'group tours', 'security', 'scenic spots', 'sunset cruises', 'special couples experiences']"
64,Kampala,Uganda,Theme Park/Amusement Park,Nile Star Adventure Hub,"Nile Star Adventure Hub is a theme park in Kampala, Uganda, popular for its memorable experiences. Entry fee is 1654.66 USD. Recommended visit: 8 hours. Discover Nile Star Adventure Hub, a notable theme park in Kampala, Uganda, ideal for visitors. Open 10:00-22:00, entry 1654.66 USD.",1654.66,10:00-22:00,8 hours,3.75,"392 Nishi 1-chome, Kampala",0.3212348875872022,32.52051458572051,"['with children', 'photography', 'foodie']","['Restrooms', 'Information Desk', 'Restaurant', 'Souvenir Shop', 'First Aid Station', 'Luggage Storage', 'family restrooms', 'Nursing facilities', 'photo spots', 'guided photo tours', 'charging stations', 'Food markets', 'tasting tours']"
65,Kampala,Uganda,Theme Park/Amusement Park,Nile Quest Adventure Hub,"Nile Quest Adventure Hub is a theme park in Kampala, Uganda, popular for its memorable experiences. Entry fee is 26.46 USD. Recommended visit: 6 hours. Discover Nile Quest Adventure Hub, a notable theme park in Kampala, Uganda, ideal for visitors. Open 09:00-18:00, entry 26.46 USD.",26.46,09:00-18:00,6 hours,3.75,"958-8 Shinsaibashi, Chuo Ward, Kampala",0.2967200415618494,32.538238996546745,"['nightlife enthusiast', 'photography', 'business travelers']","['Restrooms', 'Information Desk', 'Restaurant', 'Souvenir Shop', 'First Aid Station', 'Luggage Storage', 'night markets', 'bars', 'evening shows', 'photo spots', 'guided photo tours', 'charging stations', 'High speed WiFi']"
66,Kampala,Uganda,Theme Park/Amusement Park,Kazinga Adventure Hub,"Kazinga Adventure Hub is a theme park in Kampala, Uganda, popular for its memorable experiences. Entry fee is 23.37 USD. Recommended visit: 7 hours. Discover Kazinga Adventure Hub, a notable theme park in Kampala, Uganda, ideal for visitors. Open 10:00-19:00, entry 23.37 USD.",23.37,10:00-19:00,7 hours,3.75,"561 Pasir Ris Avenue, Kampala",0.3213678521662026,32.59937694979026,"['fast-paced budget travel', 'photography', 'with pets']","['Restrooms', 'Information Desk', 'Restaurant', 'Souvenir Shop', 'First Aid Station', 'Luggage Storage', 'city passes', 'luggage storage', 'self-guided tours', 'photo spots', 'guided photo tours', 'charging stations', 'Pet-friendly', 'pet water stations', 'Pet rest area']"
67,Kampala,Uganda,Theme Park/Amusement Park,Kampala Echoes Adventure Hub,"Kampala Echoes Adventure Hub is a theme park in Kampala, Uganda, popular for its memorable experiences. Entry fee is 41.86 USD. Recommended visit: 7 hours. Discover Kampala Echoes Adventure Hub, a notable theme park in Kampala, Uganda, ideal for visitors. Open 08:00-22:00, entry 41.86 USD.",41.86,08:00-22:00,7 hours,3.75,"349 Sukhumvit Road, Kampala",0.3812179136006079,32.57346239813276,"['fast-paced budget travel', 'solo women', 'photography']","['Restrooms', 'Information Desk', 'Restaurant', 'Souvenir Shop', 'First Aid Station', 'Luggage Storage', 'city passes', 'luggage storage', 'self-guided tours', 'group tours', 'security', 'photo spots', 'guided photo tours', 'charging stations']"
68,Kampala,Uganda,Theme Park/Amusement Park,Nile Navigators Adventure,"Nile Navigators Adventure is a theme park in Kampala, Uganda, popular for its memorable experiences. Entry fee is 31.01 USD. Recommended visit: 8 hours. Discover Nile Navigators Adventure, a notable theme park in Kampala, Uganda, ideal for visitors. Open 09:00-18:00, entry 31.01 USD.",31.01,09:00-18:00,8 hours,3.75,"913-8901 Shuri-cho, Kampala",0.3141972409651756,32.55270818441856,"['couples trip', 'disabled traveler']","['Restrooms', 'Information Desk', 'Restaurant', 'Souvenir Shop', 'First Aid Station', 'Luggage Storage', 'scenic spots', 'sunset cruises', 'special couples experiences', 'ramps', 'elevators', 'wheelchair rentals', 'accessible restrooms']"
69,Kampala,Uganda,Theme Park/Amusement Park,Kampala Jungle Quest,"Kampala Jungle Quest is a theme park in Kampala, Uganda, popular for its memorable experiences. Entry fee is 35.0 USD. Recommended visit: 7 hours. Discover Kampala Jungle Quest, a notable theme park in Kampala, Uganda, ideal for visitors. Open 10:00-22:00, entry 35.0 USD.",35.0,10:00-22:00,7 hours,3.75,"No. 456, Olympic Park Road, Kampala",0.2579857939009314,32.64399052180108,"['nightlife enthusiast', 'with pets', 'luxury travelers']","['Restrooms', 'Information Desk', 'Restaurant', 'Souvenir Shop', 'First Aid Station', 'Luggage Storage', 'night markets', 'bars', 'evening shows', 'Pet-friendly', 'pet water stations', 'Pet rest area', 'private tours', 'skip the line passes', 'VIP exclusive events']"
70,Kampala,Uganda,Theme Park/Amusement Park,Nile Navigators Adventure Park,"Nile Navigators Adventure Park is a theme park in Kampala, Uganda, popular for its memorable experiences. Entry fee is 22.09 USD. Recommended visit: 8 hours. Discover Nile Navigators Adventure Park, a notable theme park in Kampala, Uganda, ideal for visitors. Open 08:00-00:00, entry 22.09 USD.",22.09,08:00-00:00,8 hours,3.75,"583-2 Gwangalli-dong, Gangseo-gu, Kampala",0.3270976792594993,32.539232554714154,"['nightlife enthusiast', 'foodie', 'business travelers']","['Restrooms', 'Information Desk', 'Restaurant', 'Souvenir Shop', 'First Aid Station', 'Luggage Storage', 'night markets', 'bars', 'evening shows', 'Food markets', 'tasting tours', 'High speed WiFi']"
71,Kampala,Uganda,Theme Park/Amusement Park,Nile Starlight Adventure,"Nile Starlight Adventure is a theme park in Kampala, Uganda, popular for its memorable experiences. Entry fee is 171.36 USD. Recommended visit: 8 hours. Discover Nile Starlight Adventure, a notable theme park in Kampala, Uganda, ideal for visitors. Open 10:00-22:00, entry 171.36 USD.",171.36,10:00-22:00,8 hours,3.75,"166 Sakura Avenue, Naka-ku, Kampala",0.3271179924561874,32.53981026445279,['business travelers'],"['Restrooms', 'Information Desk', 'Restaurant', 'Souvenir Shop', 'First Aid Station', 'Luggage Storage', 'High speed WiFi']"
72,Kampala,Uganda,Theme Park/Amusement Park,Nile Night Explorers,"Nile Night Explorers is a theme park in Kampala, Uganda, popular for its memorable experiences. Entry fee is 24.66 USD. Recommended visit: 6 hours. Discover Nile Night Explorers, a notable theme park in Kampala, Uganda, ideal for visitors. Open 08:00-22:00, entry 24.66 USD.",24.66,08:00-22:00,6 hours,3.75,"No. 456, Zhongshan Road, Kampala",0.3383648507629929,32.53063629775706,"['solo women', 'couples trip', 'business travelers']","['Restrooms', 'Information Desk', 'Restaurant', 'Souvenir Shop', 'First Aid Station', 'Luggage Storage', 'group tours', 'security', 'scenic spots', 'sunset cruises', 'special couples experiences', 'High speed WiFi']"
73,Kampala,Uganda,Theme Park/Amusement Park,NileBeat Entertainment Hub,"NileBeat Entertainment Hub is a theme park in Kampala, Uganda, popular for its memorable experiences. Entry fee is 6.99 USD. Recommended visit: 8 hours. Discover NileBeat Entertainment Hub, a notable theme park in Kampala, Uganda, ideal for visitors. Open 08:30-17:00, entry 6.99 USD.",6.99,08:30-17:00,8 hours,3.75,"825 Sukhumvit Road, Khlong Toei, Kampala",0.3162090264913328,32.576809689373654,"['nightlife enthusiast', 'with pets', 'photography']","['Restrooms', 'Information Desk', 'Restaurant', 'Souvenir Shop', 'First Aid Station', 'Luggage Storage', 'night markets', 'bars', 'evening shows', 'Pet-friendly', 'pet water stations', 'Pet rest area', 'photo spots', 'guided photo tours', 'charging stations']"
74,Kampala,Uganda,Theme Park/Amusement Park,Nile Quest Adventure Hub No.2,"Nile Quest Adventure Hub is a theme park in Kampala, Uganda, popular for its memorable experiences. Entry fee is 39.62 USD. Recommended visit: 6 hours. Discover Nile Quest Adventure Hub, a notable theme park in Kampala, Uganda, ideal for visitors. Open 09:00-18:00, entry 39.62 USD.",39.62,09:00-18:00,6 hours,3.75,"156 Fantasy Avenue, Kampala",0.308080286306828,32.53520087285176,"['with children', 'fast-paced budget travel', 'elderly travelers']","['Restrooms', 'Information Desk', 'Restaurant', 'Souvenir Shop', 'First Aid Station', 'Luggage Storage', 'family restrooms', 'Nursing facilities', 'city passes', 'luggage storage', 'self-guided tours', 'wheelchair rental', 'benches/rest areas']"
75,Kampala,Uganda,Theme Park/Amusement Park,Nile Skyline Adventure Bus with 1-Day Pass,"Nile Skyline Adventure Bus with 1-Day Pass is a theme park in Kampala, Uganda, popular for its memorable experiences. Entry fee is 12.7 USD. Recommended visit: 6 hours. Discover Nile Skyline Adventure Bus with 1-Day Pass, a notable theme park in Kampala, Uganda, ideal for visitors. Open 10:00-21:00, entry 12.7 USD.",12.7,10:00-21:00,6 hours,3.75,"878 Shinsaibashi Street, Kampala",0.3305920154187743,32.62081398563639,"['solo women', 'photography', 'road trip']","['Restrooms', 'Information Desk', 'Restaurant', 'Souvenir Shop', 'First Aid Station', 'Luggage Storage', 'group tours', 'security', 'photo spots', 'guided photo tours', 'charging stations', 'parking']"
76,Kampala,Uganda,Theme Park/Amusement Park,Kampala Skyline Adventure Park,"Kampala Skyline Adventure Park is a theme park in Kampala, Uganda, popular for its memorable experiences. Entry fee is 4.06 USD. Recommended visit: 8 hours. Discover Kampala Skyline Adventure Park, a notable theme park in Kampala, Uganda, ideal for visitors. Open 09:00-17:30, entry 4.06 USD.",4.06,09:00-17:30,8 hours,3.75,"394 Shinsaibashi Dori, Chuo Ward, Kampala",0.3105014075871948,32.546831421049205,['photography'],"['Restrooms', 'Information Desk', 'Restaurant', 'Souvenir Shop', 'First Aid Station', 'Luggage Storage', 'photo spots', 'guided photo tours', 'charging stations']"
77,Kampala,Uganda,Theme Park/Amusement Park,Nile Mirage Adventure Park,"Nile Mirage Adventure Park is a theme park in Kampala, Uganda, popular for its memorable experiences. Entry fee is 37.52 USD. Recommended visit: 7 hours. Discover Nile Mirage Adventure Park, a notable theme park in Kampala, Uganda, ideal for visitors. Open 09:00-21:00, entry 37.52 USD.",37.52,09:00-21:00,7 hours,3.75,"533 Sathorn Road, Kampala",0.299529504398775,32.66152730402824,"['nightlife enthusiast', 'couples trip', 'elderly travelers']","['Restrooms', 'Information Desk', 'Restaurant', 'Souvenir Shop', 'First Aid Station', 'Luggage Storage', 'night markets', 'bars', 'evening shows', 'scenic spots', 'sunset cruises', 'special couples experiences', 'wheelchair rental', 'benches/rest areas']"
78,Kampala,Uganda,Theme Park/Amusement Park,Kampala Cricket Legends Interactive Experience,"Kampala Cricket Legends Interactive Experience is a theme park in Kampala, Uganda, popular for its memorable experiences. Entry fee is 32.62 USD. Recommended visit: 6 hours. Discover Kampala Cricket Legends Interactive Experience, a notable theme park in Kampala, Uganda, ideal for visitors. Open 09:00-17:30, entry 32.62 USD.",32.62,09:00-17:30,6 hours,3.75,"No. 456 Innovation Road, Kampala",0.3722120302980406,32.55580476673034,"['with children', 'with pets', 'elderly travelers']","['Restrooms', 'Information Desk', 'Restaurant', 'Souvenir Shop', 'First Aid Station', 'Luggage Storage', 'family restrooms', 'Nursing facilities', 'Pet-friendly', 'pet water stations', 'Pet rest area', 'wheelchair rental', 'benches/rest areas']"
79,Kampala,Uganda,Theme Park/Amusement Park,Kampala Jungle Quest Adventure,"Kampala Jungle Quest Adventure is a theme park in Kampala, Uganda, popular for its memorable experiences. Entry fee is 28.0 USD. Recommended visit: 7 hours. Discover Kampala Jungle Quest Adventure, a notable theme park in Kampala, Uganda, ideal for visitors. Open 09:00-18:00, entry 28.0 USD.",28.0,09:00-18:00,7 hours,3.75,"436 Nai Harn Road, Kampala",0.2728186447940377,32.64015470478998,"['nightlife enthusiast', 'couples trip', 'business travelers']","['Restrooms', 'Information Desk', 'Restaurant', 'Souvenir Shop', 'First Aid Station', 'Luggage Storage', 'night markets', 'bars', 'evening shows', 'scenic spots', 'sunset cruises', 'special couples experiences', 'High speed WiFi']"
80,Kampala,Uganda,Theme Park/Amusement Park,Nile Rapids Adventure Hub,"Nile Rapids Adventure Hub is a theme park in Kampala, Uganda, popular for its memorable experiences. Entry fee is 18.98 USD. Recommended visit: 6 hours. Discover Nile Rapids Adventure Hub, a notable theme park in Kampala, Uganda, ideal for visitors. Open 10:00-19:00, entry 18.98 USD.",18.98,10:00-19:00,6 hours,3.75,"No. 125, Meisha Road, Nanshan District, Kampala",0.2907027451830345,32.666521998617775,"['solo women', 'photography', 'business travelers']","['Restrooms', 'Information Desk', 'Restaurant', 'Souvenir Shop', 'First Aid Station', 'Luggage Storage', 'group tours', 'security', 'photo spots', 'guided photo tours', 'charging stations', 'High speed WiFi']"
81,Kampala,Uganda,Theme Park/Amusement Park,Nile Horizon Futura Park,"Nile Horizon Futura Park is a theme park in Kampala, Uganda, popular for its memorable experiences. Entry fee is 59.69 USD. Recommended visit: 7 hours. Discover Nile Horizon Futura Park, a notable theme park in Kampala, Uganda, ideal for visitors. Open 09:00-17:30, entry 59.69 USD.",59.69,09:00-17:30,7 hours,3.75,"161-678 Nishi 1-chome, Kampala",0.3081167730532254,32.53570057581423,"['foodie', 'elderly travelers']","['Restrooms', 'Information Desk', 'Restaurant', 'Souvenir Shop', 'First Aid Station', 'Luggage Storage', 'Food markets', 'tasting tours', 'wheelchair rental', 'benches/rest areas']"
82,Kampala,Uganda,Theme Park/Amusement Park,Kampala Quest Hub,"Kampala Quest Hub is a theme park in Kampala, Uganda, popular for its memorable experiences. Entry fee is 29.85 USD. Recommended visit: 7 hours. Discover Kampala Quest Hub, a notable theme park in Kampala, Uganda, ideal for visitors. Open 09:00-18:00, entry 29.85 USD.",29.85,09:00-18:00,7 hours,3.75,"349 Sakura Street, Kampala",0.3471634684232083,32.60064317473074,"['nightlife enthusiast', 'with pets', 'disabled traveler']","['Restrooms', 'Information Desk', 'Restaurant', 'Souvenir Shop', 'First Aid Station', 'Luggage Storage', 'night markets', 'bars', 'evening shows', 'Pet-friendly', 'pet water stations', 'Pet rest area', 'ramps', 'elevators', 'wheelchair rentals', 'accessible restrooms']"
83,Kampala,Uganda,Theme Park/Amusement Park,Nile Splash Adventure Park,"Nile Splash Adventure Park is a theme park in Kampala, Uganda, popular for its memorable experiences. Entry fee is 14.0 USD. Recommended visit: 6 hours. Discover Nile Splash Adventure Park, a notable theme park in Kampala, Uganda, ideal for visitors. Open 08:00-23:00, entry 14.0 USD.",14.0,08:00-23:00,6 hours,3.75,"No. 456, Zhongshan Road, Kampala",0.2670969738399633,32.615915894046275,"['with children', 'with pets', 'elderly travelers']","['Restrooms', 'Information Desk', 'Restaurant', 'Souvenir Shop', 'First Aid Station', 'Luggage Storage', 'family restrooms', 'Nursing facilities', 'Pet-friendly', 'pet water stations', 'Pet rest area', 'wheelchair rental', 'benches/rest areas']"
84,Kampala,Uganda,Theme Park/Amusement Park,Kampala Jungle Quest No.2,"Kampala Jungle Quest is a theme park in Kampala, Uganda, popular for its memorable experiences. Entry fee is 22.56 USD. Recommended visit: 6 hours. Discover Kampala Jungle Quest, a notable theme park in Kampala, Uganda, ideal for visitors. Open 08:00-22:30, entry 22.56 USD.",22.56,08:00-22:30,6 hours,3.75,"No. 456, Cultural Park Road, Futian District, Kampala",0.3874415831340807,32.58589001994319,"['fast-paced budget travel', 'couples trip', 'foodie']","['Restrooms', 'Information Desk', 'Restaurant', 'Souvenir Shop', 'First Aid Station', 'Luggage Storage', 'city passes', 'luggage storage', 'self-guided tours', 'scenic spots', 'sunset cruises', 'special couples experiences', 'Food markets', 'tasting tours']"
85,Kampala,Uganda,Theme Park/Amusement Park,Kampala Rhythms Adventure Park,"Kampala Rhythms Adventure Park is a theme park in Kampala, Uganda, popular for its memorable experiences. Entry fee is 6.56 USD. Recommended visit: 8 hours. Discover Kampala Rhythms Adventure Park, a notable theme park in Kampala, Uganda, ideal for visitors. Open 10:00-20:00, entry 6.56 USD.",6.56,10:00-20:00,8 hours,3.75,"393 Orchard Road, Kampala",0.3027170772565685,32.5389290479206,"['nightlife enthusiast', 'with children', 'disabled traveler']","['Restrooms', 'Information Desk', 'Restaurant', 'Souvenir Shop', 'First Aid Station', 'Luggage Storage', 'night markets', 'bars', 'evening shows', 'family restrooms', 'Nursing facilities', 'ramps', 'elevators', 'wheelchair rentals', 'accessible restrooms']"
86,Kampala,Uganda,Theme Park/Amusement Park,Kampala Adventure Quest Park,"Kampala Adventure Quest Park is a theme park in Kampala, Uganda, popular for its memorable experiences. Entry fee is 53.2 USD. Recommended visit: 8 hours. Discover Kampala Adventure Quest Park, a notable theme park in Kampala, Uganda, ideal for visitors. Open 10:00-20:00, entry 53.2 USD.",53.2,10:00-20:00,8 hours,3.75,"982 Seaside Promenade, Kampala",0.3385332667800188,32.57923604088798,"['with children', 'with pets']","['Restrooms', 'Information Desk', 'Restaurant', 'Souvenir Shop', 'First Aid Station', 'Luggage Storage', 'family restrooms', 'Nursing facilities', 'Pet-friendly', 'pet water stations', 'Pet rest area']"
87,Kampala,Uganda,Theme Park/Amusement Park,Nile Adventure Hub,"Nile Adventure Hub is a theme park in Kampala, Uganda, popular for its memorable experiences. Entry fee is 20.67 USD. Recommended visit: 8 hours. Discover Nile Adventure Hub, a notable theme park in Kampala, Uganda, ideal for visitors. Open 08:00-22:00, entry 20.67 USD.",20.67,08:00-22:00,8 hours,3.75,"438 Sakura Street, Naka-ku, Kampala",0.2979617399111525,32.56322752329412,"['with children', 'business travelers']","['Restrooms', 'Information Desk', 'Restaurant', 'Souvenir Shop', 'First Aid Station', 'Luggage Storage', 'family restrooms', 'Nursing facilities', 'High speed WiFi']"
88,Kampala,Uganda,Theme Park/Amusement Park,Nile Horizon Cultural Park,"Nile Horizon Cultural Park is a theme park in Kampala, Uganda, popular for its memorable experiences. Entry fee is 67.2 USD. Recommended visit: 8 hours. Discover Nile Horizon Cultural Park, a notable theme park in Kampala, Uganda, ideal for visitors. Open 10:00-22:00, entry 67.2 USD.",67.2,10:00-22:00,8 hours,3.75,"527 Suthep Road, Kampala",0.3593496097378442,32.558062563285496,"['with children', 'fast-paced budget travel', 'luxury travelers']","['Restrooms', 'Information Desk', 'Restaurant', 'Souvenir Shop', 'First Aid Station', 'Luggage Storage', 'family restrooms', 'Nursing facilities', 'city passes', 'luggage storage', 'self-guided tours', 'private tours', 'skip the line passes', 'VIP exclusive events']"
89,Kampala,Uganda,Theme Park/Amusement Park,Nile Vista Adventure Hub,"Nile Vista Adventure Hub is a theme park in Kampala, Uganda, popular for its memorable experiences. Entry fee is 49.0 USD. Recommended visit: 6 hours. Discover Nile Vista Adventure Hub, a notable theme park in Kampala, Uganda, ideal for visitors. Open 10:00-22:00, entry 49.0 USD.",49.0,10:00-22:00,6 hours,3.75,"959 Shinsaibashi Street, Chuo Ward, Kampala",0.3885628242189591,32.56750659705068,"['nightlife enthusiast', 'with children', 'couples trip']","['Restrooms', 'Information Desk', 'Restaurant', 'Souvenir Shop', 'First Aid Station', 'Luggage Storage', 'night markets', 'bars', 'evening shows', 'family restrooms', 'Nursing facilities', 'scenic spots', 'sunset cruises', 'special couples experiences']"
90,Kampala,Uganda,Theme Park/Amusement Park,Rainbow Splash Haven,"Rainbow Splash Haven is a theme park in Kampala, Uganda, popular for its memorable experiences. Entry fee is 17.6 USD. Recommended visit: 7 hours. Discover Rainbow Splash Haven, a notable theme park in Kampala, Uganda, ideal for visitors. Open 09:00-17:30, entry 17.6 USD.",17.6,09:00-17:30,7 hours,3.75,"132 Shinsaibashi Street, Chuo Ward, Kampala",0.2941979165824677,32.59773751880125,"['with children', 'couples trip', 'elderly travelers']","['Restrooms', 'Information Desk', 'Restaurant', 'Souvenir Shop', 'First Aid Station', 'Luggage Storage', 'family restrooms', 'Nursing facilities', 'scenic spots', 'sunset cruises', 'special couples experiences', 'wheelchair rental', 'benches/rest areas']"
91,Kampala,Uganda,Historic Site/Landmark,Ndejje Heights Observation Tower,"Ndejje Heights Observation Tower is a historic site in Kampala, Uganda, popular for its memorable experiences. Entry fee is 2.79 USD. Recommended visit: 2 hours. Discover Ndejje Heights Observation Tower, a notable historic site in Kampala, Uganda, ideal for visitors. Open 09:00-22:00, entry 2.79 USD.",2.79,09:00-22:00,2 hours,3.5,"809 Suthep Road, Kampala",0.3192243460840424,32.55788211384074,"['fast-paced budget travel', 'road trip']","['Restrooms', 'Information Desk', 'Restaurant', 'Souvenir Shop', 'First Aid Station', 'Luggage Storage', 'city passes', 'luggage storage', 'self-guided tours', 'parking']"
92,Kampala,Uganda,Historic Site/Landmark,Kasubi Heritage Park,"Kasubi Heritage Park is a historic site in Kampala, Uganda, popular for its memorable experiences. Entry fee is 13.36 USD. Recommended visit: 2 hours. Discover Kasubi Heritage Park, a notable historic site in Kampala, Uganda, ideal for visitors. Open 08:30-17:00, entry 13.36 USD.",13.36,08:30-17:00,2 hours,3.5,"148 Suthep Road, Kampala",0.34596904187115,32.607730375080024,"['nightlife enthusiast', 'fast-paced budget travel', 'road trip']","['Restrooms', 'Information Desk', 'Restaurant', 'Souvenir Shop', 'First Aid Station', 'Luggage Storage', 'night markets', 'bars', 'evening shows', 'city passes', 'luggage storage', 'self-guided tours', 'parking']"
93,Kampala,Uganda,Historic Site/Landmark,Kasubi Royal Tombs Memorial,"Kasubi Royal Tombs Memorial is a historic site in Kampala, Uganda, popular for its memorable experiences. Entry fee is 5.6 USD. Recommended visit: 2 hours. Discover Kasubi Royal Tombs Memorial, a notable historic site in Kampala, Uganda, ideal for visitors. Open 08:00-18:00, entry 5.6 USD.",5.6,08:00-18:00,2 hours,3.5,"610 Nishi-Umeda Street, Kampala",0.3233455716334422,32.64963337544193,"['with children', 'fast-paced budget travel', 'solo women']","['Restrooms', 'Information Desk', 'Restaurant', 'Souvenir Shop', 'First Aid Station', 'Luggage Storage', 'family restrooms', 'Nursing facilities', 'city passes', 'luggage storage', 'self-guided tours', 'group tours', 'security']"
94,Kampala,Uganda,Historic Site/Landmark,Echoes of the Kingdom Tour,"Echoes of the Kingdom Tour is a historic site in Kampala, Uganda, popular for its memorable experiences. Entry fee is 1.4 USD. Recommended visit: 2 hours. Discover Echoes of the Kingdom Tour, a notable historic site in Kampala, Uganda, ideal for visitors. Open 09:00-17:00, entry 1.4 USD.",1.4,09:00-17:00,2 hours,3.5,"311/19 Sukhumvit Road, Kampala",0.2964821602995157,32.59718011967032,"['nightlife enthusiast', 'solo women']","['Restrooms', 'Information Desk', 'Restaurant', 'Souvenir Shop', 'First Aid Station', 'Luggage Storage', 'night markets', 'bars', 'evening shows', 'group tours', 'security']"
95,Kampala,Uganda,Historic Site/Landmark,Kasubi Cultural Legacy Museum,"Kasubi Cultural Legacy Museum is a historic site in Kampala, Uganda, popular for its memorable experiences. Entry fee is 7.84 USD. Recommended visit: 2 hours. Discover Kasubi Cultural Legacy Museum, a notable historic site in Kampala, Uganda, ideal for visitors. Open 08:30-17:30, entry 7.84 USD.",7.84,08:30-17:30,2 hours,3.5,"No. 125, Xueyuan Road, Kampala",0.3494999805800406,32.60598082278479,"['nightlife enthusiast', 'foodie', 'elderly travelers']","['Restrooms', 'Information Desk', 'Restaurant', 'Souvenir Shop', 'First Aid Station', 'Luggage Storage', 'night markets', 'bars', 'evening shows', 'Food markets', 'tasting tours', 'wheelchair rental', 'benches/rest areas']"
96,Kampala,Uganda,Historic Site/Landmark,Kasubi Royal Legacy Museum,"Kasubi Royal Legacy Museum is a historic site in Kampala, Uganda, popular for its memorable experiences. Entry fee is 16.97 USD. Recommended visit: 2 hours. Discover Kasubi Royal Legacy Museum, a notable historic site in Kampala, Uganda, ideal for visitors. Open 10:00-18:00, entry 16.97 USD.",16.97,10:00-18:00,2 hours,3.5,"385-789 Shuri Street, Kampala",0.3327226121102161,32.56167265391785,"['nightlife enthusiast', 'fast-paced budget travel', 'with pets']","['Restrooms', 'Information Desk', 'Restaurant', 'Souvenir Shop', 'First Aid Station', 'Luggage Storage', 'night markets', 'bars', 'evening shows', 'city passes', 'luggage storage', 'self-guided tours', 'Pet-friendly', 'pet water stations', 'Pet rest area']"
97,Kampala,Uganda,Historic Site/Landmark,Kasubi Heritage Trail,"Kasubi Heritage Trail is a historic site in Kampala, Uganda, popular for its memorable experiences. Entry fee is 6.85 USD. Recommended visit: 2 hours. Discover Kasubi Heritage Trail, a notable historic site in Kampala, Uganda, ideal for visitors. Open 08:30-20:00, entry 6.85 USD.",6.85,08:30-20:00,2 hours,3.5,"719 Seogwipo Street, Kampala",0.2728177827353809,32.55338152272732,"['nightlife enthusiast', 'solo women', 'with pets']","['Restrooms', 'Information Desk', 'Restaurant', 'Souvenir Shop', 'First Aid Station', 'Luggage Storage', 'night markets', 'bars', 'evening shows', 'group tours', 'security', 'Pet-friendly', 'pet water stations', 'Pet rest area']"
98,Kampala,Uganda,Historic Site/Landmark,Nile Horizon Wheel,"Nile Horizon Wheel is a historic site in Kampala, Uganda, popular for its memorable experiences. Entry fee is 7.0 USD. Recommended visit: 2 hours. Discover Nile Horizon Wheel, a notable historic site in Kampala, Uganda, ideal for visitors. Open 09:30-17:00, entry 7.0 USD.",7.0,09:30-17:00,2 hours,3.5,"No. 456, Jiangbei New District, Kampala",0.3789676203244514,32.60263414897852,"['foodie', 'photography', 'luxury travelers']","['Restrooms', 'Information Desk', 'Restaurant', 'Souvenir Shop', 'First Aid Station', 'Luggage Storage', 'Food markets', 'tasting tours', 'photo spots', 'guided photo tours', 'charging stations', 'private tours', 'skip the line passes', 'VIP exclusive events']"
99,Kampala,Uganda,Historic Site/Landmark,Kampala Heritage Skyline Experience,"Kampala Heritage Skyline Experience is a historic site in Kampala, Uganda, popular for its memorable experiences. Entry fee is 21.77 USD. Recommended visit: 2 hours. Discover Kampala Heritage Skyline Experience, a notable historic site in Kampala, Uganda, ideal for visitors. Open 09:00-21:00, entry 21.77 USD.",21.77,09:00-21:00,2 hours,3.5,"219-2-3 Nishiki-chuo, Kita-ku, Kampala",0.3066259627141707,32.57972332248632,"['solo women', 'with pets', 'road trip']","['Restrooms', 'Information Desk', 'Restaurant', 'Souvenir Shop', 'First Aid Station', 'Luggage Storage', 'group tours', 'security', 'Pet-friendly', 'pet water stations', 'Pet rest area', 'parking']"
100,Kampala,Uganda,Historic Site/Landmark,Kasubi Summit Viewing Platform,"Kasubi Summit Viewing Platform is a historic site in Kampala, Uganda, popular for its memorable experiences. Entry fee is 10.59 USD. Recommended visit: 2 hours. Discover Kasubi Summit Viewing Platform, a notable historic site in Kampala, Uganda, ideal for visitors. Open 08:30-17:30, entry 10.59 USD.",10.59,08:30-17:30,2 hours,3.5,"982-8 Shinkawa, Naka-ku, Kampala",0.3114958076096721,32.52141352052154,"['with children', 'solo women', 'road trip']","['Restrooms', 'Information Desk', 'Restaurant', 'Souvenir Shop', 'First Aid Station', 'Luggage Storage', 'family restrooms', 'Nursing facilities', 'group tours', 'security', 'parking']"
101,Kampala,Uganda,Historic Site/Landmark,Kampala Heritage Spire,"Kampala Heritage Spire is a historic site in Kampala, Uganda, popular for its memorable experiences. Entry fee is 4.2 USD. Recommended visit: 2 hours. Discover Kampala Heritage Spire, a notable historic site in Kampala, Uganda, ideal for visitors. Open 09:00-17:30, entry 4.2 USD.",4.2,09:00-17:30,2 hours,3.5,"231-24, Ssangmundong-ro, Mapo-gu, Kampala",0.3171775316274319,32.535395590791374,"['fast-paced budget travel', 'luxury travelers', 'disabled traveler']","['Restrooms', 'Information Desk', 'Restaurant', 'Souvenir Shop', 'First Aid Station', 'Luggage Storage', 'city passes', 'luggage storage', 'self-guided tours', 'private tours', 'skip the line passes', 'VIP exclusive events', 'ramps', 'elevators', 'wheelchair rentals', 'accessible restrooms']"
102,Kampala,Uganda,Historic Site/Landmark,Nile Echoes Cultural Center,"Nile Echoes Cultural Center is a historic site in Kampala, Uganda, popular for its memorable experiences. Entry fee is 5.38 USD. Recommended visit: 2 hours. Discover Nile Echoes Cultural Center, a notable historic site in Kampala, Uganda, ideal for visitors. Open 09:00-17:30, entry 5.38 USD.",5.38,09:00-17:30,2 hours,3.5,"481 Sukhumvit Road, Kampala",0.2806173565834143,32.563407565448024,"['photography', 'couples trip']","['Restrooms', 'Information Desk', 'Restaurant', 'Souvenir Shop', 'First Aid Station', 'Luggage Storage', 'photo spots', 'guided photo tours', 'charging stations', 'scenic spots', 'sunset cruises', 'special couples experiences']"
103,Kampala,Uganda,Historic Site/Landmark,Kasubi Royal Legacy Trail,"Kasubi Royal Legacy Trail is a historic site in Kampala, Uganda, popular for its memorable experiences. Entry fee is 78.46 USD. Recommended visit: 2 hours. Discover Kasubi Royal Legacy Trail, a notable historic site in Kampala, Uganda, ideal for visitors. Open 09:00-17:00, entry 78.46 USD.",78.46,09:00-17:00,2 hours,3.5,"No. 135, Xingang Road, Kampala",0.2263875287247943,32.630082364580126,['solo women'],"['Restrooms', 'Information Desk', 'Restaurant', 'Souvenir Shop', 'First Aid Station', 'Luggage Storage', 'group tours', 'security']"
104,Kampala,Uganda,Historic Site/Landmark,Kampala Heritage Fighting Academy,"Kampala Heritage Fighting Academy is a historic site in Kampala, Uganda, popular for its memorable experiences. Entry fee is 12.6 USD. Recommended visit: 2 hours. Discover Kampala Heritage Fighting Academy, a notable historic site in Kampala, Uganda, ideal for visitors. Open 09:00-17:30, entry 12.6 USD.",12.6,09:00-17:30,2 hours,3.5,"132/5 Sukhumvit Road, Khlong Toei District, Kampala",0.3692436036742853,32.55676119222894,"['solo women', 'with pets', 'luxury travelers']","['Restrooms', 'Information Desk', 'Restaurant', 'Souvenir Shop', 'First Aid Station', 'Luggage Storage', 'group tours', 'security', 'Pet-friendly', 'pet water stations', 'Pet rest area', 'private tours', 'skip the line passes', 'VIP exclusive events']"
105,Kampala,Uganda,Historic Site/Landmark,Kampala Heritage Walk through Ndejje Monastery and Kikorongo Fort,"Kampala Heritage Walk through Ndejje Monastery and Kikorongo Fort is a historic site in Kampala, Uganda, popular for its memorable experiences. Entry fee is 15.16 USD. Recommended visit: 2 hours. Discover Kampala Heritage Walk through Ndejje Monastery and Kikorongo Fort, a notable historic site in Kampala, Uganda, ideal for visitors. Open 10:00-19:00, entry 15.16 USD.",15.16,10:00-19:00,2 hours,3.5,"106 Sakura Street, Chuo Ward, Kampala",0.3564276690448772,32.624022265486865,"['fast-paced budget travel', 'photography', 'with pets']","['Restrooms', 'Information Desk', 'Restaurant', 'Souvenir Shop', 'First Aid Station', 'Luggage Storage', 'city passes', 'luggage storage', 'self-guided tours', 'photo spots', 'guided photo tours', 'charging stations', 'Pet-friendly', 'pet water stations', 'Pet rest area']"
106,Kampala,Uganda,Historic Site/Landmark,Kampala Heritage Fashion Gallery,"Kampala Heritage Fashion Gallery is a historic site in Kampala, Uganda, popular for its memorable experiences. Entry fee is 50.54 USD. Recommended visit: 2 hours. Discover Kampala Heritage Fashion Gallery, a notable historic site in Kampala, Uganda, ideal for visitors. Open 19:30-22:30, entry 50.54 USD.",50.54,19:30-22:30,2 hours,3.5,"No. 456, Cultural Avenue, Kampala",0.3022231025596263,32.5477652759553,"['with pets', 'elderly travelers']","['Restrooms', 'Information Desk', 'Restaurant', 'Souvenir Shop', 'First Aid Station', 'Luggage Storage', 'Pet-friendly', 'pet water stations', 'Pet rest area', 'wheelchair rental', 'benches/rest areas']"
107,Kampala,Uganda,Historic Site/Landmark,Golden Ridge Observation Tower,"Golden Ridge Observation Tower is a historic site in Kampala, Uganda, popular for its memorable experiences. Entry fee is 24.92 USD. Recommended visit: 2 hours. Discover Golden Ridge Observation Tower, a notable historic site in Kampala, Uganda, ideal for visitors. Open 08:30-17:30, entry 24.92 USD.",24.92,08:30-17:30,2 hours,3.5,"927 Gwanghwamun-daero, Jongno-gu, Kampala",0.2882647061087103,32.546548725016045,"['with children', 'fast-paced budget travel', 'luxury travelers']","['Restrooms', 'Information Desk', 'Restaurant', 'Souvenir Shop', 'First Aid Station', 'Luggage Storage', 'family restrooms', 'Nursing facilities', 'city passes', 'luggage storage', 'self-guided tours', 'private tours', 'skip the line passes', 'VIP exclusive events']"
108,Kampala,Uganda,Historic Site/Landmark,Kabaka's Royal Enclosure,"Kabaka's Royal Enclosure is a historic site in Kampala, Uganda, popular for its memorable experiences. Entry fee is 16.52 USD. Recommended visit: 2 hours. Discover Kabaka's Royal Enclosure, a notable historic site in Kampala, Uganda, ideal for visitors. Open 08:30-19:00, entry 16.52 USD.",16.52,08:30-19:00,2 hours,3.5,"No. 456, Cultural Arts Avenue, Haizhu District, Kampala",0.3219347403704712,32.60714997557679,"['with children', 'fast-paced budget travel']","['Restrooms', 'Information Desk', 'Restaurant', 'Souvenir Shop', 'First Aid Station', 'Luggage Storage', 'family restrooms', 'Nursing facilities', 'city passes', 'luggage storage', 'self-guided tours']"
109,Kampala,Uganda,Historic Site/Landmark,Skyward View Tower,"Skyward View Tower is a historic site in Kampala, Uganda, popular for its memorable experiences. Entry fee is 42.0 USD. Recommended visit: 2 hours. Discover Skyward View Tower, a notable historic site in Kampala, Uganda, ideal for visitors. Open 09:00-17:30, entry 42.0 USD.",42.0,09:00-17:30,2 hours,3.5,"No. 456 Riverside Road, Kampala",0.3010980052416335,32.54813206192241,"['with children', 'with pets', 'road trip']","['Restrooms', 'Information Desk', 'Restaurant', 'Souvenir Shop', 'First Aid Station', 'Luggage Storage', 'family restrooms', 'Nursing facilities', 'Pet-friendly', 'pet water stations', 'Pet rest area', 'parking']"
110,Kampala,Uganda,Historic Site/Landmark,Kampala Heritage Walk,"Kampala Heritage Walk is a historic site in Kampala, Uganda, popular for its memorable experiences. Entry fee is 4.13 USD. Recommended visit: 2 hours. Discover Kampala Heritage Walk, a notable historic site in Kampala, Uganda, ideal for visitors. Open 09:00-18:00, entry 4.13 USD.",4.13,09:00-18:00,2 hours,3.5,"609-8543 Sapporo City, Nishi 1-chome, Kampala",0.2444394866757384,32.63498282653604,"['solo women', 'luxury travelers', 'business travelers']","['Restrooms', 'Information Desk', 'Restaurant', 'Souvenir Shop', 'First Aid Station', 'Luggage Storage', 'group tours', 'security', 'private tours', 'skip the line passes', 'VIP exclusive events', 'High speed WiFi']"
111,Kampala,Uganda,Historic Site/Landmark,Kampala Heritage Steam Bath Ritual,"Kampala Heritage Steam Bath Ritual is a historic site in Kampala, Uganda, popular for its memorable experiences. Entry fee is 474.46 USD. Recommended visit: 2 hours. Discover Kampala Heritage Steam Bath Ritual, a notable historic site in Kampala, Uganda, ideal for visitors. Open 09:00-17:00, entry 474.46 USD.",474.46,09:00-17:00,2 hours,3.5,"No. 123, Yuyuan Street, Kampala",0.2763732006454945,32.61268968723715,"['fast-paced budget travel', 'foodie', 'disabled traveler']","['Restrooms', 'Information Desk', 'Restaurant', 'Souvenir Shop', 'First Aid Station', 'Luggage Storage', 'city passes', 'luggage storage', 'self-guided tours', 'Food markets', 'tasting tours', 'ramps', 'elevators', 'wheelchair rentals', 'accessible restrooms']"
112,Kampala,Uganda,Historic Site/Landmark,Mirembe Heritage Hall,"Mirembe Heritage Hall is a historic site in Kampala, Uganda, popular for its memorable experiences. Entry fee is 36.54 USD. Recommended visit: 2 hours. Discover Mirembe Heritage Hall, a notable historic site in Kampala, Uganda, ideal for visitors. Open 10:00-20:00, entry 36.54 USD.",36.54,10:00-20:00,2 hours,3.5,"No. 456 Riverside Avenue, Kampala",0.2743823931478844,32.65837258276441,['foodie'],"['Restrooms', 'Information Desk', 'Restaurant', 'Souvenir Shop', 'First Aid Station', 'Luggage Storage', 'Food markets', 'tasting tours']"
113,Kampala,Uganda,Historic Site/Landmark,Kampala Heritage Keepers' Museum,"Kampala Heritage Keepers' Museum is a historic site in Kampala, Uganda, popular for its memorable experiences. Entry fee is 11.68 USD. Recommended visit: 2 hours. Discover Kampala Heritage Keepers' Museum, a notable historic site in Kampala, Uganda, ideal for visitors. Open 09:00-21:00, entry 11.68 USD.",11.68,09:00-21:00,2 hours,3.5,"654 Shinkawa Street, Naka Ward, Kampala",0.2835414074211329,32.624478599519016,"['nightlife enthusiast', 'with pets', 'couples trip']","['Restrooms', 'Information Desk', 'Restaurant', 'Souvenir Shop', 'First Aid Station', 'Luggage Storage', 'night markets', 'bars', 'evening shows', 'Pet-friendly', 'pet water stations', 'Pet rest area', 'scenic spots', 'sunset cruises', 'special couples experiences']"
114,Kampala,Uganda,Historic Site/Landmark,Kasasa Traditional Combat Grounds,"Kasasa Traditional Combat Grounds is a historic site in Kampala, Uganda, popular for its memorable experiences. Entry fee is 9.73 USD. Recommended visit: 2 hours. Discover Kasasa Traditional Combat Grounds, a notable historic site in Kampala, Uganda, ideal for visitors. Open 08:30-17:00, entry 9.73 USD.",9.73,08:30-17:00,2 hours,3.5,"441 Seogwipo Street, Kampala",0.2486639703635763,32.6444380272799,"['solo women', 'couples trip', 'road trip']","['Restrooms', 'Information Desk', 'Restaurant', 'Souvenir Shop', 'First Aid Station', 'Luggage Storage', 'group tours', 'security', 'scenic spots', 'sunset cruises', 'special couples experiences', 'parking']"
115,Kampala,Uganda,Historic Site/Landmark,Kabaka's Royal Combat Grounds,"Kabaka's Royal Combat Grounds is a historic site in Kampala, Uganda, popular for its memorable experiences. Entry fee is 26.79 USD. Recommended visit: 2 hours. Discover Kabaka's Royal Combat Grounds, a notable historic site in Kampala, Uganda, ideal for visitors. Open 08:30-17:00, entry 26.79 USD.",26.79,08:30-17:00,2 hours,3.5,"865-8653 Osaka City, Nishi-ku, Kampala",0.2940796287373654,32.63648477130389,"['nightlife enthusiast', 'road trip', 'business travelers']","['Restrooms', 'Information Desk', 'Restaurant', 'Souvenir Shop', 'First Aid Station', 'Luggage Storage', 'night markets', 'bars', 'evening shows', 'parking', 'High speed WiFi']"
116,Kampala,Uganda,Historic Site/Landmark,Kasubi Heritage Walk,"Kasubi Heritage Walk is a historic site in Kampala, Uganda, popular for its memorable experiences. Entry fee is 0.0 USD. Recommended visit: 2 hours. Discover Kasubi Heritage Walk, a notable historic site in Kampala, Uganda, ideal for visitors. Open 06:00-18:00, entry 0.0 USD.",0.0,06:00-18:00,2 hours,3.5,"583-2 Gwangalli-dong, Gangseo-gu, Kampala",0.282136410629244,32.551275846375056,"['nightlife enthusiast', 'couples trip', 'elderly travelers']","['Restrooms', 'Information Desk', 'Restaurant', 'Souvenir Shop', 'First Aid Station', 'Luggage Storage', 'night markets', 'bars', 'evening shows', 'scenic spots', 'sunset cruises', 'special couples experiences', 'wheelchair rental', 'benches/rest areas']"
117,Kampala,Uganda,Historic Site/Landmark,Kampala Heritage House,"Kampala Heritage House is a historic site in Kampala, Uganda, popular for its memorable experiences. Entry fee is 6.23 USD. Recommended visit: 2 hours. Discover Kampala Heritage House, a notable historic site in Kampala, Uganda, ideal for visitors. Open 10:00-22:00, entry 6.23 USD.",6.23,10:00-22:00,2 hours,3.5,"No. 567 Ocean Avenue, Kampala",0.3572306470490808,32.61344471041005,"['with pets', 'luxury travelers']","['Restrooms', 'Information Desk', 'Restaurant', 'Souvenir Shop', 'First Aid Station', 'Luggage Storage', 'Pet-friendly', 'pet water stations', 'Pet rest area', 'private tours', 'skip the line passes', 'VIP exclusive events']"
118,Kampala,Uganda,Historic Site/Landmark,Kabaka's Heritage Hall,"Kabaka's Heritage Hall is a historic site in Kampala, Uganda, popular for its memorable experiences. Entry fee is 114.46 USD. Recommended visit: 2 hours. Discover Kabaka's Heritage Hall, a notable historic site in Kampala, Uganda, ideal for visitors. Open 09:00-18:00, entry 114.46 USD.",114.46,09:00-18:00,2 hours,3.5,"865-8653 Osaka City, Nishi-ku, Kampala",0.3124806008161834,32.53392491403674,"['solo women', 'with pets', 'luxury travelers']","['Restrooms', 'Information Desk', 'Restaurant', 'Souvenir Shop', 'First Aid Station', 'Luggage Storage', 'group tours', 'security', 'Pet-friendly', 'pet water stations', 'Pet rest area', 'private tours', 'skip the line passes', 'VIP exclusive events']"
119,Kampala,Uganda,Historic Site/Landmark,Kampala Heritage Walk & Cultural Hub,"Kampala Heritage Walk & Cultural Hub is a historic site in Kampala, Uganda, popular for its memorable experiences. Entry fee is 29.19 USD. Recommended visit: 2 hours. Discover Kampala Heritage Walk & Cultural Hub, a notable historic site in Kampala, Uganda, ideal for visitors. Open 08:30-17:00, entry 29.19 USD.",29.19,08:30-17:00,2 hours,3.5,"701 Shirokane Street, Chuo Ward, Kampala",0.3360454847561885,32.63744362142595,"['with children', 'with pets', 'luxury travelers']","['Restrooms', 'Information Desk', 'Restaurant', 'Souvenir Shop', 'First Aid Station', 'Luggage Storage', 'family restrooms', 'Nursing facilities', 'Pet-friendly', 'pet water stations', 'Pet rest area', 'private tours', 'skip the line passes', 'VIP exclusive events']"
120,Kampala,Uganda,Historic Site/Landmark,Kampala Heritage Shrine,"Kampala Heritage Shrine is a historic site in Kampala, Uganda, popular for its memorable experiences. Entry fee is 248.4 USD. Recommended visit: 2 hours. Discover Kampala Heritage Shrine, a notable historic site in Kampala, Uganda, ideal for visitors. Open 10:00-22:00, entry 248.4 USD.",248.4,10:00-22:00,2 hours,3.5,"977 Phra Singh Road, Kampala",0.2916311072845882,32.529195764694904,"['with pets', 'disabled traveler', 'business travelers']","['Restrooms', 'Information Desk', 'Restaurant', 'Souvenir Shop', 'First Aid Station', 'Luggage Storage', 'Pet-friendly', 'pet water stations', 'Pet rest area', 'ramps', 'elevators', 'wheelchair rentals', 'accessible restrooms', 'High speed WiFi']"
121,Kampala,Uganda,Historic Site/Landmark,Musembo Heritage House,"Musembo Heritage House is a historic site in Kampala, Uganda, popular for its memorable experiences. Entry fee is 160.64 USD. Recommended visit: 2 hours. Discover Musembo Heritage House, a notable historic site in Kampala, Uganda, ideal for visitors. Open 08:30-17:30, entry 160.64 USD.",160.64,08:30-17:30,2 hours,3.5,"942/24 Sukhumvit Road, Khlong Toei, Kampala",0.3055406942414436,32.627509894108634,"['solo women', 'photography', 'luxury travelers']","['Restrooms', 'Information Desk', 'Restaurant', 'Souvenir Shop', 'First Aid Station', 'Luggage Storage', 'group tours', 'security', 'photo spots', 'guided photo tours', 'charging stations', 'private tours', 'skip the line passes', 'VIP exclusive events']"
122,Kampala,Uganda,Museum/Art Gallery,Kampala Canvas Collective,"Kampala Canvas Collective is a museum in Kampala, Uganda, popular for its unique collections and exhibitions. Entry fee is 6.2 USD. Recommended visit: 2 hours. Discover Kampala Canvas Collective, a renowned museum in Kampala, Uganda, ideal for art lovers. Open 09:00-17:30, entry 6.2 USD.",6.2,09:00-17:30,2 hours,4.0,"767-8745 Shibuya, Kampala",0.2751719533441977,32.6011869077235,['solo women'],"['Restrooms', 'Information Desk', 'Restaurant', 'Souvenir Shop', 'First Aid Station', 'Luggage Storage', 'group tours', 'security']"
123,Kampala,Uganda,Museum/Art Gallery,Echoes of the Hidden City,"Echoes of the Hidden City is a museum in Kampala, Uganda, popular for its unique collections and exhibitions. Entry fee is 24.92 USD. Recommended visit: 2 hours. Discover Echoes of the Hidden City, a renowned museum in Kampala, Uganda, ideal for art lovers. Open 10:00-22:00, entry 24.92 USD.",24.92,10:00-22:00,2 hours,4.0,"158 Nathan Road, Kampala",0.2796543023310643,32.556455505708755,"['photography', 'couples trip', 'road trip']","['Restrooms', 'Information Desk', 'Restaurant', 'Souvenir Shop', 'First Aid Station', 'Luggage Storage', 'photo spots', 'guided photo tours', 'charging stations', 'scenic spots', 'sunset cruises', 'special couples experiences', 'parking']"
124,Kampala,Uganda,Museum/Art Gallery,Kampala Heritage & Innovation Hub,"Kampala Heritage & Innovation Hub is a museum in Kampala, Uganda, popular for its unique collections and exhibitions. Entry fee is 14.47 USD. Recommended visit: 2 hours. Discover Kampala Heritage & Innovation Hub, a renowned museum in Kampala, Uganda, ideal for art lovers. Open 09:30-17:00, entry 14.47 USD.",14.47,09:30-17:00,2 hours,4.0,"140 Gwanghwamun Street, Jongno-gu, Kampala",0.2483069558192354,32.62581166183327,['with children'],"['Restrooms', 'Information Desk', 'Restaurant', 'Souvenir Shop', 'First Aid Station', 'Luggage Storage', 'family restrooms', 'Nursing facilities']"
125,Kampala,Uganda,Museum/Art Gallery,Nile Horizon Contemporary Gallery,"Nile Horizon Contemporary Gallery is a museum in Kampala, Uganda, popular for its unique collections and exhibitions. Entry fee is 6.37 USD. Recommended visit: 2 hours. Discover Nile Horizon Contemporary Gallery, a renowned museum in Kampala, Uganda, ideal for art lovers. Open 09:00-17:30, entry 6.37 USD.",6.37,09:00-17:30,2 hours,4.0,"285 Sakura Street, Naka-ku, Kampala",0.2943274641981903,32.59786690575321,"['with children', 'fast-paced budget travel', 'luxury travelers']","['Restrooms', 'Information Desk', 'Restaurant', 'Souvenir Shop', 'First Aid Station', 'Luggage Storage', 'family restrooms', 'Nursing facilities', 'city passes', 'luggage storage', 'self-guided tours', 'private tours', 'skip the line passes', 'VIP exclusive events']"
126,Kampala,Uganda,Museum/Art Gallery,Kampala Heritage Bazaar,"Kampala Heritage Bazaar is a museum in Kampala, Uganda, popular for its unique collections and exhibitions. Entry fee is 16.33 USD. Recommended visit: 2 hours. Discover Kampala Heritage Bazaar, a renowned museum in Kampala, Uganda, ideal for art lovers. Open 08:30-17:30, entry 16.33 USD.",16.33,08:30-17:30,2 hours,4.0,"720 Siam Road, Kampala",0.2692547571217846,32.607754537282794,"['solo women', 'photography', 'disabled traveler']","['Restrooms', 'Information Desk', 'Restaurant', 'Souvenir Shop', 'First Aid Station', 'Luggage Storage', 'group tours', 'security', 'photo spots', 'guided photo tours', 'charging stations', 'ramps', 'elevators', 'wheelchair rentals', 'accessible restrooms']"
127,Kampala,Uganda,Museum/Art Gallery,Kampala Botanical Lumina,"Kampala Botanical Lumina is a museum in Kampala, Uganda, popular for its unique collections and exhibitions. Entry fee is 15.9 USD. Recommended visit: 2 hours. Discover Kampala Botanical Lumina, a renowned museum in Kampala, Uganda, ideal for art lovers. Open 08:30-17:00, entry 15.9 USD.",15.9,08:30-17:00,2 hours,4.0,"349-8 Shimbashi, Minato City, Kampala",0.3314648192730778,32.60807539665034,"['nightlife enthusiast', 'solo women', 'foodie']","['Restrooms', 'Information Desk', 'Restaurant', 'Souvenir Shop', 'First Aid Station', 'Luggage Storage', 'night markets', 'bars', 'evening shows', 'group tours', 'security', 'Food markets', 'tasting tours']"
128,Kampala,Uganda,Museum/Art Gallery,Echoes of the Nile Gallery,"Echoes of the Nile Gallery is a museum in Kampala, Uganda, popular for its unique collections and exhibitions. Entry fee is 4.57 USD. Recommended visit: 2 hours. Discover Echoes of the Nile Gallery, a renowned museum in Kampala, Uganda, ideal for art lovers. Open 09:00-18:00, entry 4.57 USD.",4.57,09:00-18:00,2 hours,4.0,"227 Sakura Street, Kampala",0.3148638433377668,32.63199460271433,['couples trip'],"['Restrooms', 'Information Desk', 'Restaurant', 'Souvenir Shop', 'First Aid Station', 'Luggage Storage', 'scenic spots', 'sunset cruises', 'special couples experiences']"
129,Kampala,Uganda,Museum/Art Gallery,Nile Horizon Art Collective,"Nile Horizon Art Collective is a museum in Kampala, Uganda, popular for its unique collections and exhibitions. Entry fee is 8.31 USD. Recommended visit: 2 hours. Discover Nile Horizon Art Collective, a renowned museum in Kampala, Uganda, ideal for art lovers. Open 09:30-17:00, entry 8.31 USD.",8.31,09:30-17:00,2 hours,4.0,"443/12 Sathorn Road, Samranjit, Bangphlon, Kampala",0.3636622401508766,32.60025889842697,"['with children', 'solo women']","['Restrooms', 'Information Desk', 'Restaurant', 'Souvenir Shop', 'First Aid Station', 'Luggage Storage', 'family restrooms', 'Nursing facilities', 'group tours', 'security']"
130,Kampala,Uganda,Museum/Art Gallery,Nile Echoes Art Space,"Nile Echoes Art Space is a museum in Kampala, Uganda, popular for its unique collections and exhibitions. Entry fee is 5.61 USD. Recommended visit: 2 hours. Discover Nile Echoes Art Space, a renowned museum in Kampala, Uganda, ideal for art lovers. Open 09:00-17:30, entry 5.61 USD.",5.61,09:00-17:30,2 hours,4.0,"674 Sukhumvit Road, Kampala",0.3630880395176286,32.55676579114389,"['fast-paced budget travel', 'with pets', 'luxury travelers']","['Restrooms', 'Information Desk', 'Restaurant', 'Souvenir Shop', 'First Aid Station', 'Luggage Storage', 'city passes', 'luggage storage', 'self-guided tours', 'Pet-friendly', 'pet water stations', 'Pet rest area', 'private tours', 'skip the line passes', 'VIP exclusive events']"
131,Kampala,Uganda,Museum/Art Gallery,SweetHaven Chocolate Workshop,"SweetHaven Chocolate Workshop is a museum in Kampala, Uganda, popular for its unique collections and exhibitions. Entry fee is 11.22 USD. Recommended visit: 2 hours. Discover SweetHaven Chocolate Workshop, a renowned museum in Kampala, Uganda, ideal for art lovers. Open 09:00-18:00, entry 11.22 USD.",11.22,09:00-18:00,2 hours,4.0,"843-8901 Nishi-Ku, Kampala",0.3685120944538942,32.58995498993255,"['with pets', 'luxury travelers', 'road trip']","['Restrooms', 'Information Desk', 'Restaurant', 'Souvenir Shop', 'First Aid Station', 'Luggage Storage', 'Pet-friendly', 'pet water stations', 'Pet rest area', 'private tours', 'skip the line passes', 'VIP exclusive events', 'parking']"
132,Kampala,Uganda,Museum/Art Gallery,Kampala Canvas Collective No.2,"Kampala Canvas Collective is a museum in Kampala, Uganda, popular for its unique collections and exhibitions. Entry fee is 10.4 USD. Recommended visit: 2 hours. Discover Kampala Canvas Collective, a renowned museum in Kampala, Uganda, ideal for art lovers. Open 10:00-20:00, entry 10.4 USD.",10.4,10:00-20:00,2 hours,4.0,"223 Green Valley Road, Kampala",0.3277246680331691,32.652087050326585,"['couples trip', 'disabled traveler', 'business travelers']","['Restrooms', 'Information Desk', 'Restaurant', 'Souvenir Shop', 'First Aid Station', 'Luggage Storage', 'scenic spots', 'sunset cruises', 'special couples experiences', 'ramps', 'elevators', 'wheelchair rentals', 'accessible restrooms', 'High speed WiFi']"
133,Kampala,Uganda,Museum/Art Gallery,Abyssal Horizon Gallery,"Abyssal Horizon Gallery is a museum in Kampala, Uganda, popular for its unique collections and exhibitions. Entry fee is 19.51 USD. Recommended visit: 2 hours. Discover Abyssal Horizon Gallery, a renowned museum in Kampala, Uganda, ideal for art lovers. Open 10:00-18:00, entry 19.51 USD.",19.51,10:00-18:00,2 hours,4.0,"290 Nishinari-ku, Kampala",0.3161824066613005,32.63659114305401,"['with children', 'photography']","['Restrooms', 'Information Desk', 'Restaurant', 'Souvenir Shop', 'First Aid Station', 'Luggage Storage', 'family restrooms', 'Nursing facilities', 'photo spots', 'guided photo tours', 'charging stations']"
134,Kampala,Uganda,Museum/Art Gallery,Nile Echoes Cultural Hub,"Nile Echoes Cultural Hub is a museum in Kampala, Uganda, popular for its unique collections and exhibitions. Entry fee is 8.63 USD. Recommended visit: 2 hours. Discover Nile Echoes Cultural Hub, a renowned museum in Kampala, Uganda, ideal for art lovers. Open 09:00-17:30, entry 8.63 USD.",8.63,09:00-17:30,2 hours,4.0,"837 Seongsan Road, Kampala",0.321300921239644,32.63034657639241,"['nightlife enthusiast', 'foodie', 'disabled traveler']","['Restrooms', 'Information Desk', 'Restaurant', 'Souvenir Shop', 'First Aid Station', 'Luggage Storage', 'night markets', 'bars', 'evening shows', 'Food markets', 'tasting tours', 'ramps', 'elevators', 'wheelchair rentals', 'accessible restrooms']"
135,Kampala,Uganda,Museum/Art Gallery,Kasasa Visual Storytelling Hub,"Kasasa Visual Storytelling Hub is a museum in Kampala, Uganda, popular for its unique collections and exhibitions. Entry fee is 4.35 USD. Recommended visit: 2 hours. Discover Kasasa Visual Storytelling Hub, a renowned museum in Kampala, Uganda, ideal for art lovers. Open 10:00-17:00, entry 4.35 USD.",4.35,10:00-17:00,2 hours,4.0,"612 Kitahama Street, Kampala",0.2831649480427654,32.62156934354069,"['nightlife enthusiast', 'elderly travelers']","['Restrooms', 'Information Desk', 'Restaurant', 'Souvenir Shop', 'First Aid Station', 'Luggage Storage', 'night markets', 'bars', 'evening shows', 'wheelchair rental', 'benches/rest areas']"
136,Kampala,Uganda,Museum/Art Gallery,Echoes of the Soul,"Echoes of the Soul is a museum in Kampala, Uganda, popular for its unique collections and exhibitions. Entry fee is 286.14 USD. Recommended visit: 2 hours. Discover Echoes of the Soul, a renowned museum in Kampala, Uganda, ideal for art lovers. Open 10:00-19:00, entry 286.14 USD.",286.14,10:00-19:00,2 hours,4.0,"No. 456, Ocean View Road, Kampala",0.3423008798030586,32.61163770895688,"['nightlife enthusiast', 'couples trip', 'foodie']","['Restrooms', 'Information Desk', 'Restaurant', 'Souvenir Shop', 'First Aid Station', 'Luggage Storage', 'night markets', 'bars', 'evening shows', 'scenic spots', 'sunset cruises', 'special couples experiences', 'Food markets', 'tasting tours']"
137,Kampala,Uganda,Museum/Art Gallery,Kampala Crossroads Cultural Fusion Gallery,"Kampala Crossroads Cultural Fusion Gallery is a museum in Kampala, Uganda, popular for its unique collections and exhibitions. Entry fee is 7.46 USD. Recommended visit: 2 hours. Discover Kampala Crossroads Cultural Fusion Gallery, a renowned museum in Kampala, Uganda, ideal for art lovers. Open 09:00-21:00, entry 7.46 USD.",7.46,09:00-21:00,2 hours,4.0,"982-8 Shinkawa, Naka-ku, Kampala",0.291916055447429,32.623672933092664,"['nightlife enthusiast', 'with pets', 'photography']","['Restrooms', 'Information Desk', 'Restaurant', 'Souvenir Shop', 'First Aid Station', 'Luggage Storage', 'night markets', 'bars', 'evening shows', 'Pet-friendly', 'pet water stations', 'Pet rest area', 'photo spots', 'guided photo tours', 'charging stations']"
138,Kampala,Uganda,Museum/Art Gallery,Kampala Heritage Craft Hub,"Kampala Heritage Craft Hub is a museum in Kampala, Uganda, popular for its unique collections and exhibitions. Entry fee is 3.78 USD. Recommended visit: 2 hours. Discover Kampala Heritage Craft Hub, a renowned museum in Kampala, Uganda, ideal for art lovers. Open 11:00-21:00, entry 3.78 USD.",3.78,11:00-21:00,2 hours,4.0,"506 Shinjuku Skywalk, Shinjuku, Kampala",0.3777563250059483,32.58256777602416,"['photography', 'couples trip']","['Restrooms', 'Information Desk', 'Restaurant', 'Souvenir Shop', 'First Aid Station', 'Luggage Storage', 'photo spots', 'guided photo tours', 'charging stations', 'scenic spots', 'sunset cruises', 'special couples experiences']"
139,Kampala,Uganda,Museum/Art Gallery,Nile Light Heritage Gallery,"Nile Light Heritage Gallery is a museum in Kampala, Uganda, popular for its unique collections and exhibitions. Entry fee is 15.12 USD. Recommended visit: 2 hours. Discover Nile Light Heritage Gallery, a renowned museum in Kampala, Uganda, ideal for art lovers. Open 19:00-22:00, entry 15.12 USD.",15.12,19:00-22:00,2 hours,4.0,"No. 456 Riverside Road, Kampala",0.2876282798588812,32.601542772395284,"['business travelers', 'couples trip', 'road trip']","['Restrooms', 'Information Desk', 'Restaurant', 'Souvenir Shop', 'First Aid Station', 'Luggage Storage', 'High speed WiFi', 'scenic spots', 'sunset cruises', 'special couples experiences', 'parking']"
140,Kampala,Uganda,Museum/Art Gallery,Kampala Heritage Tapestry Gallery,"Kampala Heritage Tapestry Gallery is a museum in Kampala, Uganda, popular for its unique collections and exhibitions. Entry fee is 9.52 USD. Recommended visit: 2 hours. Discover Kampala Heritage Tapestry Gallery, a renowned museum in Kampala, Uganda, ideal for art lovers. Open 10:00-17:30, entry 9.52 USD.",9.52,10:00-17:30,2 hours,4.0,"901 Shinko Street, Kampala",0.3588416446199016,32.58505050458104,"['with children', 'business travelers']","['Restrooms', 'Information Desk', 'Restaurant', 'Souvenir Shop', 'First Aid Station', 'Luggage Storage', 'family restrooms', 'Nursing facilities', 'High speed WiFi']"
141,Kampala,Uganda,Museum/Art Gallery,Nile Pulse Cultural Nexus,"Nile Pulse Cultural Nexus is a museum in Kampala, Uganda, popular for its unique collections and exhibitions. Entry fee is 86.45 USD. Recommended visit: 2 hours. Discover Nile Pulse Cultural Nexus, a renowned museum in Kampala, Uganda, ideal for art lovers. Open 09:00-17:30, entry 86.45 USD.",86.45,09:00-17:30,2 hours,4.0,"522-1-1 Nakanoshima, Chuo Ward, Kampala",0.3001101312343776,32.55870679676558,"['fast-paced budget travel', 'disabled traveler', 'road trip']","['Restrooms', 'Information Desk', 'Restaurant', 'Souvenir Shop', 'First Aid Station', 'Luggage Storage', 'city passes', 'luggage storage', 'self-guided tours', 'ramps', 'elevators', 'wheelchair rentals', 'accessible restrooms', 'parking']"
142,Kampala,Uganda,Museum/Art Gallery,Kampala Heritage Nexus,"Kampala Heritage Nexus is a museum in Kampala, Uganda, popular for its unique collections and exhibitions. Entry fee is 9.17 USD. Recommended visit: 2 hours. Discover Kampala Heritage Nexus, a renowned museum in Kampala, Uganda, ideal for art lovers. Open 10:00-20:00, entry 9.17 USD.",9.17,10:00-20:00,2 hours,4.0,"909 Suthep Road, Kampala",0.3244126333917432,32.5810756627548,['couples trip'],"['Restrooms', 'Information Desk', 'Restaurant', 'Souvenir Shop', 'First Aid Station', 'Luggage Storage', 'scenic spots', 'sunset cruises', 'special couples experiences']"
143,Kampala,Uganda,Museum/Art Gallery,Nile Echoes Gallery,"Nile Echoes Gallery is a museum in Kampala, Uganda, popular for its unique collections and exhibitions. Entry fee is 28.12 USD. Recommended visit: 2 hours. Discover Nile Echoes Gallery, a renowned museum in Kampala, Uganda, ideal for art lovers. Open 09:30-17:00, entry 28.12 USD.",28.12,09:30-17:00,2 hours,4.0,"553 Bayshore Drive, Kampala",0.3026465568261029,32.54483191452891,"['couples trip', 'luxury travelers', 'elderly travelers']","['Restrooms', 'Information Desk', 'Restaurant', 'Souvenir Shop', 'First Aid Station', 'Luggage Storage', 'scenic spots', 'sunset cruises', 'special couples experiences', 'private tours', 'skip the line passes', 'VIP exclusive events', 'wheelchair rental', 'benches/rest areas']"
144,Kampala,Uganda,Museum/Art Gallery,Kampala Soundscapes Cultural Nexus,"Kampala Soundscapes Cultural Nexus is a museum in Kampala, Uganda, popular for its unique collections and exhibitions. Entry fee is 37.37 USD. Recommended visit: 2 hours. Discover Kampala Soundscapes Cultural Nexus, a renowned museum in Kampala, Uganda, ideal for art lovers. Open 09:30-17:00, entry 37.37 USD.",37.37,09:30-17:00,2 hours,4.0,"362 Orchard Road, Kampala",0.3214714442621982,32.590240895031826,"['nightlife enthusiast', 'solo women', 'road trip']","['Restrooms', 'Information Desk', 'Restaurant', 'Souvenir Shop', 'First Aid Station', 'Luggage Storage', 'night markets', 'bars', 'evening shows', 'group tours', 'security', 'parking']"
145,Kampala,Uganda,Museum/Art Gallery,Nile Reflections and Artistry Hub,"Nile Reflections and Artistry Hub is a museum in Kampala, Uganda, popular for its unique collections and exhibitions. Entry fee is 2.77 USD. Recommended visit: 2 hours. Discover Nile Reflections and Artistry Hub, a renowned museum in Kampala, Uganda, ideal for art lovers. Open 09:00-17:30, entry 2.77 USD.",2.77,09:00-17:30,2 hours,4.0,"827 Beach Road, Kampala",0.3470850430996661,32.58329181636345,['fast-paced budget travel'],"['Restrooms', 'Information Desk', 'Restaurant', 'Souvenir Shop', 'First Aid Station', 'Luggage Storage', 'city passes', 'luggage storage', 'self-guided tours']"
146,Kampala,Uganda,Museum/Art Gallery,Echoes of the Nile Art Collective,"Echoes of the Nile Art Collective is a museum in Kampala, Uganda, popular for its unique collections and exhibitions. Entry fee is 7.0 USD. Recommended visit: 2 hours. Discover Echoes of the Nile Art Collective, a renowned museum in Kampala, Uganda, ideal for art lovers. Open 09:00-17:30, entry 7.0 USD.",7.0,09:00-17:30,2 hours,4.0,"No. 567 Green Valley Road, Kampala",0.3092037941727883,32.605506528755,"['solo women', 'disabled traveler', 'road trip']","['Restrooms', 'Information Desk', 'Restaurant', 'Souvenir Shop', 'First Aid Station', 'Luggage Storage', 'group tours', 'security', 'ramps', 'elevators', 'wheelchair rentals', 'accessible restrooms', 'parking']"
147,Kampala,Uganda,Museum/Art Gallery,Nile Echoes Heritage Centre,"Nile Echoes Heritage Centre is a museum in Kampala, Uganda, popular for its unique collections and exhibitions. Entry fee is 7.79 USD. Recommended visit: 2 hours. Discover Nile Echoes Heritage Centre, a renowned museum in Kampala, Uganda, ideal for art lovers. Open 10:00-19:00, entry 7.79 USD.",7.79,10:00-19:00,2 hours,4.0,"522-1-1 Nakanoshima, Chuo Ward, Kampala",0.2780765848720183,32.60450057733789,"['fast-paced budget travel', 'road trip']","['Restrooms', 'Information Desk', 'Restaurant', 'Souvenir Shop', 'First Aid Station', 'Luggage Storage', 'city passes', 'luggage storage', 'self-guided tours', 'parking']"
148,Kampala,Uganda,Museum/Art Gallery,Nile Dreams Interactive Experience,"Nile Dreams Interactive Experience is a museum in Kampala, Uganda, popular for its unique collections and exhibitions. Entry fee is 0.0 USD. Recommended visit: 2 hours. Discover Nile Dreams Interactive Experience, a renowned museum in Kampala, Uganda, ideal for art lovers. Open 10:00-21:00, entry 0.0 USD.",0.0,10:00-21:00,2 hours,4.0,"No. 456, Cultural Street, Kampala",0.2899239189596075,32.63863214054449,['nightlife enthusiast'],"['Restrooms', 'Information Desk', 'Restaurant', 'Souvenir Shop', 'First Aid Station', 'Luggage Storage', 'night markets', 'bars', 'evening shows']"
149,Kampala,Uganda,Museum/Art Gallery,Echoes of the East Gallery,"Echoes of the East Gallery is a museum in Kampala, Uganda, popular for its unique collections and exhibitions. Entry fee is 12.28 USD. Recommended visit: 2 hours. Discover Echoes of the East Gallery, a renowned museum in Kampala, Uganda, ideal for art lovers. Open 10:00-22:00, entry 12.28 USD.",12.28,10:00-22:00,2 hours,4.0,"881-10 Minamiyamate, Setagaya-ku, Kampala",0.295282101282191,32.62157412378827,"['with children', 'fast-paced budget travel', 'business travelers']","['Restrooms', 'Information Desk', 'Restaurant', 'Souvenir Shop', 'First Aid Station', 'Luggage Storage', 'family restrooms', 'Nursing facilities', 'city passes', 'luggage storage', 'self-guided tours', 'High speed WiFi']"
150,Kampala,Uganda,Museum/Art Gallery,Nile Harmony Cultural Haven,"Nile Harmony Cultural Haven is a museum in Kampala, Uganda, popular for its unique collections and exhibitions. Entry fee is 52.55 USD. Recommended visit: 2 hours. Discover Nile Harmony Cultural Haven, a renowned museum in Kampala, Uganda, ideal for art lovers. Open 09:00-17:00, entry 52.55 USD.",52.55,09:00-17:00,2 hours,4.0,"No. 188, Xinglong Road, Kampala",0.3105032477787997,32.56430826650202,"['fast-paced budget travel', 'couples trip', 'elderly travelers']","['Restrooms', 'Information Desk', 'Restaurant', 'Souvenir Shop', 'First Aid Station', 'Luggage Storage', 'city passes', 'luggage storage', 'self-guided tours', 'scenic spots', 'sunset cruises', 'special couples experiences', 'wheelchair rental', 'benches/rest areas']"
