attraction_id,city_name,country,type,attraction_name,overview,ticket_price,open_hours,duration_of_visit,rate_of_restaurant,address,latitude,longitude,facilities_group,facilities
1,Puerto Vallarta,Mexico,Nature/Scenery/Park,Coral Cove Reserve,"Coral Cove Reserve is a nature in Puerto Vallarta, Mexico, popular for its natural scenery and relaxing atmosphere. Entry fee is 294.64 USD. Recommended visit: 3 hours. Discover Coral Cove Reserve, a peaceful nature in Puerto Vallarta, Mexico, ideal for nature lovers. Open 08:30-17:00, entry 294.64 USD.",294.64,08:30-17:00,3 hours,3.7,"452 Thaweewong Road, Puerto Vallarta",20.75389415385659,-105.08767567027056,"['photography', 'disabled traveler', 'road trip']","['Restrooms', 'Information Desk', 'Restaurant', 'Souvenir Shop', 'First Aid Station', 'Luggage Storage', 'photo spots', 'guided photo tours', 'charging stations', 'ramps', 'elevators', 'wheelchair rentals', 'accessible restrooms', 'parking']"
2,Puerto Vallarta,Mexico,Nature/Scenery/Park,Coral Cove Wildscape Trek,"Coral Cove Wildscape Trek is a nature in Puerto Vallarta, Mexico, popular for its natural scenery and relaxing atmosphere. Entry fee is 13.95 USD. Recommended visit: 3 hours. Discover Coral Cove Wildscape Trek, a peaceful nature in Puerto Vallarta, Mexico, ideal for nature lovers. Open 08:30-17:30, entry 13.95 USD.",13.95,08:30-17:30,3 hours,3.7,"158 Victoria Road, Puerto Vallarta",20.705019284860164,-105.22812223882212,"['fast-paced budget travel', 'with pets', 'couples trip']","['Restrooms', 'Information Desk', 'Restaurant', 'Souvenir Shop', 'First Aid Station', 'Luggage Storage', 'city passes', 'luggage storage', 'self-guided tours', 'Pet-friendly', 'pet water stations', 'Pet rest area', 'scenic spots', 'sunset cruises', 'special couples experiences']"
3,Puerto Vallarta,Mexico,Nature/Scenery/Park,Cielo Verde Sanctuary,"Cielo Verde Sanctuary is a nature in Puerto Vallarta, Mexico, popular for its natural scenery and relaxing atmosphere. Entry fee is 14.4 USD. Recommended visit: 3 hours. Discover Cielo Verde Sanctuary, a peaceful nature in Puerto Vallarta, Mexico, ideal for nature lovers. Open 06:00-20:00, entry 14.4 USD.",14.4,06:00-20:00,3 hours,3.7,"No. 456, West Lake Scenic Road, Puerto Vallarta",20.53553989216695,-105.1611488861048,"['with pets', 'foodie', 'road trip']","['Restrooms', 'Information Desk', 'Restaurant', 'Souvenir Shop', 'First Aid Station', 'Luggage Storage', 'Pet-friendly', 'pet water stations', 'Pet rest area', 'Food markets', 'tasting tours', 'parking']"
4,Puerto Vallarta,Mexico,Nature/Scenery/Park,Tropical Baywalk Trail,"Tropical Baywalk Trail is a nature in Puerto Vallarta, Mexico, popular for its natural scenery and relaxing atmosphere. Entry fee is 31.52 USD. Recommended visit: 3 hours. Discover Tropical Baywalk Trail, a peaceful nature in Puerto Vallarta, Mexico, ideal for nature lovers. Open 08:00-17:30, entry 31.52 USD.",31.52,08:00-17:30,3 hours,3.7,"No. 588, Yantian District, Puerto Vallarta",20.73593233107776,-105.1059235390834,"['fast-paced budget travel', 'couples trip', 'elderly travelers']","['Restrooms', 'Information Desk', 'Restaurant', 'Souvenir Shop', 'First Aid Station', 'Luggage Storage', 'city passes', 'luggage storage', 'self-guided tours', 'scenic spots', 'sunset cruises', 'special couples experiences', 'wheelchair rental', 'benches/rest areas']"
5,Puerto Vallarta,Mexico,Nature/Scenery/Park,Lagoon Moonlight Sail,"Lagoon Moonlight Sail is a nature in Puerto Vallarta, Mexico, popular for its natural scenery and relaxing atmosphere. Entry fee is 13.3 USD. Recommended visit: 3 hours. Discover Lagoon Moonlight Sail, a peaceful nature in Puerto Vallarta, Mexico, ideal for nature lovers. Open 09:00-18:00, entry 13.3 USD.",13.3,09:00-18:00,3 hours,3.7,"492 Seaside Promenade, Puerto Vallarta",20.505984064505807,-105.2169289995806,['couples trip'],"['Restrooms', 'Information Desk', 'Restaurant', 'Souvenir Shop', 'First Aid Station', 'Luggage Storage', 'scenic spots', 'sunset cruises', 'special couples experiences']"
6,Puerto Vallarta,Mexico,Nature/Scenery/Park,Cielo Verde Summit,"Cielo Verde Summit is a nature in Puerto Vallarta, Mexico, popular for its natural scenery and relaxing atmosphere. Entry fee is 7.35 USD. Recommended visit: 3 hours. Discover Cielo Verde Summit, a peaceful nature in Puerto Vallarta, Mexico, ideal for nature lovers. Open 08:30-17:00, entry 7.35 USD.",7.35,08:30-17:00,3 hours,3.7,"No. 456 Cultural Avenue, Puerto Vallarta",20.78327129621048,-105.07013688906122,"['road trip', 'foodie', 'luxury travelers']","['Restrooms', 'Information Desk', 'Restaurant', 'Souvenir Shop', 'First Aid Station', 'Luggage Storage', 'parking', 'Food markets', 'tasting tours', 'private tours', 'skip the line passes', 'VIP exclusive events']"
7,Puerto Vallarta,Mexico,Nature/Scenery/Park,Cielo Vista Eco Haven,"Cielo Vista Eco Haven is a nature in Puerto Vallarta, Mexico, popular for its natural scenery and relaxing atmosphere. Entry fee is 0.0 USD. Recommended visit: 3 hours. Discover Cielo Vista Eco Haven, a peaceful nature in Puerto Vallarta, Mexico, ideal for nature lovers. Open 09:00-19:00, entry 0.0 USD.",0.0,09:00-19:00,3 hours,3.7,"179-789 Nakasu 2-chome, Puerto Vallarta",20.52475863515621,-105.27385375144289,"['fast-paced budget travel', 'solo women']","['Restrooms', 'Information Desk', 'Restaurant', 'Souvenir Shop', 'First Aid Station', 'Luggage Storage', 'city passes', 'luggage storage', 'self-guided tours', 'group tours', 'security']"
8,Puerto Vallarta,Mexico,Nature/Scenery/Park,Coral Cove Coastal Express Pass,"Coral Cove Coastal Express Pass is a nature in Puerto Vallarta, Mexico, popular for its natural scenery and relaxing atmosphere. Entry fee is 7.7 USD. Recommended visit: 3 hours. Discover Coral Cove Coastal Express Pass, a peaceful nature in Puerto Vallarta, Mexico, ideal for nature lovers. Open 10:00-18:00, entry 7.7 USD.",7.7,10:00-18:00,3 hours,3.7,"458 Sakura Street, Naka-ku, Puerto Vallarta",20.84266407968565,-105.16065664031416,"['fast-paced budget travel', 'elderly travelers', 'business travelers']","['Restrooms', 'Information Desk', 'Restaurant', 'Souvenir Shop', 'First Aid Station', 'Luggage Storage', 'city passes', 'luggage storage', 'self-guided tours', 'wheelchair rental', 'benches/rest areas', 'High speed WiFi']"
9,Puerto Vallarta,Mexico,Nature/Scenery/Park,Tide Whisper Grove,"Tide Whisper Grove is a nature in Puerto Vallarta, Mexico, popular for its natural scenery and relaxing atmosphere. Entry fee is 55.55 USD. Recommended visit: 3 hours. Discover Tide Whisper Grove, a peaceful nature in Puerto Vallarta, Mexico, ideal for nature lovers. Open 08:30-17:30, entry 55.55 USD.",55.55,08:30-17:30,3 hours,3.7,"156 Queen's Road Central, Puerto Vallarta",20.58819511567589,-105.15120348599632,"['solo women', 'photography', 'luxury travelers']","['Restrooms', 'Information Desk', 'Restaurant', 'Souvenir Shop', 'First Aid Station', 'Luggage Storage', 'group tours', 'security', 'photo spots', 'guided photo tours', 'charging stations', 'private tours', 'skip the line passes', 'VIP exclusive events']"
10,Puerto Vallarta,Mexico,Nature/Scenery/Park,Tropical Treetop Haven,"Tropical Treetop Haven is a nature in Puerto Vallarta, Mexico, popular for its natural scenery and relaxing atmosphere. Entry fee is 1.4 USD. Recommended visit: 3 hours. Discover Tropical Treetop Haven, a peaceful nature in Puerto Vallarta, Mexico, ideal for nature lovers. Open 09:30-17:00, entry 1.4 USD.",1.4,09:30-17:00,3 hours,3.7,"501 Sakura Street, Naka-ku, Puerto Vallarta",20.830589792932503,-105.128014179201,"['fast-paced budget travel', 'solo women', 'with pets']","['Restrooms', 'Information Desk', 'Restaurant', 'Souvenir Shop', 'First Aid Station', 'Luggage Storage', 'city passes', 'luggage storage', 'self-guided tours', 'group tours', 'security', 'Pet-friendly', 'pet water stations', 'Pet rest area']"
11,Puerto Vallarta,Mexico,Nature/Scenery/Park,Coral Cove Delights,"Coral Cove Delights is a nature in Puerto Vallarta, Mexico, popular for its natural scenery and relaxing atmosphere. Entry fee is 22.61 USD. Recommended visit: 3 hours. Discover Coral Cove Delights, a peaceful nature in Puerto Vallarta, Mexico, ideal for nature lovers. Open 18:00-21:00, entry 22.61 USD.",22.61,18:00-21:00,3 hours,3.7,"628/5 Phra Sumen Road, Sam Yan District, Puerto Vallarta",20.541339606368155,-105.17166624702082,"['solo women', 'disabled traveler', 'business travelers']","['Restrooms', 'Information Desk', 'Restaurant', 'Souvenir Shop', 'First Aid Station', 'Luggage Storage', 'group tours', 'security', 'ramps', 'elevators', 'wheelchair rentals', 'accessible restrooms', 'High speed WiFi']"
12,Puerto Vallarta,Mexico,Nature/Scenery/Park,Coral Cove EcoTrail,"Coral Cove EcoTrail is a nature in Puerto Vallarta, Mexico, popular for its natural scenery and relaxing atmosphere. Entry fee is 33.27 USD. Recommended visit: 3 hours. Discover Coral Cove EcoTrail, a peaceful nature in Puerto Vallarta, Mexico, ideal for nature lovers. Open 08:00-19:00, entry 33.27 USD.",33.27,08:00-19:00,3 hours,3.7,"315-12-8 Shibuya, Shibuya City, Puerto Vallarta",20.81557712459949,-105.04187575633752,"['nightlife enthusiast', 'solo women', 'couples trip']","['Restrooms', 'Information Desk', 'Restaurant', 'Souvenir Shop', 'First Aid Station', 'Luggage Storage', 'night markets', 'bars', 'evening shows', 'group tours', 'security', 'scenic spots', 'sunset cruises', 'special couples experiences']"
13,Puerto Vallarta,Mexico,Nature/Scenery/Park,Cielo Calido Thermal Retreat,"Cielo Calido Thermal Retreat is a nature in Puerto Vallarta, Mexico, popular for its natural scenery and relaxing atmosphere. Entry fee is 17.5 USD. Recommended visit: 3 hours. Discover Cielo Calido Thermal Retreat, a peaceful nature in Puerto Vallarta, Mexico, ideal for nature lovers. Open 08:30-17:00, entry 17.5 USD.",17.5,08:30-17:00,3 hours,3.7,"334 Suthep Road, Puerto Vallarta",20.686202210071443,-105.19953692594112,"['fast-paced budget travel', 'foodie', 'road trip']","['Restrooms', 'Information Desk', 'Restaurant', 'Souvenir Shop', 'First Aid Station', 'Luggage Storage', 'city passes', 'luggage storage', 'self-guided tours', 'Food markets', 'tasting tours', 'parking']"
14,Puerto Vallarta,Mexico,Nature/Scenery/Park,Crimson Falls Sanctuary,"Crimson Falls Sanctuary is a nature in Puerto Vallarta, Mexico, popular for its natural scenery and relaxing atmosphere. Entry fee is 20.74 USD. Recommended visit: 3 hours. Discover Crimson Falls Sanctuary, a peaceful nature in Puerto Vallarta, Mexico, ideal for nature lovers. Open 08:30-17:00, entry 20.74 USD.",20.74,08:30-17:00,3 hours,3.7,"No. 15 Huangpu Park, Puerto Vallarta",20.60145791818564,-105.20037429388412,"['luxury travelers', 'disabled traveler', 'road trip']","['Restrooms', 'Information Desk', 'Restaurant', 'Souvenir Shop', 'First Aid Station', 'Luggage Storage', 'private tours', 'skip the line passes', 'VIP exclusive events', 'ramps', 'elevators', 'wheelchair rentals', 'accessible restrooms', 'parking']"
15,Puerto Vallarta,Mexico,Nature/Scenery/Park,Tropical Haven Sanctuary,"Tropical Haven Sanctuary is a nature in Puerto Vallarta, Mexico, popular for its natural scenery and relaxing atmosphere. Entry fee is 2.0 USD. Recommended visit: 3 hours. Discover Tropical Haven Sanctuary, a peaceful nature in Puerto Vallarta, Mexico, ideal for nature lovers. Open 09:00-17:00, entry 2.0 USD.",2.0,09:00-17:00,3 hours,3.7,"410 Seogwipo Street, Puerto Vallarta",20.69874411006879,-105.15336372391738,"['nightlife enthusiast', 'fast-paced budget travel', 'photography']","['Restrooms', 'Information Desk', 'Restaurant', 'Souvenir Shop', 'First Aid Station', 'Luggage Storage', 'night markets', 'bars', 'evening shows', 'city passes', 'luggage storage', 'self-guided tours', 'photo spots', 'guided photo tours', 'charging stations']"
16,Puerto Vallarta,Mexico,Nature/Scenery/Park,Cielo Mar Azul Sky Pod,"Cielo Mar Azul Sky Pod is a nature in Puerto Vallarta, Mexico, popular for its natural scenery and relaxing atmosphere. Entry fee is 75.28 USD. Recommended visit: 3 hours. Discover Cielo Mar Azul Sky Pod, a peaceful nature in Puerto Vallarta, Mexico, ideal for nature lovers. Open 08:30-18:00, entry 75.28 USD.",75.28,08:30-18:00,3 hours,3.7,"557/12 Sathorn Nai Road, Sathorn, Puerto Vallarta",20.61415810493377,-105.14803651618072,"['fast-paced budget travel', 'solo women', 'disabled traveler']","['Restrooms', 'Information Desk', 'Restaurant', 'Souvenir Shop', 'First Aid Station', 'Luggage Storage', 'city passes', 'luggage storage', 'self-guided tours', 'group tours', 'security', 'ramps', 'elevators', 'wheelchair rentals', 'accessible restrooms']"
17,Puerto Vallarta,Mexico,Nature/Scenery/Park,Cielo Verde Sanctuary No.2,"Cielo Verde Sanctuary is a nature in Puerto Vallarta, Mexico, popular for its natural scenery and relaxing atmosphere. Entry fee is 6.72 USD. Recommended visit: 3 hours. Discover Cielo Verde Sanctuary, a peaceful nature in Puerto Vallarta, Mexico, ideal for nature lovers. Open 09:00-17:30, entry 6.72 USD.",6.72,09:00-17:30,3 hours,3.7,"472-3-1 Nakanoshima, Kita-ku, Puerto Vallarta",20.87754323294045,-105.12815330144954,"['with children', 'disabled traveler', 'elderly travelers']","['Restrooms', 'Information Desk', 'Restaurant', 'Souvenir Shop', 'First Aid Station', 'Luggage Storage', 'family restrooms', 'Nursing facilities', 'ramps', 'elevators', 'wheelchair rentals', 'accessible restrooms', 'wheelchair rental', 'benches/rest areas']"
18,Puerto Vallarta,Mexico,Nature/Scenery/Park,Tropical Heritage Sanctuary,"Tropical Heritage Sanctuary is a nature in Puerto Vallarta, Mexico, popular for its natural scenery and relaxing atmosphere. Entry fee is 5.6 USD. Recommended visit: 3 hours. Discover Tropical Heritage Sanctuary, a peaceful nature in Puerto Vallarta, Mexico, ideal for nature lovers. Open 09:00-17:30, entry 5.6 USD.",5.6,09:00-17:30,3 hours,3.7,"325-8601, 2-15-11 Nishi-Shinjuku, Shinjuku City, Puerto Vallarta",20.64653983429247,-105.13808810566648,"['with children', 'foodie', 'couples trip']","['Restrooms', 'Information Desk', 'Restaurant', 'Souvenir Shop', 'First Aid Station', 'Luggage Storage', 'family restrooms', 'Nursing facilities', 'Food markets', 'tasting tours', 'scenic spots', 'sunset cruises', 'special couples experiences']"
19,Puerto Vallarta,Mexico,Nature/Scenery/Park,Cielo de Mar Park & Coastal Express Ride,"Cielo de Mar Park & Coastal Express Ride is a nature in Puerto Vallarta, Mexico, popular for its natural scenery and relaxing atmosphere. Entry fee is 3.36 USD. Recommended visit: 3 hours. Discover Cielo de Mar Park & Coastal Express Ride, a peaceful nature in Puerto Vallarta, Mexico, ideal for nature lovers. Open 08:30-17:00, entry 3.36 USD.",3.36,08:30-17:00,3 hours,3.7,"909 Suthep Road, Puerto Vallarta",20.564318737058,-105.13690837142168,"['road trip', 'photography', 'business travelers']","['Restrooms', 'Information Desk', 'Restaurant', 'Souvenir Shop', 'First Aid Station', 'Luggage Storage', 'parking', 'photo spots', 'guided photo tours', 'charging stations', 'High speed WiFi']"
20,Puerto Vallarta,Mexico,Nature/Scenery/Park,Coral Cove Shores,"Coral Cove Shores is a nature in Puerto Vallarta, Mexico, popular for its natural scenery and relaxing atmosphere. Entry fee is 12.32 USD. Recommended visit: 3 hours. Discover Coral Cove Shores, a peaceful nature in Puerto Vallarta, Mexico, ideal for nature lovers. Open 08:30-17:30, entry 12.32 USD.",12.32,08:30-17:30,3 hours,3.7,"462 Nishi-Namba Street, Chuo Ward, Puerto Vallarta",20.76286724987253,-105.12751508901422,['road trip'],"['Restrooms', 'Information Desk', 'Restaurant', 'Souvenir Shop', 'First Aid Station', 'Luggage Storage', 'parking']"
21,Puerto Vallarta,Mexico,Nature/Scenery/Park,Crimson Ridge Vista,"Crimson Ridge Vista is a nature in Puerto Vallarta, Mexico, popular for its natural scenery and relaxing atmosphere. Entry fee is 2059.2 USD. Recommended visit: 3 hours. Discover Crimson Ridge Vista, a peaceful nature in Puerto Vallarta, Mexico, ideal for nature lovers. Open 08:30-17:00, entry 2059.2 USD.",2059.2,08:30-17:00,3 hours,3.7,"310-876 Shirokanedai Street, Puerto Vallarta",20.85929470574424,-105.11057332710588,"['fast-paced budget travel', 'photography']","['Restrooms', 'Information Desk', 'Restaurant', 'Souvenir Shop', 'First Aid Station', 'Luggage Storage', 'city passes', 'luggage storage', 'self-guided tours', 'photo spots', 'guided photo tours', 'charging stations']"
22,Puerto Vallarta,Mexico,Nature/Scenery/Park,Tropical Bay Explorer,"Tropical Bay Explorer is a nature in Puerto Vallarta, Mexico, popular for its natural scenery and relaxing atmosphere. Entry fee is 6.44 USD. Recommended visit: 3 hours. Discover Tropical Bay Explorer, a peaceful nature in Puerto Vallarta, Mexico, ideal for nature lovers. Open 09:00-17:30, entry 6.44 USD.",6.44,09:00-17:30,3 hours,3.7,"741-8623 Osaka-shi, Kita-ku, Puerto Vallarta",20.56783741378132,-105.13412236682233,"['foodie', 'disabled traveler', 'business travelers']","['Restrooms', 'Information Desk', 'Restaurant', 'Souvenir Shop', 'First Aid Station', 'Luggage Storage', 'Food markets', 'tasting tours', 'ramps', 'elevators', 'wheelchair rentals', 'accessible restrooms', 'High speed WiFi']"
23,Puerto Vallarta,Mexico,Nature/Scenery/Park,Azure Haven Cycle Trails,"Azure Haven Cycle Trails is a nature in Puerto Vallarta, Mexico, popular for its natural scenery and relaxing atmosphere. Entry fee is 94.11 USD. Recommended visit: 3 hours. Discover Azure Haven Cycle Trails, a peaceful nature in Puerto Vallarta, Mexico, ideal for nature lovers. Open 08:30-17:30, entry 94.11 USD.",94.11,08:30-17:30,3 hours,3.7,"827 Shinkocho, Chuo-ku, Puerto Vallarta",20.529683116927178,-105.21814137766096,['fast-paced budget travel'],"['Restrooms', 'Information Desk', 'Restaurant', 'Souvenir Shop', 'First Aid Station', 'Luggage Storage', 'city passes', 'luggage storage', 'self-guided tours']"
24,Puerto Vallarta,Mexico,Nature/Scenery/Park,Tropical Heritage Trail,"Tropical Heritage Trail is a nature in Puerto Vallarta, Mexico, popular for its natural scenery and relaxing atmosphere. Entry fee is 43.59 USD. Recommended visit: 3 hours. Discover Tropical Heritage Trail, a peaceful nature in Puerto Vallarta, Mexico, ideal for nature lovers. Open 08:30-17:30, entry 43.59 USD.",43.59,08:30-17:30,3 hours,3.7,"797 Sathorn Road, Wat Phra Singh, Puerto Vallarta",20.485394260002828,-105.29703892449018,"['photography', 'disabled traveler', 'road trip']","['Restrooms', 'Information Desk', 'Restaurant', 'Souvenir Shop', 'First Aid Station', 'Luggage Storage', 'photo spots', 'guided photo tours', 'charging stations', 'ramps', 'elevators', 'wheelchair rentals', 'accessible restrooms', 'parking']"
25,Puerto Vallarta,Mexico,Nature/Scenery/Park,Coral Cove Lagoon & Hidden Reef Adventure,"Coral Cove Lagoon & Hidden Reef Adventure is a nature in Puerto Vallarta, Mexico, popular for its natural scenery and relaxing atmosphere. Entry fee is 24.24 USD. Recommended visit: 3 hours. Discover Coral Cove Lagoon & Hidden Reef Adventure, a peaceful nature in Puerto Vallarta, Mexico, ideal for nature lovers. Open 09:00-17:30, entry 24.24 USD.",24.24,09:00-17:30,3 hours,3.7,"907 Sakura Street, Naka Ward, Puerto Vallarta",20.52806133725765,-105.17173938959174,"['with pets', 'couples trip', 'business travelers']","['Restrooms', 'Information Desk', 'Restaurant', 'Souvenir Shop', 'First Aid Station', 'Luggage Storage', 'Pet-friendly', 'pet water stations', 'Pet rest area', 'scenic spots', 'sunset cruises', 'special couples experiences', 'High speed WiFi']"
26,Puerto Vallarta,Mexico,Nature/Scenery/Park,Coral Moonlight Sail & Aztec Echoes Show,"Coral Moonlight Sail & Aztec Echoes Show is a nature in Puerto Vallarta, Mexico, popular for its natural scenery and relaxing atmosphere. Entry fee is 4.36 USD. Recommended visit: 3 hours. Discover Coral Moonlight Sail & Aztec Echoes Show, a peaceful nature in Puerto Vallarta, Mexico, ideal for nature lovers. Open 08:30-19:00, entry 4.36 USD.",4.36,08:30-19:00,3 hours,3.7,"978 Siam Road, Patong Beach, Puerto Vallarta",20.77708330150136,-105.09922154059076,"['nightlife enthusiast', 'fast-paced budget travel', 'road trip']","['Restrooms', 'Information Desk', 'Restaurant', 'Souvenir Shop', 'First Aid Station', 'Luggage Storage', 'night markets', 'bars', 'evening shows', 'city passes', 'luggage storage', 'self-guided tours', 'parking']"
27,Puerto Vallarta,Mexico,Nature/Scenery/Park,Tropical Mirage Rainforest Sanctuary,"Tropical Mirage Rainforest Sanctuary is a nature in Puerto Vallarta, Mexico, popular for its natural scenery and relaxing atmosphere. Entry fee is 11.76 USD. Recommended visit: 3 hours. Discover Tropical Mirage Rainforest Sanctuary, a peaceful nature in Puerto Vallarta, Mexico, ideal for nature lovers. Open 08:00-20:00, entry 11.76 USD.",11.76,08:00-20:00,3 hours,3.7,"667 Shiroiwa Street, Puerto Vallarta",20.700760657453824,-105.24131739394392,"['solo women', 'with pets', 'road trip']","['Restrooms', 'Information Desk', 'Restaurant', 'Souvenir Shop', 'First Aid Station', 'Luggage Storage', 'group tours', 'security', 'Pet-friendly', 'pet water stations', 'Pet rest area', 'parking']"
28,Puerto Vallarta,Mexico,Nature/Scenery/Park,Mar Azul Skyline Vista,"Mar Azul Skyline Vista is a nature in Puerto Vallarta, Mexico, popular for its natural scenery and relaxing atmosphere. Entry fee is 37.95 USD. Recommended visit: 3 hours. Discover Mar Azul Skyline Vista, a peaceful nature in Puerto Vallarta, Mexico, ideal for nature lovers. Open 08:30-17:30, entry 37.95 USD.",37.95,08:30-17:30,3 hours,3.7,"828 Siam Road, Puerto Vallarta",20.66555766710793,-105.25259761567062,"['couples trip', 'disabled traveler', 'road trip']","['Restrooms', 'Information Desk', 'Restaurant', 'Souvenir Shop', 'First Aid Station', 'Luggage Storage', 'scenic spots', 'sunset cruises', 'special couples experiences', 'ramps', 'elevators', 'wheelchair rentals', 'accessible restrooms', 'parking']"
29,Puerto Vallarta,Mexico,Nature/Scenery/Park,Tropical Pulse - Sierra Madre to Pacific Coast Traverse,"Tropical Pulse - Sierra Madre to Pacific Coast Traverse is a nature in Puerto Vallarta, Mexico, popular for its natural scenery and relaxing atmosphere. Entry fee is 29.53 USD. Recommended visit: 3 hours. Discover Tropical Pulse - Sierra Madre to Pacific Coast Traverse, a peaceful nature in Puerto Vallarta, Mexico, ideal for nature lovers. Open 10:00-22:00, entry 29.53 USD.",29.53,10:00-22:00,3 hours,3.7,"No. 88, Xinghai Road, Puerto Vallarta",20.692317525562306,-105.171204679789,"['fast-paced budget travel', 'solo women', 'photography']","['Restrooms', 'Information Desk', 'Restaurant', 'Souvenir Shop', 'First Aid Station', 'Luggage Storage', 'city passes', 'luggage storage', 'self-guided tours', 'group tours', 'security', 'photo spots', 'guided photo tours', 'charging stations']"
30,Puerto Vallarta,Mexico,Nature/Scenery/Park,Coral Cove Trail,"Coral Cove Trail is a nature in Puerto Vallarta, Mexico, popular for its natural scenery and relaxing atmosphere. Entry fee is 19.18 USD. Recommended visit: 3 hours. Discover Coral Cove Trail, a peaceful nature in Puerto Vallarta, Mexico, ideal for nature lovers. Open 19:00-23:00, entry 19.18 USD.",19.18,19:00-23:00,3 hours,3.7,"No. 456, Xizhimen North Street, Haidian District, Puerto Vallarta",20.73076101188699,-105.09398172242037,"['photography', 'couples trip']","['Restrooms', 'Information Desk', 'Restaurant', 'Souvenir Shop', 'First Aid Station', 'Luggage Storage', 'photo spots', 'guided photo tours', 'charging stations', 'scenic spots', 'sunset cruises', 'special couples experiences']"
31,Puerto Vallarta,Mexico,Nature/Scenery/Park,Coral Cove Walkway,"Coral Cove Walkway is a nature in Puerto Vallarta, Mexico, popular for its natural scenery and relaxing atmosphere. Entry fee is 10.5 USD. Recommended visit: 3 hours. Discover Coral Cove Walkway, a peaceful nature in Puerto Vallarta, Mexico, ideal for nature lovers. Open 09:00-17:30, entry 10.5 USD.",10.5,09:00-17:30,3 hours,3.7,"376 Sakura Street, Naka-ku, Puerto Vallarta",20.874602844226867,-105.1034594036077,"['with children', 'with pets', 'business travelers']","['Restrooms', 'Information Desk', 'Restaurant', 'Souvenir Shop', 'First Aid Station', 'Luggage Storage', 'family restrooms', 'Nursing facilities', 'Pet-friendly', 'pet water stations', 'Pet rest area', 'High speed WiFi']"
32,Puerto Vallarta,Mexico,Nature/Scenery/Park,Coral Cove Sanctuary,"Coral Cove Sanctuary is a nature in Puerto Vallarta, Mexico, popular for its natural scenery and relaxing atmosphere. Entry fee is 6.39 USD. Recommended visit: 3 hours. Discover Coral Cove Sanctuary, a peaceful nature in Puerto Vallarta, Mexico, ideal for nature lovers. Open 09:00-17:30, entry 6.39 USD.",6.39,09:00-17:30,3 hours,3.7,"443 Seaside Promenade, Puerto Vallarta",20.863021799729125,-105.12899990433962,"['fast-paced budget travel', 'photography', 'business travelers']","['Restrooms', 'Information Desk', 'Restaurant', 'Souvenir Shop', 'First Aid Station', 'Luggage Storage', 'city passes', 'luggage storage', 'self-guided tours', 'photo spots', 'guided photo tours', 'charging stations', 'High speed WiFi']"
33,Puerto Vallarta,Mexico,Nature/Scenery/Park,Cielo Verde Oasis,"Cielo Verde Oasis is a nature in Puerto Vallarta, Mexico, popular for its natural scenery and relaxing atmosphere. Entry fee is 51.08 USD. Recommended visit: 3 hours. Discover Cielo Verde Oasis, a peaceful nature in Puerto Vallarta, Mexico, ideal for nature lovers. Open 09:30-17:00, entry 51.08 USD.",51.08,09:30-17:00,3 hours,3.7,"No. 456, Riverside Avenue, Puerto Vallarta",20.700106976765248,-105.24421492948083,"['nightlife enthusiast', 'fast-paced budget travel']","['Restrooms', 'Information Desk', 'Restaurant', 'Souvenir Shop', 'First Aid Station', 'Luggage Storage', 'night markets', 'bars', 'evening shows', 'city passes', 'luggage storage', 'self-guided tours']"
34,Puerto Vallarta,Mexico,Nature/Scenery/Park,Coral Cove Serenity Spa,"Coral Cove Serenity Spa is a nature in Puerto Vallarta, Mexico, popular for its natural scenery and relaxing atmosphere. Entry fee is 7.57 USD. Recommended visit: 3 hours. Discover Coral Cove Serenity Spa, a peaceful nature in Puerto Vallarta, Mexico, ideal for nature lovers. Open 09:00-17:30, entry 7.57 USD.",7.57,09:00-17:30,3 hours,3.7,"618 Hibikino Street, Puerto Vallarta",20.73867074347911,-105.21457934451314,"['nightlife enthusiast', 'business travelers']","['Restrooms', 'Information Desk', 'Restaurant', 'Souvenir Shop', 'First Aid Station', 'Luggage Storage', 'night markets', 'bars', 'evening shows', 'High speed WiFi']"
35,Puerto Vallarta,Mexico,Nature/Scenery/Park,Cielo Verde Summit No.2,"Cielo Verde Summit is a nature in Puerto Vallarta, Mexico, popular for its natural scenery and relaxing atmosphere. Entry fee is 12.53 USD. Recommended visit: 3 hours. Discover Cielo Verde Summit, a peaceful nature in Puerto Vallarta, Mexico, ideal for nature lovers. Open 09:00-18:00, entry 12.53 USD.",12.53,09:00-18:00,3 hours,3.7,"795-8745 Shibuya 1-11-11, Puerto Vallarta",20.87055899413357,-105.0630830821369,"['with children', 'fast-paced budget travel', 'business travelers']","['Restrooms', 'Information Desk', 'Restaurant', 'Souvenir Shop', 'First Aid Station', 'Luggage Storage', 'family restrooms', 'Nursing facilities', 'city passes', 'luggage storage', 'self-guided tours', 'High speed WiFi']"
36,Puerto Vallarta,Mexico,Nature/Scenery/Park,Tropical Treetop Explorer,"Tropical Treetop Explorer is a nature in Puerto Vallarta, Mexico, popular for its natural scenery and relaxing atmosphere. Entry fee is 116.65 USD. Recommended visit: 3 hours. Discover Tropical Treetop Explorer, a peaceful nature in Puerto Vallarta, Mexico, ideal for nature lovers. Open 08:00-20:00, entry 116.65 USD.",116.65,08:00-20:00,3 hours,3.7,"782 Shibuya Digital Plaza, Shibuya Ward, Puerto Vallarta",20.75424480533332,-105.08928073962969,['business travelers'],"['Restrooms', 'Information Desk', 'Restaurant', 'Souvenir Shop', 'First Aid Station', 'Luggage Storage', 'High speed WiFi']"
37,Puerto Vallarta,Mexico,Nature/Scenery/Park,Cielo de Mar Vista,"Cielo de Mar Vista is a nature in Puerto Vallarta, Mexico, popular for its natural scenery and relaxing atmosphere. Entry fee is 2.8 USD. Recommended visit: 3 hours. Discover Cielo de Mar Vista, a peaceful nature in Puerto Vallarta, Mexico, ideal for nature lovers. Open 08:30-17:00, entry 2.8 USD.",2.8,08:30-17:00,3 hours,3.7,"521 Beach Road, Puerto Vallarta",20.862033554370058,-105.07931659644564,"['nightlife enthusiast', 'foodie', 'disabled traveler']","['Restrooms', 'Information Desk', 'Restaurant', 'Souvenir Shop', 'First Aid Station', 'Luggage Storage', 'night markets', 'bars', 'evening shows', 'Food markets', 'tasting tours', 'ramps', 'elevators', 'wheelchair rentals', 'accessible restrooms']"
38,Puerto Vallarta,Mexico,Nature/Scenery/Park,Cielo Verde Reserve,"Cielo Verde Reserve is a nature in Puerto Vallarta, Mexico, popular for its natural scenery and relaxing atmosphere. Entry fee is 26.32 USD. Recommended visit: 3 hours. Discover Cielo Verde Reserve, a peaceful nature in Puerto Vallarta, Mexico, ideal for nature lovers. Open 08:00-22:00, entry 26.32 USD.",26.32,08:00-22:00,3 hours,3.7,"156A Nathan Road, Puerto Vallarta",20.57582857023062,-105.163426029889,"['nightlife enthusiast', 'couples trip', 'disabled traveler']","['Restrooms', 'Information Desk', 'Restaurant', 'Souvenir Shop', 'First Aid Station', 'Luggage Storage', 'night markets', 'bars', 'evening shows', 'scenic spots', 'sunset cruises', 'special couples experiences', 'ramps', 'elevators', 'wheelchair rentals', 'accessible restrooms']"
39,Puerto Vallarta,Mexico,Nature/Scenery/Park,Coral Cove Sanctuary No.2,"Coral Cove Sanctuary is a nature in Puerto Vallarta, Mexico, popular for its natural scenery and relaxing atmosphere. Entry fee is 9.8 USD. Recommended visit: 3 hours. Discover Coral Cove Sanctuary, a peaceful nature in Puerto Vallarta, Mexico, ideal for nature lovers. Open 08:00-20:00, entry 9.8 USD.",9.8,08:00-20:00,3 hours,3.7,"235-12-8 Shibuya, Shibuya City, Puerto Vallarta",20.79479122830059,-105.11738699172776,"['nightlife enthusiast', 'foodie', 'business travelers']","['Restrooms', 'Information Desk', 'Restaurant', 'Souvenir Shop', 'First Aid Station', 'Luggage Storage', 'night markets', 'bars', 'evening shows', 'Food markets', 'tasting tours', 'High speed WiFi']"
40,Puerto Vallarta,Mexico,Nature/Scenery/Park,Sunset Sail to Hidden Cove,"Sunset Sail to Hidden Cove is a nature in Puerto Vallarta, Mexico, popular for its natural scenery and relaxing atmosphere. Entry fee is 4.87 USD. Recommended visit: 3 hours. Discover Sunset Sail to Hidden Cove, a peaceful nature in Puerto Vallarta, Mexico, ideal for nature lovers. Open 09:30-17:00, entry 4.87 USD.",4.87,09:30-17:00,3 hours,3.7,"377 Shinsaibashi Dogenzaka, Chuo Ward, Puerto Vallarta",20.72748506728709,-105.08807477181624,['fast-paced budget travel'],"['Restrooms', 'Information Desk', 'Restaurant', 'Souvenir Shop', 'First Aid Station', 'Luggage Storage', 'city passes', 'luggage storage', 'self-guided tours']"
41,Puerto Vallarta,Mexico,Nature/Scenery/Park,Cielo de Oro Sky Lantern Vista,"Cielo de Oro Sky Lantern Vista is a nature in Puerto Vallarta, Mexico, popular for its natural scenery and relaxing atmosphere. Entry fee is 8.65 USD. Recommended visit: 3 hours. Discover Cielo de Oro Sky Lantern Vista, a peaceful nature in Puerto Vallarta, Mexico, ideal for nature lovers. Open 09:00-18:00, entry 8.65 USD.",8.65,09:00-18:00,3 hours,3.7,"582 Shisa Street, Puerto Vallarta",20.74008453684357,-105.11945587938914,"['nightlife enthusiast', 'solo women', 'luxury travelers']","['Restrooms', 'Information Desk', 'Restaurant', 'Souvenir Shop', 'First Aid Station', 'Luggage Storage', 'night markets', 'bars', 'evening shows', 'group tours', 'security', 'private tours', 'skip the line passes', 'VIP exclusive events']"
42,Puerto Vallarta,Mexico,Nature/Scenery/Park,Secret Cove Canoe Expeditions,"Secret Cove Canoe Expeditions is a nature in Puerto Vallarta, Mexico, popular for its natural scenery and relaxing atmosphere. Entry fee is 12.93 USD. Recommended visit: 3 hours. Discover Secret Cove Canoe Expeditions, a peaceful nature in Puerto Vallarta, Mexico, ideal for nature lovers. Open 08:30-17:00, entry 12.93 USD.",12.93,08:30-17:00,3 hours,3.7,"313 Gwangjang Street, Mapo-gu, Puerto Vallarta",20.8749249244479,-105.12427227044616,"['couples trip', 'disabled traveler', 'luxury travelers']","['Restrooms', 'Information Desk', 'Restaurant', 'Souvenir Shop', 'First Aid Station', 'Luggage Storage', 'scenic spots', 'sunset cruises', 'special couples experiences', 'ramps', 'elevators', 'wheelchair rentals', 'accessible restrooms', 'private tours', 'skip the line passes', 'VIP exclusive events']"
43,Puerto Vallarta,Mexico,Nature/Scenery/Park,Coral Cove Wildflower Sanctuary,"Coral Cove Wildflower Sanctuary is a nature in Puerto Vallarta, Mexico, popular for its natural scenery and relaxing atmosphere. Entry fee is 6.17 USD. Recommended visit: 3 hours. Discover Coral Cove Wildflower Sanctuary, a peaceful nature in Puerto Vallarta, Mexico, ideal for nature lovers. Open 08:00-18:00, entry 6.17 USD.",6.17,08:00-18:00,3 hours,3.7,"628/5 Phra Sumen Road, Sam Yan District, Puerto Vallarta",20.71568596463904,-105.09924370474084,"['nightlife enthusiast', 'elderly travelers', 'business travelers']","['Restrooms', 'Information Desk', 'Restaurant', 'Souvenir Shop', 'First Aid Station', 'Luggage Storage', 'night markets', 'bars', 'evening shows', 'wheelchair rental', 'benches/rest areas', 'High speed WiFi']"
44,Puerto Vallarta,Mexico,Nature/Scenery/Park,Cielo Verde Canopy Trail,"Cielo Verde Canopy Trail is a nature in Puerto Vallarta, Mexico, popular for its natural scenery and relaxing atmosphere. Entry fee is 4.12 USD. Recommended visit: 3 hours. Discover Cielo Verde Canopy Trail, a peaceful nature in Puerto Vallarta, Mexico, ideal for nature lovers. Open 09:00-21:00, entry 4.12 USD.",4.12,09:00-21:00,3 hours,3.7,"No. 567 Innovation Avenue, Puerto Vallarta",20.747495012139563,-105.03216144843158,"['fast-paced budget travel', 'luxury travelers', 'elderly travelers']","['Restrooms', 'Information Desk', 'Restaurant', 'Souvenir Shop', 'First Aid Station', 'Luggage Storage', 'city passes', 'luggage storage', 'self-guided tours', 'private tours', 'skip the line passes', 'VIP exclusive events', 'wheelchair rental', 'benches/rest areas']"
45,Puerto Vallarta,Mexico,Nature/Scenery/Park,Tropical Canopy Adventure Trail,"Tropical Canopy Adventure Trail is a nature in Puerto Vallarta, Mexico, popular for its natural scenery and relaxing atmosphere. Entry fee is 11.05 USD. Recommended visit: 3 hours. Discover Tropical Canopy Adventure Trail, a peaceful nature in Puerto Vallarta, Mexico, ideal for nature lovers. Open 09:00-17:30, entry 11.05 USD.",11.05,09:00-17:30,3 hours,3.7,"954 Seaside Promenade, Puerto Vallarta",20.52013932886266,-105.30548798783424,"['fast-paced budget travel', 'foodie', 'couples trip']","['Restrooms', 'Information Desk', 'Restaurant', 'Souvenir Shop', 'First Aid Station', 'Luggage Storage', 'city passes', 'luggage storage', 'self-guided tours', 'Food markets', 'tasting tours', 'scenic spots', 'sunset cruises', 'special couples experiences']"
46,Puerto Vallarta,Mexico,Nature/Scenery/Park,Coral Cove Dolphin Safaris,"Coral Cove Dolphin Safaris is a nature in Puerto Vallarta, Mexico, popular for its natural scenery and relaxing atmosphere. Entry fee is 14.98 USD. Recommended visit: 3 hours. Discover Coral Cove Dolphin Safaris, a peaceful nature in Puerto Vallarta, Mexico, ideal for nature lovers. Open 09:00-21:00, entry 14.98 USD.",14.98,09:00-21:00,3 hours,3.7,"990 Shinsaibashi Dori, Chuo Ward, Puerto Vallarta",20.546065549611104,-105.2640668731548,"['fast-paced budget travel', 'luxury travelers', 'business travelers']","['Restrooms', 'Information Desk', 'Restaurant', 'Souvenir Shop', 'First Aid Station', 'Luggage Storage', 'city passes', 'luggage storage', 'self-guided tours', 'private tours', 'skip the line passes', 'VIP exclusive events', 'High speed WiFi']"
47,Puerto Vallarta,Mexico,Nature/Scenery/Park,Golden Bay Sanctuary,"Golden Bay Sanctuary is a nature in Puerto Vallarta, Mexico, popular for its natural scenery and relaxing atmosphere. Entry fee is 8.12 USD. Recommended visit: 3 hours. Discover Golden Bay Sanctuary, a peaceful nature in Puerto Vallarta, Mexico, ideal for nature lovers. Open 08:30-20:00, entry 8.12 USD.",8.12,08:30-20:00,3 hours,3.7,"804 Suthep Road, Puerto Vallarta",20.684419324470333,-105.1783111431978,"['with children', 'with pets', 'foodie']","['Restrooms', 'Information Desk', 'Restaurant', 'Souvenir Shop', 'First Aid Station', 'Luggage Storage', 'family restrooms', 'Nursing facilities', 'Pet-friendly', 'pet water stations', 'Pet rest area', 'Food markets', 'tasting tours']"
48,Puerto Vallarta,Mexico,Nature/Scenery/Park,Tropical Vista Sanctuary,"Tropical Vista Sanctuary is a nature in Puerto Vallarta, Mexico, popular for its natural scenery and relaxing atmosphere. Entry fee is 15.4 USD. Recommended visit: 3 hours. Discover Tropical Vista Sanctuary, a peaceful nature in Puerto Vallarta, Mexico, ideal for nature lovers. Open 09:00-18:00, entry 15.4 USD.",15.4,09:00-18:00,3 hours,3.7,"No. 456 Skyview Avenue, Puerto Vallarta",20.61891363500316,-105.1471345626656,"['foodie', 'luxury travelers', 'disabled traveler']","['Restrooms', 'Information Desk', 'Restaurant', 'Souvenir Shop', 'First Aid Station', 'Luggage Storage', 'Food markets', 'tasting tours', 'private tours', 'skip the line passes', 'VIP exclusive events', 'ramps', 'elevators', 'wheelchair rentals', 'accessible restrooms']"
49,Puerto Vallarta,Mexico,Nature/Scenery/Park,Whispering Grove Wildlife Reserve,"Whispering Grove Wildlife Reserve is a nature in Puerto Vallarta, Mexico, popular for its natural scenery and relaxing atmosphere. Entry fee is 5.15 USD. Recommended visit: 3 hours. Discover Whispering Grove Wildlife Reserve, a peaceful nature in Puerto Vallarta, Mexico, ideal for nature lovers. Open 09:00-17:00, entry 5.15 USD.",5.15,09:00-17:00,3 hours,3.7,"844 Shirokane Street, Puerto Vallarta",20.58102497917379,-105.12978569224786,"['nightlife enthusiast', 'photography', 'disabled traveler']","['Restrooms', 'Information Desk', 'Restaurant', 'Souvenir Shop', 'First Aid Station', 'Luggage Storage', 'night markets', 'bars', 'evening shows', 'photo spots', 'guided photo tours', 'charging stations', 'ramps', 'elevators', 'wheelchair rentals', 'accessible restrooms']"
50,Puerto Vallarta,Mexico,Theme Park/Amusement Park,Tropical Fantasia Night Adventure,"Tropical Fantasia Night Adventure is a theme park in Puerto Vallarta, Mexico, popular for its memorable experiences. Entry fee is 29.85 USD. Recommended visit: 8 hours. Discover Tropical Fantasia Night Adventure, a notable theme park in Puerto Vallarta, Mexico, ideal for visitors. Open 09:00-18:00, entry 29.85 USD.",29.85,09:00-18:00,8 hours,3.75,"No. 123 Xingye Road, Puerto Vallarta",20.866425131828965,-105.1171323201396,"['nightlife enthusiast', 'with children', 'business travelers']","['Restrooms', 'Information Desk', 'Restaurant', 'Souvenir Shop', 'First Aid Station', 'Luggage Storage', 'night markets', 'bars', 'evening shows', 'family restrooms', 'Nursing facilities', 'High speed WiFi']"
51,Puerto Vallarta,Mexico,Theme Park/Amusement Park,Tropical Dreams Adventure Park,"Tropical Dreams Adventure Park is a theme park in Puerto Vallarta, Mexico, popular for its memorable experiences. Entry fee is 44.17 USD. Recommended visit: 6 hours. Discover Tropical Dreams Adventure Park, a notable theme park in Puerto Vallarta, Mexico, ideal for visitors. Open 09:00-18:00, entry 44.17 USD.",44.17,09:00-18:00,6 hours,3.75,"688 Seongsan-ro, Puerto Vallarta",20.80940821582133,-105.10570105380832,"['solo women', 'with pets', 'luxury travelers']","['Restrooms', 'Information Desk', 'Restaurant', 'Souvenir Shop', 'First Aid Station', 'Luggage Storage', 'group tours', 'security', 'Pet-friendly', 'pet water stations', 'Pet rest area', 'private tours', 'skip the line passes', 'VIP exclusive events']"
52,Puerto Vallarta,Mexico,Theme Park/Amusement Park,Tropical Playland,"Tropical Playland is a theme park in Puerto Vallarta, Mexico, popular for its memorable experiences. Entry fee is 35.0 USD. Recommended visit: 8 hours. Discover Tropical Playland, a notable theme park in Puerto Vallarta, Mexico, ideal for visitors. Open 10:00-20:00, entry 35.0 USD.",35.0,10:00-20:00,8 hours,3.75,"818 Suthep Road, Puerto Vallarta",20.751316224047805,-105.1705039450156,"['with pets', 'luxury travelers', 'road trip']","['Restrooms', 'Information Desk', 'Restaurant', 'Souvenir Shop', 'First Aid Station', 'Luggage Storage', 'Pet-friendly', 'pet water stations', 'Pet rest area', 'private tours', 'skip the line passes', 'VIP exclusive events', 'parking']"
53,Puerto Vallarta,Mexico,Theme Park/Amusement Park,Tropical Tide Explorer,"Tropical Tide Explorer is a theme park in Puerto Vallarta, Mexico, popular for its memorable experiences. Entry fee is 32.62 USD. Recommended visit: 7 hours. Discover Tropical Tide Explorer, a notable theme park in Puerto Vallarta, Mexico, ideal for visitors. Open 10:00-22:00, entry 32.62 USD.",32.62,10:00-22:00,7 hours,3.75,"643 Suthep Road, Puerto Vallarta",20.51628427018001,-105.2840502137704,"['solo women', 'with pets', 'photography']","['Restrooms', 'Information Desk', 'Restaurant', 'Souvenir Shop', 'First Aid Station', 'Luggage Storage', 'group tours', 'security', 'Pet-friendly', 'pet water stations', 'Pet rest area', 'photo spots', 'guided photo tours', 'charging stations']"
54,Puerto Vallarta,Mexico,Theme Park/Amusement Park,Vallarta Playland Adventure Zone,"Vallarta Playland Adventure Zone is a theme park in Puerto Vallarta, Mexico, popular for its memorable experiences. Entry fee is 54.32 USD. Recommended visit: 8 hours. Discover Vallarta Playland Adventure Zone, a notable theme park in Puerto Vallarta, Mexico, ideal for visitors. Open 10:00-21:00, entry 54.32 USD.",54.32,10:00-21:00,8 hours,3.75,"124 Gwangjang-ro, Jongno-gu, Puerto Vallarta",20.668610052211307,-105.27123531204788,"['with children', 'couples trip', 'foodie']","['Restrooms', 'Information Desk', 'Restaurant', 'Souvenir Shop', 'First Aid Station', 'Luggage Storage', 'family restrooms', 'Nursing facilities', 'scenic spots', 'sunset cruises', 'special couples experiences', 'Food markets', 'tasting tours']"
55,Puerto Vallarta,Mexico,Theme Park/Amusement Park,Vallarta Brick World,"Vallarta Brick World is a theme park in Puerto Vallarta, Mexico, popular for its memorable experiences. Entry fee is 9.28 USD. Recommended visit: 6 hours. Discover Vallarta Brick World, a notable theme park in Puerto Vallarta, Mexico, ideal for visitors. Open 09:00-20:00, entry 9.28 USD.",9.28,09:00-20:00,6 hours,3.75,"176 Shinjuku Park, Shinjuku-ku, Puerto Vallarta",20.88924654236753,-105.06971763757966,"['foodie', 'couples trip']","['Restrooms', 'Information Desk', 'Restaurant', 'Souvenir Shop', 'First Aid Station', 'Luggage Storage', 'Food markets', 'tasting tours', 'scenic spots', 'sunset cruises', 'special couples experiences']"
56,Puerto Vallarta,Mexico,Theme Park/Amusement Park,Tropical Chill Adventure Zone,"Tropical Chill Adventure Zone is a theme park in Puerto Vallarta, Mexico, popular for its memorable experiences. Entry fee is 15.24 USD. Recommended visit: 7 hours. Discover Tropical Chill Adventure Zone, a notable theme park in Puerto Vallarta, Mexico, ideal for visitors. Open 09:00-17:30, entry 15.24 USD.",15.24,09:00-17:30,7 hours,3.75,"344 Gwanghwamun Street, Jongno-gu, Puerto Vallarta",20.77501645448565,-105.06104631354631,"['with pets', 'couples trip', 'business travelers']","['Restrooms', 'Information Desk', 'Restaurant', 'Souvenir Shop', 'First Aid Station', 'Luggage Storage', 'Pet-friendly', 'pet water stations', 'Pet rest area', 'scenic spots', 'sunset cruises', 'special couples experiences', 'High speed WiFi']"
57,Puerto Vallarta,Mexico,Theme Park/Amusement Park,Cielo Mar Azul Skyride,"Cielo Mar Azul Skyride is a theme park in Puerto Vallarta, Mexico, popular for its memorable experiences. Entry fee is 39.62 USD. Recommended visit: 8 hours. Discover Cielo Mar Azul Skyride, a notable theme park in Puerto Vallarta, Mexico, ideal for visitors. Open 09:00-17:30, entry 39.62 USD.",39.62,09:00-17:30,8 hours,3.75,"630 Suthep Road, Puerto Vallarta",20.770520645876392,-104.9931523205486,"['business travelers', 'luxury travelers', 'road trip']","['Restrooms', 'Information Desk', 'Restaurant', 'Souvenir Shop', 'First Aid Station', 'Luggage Storage', 'High speed WiFi', 'private tours', 'skip the line passes', 'VIP exclusive events', 'parking']"
58,Puerto Vallarta,Mexico,Theme Park/Amusement Park,Coral Cove Connectivity Hub,"Coral Cove Connectivity Hub is a theme park in Puerto Vallarta, Mexico, popular for its memorable experiences. Entry fee is 53.2 USD. Recommended visit: 8 hours. Discover Coral Cove Connectivity Hub, a notable theme park in Puerto Vallarta, Mexico, ideal for visitors. Open 10:00-19:00, entry 53.2 USD.",53.2,10:00-19:00,8 hours,3.75,"825 Sukhumvit Road, Khlong Toei, Puerto Vallarta",20.85073827262361,-105.13144424577251,"['fast-paced budget travel', 'solo women', 'elderly travelers']","['Restrooms', 'Information Desk', 'Restaurant', 'Souvenir Shop', 'First Aid Station', 'Luggage Storage', 'city passes', 'luggage storage', 'self-guided tours', 'group tours', 'security', 'wheelchair rental', 'benches/rest areas']"
59,Puerto Vallarta,Mexico,Theme Park/Amusement Park,Tropical Vortex Adventure Park,"Tropical Vortex Adventure Park is a theme park in Puerto Vallarta, Mexico, popular for its memorable experiences. Entry fee is 4.06 USD. Recommended visit: 6 hours. Discover Tropical Vortex Adventure Park, a notable theme park in Puerto Vallarta, Mexico, ideal for visitors. Open 08:00-23:00, entry 4.06 USD.",4.06,08:00-23:00,6 hours,3.75,"304 Shimo-Yasuda, Tama, Puerto Vallarta",20.663115850770154,-105.15728414792476,"['with children', 'fast-paced budget travel', 'disabled traveler']","['Restrooms', 'Information Desk', 'Restaurant', 'Souvenir Shop', 'First Aid Station', 'Luggage Storage', 'family restrooms', 'Nursing facilities', 'city passes', 'luggage storage', 'self-guided tours', 'ramps', 'elevators', 'wheelchair rentals', 'accessible restrooms']"
60,Puerto Vallarta,Mexico,Theme Park/Amusement Park,Tropical Tides Adventure Zone,"Tropical Tides Adventure Zone is a theme park in Puerto Vallarta, Mexico, popular for its memorable experiences. Entry fee is 28.0 USD. Recommended visit: 7 hours. Discover Tropical Tides Adventure Zone, a notable theme park in Puerto Vallarta, Mexico, ideal for visitors. Open 09:00-18:00, entry 28.0 USD.",28.0,09:00-18:00,7 hours,3.75,"959 Shinsaibashi Street, Chuo Ward, Puerto Vallarta",20.76574153178517,-105.00505579884016,"['nightlife enthusiast', 'business travelers']","['Restrooms', 'Information Desk', 'Restaurant', 'Souvenir Shop', 'First Aid Station', 'Luggage Storage', 'night markets', 'bars', 'evening shows', 'High speed WiFi']"
61,Puerto Vallarta,Mexico,Theme Park/Amusement Park,Tropical Tide Twister,"Tropical Tide Twister is a theme park in Puerto Vallarta, Mexico, popular for its memorable experiences. Entry fee is 15.98 USD. Recommended visit: 8 hours. Discover Tropical Tide Twister, a notable theme park in Puerto Vallarta, Mexico, ideal for visitors. Open 10:00-22:00, entry 15.98 USD.",15.98,10:00-22:00,8 hours,3.75,"557 Gwanghwamun Street, Puerto Vallarta",20.673391859181017,-105.2183636055403,"['elderly travelers', 'solo women', 'disabled traveler']","['Restrooms', 'Information Desk', 'Restaurant', 'Souvenir Shop', 'First Aid Station', 'Luggage Storage', 'wheelchair rental', 'benches/rest areas', 'group tours', 'security', 'ramps', 'elevators', 'wheelchair rentals', 'accessible restrooms']"
62,Puerto Vallarta,Mexico,Theme Park/Amusement Park,Tropical Brick Quest,"Tropical Brick Quest is a theme park in Puerto Vallarta, Mexico, popular for its memorable experiences. Entry fee is 22.56 USD. Recommended visit: 6 hours. Discover Tropical Brick Quest, a notable theme park in Puerto Vallarta, Mexico, ideal for visitors. Open 08:30-19:00, entry 22.56 USD.",22.56,08:30-19:00,6 hours,3.75,"No. 567 Innovation Avenue, Puerto Vallarta",20.714951574574368,-105.1768308060652,"['foodie', 'luxury travelers']","['Restrooms', 'Information Desk', 'Restaurant', 'Souvenir Shop', 'First Aid Station', 'Luggage Storage', 'Food markets', 'tasting tours', 'private tours', 'skip the line passes', 'VIP exclusive events']"
63,Puerto Vallarta,Mexico,Theme Park/Amusement Park,Vallarta Velocity Zone,"Vallarta Velocity Zone is a theme park in Puerto Vallarta, Mexico, popular for its memorable experiences. Entry fee is 41.86 USD. Recommended visit: 8 hours. Discover Vallarta Velocity Zone, a notable theme park in Puerto Vallarta, Mexico, ideal for visitors. Open 08:00-22:00, entry 41.86 USD.",41.86,08:00-22:00,8 hours,3.75,"No. 456, Cultural Street, Puerto Vallarta",20.50148882326829,-105.26671680236716,"['nightlife enthusiast', 'with pets', 'business travelers']","['Restrooms', 'Information Desk', 'Restaurant', 'Souvenir Shop', 'First Aid Station', 'Luggage Storage', 'night markets', 'bars', 'evening shows', 'Pet-friendly', 'pet water stations', 'Pet rest area', 'High speed WiFi']"
64,Puerto Vallarta,Mexico,Theme Park/Amusement Park,Marina Mirage Adventure Port,"Marina Mirage Adventure Port is a theme park in Puerto Vallarta, Mexico, popular for its memorable experiences. Entry fee is 89.6 USD. Recommended visit: 7 hours. Discover Marina Mirage Adventure Port, a notable theme park in Puerto Vallarta, Mexico, ideal for visitors. Open 10:00-22:00, entry 89.6 USD.",89.6,10:00-22:00,7 hours,3.75,"579 Nakanoshima-dori, Chuo Ward, Puerto Vallarta",20.757357860196027,-105.13750114909156,['elderly travelers'],"['Restrooms', 'Information Desk', 'Restaurant', 'Souvenir Shop', 'First Aid Station', 'Luggage Storage', 'wheelchair rental', 'benches/rest areas']"
65,Puerto Vallarta,Mexico,Theme Park/Amusement Park,Tropical Escape Adventure Pass,"Tropical Escape Adventure Pass is a theme park in Puerto Vallarta, Mexico, popular for its memorable experiences. Entry fee is 67.2 USD. Recommended visit: 6 hours. Discover Tropical Escape Adventure Pass, a notable theme park in Puerto Vallarta, Mexico, ideal for visitors. Open 08:30-17:30, entry 67.2 USD.",67.2,08:30-17:30,6 hours,3.75,"679 Shinkawa Street, Naka Ward, Puerto Vallarta",20.54834631951823,-105.17828138799652,"['nightlife enthusiast', 'couples trip', 'luxury travelers']","['Restrooms', 'Information Desk', 'Restaurant', 'Souvenir Shop', 'First Aid Station', 'Luggage Storage', 'night markets', 'bars', 'evening shows', 'scenic spots', 'sunset cruises', 'special couples experiences', 'private tours', 'skip the line passes', 'VIP exclusive events']"
66,Puerto Vallarta,Mexico,Theme Park/Amusement Park,Tropical Mirage Adventure Park,"Tropical Mirage Adventure Park is a theme park in Puerto Vallarta, Mexico, popular for its memorable experiences. Entry fee is 31.01 USD. Recommended visit: 6 hours. Discover Tropical Mirage Adventure Park, a notable theme park in Puerto Vallarta, Mexico, ideal for visitors. Open 09:00-17:00, entry 31.01 USD.",31.01,09:00-17:00,6 hours,3.75,"752 Sakura Street, Nakamura-ku, Puerto Vallarta",20.80879064022804,-105.14636158752026,"['fast-paced budget travel', 'foodie']","['Restrooms', 'Information Desk', 'Restaurant', 'Souvenir Shop', 'First Aid Station', 'Luggage Storage', 'city passes', 'luggage storage', 'self-guided tours', 'Food markets', 'tasting tours']"
67,Puerto Vallarta,Mexico,Theme Park/Amusement Park,Vallarta Vortex: Echoes of the Sea,"Vallarta Vortex: Echoes of the Sea is a theme park in Puerto Vallarta, Mexico, popular for its memorable experiences. Entry fee is 17.6 USD. Recommended visit: 8 hours. Discover Vallarta Vortex: Echoes of the Sea, a notable theme park in Puerto Vallarta, Mexico, ideal for visitors. Open 09:00-17:30, entry 17.6 USD.",17.6,09:00-17:30,8 hours,3.75,"No. 456, Xiamen Bay Road, Puerto Vallarta",20.689393099447447,-105.18477489228388,"['with children', 'couples trip', 'disabled traveler']","['Restrooms', 'Information Desk', 'Restaurant', 'Souvenir Shop', 'First Aid Station', 'Luggage Storage', 'family restrooms', 'Nursing facilities', 'scenic spots', 'sunset cruises', 'special couples experiences', 'ramps', 'elevators', 'wheelchair rentals', 'accessible restrooms']"
68,Puerto Vallarta,Mexico,Theme Park/Amusement Park,Tropical Tides Adventure Park,"Tropical Tides Adventure Park is a theme park in Puerto Vallarta, Mexico, popular for its memorable experiences. Entry fee is 12.7 USD. Recommended visit: 7 hours. Discover Tropical Tides Adventure Park, a notable theme park in Puerto Vallarta, Mexico, ideal for visitors. Open 09:30-21:00, entry 12.7 USD.",12.7,09:30-21:00,7 hours,3.75,"440-889 Kitahama, Puerto Vallarta",20.57512756159324,-105.21631046992223,"['fast-paced budget travel', 'disabled traveler']","['Restrooms', 'Information Desk', 'Restaurant', 'Souvenir Shop', 'First Aid Station', 'Luggage Storage', 'city passes', 'luggage storage', 'self-guided tours', 'ramps', 'elevators', 'wheelchair rentals', 'accessible restrooms']"
69,Puerto Vallarta,Mexico,Theme Park/Amusement Park,Tropical Mirage Adventure,"Tropical Mirage Adventure is a theme park in Puerto Vallarta, Mexico, popular for its memorable experiences. Entry fee is 6.56 USD. Recommended visit: 7 hours. Discover Tropical Mirage Adventure, a notable theme park in Puerto Vallarta, Mexico, ideal for visitors. Open 20:00-05:00, entry 6.56 USD.",6.56,20:00-05:00,7 hours,3.75,"No. 456, Cultural Arts Avenue, Puerto Vallarta",20.74922147313101,-105.12075326216616,"['with children', 'fast-paced budget travel', 'road trip']","['Restrooms', 'Information Desk', 'Restaurant', 'Souvenir Shop', 'First Aid Station', 'Luggage Storage', 'family restrooms', 'Nursing facilities', 'city passes', 'luggage storage', 'self-guided tours', 'parking']"
70,Puerto Vallarta,Mexico,Theme Park/Amusement Park,Tropical Escape Velocity,"Tropical Escape Velocity is a theme park in Puerto Vallarta, Mexico, popular for its memorable experiences. Entry fee is 5.52 USD. Recommended visit: 7 hours. Discover Tropical Escape Velocity, a notable theme park in Puerto Vallarta, Mexico, ideal for visitors. Open 08:00-22:30, entry 5.52 USD.",5.52,08:00-22:30,7 hours,3.75,"991 Suthep Road, Puerto Vallarta",20.683883086360247,-105.2189881320018,"['nightlife enthusiast', 'fast-paced budget travel', 'disabled traveler']","['Restrooms', 'Information Desk', 'Restaurant', 'Souvenir Shop', 'First Aid Station', 'Luggage Storage', 'night markets', 'bars', 'evening shows', 'city passes', 'luggage storage', 'self-guided tours', 'ramps', 'elevators', 'wheelchair rentals', 'accessible restrooms']"
71,Puerto Vallarta,Mexico,Theme Park/Amusement Park,Coral Coast Dreamland,"Coral Coast Dreamland is a theme park in Puerto Vallarta, Mexico, popular for its memorable experiences. Entry fee is 171.36 USD. Recommended visit: 6 hours. Discover Coral Coast Dreamland, a notable theme park in Puerto Vallarta, Mexico, ideal for visitors. Open 10:00-22:00, entry 171.36 USD.",171.36,10:00-22:00,6 hours,3.75,"464 Thaweewong Road, Puerto Vallarta",20.4848702734396,-105.3013431002124,"['with pets', 'foodie', 'road trip']","['Restrooms', 'Information Desk', 'Restaurant', 'Souvenir Shop', 'First Aid Station', 'Luggage Storage', 'Pet-friendly', 'pet water stations', 'Pet rest area', 'Food markets', 'tasting tours', 'parking']"
72,Puerto Vallarta,Mexico,Theme Park/Amusement Park,Tropical Nocturne Expedition,"Tropical Nocturne Expedition is a theme park in Puerto Vallarta, Mexico, popular for its memorable experiences. Entry fee is 7.4 USD. Recommended visit: 6 hours. Discover Tropical Nocturne Expedition, a notable theme park in Puerto Vallarta, Mexico, ideal for visitors. Open 09:00-18:00, entry 7.4 USD.",7.4,09:00-18:00,6 hours,3.75,"No. 45, Zhongshan Road, Puerto Vallarta",20.818073648171225,-105.124000227572,"['with children', 'photography', 'luxury travelers']","['Restrooms', 'Information Desk', 'Restaurant', 'Souvenir Shop', 'First Aid Station', 'Luggage Storage', 'family restrooms', 'Nursing facilities', 'photo spots', 'guided photo tours', 'charging stations', 'private tours', 'skip the line passes', 'VIP exclusive events']"
73,Puerto Vallarta,Mexico,Theme Park/Amusement Park,Vallarta Vibe Entertainment Hub,"Vallarta Vibe Entertainment Hub is a theme park in Puerto Vallarta, Mexico, popular for its memorable experiences. Entry fee is 16.79 USD. Recommended visit: 6 hours. Discover Vallarta Vibe Entertainment Hub, a notable theme park in Puerto Vallarta, Mexico, ideal for visitors. Open 09:00-18:00, entry 16.79 USD.",16.79,09:00-18:00,6 hours,3.75,"No. 456, Riverside Avenue, Puerto Vallarta",20.72651326622829,-105.10654405535716,"['fast-paced budget travel', 'photography', 'luxury travelers']","['Restrooms', 'Information Desk', 'Restaurant', 'Souvenir Shop', 'First Aid Station', 'Luggage Storage', 'city passes', 'luggage storage', 'self-guided tours', 'photo spots', 'guided photo tours', 'charging stations', 'private tours', 'skip the line passes', 'VIP exclusive events']"
74,Puerto Vallarta,Mexico,Theme Park/Amusement Park,Tropical Tides Adventure Park No.2,"Tropical Tides Adventure Park is a theme park in Puerto Vallarta, Mexico, popular for its memorable experiences. Entry fee is 14.0 USD. Recommended visit: 7 hours. Discover Tropical Tides Adventure Park, a notable theme park in Puerto Vallarta, Mexico, ideal for visitors. Open 10:00-19:00, entry 14.0 USD.",14.0,10:00-19:00,7 hours,3.75,"476 Chao Phraya River Promenade, Wat Phra Si Rattanakosin, Puerto Vallarta",20.85625945013753,-105.12383953503397,"['with pets', 'disabled traveler', 'road trip']","['Restrooms', 'Information Desk', 'Restaurant', 'Souvenir Shop', 'First Aid Station', 'Luggage Storage', 'Pet-friendly', 'pet water stations', 'Pet rest area', 'ramps', 'elevators', 'wheelchair rentals', 'accessible restrooms', 'parking']"
75,Puerto Vallarta,Mexico,Theme Park/Amusement Park,Coral Coast Skyline Express,"Coral Coast Skyline Express is a theme park in Puerto Vallarta, Mexico, popular for its memorable experiences. Entry fee is 6.99 USD. Recommended visit: 6 hours. Discover Coral Coast Skyline Express, a notable theme park in Puerto Vallarta, Mexico, ideal for visitors. Open 09:00-18:00, entry 6.99 USD.",6.99,09:00-18:00,6 hours,3.75,"624 Maha Chai Road, Khlong Toei District, Puerto Vallarta",20.77608522625708,-104.99938370660914,"['with children', 'foodie', 'road trip']","['Restrooms', 'Information Desk', 'Restaurant', 'Souvenir Shop', 'First Aid Station', 'Luggage Storage', 'family restrooms', 'Nursing facilities', 'Food markets', 'tasting tours', 'parking']"
76,Puerto Vallarta,Mexico,Theme Park/Amusement Park,Vallarta Velocity Zone No.2,"Vallarta Velocity Zone is a theme park in Puerto Vallarta, Mexico, popular for its memorable experiences. Entry fee is 18.98 USD. Recommended visit: 7 hours. Discover Vallarta Velocity Zone, a notable theme park in Puerto Vallarta, Mexico, ideal for visitors. Open 09:00-21:00, entry 18.98 USD.",18.98,09:00-21:00,7 hours,3.75,"No. 15, Olympic Road, Puerto Vallarta",20.711491244963483,-105.12158199550274,"['solo women', 'foodie', 'elderly travelers']","['Restrooms', 'Information Desk', 'Restaurant', 'Souvenir Shop', 'First Aid Station', 'Luggage Storage', 'group tours', 'security', 'Food markets', 'tasting tours', 'wheelchair rental', 'benches/rest areas']"
77,Puerto Vallarta,Mexico,Theme Park/Amusement Park,Coral Dreams Oasis,"Coral Dreams Oasis is a theme park in Puerto Vallarta, Mexico, popular for its memorable experiences. Entry fee is 10.15 USD. Recommended visit: 7 hours. Discover Coral Dreams Oasis, a notable theme park in Puerto Vallarta, Mexico, ideal for visitors. Open 08:00-22:00, entry 10.15 USD.",10.15,08:00-22:00,7 hours,3.75,"795 Thaweewong Road, Puerto Vallarta",20.845558341515805,-105.0605248553437,"['fast-paced budget travel', 'solo women', 'road trip']","['Restrooms', 'Information Desk', 'Restaurant', 'Souvenir Shop', 'First Aid Station', 'Luggage Storage', 'city passes', 'luggage storage', 'self-guided tours', 'group tours', 'security', 'parking']"
78,Puerto Vallarta,Mexico,Theme Park/Amusement Park,Vallarta Diamond Base Experience | Local Team Lower Level Infield Seat Ticket | Includes Official Team Fan Towel,"Vallarta Diamond Base Experience | Local Team Lower Level Infield Seat Ticket | Includes Official Team Fan Towel is a theme park in Puerto Vallarta, Mexico, popular for its memorable experiences. Entry fee is 1654.66 USD. Recommended visit: 7 hours. Discover Vallarta Diamond Base Experience | Local Team Lower Level Infield Seat Ticket | Includes Official Team Fan Towel, a notable theme park in Puerto Vallarta, Mexico, ideal for visitors. Open 09:00-17:30, entry 1654.66 USD.",1654.66,09:00-17:30,7 hours,3.75,"No. 45 Xinglin Road, Puerto Vallarta",20.74334767590262,-105.14569257190796,"['solo women', 'luxury travelers', 'disabled traveler']","['Restrooms', 'Information Desk', 'Restaurant', 'Souvenir Shop', 'First Aid Station', 'Luggage Storage', 'group tours', 'security', 'private tours', 'skip the line passes', 'VIP exclusive events', 'ramps', 'elevators', 'wheelchair rentals', 'accessible restrooms']"
79,Puerto Vallarta,Mexico,Theme Park/Amusement Park,Tropical T rex Adventure Zone,"Tropical T rex Adventure Zone is a theme park in Puerto Vallarta, Mexico, popular for its memorable experiences. Entry fee is 22.09 USD. Recommended visit: 8 hours. Discover Tropical T rex Adventure Zone, a notable theme park in Puerto Vallarta, Mexico, ideal for visitors. Open 10:00-20:00, entry 22.09 USD.",22.09,10:00-20:00,8 hours,3.75,"452 Gwangjang Street, Puerto Vallarta",20.736461633664632,-105.15404797124502,"['solo women', 'foodie', 'elderly travelers']","['Restrooms', 'Information Desk', 'Restaurant', 'Souvenir Shop', 'First Aid Station', 'Luggage Storage', 'group tours', 'security', 'Food markets', 'tasting tours', 'wheelchair rental', 'benches/rest areas']"
80,Puerto Vallarta,Mexico,Theme Park/Amusement Park,Tropical Skyline Adventure Zone,"Tropical Skyline Adventure Zone is a theme park in Puerto Vallarta, Mexico, popular for its memorable experiences. Entry fee is 49.0 USD. Recommended visit: 8 hours. Discover Tropical Skyline Adventure Zone, a notable theme park in Puerto Vallarta, Mexico, ideal for visitors. Open 08:00-22:00, entry 49.0 USD.",49.0,08:00-22:00,8 hours,3.75,"261 Rachadaphisek Road, Puerto Vallarta",20.848016586671413,-105.09766740759925,"['with children', 'with pets', 'elderly travelers']","['Restrooms', 'Information Desk', 'Restaurant', 'Souvenir Shop', 'First Aid Station', 'Luggage Storage', 'family restrooms', 'Nursing facilities', 'Pet-friendly', 'pet water stations', 'Pet rest area', 'wheelchair rental', 'benches/rest areas']"
81,Puerto Vallarta,Mexico,Theme Park/Amusement Park,Vallarta Horizon: Echoes of the Future,"Vallarta Horizon: Echoes of the Future is a theme park in Puerto Vallarta, Mexico, popular for its memorable experiences. Entry fee is 19.55 USD. Recommended visit: 6 hours. Discover Vallarta Horizon: Echoes of the Future, a notable theme park in Puerto Vallarta, Mexico, ideal for visitors. Open 09:00-17:30, entry 19.55 USD.",19.55,09:00-17:30,6 hours,3.75,"921 Sukhumvit Road, Puerto Vallarta",20.798140661212127,-105.1116474684407,"['nightlife enthusiast', 'fast-paced budget travel', 'photography']","['Restrooms', 'Information Desk', 'Restaurant', 'Souvenir Shop', 'First Aid Station', 'Luggage Storage', 'night markets', 'bars', 'evening shows', 'city passes', 'luggage storage', 'self-guided tours', 'photo spots', 'guided photo tours', 'charging stations']"
82,Puerto Vallarta,Mexico,Theme Park/Amusement Park,Tropical Tinkerland,"Tropical Tinkerland is a theme park in Puerto Vallarta, Mexico, popular for its memorable experiences. Entry fee is 37.52 USD. Recommended visit: 8 hours. Discover Tropical Tinkerland, a notable theme park in Puerto Vallarta, Mexico, ideal for visitors. Open 08:00-00:00, entry 37.52 USD.",37.52,08:00-00:00,8 hours,3.75,"708-2 Shirogane, Puerto Vallarta",20.820326201525795,-105.165595100963,"['disabled traveler', 'with pets', 'elderly travelers']","['Restrooms', 'Information Desk', 'Restaurant', 'Souvenir Shop', 'First Aid Station', 'Luggage Storage', 'ramps', 'elevators', 'wheelchair rentals', 'accessible restrooms', 'Pet-friendly', 'pet water stations', 'Pet rest area', 'wheelchair rental', 'benches/rest areas']"
83,Puerto Vallarta,Mexico,Theme Park/Amusement Park,Tropical Tides Adventure Zone No.2,"Tropical Tides Adventure Zone is a theme park in Puerto Vallarta, Mexico, popular for its memorable experiences. Entry fee is 26.46 USD. Recommended visit: 6 hours. Discover Tropical Tides Adventure Zone, a notable theme park in Puerto Vallarta, Mexico, ideal for visitors. Open 09:00-17:30, entry 26.46 USD.",26.46,09:00-17:30,6 hours,3.75,"384 Shimbashi Street, Shibuya Ward, Puerto Vallarta",20.72081180300372,-105.15769138632604,"['photography', 'luxury travelers']","['Restrooms', 'Information Desk', 'Restaurant', 'Souvenir Shop', 'First Aid Station', 'Luggage Storage', 'photo spots', 'guided photo tours', 'charging stations', 'private tours', 'skip the line passes', 'VIP exclusive events']"
84,Puerto Vallarta,Mexico,Theme Park/Amusement Park,Tropical Tails Sanctuary,"Tropical Tails Sanctuary is a theme park in Puerto Vallarta, Mexico, popular for its memorable experiences. Entry fee is 24.66 USD. Recommended visit: 8 hours. Discover Tropical Tails Sanctuary, a notable theme park in Puerto Vallarta, Mexico, ideal for visitors. Open 09:00-17:30, entry 24.66 USD.",24.66,09:00-17:30,8 hours,3.75,"363 Gwanghwamun Street, Jongno-gu, Puerto Vallarta",20.72969004293719,-105.154351380076,"['nightlife enthusiast', 'couples trip', 'road trip']","['Restrooms', 'Information Desk', 'Restaurant', 'Souvenir Shop', 'First Aid Station', 'Luggage Storage', 'night markets', 'bars', 'evening shows', 'scenic spots', 'sunset cruises', 'special couples experiences', 'parking']"
85,Puerto Vallarta,Mexico,Theme Park/Amusement Park,Vallarta Harmony Soundscape,"Vallarta Harmony Soundscape is a theme park in Puerto Vallarta, Mexico, popular for its memorable experiences. Entry fee is 20.67 USD. Recommended visit: 7 hours. Discover Vallarta Harmony Soundscape, a notable theme park in Puerto Vallarta, Mexico, ideal for visitors. Open 09:30-17:00, entry 20.67 USD.",20.67,09:30-17:00,7 hours,3.75,"No. 15, Yuyuantan Road, Puerto Vallarta",20.87834570985122,-105.0495128982054,"['with children', 'fast-paced budget travel', 'solo women']","['Restrooms', 'Information Desk', 'Restaurant', 'Souvenir Shop', 'First Aid Station', 'Luggage Storage', 'family restrooms', 'Nursing facilities', 'city passes', 'luggage storage', 'self-guided tours', 'group tours', 'security']"
86,Puerto Vallarta,Mexico,Theme Park/Amusement Park,Tropical Tides Adventure Zone No.3,"Tropical Tides Adventure Zone is a theme park in Puerto Vallarta, Mexico, popular for its memorable experiences. Entry fee is 23.37 USD. Recommended visit: 8 hours. Discover Tropical Tides Adventure Zone, a notable theme park in Puerto Vallarta, Mexico, ideal for visitors. Open 10:00-22:00, entry 23.37 USD.",23.37,10:00-22:00,8 hours,3.75,"682 Sukhumvit Road, Puerto Vallarta",20.759817787338044,-105.0833304748582,"['with children', 'with pets', 'photography']","['Restrooms', 'Information Desk', 'Restaurant', 'Souvenir Shop', 'First Aid Station', 'Luggage Storage', 'family restrooms', 'Nursing facilities', 'Pet-friendly', 'pet water stations', 'Pet rest area', 'photo spots', 'guided photo tours', 'charging stations']"
87,Puerto Vallarta,Mexico,Theme Park/Amusement Park,Tropical Tinkerland No.2,"Tropical Tinkerland is a theme park in Puerto Vallarta, Mexico, popular for its memorable experiences. Entry fee is 11.89 USD. Recommended visit: 6 hours. Discover Tropical Tinkerland, a notable theme park in Puerto Vallarta, Mexico, ideal for visitors. Open 09:00-18:00, entry 11.89 USD.",11.89,09:00-18:00,6 hours,3.75,"138/18 Charoenkrung Road, Samphanthawong District, Puerto Vallarta",20.63648642593115,-105.20768062592968,"['with children', 'with pets', 'foodie']","['Restrooms', 'Information Desk', 'Restaurant', 'Souvenir Shop', 'First Aid Station', 'Luggage Storage', 'family restrooms', 'Nursing facilities', 'Pet-friendly', 'pet water stations', 'Pet rest area', 'Food markets', 'tasting tours']"
88,Puerto Vallarta,Mexico,Theme Park/Amusement Park,Vallarta Cultural Park,"Vallarta Cultural Park is a theme park in Puerto Vallarta, Mexico, popular for its memorable experiences. Entry fee is 59.69 USD. Recommended visit: 7 hours. Discover Vallarta Cultural Park, a notable theme park in Puerto Vallarta, Mexico, ideal for visitors. Open 08:00-22:00, entry 59.69 USD.",59.69,08:00-22:00,7 hours,3.75,"949 Seogwipo Street, Puerto Vallarta",20.65429287991438,-105.21889357364054,"['solo women', 'luxury travelers', 'road trip']","['Restrooms', 'Information Desk', 'Restaurant', 'Souvenir Shop', 'First Aid Station', 'Luggage Storage', 'group tours', 'security', 'private tours', 'skip the line passes', 'VIP exclusive events', 'parking']"
89,Puerto Vallarta,Mexico,Theme Park/Amusement Park,Coral Cove Skyline Adventure,"Coral Cove Skyline Adventure is a theme park in Puerto Vallarta, Mexico, popular for its memorable experiences. Entry fee is 0.37 USD. Recommended visit: 8 hours. Discover Coral Cove Skyline Adventure, a notable theme park in Puerto Vallarta, Mexico, ideal for visitors. Open 10:00-22:00, entry 0.37 USD.",0.37,10:00-22:00,8 hours,3.75,"No. 456, Xueyuan Road, Jiangbei District, Puerto Vallarta",20.81100512431006,-105.02454351801263,"['couples trip', 'business travelers']","['Restrooms', 'Information Desk', 'Restaurant', 'Souvenir Shop', 'First Aid Station', 'Luggage Storage', 'scenic spots', 'sunset cruises', 'special couples experiences', 'High speed WiFi']"
90,Puerto Vallarta,Mexico,Theme Park/Amusement Park,Tropical Splash Adventure,"Tropical Splash Adventure is a theme park in Puerto Vallarta, Mexico, popular for its memorable experiences. Entry fee is 13.72 USD. Recommended visit: 7 hours. Discover Tropical Splash Adventure, a notable theme park in Puerto Vallarta, Mexico, ideal for visitors. Open 08:30-17:00, entry 13.72 USD.",13.72,08:30-17:00,7 hours,3.75,"948 Sakura Street, Shibuya Ward, Puerto Vallarta",20.54556855002417,-105.27215744096496,"['photography', 'luxury travelers', 'disabled traveler']","['Restrooms', 'Information Desk', 'Restaurant', 'Souvenir Shop', 'First Aid Station', 'Luggage Storage', 'photo spots', 'guided photo tours', 'charging stations', 'private tours', 'skip the line passes', 'VIP exclusive events', 'ramps', 'elevators', 'wheelchair rentals', 'accessible restrooms']"
91,Puerto Vallarta,Mexico,Historic Site/Landmark,Coral Vista Promenade,"Coral Vista Promenade is a historic site in Puerto Vallarta, Mexico, popular for its memorable experiences. Entry fee is 50.54 USD. Recommended visit: 2 hours. Discover Coral Vista Promenade, a notable historic site in Puerto Vallarta, Mexico, ideal for visitors. Open 08:30-17:00, entry 50.54 USD.",50.54,08:30-17:00,2 hours,3.5,"334 Shinko Street, Chuo Ward, Puerto Vallarta",20.56749305719317,-105.18491098484456,"['nightlife enthusiast', 'photography', 'foodie']","['Restrooms', 'Information Desk', 'Restaurant', 'Souvenir Shop', 'First Aid Station', 'Luggage Storage', 'night markets', 'bars', 'evening shows', 'photo spots', 'guided photo tours', 'charging stations', 'Food markets', 'tasting tours']"
92,Puerto Vallarta,Mexico,Historic Site/Landmark,Coral Coast Heritage Plaza,"Coral Coast Heritage Plaza is a historic site in Puerto Vallarta, Mexico, popular for its memorable experiences. Entry fee is 1.4 USD. Recommended visit: 2 hours. Discover Coral Coast Heritage Plaza, a notable historic site in Puerto Vallarta, Mexico, ideal for visitors. Open 10:00-19:00, entry 1.4 USD.",1.4,10:00-19:00,2 hours,3.5,"218-678 Nishi 1-chome, Puerto Vallarta",20.566583316645964,-105.19046089376675,"['fast-paced budget travel', 'photography', 'with pets']","['Restrooms', 'Information Desk', 'Restaurant', 'Souvenir Shop', 'First Aid Station', 'Luggage Storage', 'city passes', 'luggage storage', 'self-guided tours', 'photo spots', 'guided photo tours', 'charging stations', 'Pet-friendly', 'pet water stations', 'Pet rest area']"
93,Puerto Vallarta,Mexico,Historic Site/Landmark,Casa de los Sueños Antiguos,"Casa de los Sueños Antiguos is a historic site in Puerto Vallarta, Mexico, popular for its memorable experiences. Entry fee is 10.59 USD. Recommended visit: 2 hours. Discover Casa de los Sueños Antiguos, a notable historic site in Puerto Vallarta, Mexico, ideal for visitors. Open 10:00-18:00, entry 10.59 USD.",10.59,10:00-18:00,2 hours,3.5,"No. 12, Tianzhu Road, Puerto Vallarta",20.534621905648493,-105.17545541433329,"['with pets', 'couples trip', 'luxury travelers']","['Restrooms', 'Information Desk', 'Restaurant', 'Souvenir Shop', 'First Aid Station', 'Luggage Storage', 'Pet-friendly', 'pet water stations', 'Pet rest area', 'scenic spots', 'sunset cruises', 'special couples experiences', 'private tours', 'skip the line passes', 'VIP exclusive events']"
94,Puerto Vallarta,Mexico,Historic Site/Landmark,Sunset Citadel Exploration,"Sunset Citadel Exploration is a historic site in Puerto Vallarta, Mexico, popular for its memorable experiences. Entry fee is 24.92 USD. Recommended visit: 2 hours. Discover Sunset Citadel Exploration, a notable historic site in Puerto Vallarta, Mexico, ideal for visitors. Open 08:30-17:00, entry 24.92 USD.",24.92,08:30-17:00,2 hours,3.5,"960/17 Charoenkrung Road, Samphanthawong District, Puerto Vallarta",20.74475576777078,-105.1204490470512,"['with pets', 'disabled traveler', 'business travelers']","['Restrooms', 'Information Desk', 'Restaurant', 'Souvenir Shop', 'First Aid Station', 'Luggage Storage', 'Pet-friendly', 'pet water stations', 'Pet rest area', 'ramps', 'elevators', 'wheelchair rentals', 'accessible restrooms', 'High speed WiFi']"
95,Puerto Vallarta,Mexico,Historic Site/Landmark,Coral Coast Legacy Museum,"Coral Coast Legacy Museum is a historic site in Puerto Vallarta, Mexico, popular for its memorable experiences. Entry fee is 78.46 USD. Recommended visit: 2 hours. Discover Coral Coast Legacy Museum, a notable historic site in Puerto Vallarta, Mexico, ideal for visitors. Open 09:00-17:00, entry 78.46 USD.",78.46,09:00-17:00,2 hours,3.5,"No. 88 West Lake Scenic Area, Puerto Vallarta",20.67928676525122,-105.17141439708011,"['solo women', 'couples trip', 'luxury travelers']","['Restrooms', 'Information Desk', 'Restaurant', 'Souvenir Shop', 'First Aid Station', 'Luggage Storage', 'group tours', 'security', 'scenic spots', 'sunset cruises', 'special couples experiences', 'private tours', 'skip the line passes', 'VIP exclusive events']"
96,Puerto Vallarta,Mexico,Historic Site/Landmark,Tropical Heritage Plaza,"Tropical Heritage Plaza is a historic site in Puerto Vallarta, Mexico, popular for its memorable experiences. Entry fee is 2.79 USD. Recommended visit: 2 hours. Discover Tropical Heritage Plaza, a notable historic site in Puerto Vallarta, Mexico, ideal for visitors. Open 08:30-17:30, entry 2.79 USD.",2.79,08:30-17:30,2 hours,3.5,"243 Nishinari-ku, Puerto Vallarta",20.688202148617584,-105.20497131376732,"['nightlife enthusiast', 'fast-paced budget travel', 'photography']","['Restrooms', 'Information Desk', 'Restaurant', 'Souvenir Shop', 'First Aid Station', 'Luggage Storage', 'night markets', 'bars', 'evening shows', 'city passes', 'luggage storage', 'self-guided tours', 'photo spots', 'guided photo tours', 'charging stations']"
97,Puerto Vallarta,Mexico,Historic Site/Landmark,Calle del Tiempo Heritage Trail,"Calle del Tiempo Heritage Trail is a historic site in Puerto Vallarta, Mexico, popular for its memorable experiences. Entry fee is 248.4 USD. Recommended visit: 2 hours. Discover Calle del Tiempo Heritage Trail, a notable historic site in Puerto Vallarta, Mexico, ideal for visitors. Open 09:00-21:00, entry 248.4 USD.",248.4,09:00-21:00,2 hours,3.5,"429-8901, 3-12-5 Shibuya, Puerto Vallarta",20.70526115174426,-105.08645256298064,['disabled traveler'],"['Restrooms', 'Information Desk', 'Restaurant', 'Souvenir Shop', 'First Aid Station', 'Luggage Storage', 'ramps', 'elevators', 'wheelchair rentals', 'accessible restrooms']"
98,Puerto Vallarta,Mexico,Historic Site/Landmark,Cielo Vista Tower,"Cielo Vista Tower is a historic site in Puerto Vallarta, Mexico, popular for its memorable experiences. Entry fee is 42.0 USD. Recommended visit: 2 hours. Discover Cielo Vista Tower, a notable historic site in Puerto Vallarta, Mexico, ideal for visitors. Open 09:00-22:00, entry 42.0 USD.",42.0,09:00-22:00,2 hours,3.5,"778 Gwanghwamun Street, Jongno-gu, Puerto Vallarta",20.58444288958069,-105.21143031070586,"['with pets', 'photography', 'disabled traveler']","['Restrooms', 'Information Desk', 'Restaurant', 'Souvenir Shop', 'First Aid Station', 'Luggage Storage', 'Pet-friendly', 'pet water stations', 'Pet rest area', 'photo spots', 'guided photo tours', 'charging stations', 'ramps', 'elevators', 'wheelchair rentals', 'accessible restrooms']"
99,Puerto Vallarta,Mexico,Historic Site/Landmark,Tropical Heritage Quest,"Tropical Heritage Quest is a historic site in Puerto Vallarta, Mexico, popular for its memorable experiences. Entry fee is 16.52 USD. Recommended visit: 2 hours. Discover Tropical Heritage Quest, a notable historic site in Puerto Vallarta, Mexico, ideal for visitors. Open 08:30-17:30, entry 16.52 USD.",16.52,08:30-17:30,2 hours,3.5,"311 Seaside Promenade, Puerto Vallarta",20.76838272380393,-104.99104132898292,"['with pets', 'foodie']","['Restrooms', 'Information Desk', 'Restaurant', 'Souvenir Shop', 'First Aid Station', 'Luggage Storage', 'Pet-friendly', 'pet water stations', 'Pet rest area', 'Food markets', 'tasting tours']"
100,Puerto Vallarta,Mexico,Historic Site/Landmark,Coral Crown Observation Tower,"Coral Crown Observation Tower is a historic site in Puerto Vallarta, Mexico, popular for its memorable experiences. Entry fee is 6.23 USD. Recommended visit: 2 hours. Discover Coral Crown Observation Tower, a notable historic site in Puerto Vallarta, Mexico, ideal for visitors. Open 09:00-18:00, entry 6.23 USD.",6.23,09:00-18:00,2 hours,3.5,"279 Tanjong Pagar Road, Puerto Vallarta",20.79139183552531,-105.14335678856244,['with pets'],"['Restrooms', 'Information Desk', 'Restaurant', 'Souvenir Shop', 'First Aid Station', 'Luggage Storage', 'Pet-friendly', 'pet water stations', 'Pet rest area']"
101,Puerto Vallarta,Mexico,Historic Site/Landmark,Coral Cove Heritage Spire,"Coral Cove Heritage Spire is a historic site in Puerto Vallarta, Mexico, popular for its memorable experiences. Entry fee is 29.19 USD. Recommended visit: 2 hours. Discover Coral Cove Heritage Spire, a notable historic site in Puerto Vallarta, Mexico, ideal for visitors. Open 08:30-19:00, entry 29.19 USD.",29.19,08:30-19:00,2 hours,3.5,"109 Rachadamnoen Road, Puerto Vallarta",20.78257707936683,-105.00418578242416,"['elderly travelers', 'business travelers']","['Restrooms', 'Information Desk', 'Restaurant', 'Souvenir Shop', 'First Aid Station', 'Luggage Storage', 'wheelchair rental', 'benches/rest areas', 'High speed WiFi']"
102,Puerto Vallarta,Mexico,Historic Site/Landmark,La Luz de los Ancianos,"La Luz de los Ancianos is a historic site in Puerto Vallarta, Mexico, popular for its memorable experiences. Entry fee is 114.46 USD. Recommended visit: 2 hours. Discover La Luz de los Ancianos, a notable historic site in Puerto Vallarta, Mexico, ideal for visitors. Open 08:30-17:00, entry 114.46 USD.",114.46,08:30-17:00,2 hours,3.5,"256 Nathan Road, Puerto Vallarta",20.529689388809388,-105.20945338425436,"['with children', 'fast-paced budget travel', 'elderly travelers']","['Restrooms', 'Information Desk', 'Restaurant', 'Souvenir Shop', 'First Aid Station', 'Luggage Storage', 'family restrooms', 'Nursing facilities', 'city passes', 'luggage storage', 'self-guided tours', 'wheelchair rental', 'benches/rest areas']"
103,Puerto Vallarta,Mexico,Historic Site/Landmark,Coral Coast Heritage Walk,"Coral Coast Heritage Walk is a historic site in Puerto Vallarta, Mexico, popular for its memorable experiences. Entry fee is 6.85 USD. Recommended visit: 2 hours. Discover Coral Coast Heritage Walk, a notable historic site in Puerto Vallarta, Mexico, ideal for visitors. Open 09:00-17:30, entry 6.85 USD.",6.85,09:00-17:30,2 hours,3.5,"No. 588, Xueyuan Road, Futian District, Puerto Vallarta",20.838603452069894,-105.0713743401389,"['with pets', 'couples trip', 'disabled traveler']","['Restrooms', 'Information Desk', 'Restaurant', 'Souvenir Shop', 'First Aid Station', 'Luggage Storage', 'Pet-friendly', 'pet water stations', 'Pet rest area', 'scenic spots', 'sunset cruises', 'special couples experiences', 'ramps', 'elevators', 'wheelchair rentals', 'accessible restrooms']"
104,Puerto Vallarta,Mexico,Historic Site/Landmark,Coral Coast Heritage Gym,"Coral Coast Heritage Gym is a historic site in Puerto Vallarta, Mexico, popular for its memorable experiences. Entry fee is 15.16 USD. Recommended visit: 2 hours. Discover Coral Coast Heritage Gym, a notable historic site in Puerto Vallarta, Mexico, ideal for visitors. Open 09:00-21:00, entry 15.16 USD.",15.16,09:00-21:00,2 hours,3.5,"488 Chalong Bay Road, Puerto Vallarta",20.65966117296433,-105.2131610603018,"['with pets', 'disabled traveler', 'business travelers']","['Restrooms', 'Information Desk', 'Restaurant', 'Souvenir Shop', 'First Aid Station', 'Luggage Storage', 'Pet-friendly', 'pet water stations', 'Pet rest area', 'ramps', 'elevators', 'wheelchair rentals', 'accessible restrooms', 'High speed WiFi']"
105,Puerto Vallarta,Mexico,Historic Site/Landmark,Coral Cove Temple Trail,"Coral Cove Temple Trail is a historic site in Puerto Vallarta, Mexico, popular for its memorable experiences. Entry fee is 12.6 USD. Recommended visit: 2 hours. Discover Coral Cove Temple Trail, a notable historic site in Puerto Vallarta, Mexico, ideal for visitors. Open 09:00-17:30, entry 12.6 USD.",12.6,09:00-17:30,2 hours,3.5,"No. 456, Coastal Avenue, Nanshan District, Puerto Vallarta",20.72863908754088,-105.1606594639496,['couples trip'],"['Restrooms', 'Information Desk', 'Restaurant', 'Souvenir Shop', 'First Aid Station', 'Luggage Storage', 'scenic spots', 'sunset cruises', 'special couples experiences']"
106,Puerto Vallarta,Mexico,Historic Site/Landmark,Tahitian Heritage Village,"Tahitian Heritage Village is a historic site in Puerto Vallarta, Mexico, popular for its memorable experiences. Entry fee is 0.0 USD. Recommended visit: 2 hours. Discover Tahitian Heritage Village, a notable historic site in Puerto Vallarta, Mexico, ideal for visitors. Open 10:00-20:00, entry 0.0 USD.",0.0,10:00-20:00,2 hours,3.5,"468 Gyeongbokgung-ro, Jongno-gu, Puerto Vallarta",20.71132500655917,-105.24004153418495,"['nightlife enthusiast', 'with pets', 'couples trip']","['Restrooms', 'Information Desk', 'Restaurant', 'Souvenir Shop', 'First Aid Station', 'Luggage Storage', 'night markets', 'bars', 'evening shows', 'Pet-friendly', 'pet water stations', 'Pet rest area', 'scenic spots', 'sunset cruises', 'special couples experiences']"
107,Puerto Vallarta,Mexico,Historic Site/Landmark,Golden Horizon Observation Tower,"Golden Horizon Observation Tower is a historic site in Puerto Vallarta, Mexico, popular for its memorable experiences. Entry fee is 36.54 USD. Recommended visit: 2 hours. Discover Golden Horizon Observation Tower, a notable historic site in Puerto Vallarta, Mexico, ideal for visitors. Open 09:00-17:30, entry 36.54 USD.",36.54,09:00-17:30,2 hours,3.5,"344 Seiwa Street, Chuo Ward, Puerto Vallarta",20.767749496965177,-105.09154130553358,"['luxury travelers', 'disabled traveler', 'road trip']","['Restrooms', 'Information Desk', 'Restaurant', 'Souvenir Shop', 'First Aid Station', 'Luggage Storage', 'private tours', 'skip the line passes', 'VIP exclusive events', 'ramps', 'elevators', 'wheelchair rentals', 'accessible restrooms', 'parking']"
108,Puerto Vallarta,Mexico,Historic Site/Landmark,Casa de los Sueños Antiguo,"Casa de los Sueños Antiguo is a historic site in Puerto Vallarta, Mexico, popular for its memorable experiences. Entry fee is 7.0 USD. Recommended visit: 2 hours. Discover Casa de los Sueños Antiguo, a notable historic site in Puerto Vallarta, Mexico, ideal for visitors. Open 19:30-22:30, entry 7.0 USD.",7.0,19:30-22:30,2 hours,3.5,"784 Seaside Promenade, Puerto Vallarta",20.73433024392267,-105.1454871481112,"['with children', 'foodie', 'luxury travelers']","['Restrooms', 'Information Desk', 'Restaurant', 'Souvenir Shop', 'First Aid Station', 'Luggage Storage', 'family restrooms', 'Nursing facilities', 'Food markets', 'tasting tours', 'private tours', 'skip the line passes', 'VIP exclusive events']"
109,Puerto Vallarta,Mexico,Historic Site/Landmark,Skyline Vista Tower,"Skyline Vista Tower is a historic site in Puerto Vallarta, Mexico, popular for its memorable experiences. Entry fee is 13.36 USD. Recommended visit: 2 hours. Discover Skyline Vista Tower, a notable historic site in Puerto Vallarta, Mexico, ideal for visitors. Open 08:30-17:30, entry 13.36 USD.",13.36,08:30-17:30,2 hours,3.5,"No. 456, Xinghai Road, Futian District, Puerto Vallarta",20.79376223456202,-105.08528194236584,"['fast-paced budget travel', 'with pets', 'foodie']","['Restrooms', 'Information Desk', 'Restaurant', 'Souvenir Shop', 'First Aid Station', 'Luggage Storage', 'city passes', 'luggage storage', 'self-guided tours', 'Pet-friendly', 'pet water stations', 'Pet rest area', 'Food markets', 'tasting tours']"
110,Puerto Vallarta,Mexico,Historic Site/Landmark,Crimson Crown Ruins,"Crimson Crown Ruins is a historic site in Puerto Vallarta, Mexico, popular for its memorable experiences. Entry fee is 11.68 USD. Recommended visit: 2 hours. Discover Crimson Crown Ruins, a notable historic site in Puerto Vallarta, Mexico, ideal for visitors. Open 08:00-18:00, entry 11.68 USD.",11.68,08:00-18:00,2 hours,3.5,"587-789 Shuri Street, Puerto Vallarta",20.61341477590534,-105.1545113798618,"['with pets', 'foodie', 'business travelers']","['Restrooms', 'Information Desk', 'Restaurant', 'Souvenir Shop', 'First Aid Station', 'Luggage Storage', 'Pet-friendly', 'pet water stations', 'Pet rest area', 'Food markets', 'tasting tours', 'High speed WiFi']"
111,Puerto Vallarta,Mexico,Historic Site/Landmark,Coral Cove Heritage Bathhouse,"Coral Cove Heritage Bathhouse is a historic site in Puerto Vallarta, Mexico, popular for its memorable experiences. Entry fee is 21.77 USD. Recommended visit: 2 hours. Discover Coral Cove Heritage Bathhouse, a notable historic site in Puerto Vallarta, Mexico, ideal for visitors. Open 10:00-22:00, entry 21.77 USD.",21.77,10:00-22:00,2 hours,3.5,"340-8901 Fukuoka City, Naka-ku, Puerto Vallarta",20.679370977183027,-105.2346962571846,"['nightlife enthusiast', 'business travelers', 'road trip']","['Restrooms', 'Information Desk', 'Restaurant', 'Souvenir Shop', 'First Aid Station', 'Luggage Storage', 'night markets', 'bars', 'evening shows', 'High speed WiFi', 'parking']"
112,Puerto Vallarta,Mexico,Historic Site/Landmark,Coral Hollow Shrine,"Coral Hollow Shrine is a historic site in Puerto Vallarta, Mexico, popular for its memorable experiences. Entry fee is 474.46 USD. Recommended visit: 2 hours. Discover Coral Hollow Shrine, a notable historic site in Puerto Vallarta, Mexico, ideal for visitors. Open 09:00-17:00, entry 474.46 USD.",474.46,09:00-17:00,2 hours,3.5,"No. 123 Guangdong Road, Puerto Vallarta",20.582879389968703,-105.13178164654433,"['nightlife enthusiast', 'road trip', 'business travelers']","['Restrooms', 'Information Desk', 'Restaurant', 'Souvenir Shop', 'First Aid Station', 'Luggage Storage', 'night markets', 'bars', 'evening shows', 'parking', 'High speed WiFi']"
113,Puerto Vallarta,Mexico,Historic Site/Landmark,El Castillo de la Luz y la Historia,"El Castillo de la Luz y la Historia is a historic site in Puerto Vallarta, Mexico, popular for its memorable experiences. Entry fee is 5.38 USD. Recommended visit: 2 hours. Discover El Castillo de la Luz y la Historia, a notable historic site in Puerto Vallarta, Mexico, ideal for visitors. Open 08:30-17:30, entry 5.38 USD.",5.38,08:30-17:30,2 hours,3.5,"976 Shibuya Crossing Street, Shibuya Ward, Puerto Vallarta",20.529188390543656,-105.1702396069672,"['fast-paced budget travel', 'solo women', 'elderly travelers']","['Restrooms', 'Information Desk', 'Restaurant', 'Souvenir Shop', 'First Aid Station', 'Luggage Storage', 'city passes', 'luggage storage', 'self-guided tours', 'group tours', 'security', 'wheelchair rental', 'benches/rest areas']"
114,Puerto Vallarta,Mexico,Historic Site/Landmark,Coral Bay Fighting Grounds,"Coral Bay Fighting Grounds is a historic site in Puerto Vallarta, Mexico, popular for its memorable experiences. Entry fee is 160.64 USD. Recommended visit: 2 hours. Discover Coral Bay Fighting Grounds, a notable historic site in Puerto Vallarta, Mexico, ideal for visitors. Open 10:00-22:00, entry 160.64 USD.",160.64,10:00-22:00,2 hours,3.5,"728 Shinjuku Skywalk, Shinjuku, Puerto Vallarta",20.754675692821507,-105.14786347538944,"['with children', 'elderly travelers', 'disabled traveler']","['Restrooms', 'Information Desk', 'Restaurant', 'Souvenir Shop', 'First Aid Station', 'Luggage Storage', 'family restrooms', 'Nursing facilities', 'wheelchair rental', 'benches/rest areas', 'ramps', 'elevators', 'wheelchair rentals', 'accessible restrooms']"
115,Puerto Vallarta,Mexico,Historic Site/Landmark,Vallarta Heritage Combat Theater,"Vallarta Heritage Combat Theater is a historic site in Puerto Vallarta, Mexico, popular for its memorable experiences. Entry fee is 9.73 USD. Recommended visit: 2 hours. Discover Vallarta Heritage Combat Theater, a notable historic site in Puerto Vallarta, Mexico, ideal for visitors. Open 08:30-17:00, entry 9.73 USD.",9.73,08:30-17:00,2 hours,3.5,"445 Thaweewong Road, Puerto Vallarta",20.73845302457337,-105.09987777619494,"['with pets', 'photography']","['Restrooms', 'Information Desk', 'Restaurant', 'Souvenir Shop', 'First Aid Station', 'Luggage Storage', 'Pet-friendly', 'pet water stations', 'Pet rest area', 'photo spots', 'guided photo tours', 'charging stations']"
116,Puerto Vallarta,Mexico,Historic Site/Landmark,Coral Moon Heritage Walk,"Coral Moon Heritage Walk is a historic site in Puerto Vallarta, Mexico, popular for its memorable experiences. Entry fee is 4.2 USD. Recommended visit: 2 hours. Discover Coral Moon Heritage Walk, a notable historic site in Puerto Vallarta, Mexico, ideal for visitors. Open 09:00-18:00, entry 4.2 USD.",4.2,09:00-18:00,2 hours,3.5,"135 Beach Road, Puerto Vallarta",20.64004266477258,-105.23279930704014,"['with children', 'road trip']","['Restrooms', 'Information Desk', 'Restaurant', 'Souvenir Shop', 'First Aid Station', 'Luggage Storage', 'family restrooms', 'Nursing facilities', 'parking']"
117,Puerto Vallarta,Mexico,Historic Site/Landmark,La Luz de los Sueños Heritage Hall,"La Luz de los Sueños Heritage Hall is a historic site in Puerto Vallarta, Mexico, popular for its memorable experiences. Entry fee is 26.79 USD. Recommended visit: 2 hours. Discover La Luz de los Sueños Heritage Hall, a notable historic site in Puerto Vallarta, Mexico, ideal for visitors. Open 06:00-18:00, entry 26.79 USD.",26.79,06:00-18:00,2 hours,3.5,"683 Marina Boulevard, Puerto Vallarta",20.793164677437137,-105.15521926031764,"['fast-paced budget travel', 'luxury travelers', 'elderly travelers']","['Restrooms', 'Information Desk', 'Restaurant', 'Souvenir Shop', 'First Aid Station', 'Luggage Storage', 'city passes', 'luggage storage', 'self-guided tours', 'private tours', 'skip the line passes', 'VIP exclusive events', 'wheelchair rental', 'benches/rest areas']"
118,Puerto Vallarta,Mexico,Historic Site/Landmark,El Portal de las Historias,"El Portal de las Historias is a historic site in Puerto Vallarta, Mexico, popular for its memorable experiences. Entry fee is 16.97 USD. Recommended visit: 2 hours. Discover El Portal de las Historias, a notable historic site in Puerto Vallarta, Mexico, ideal for visitors. Open 09:00-17:30, entry 16.97 USD.",16.97,09:00-17:30,2 hours,3.5,"754-1 Nishi 1-chome, Puerto Vallarta",20.56422654112,-105.15326753139428,"['photography', 'luxury travelers', 'disabled traveler']","['Restrooms', 'Information Desk', 'Restaurant', 'Souvenir Shop', 'First Aid Station', 'Luggage Storage', 'photo spots', 'guided photo tours', 'charging stations', 'private tours', 'skip the line passes', 'VIP exclusive events', 'ramps', 'elevators', 'wheelchair rentals', 'accessible restrooms']"
119,Puerto Vallarta,Mexico,Historic Site/Landmark,Vallarta Heritage Walk,"Vallarta Heritage Walk is a historic site in Puerto Vallarta, Mexico, popular for its memorable experiences. Entry fee is 7.84 USD. Recommended visit: 2 hours. Discover Vallarta Heritage Walk, a notable historic site in Puerto Vallarta, Mexico, ideal for visitors. Open 08:30-20:00, entry 7.84 USD.",7.84,08:30-20:00,2 hours,3.5,"335 Chalong Road, Puerto Vallarta",20.74644190317029,-105.07112774176578,"['fast-paced budget travel', 'couples trip', 'road trip']","['Restrooms', 'Information Desk', 'Restaurant', 'Souvenir Shop', 'First Aid Station', 'Luggage Storage', 'city passes', 'luggage storage', 'self-guided tours', 'scenic spots', 'sunset cruises', 'special couples experiences', 'parking']"
120,Puerto Vallarta,Mexico,Historic Site/Landmark,Coral Moon Shrine,"Coral Moon Shrine is a historic site in Puerto Vallarta, Mexico, popular for its memorable experiences. Entry fee is 5.6 USD. Recommended visit: 2 hours. Discover Coral Moon Shrine, a notable historic site in Puerto Vallarta, Mexico, ideal for visitors. Open 09:30-17:00, entry 5.6 USD.",5.6,09:30-17:00,2 hours,3.5,"No. 588, Xueyuan Road, Futian District, Puerto Vallarta",20.74349360636149,-105.22684875283124,"['with pets', 'photography', 'disabled traveler']","['Restrooms', 'Information Desk', 'Restaurant', 'Souvenir Shop', 'First Aid Station', 'Luggage Storage', 'Pet-friendly', 'pet water stations', 'Pet rest area', 'photo spots', 'guided photo tours', 'charging stations', 'ramps', 'elevators', 'wheelchair rentals', 'accessible restrooms']"
121,Puerto Vallarta,Mexico,Historic Site/Landmark,Echo Hollow Ruins,"Echo Hollow Ruins is a historic site in Puerto Vallarta, Mexico, popular for its memorable experiences. Entry fee is 4.13 USD. Recommended visit: 2 hours. Discover Echo Hollow Ruins, a notable historic site in Puerto Vallarta, Mexico, ideal for visitors. Open 09:00-17:00, entry 4.13 USD.",4.13,09:00-17:00,2 hours,3.5,"922 Moo 5, Khlong Toei Road, Wattana, Puerto Vallarta",20.6340819644755,-105.20796082079995,"['solo women', 'foodie', 'disabled traveler']","['Restrooms', 'Information Desk', 'Restaurant', 'Souvenir Shop', 'First Aid Station', 'Luggage Storage', 'group tours', 'security', 'Food markets', 'tasting tours', 'ramps', 'elevators', 'wheelchair rentals', 'accessible restrooms']"
122,Puerto Vallarta,Mexico,Museum/Art Gallery,Tropical Canvas Gallery,"Tropical Canvas Gallery is a museum in Puerto Vallarta, Mexico, popular for its unique collections and exhibitions. Entry fee is 15.12 USD. Recommended visit: 2 hours. Discover Tropical Canvas Gallery, a renowned museum in Puerto Vallarta, Mexico, ideal for art lovers. Open 10:00-20:00, entry 15.12 USD.",15.12,10:00-20:00,2 hours,4.0,"No. 588, Zhangjiang High-Tech Park, Puerto Vallarta",20.527600116515583,-105.20401610616643,"['photography', 'road trip']","['Restrooms', 'Information Desk', 'Restaurant', 'Souvenir Shop', 'First Aid Station', 'Luggage Storage', 'photo spots', 'guided photo tours', 'charging stations', 'parking']"
123,Puerto Vallarta,Mexico,Museum/Art Gallery,Echoes of the Valley,"Echoes of the Valley is a museum in Puerto Vallarta, Mexico, popular for its unique collections and exhibitions. Entry fee is 7.79 USD. Recommended visit: 2 hours. Discover Echoes of the Valley, a renowned museum in Puerto Vallarta, Mexico, ideal for art lovers. Open 09:00-17:30, entry 7.79 USD.",7.79,09:00-17:30,2 hours,4.0,"No. 456 Riverside Road, Puerto Vallarta",20.77135673853943,-105.1838989223042,"['fast-paced budget travel', 'foodie', 'elderly travelers']","['Restrooms', 'Information Desk', 'Restaurant', 'Souvenir Shop', 'First Aid Station', 'Luggage Storage', 'city passes', 'luggage storage', 'self-guided tours', 'Food markets', 'tasting tours', 'wheelchair rental', 'benches/rest areas']"
124,Puerto Vallarta,Mexico,Museum/Art Gallery,Coral Cove Artisan Hub,"Coral Cove Artisan Hub is a museum in Puerto Vallarta, Mexico, popular for its unique collections and exhibitions. Entry fee is 16.33 USD. Recommended visit: 2 hours. Discover Coral Cove Artisan Hub, a renowned museum in Puerto Vallarta, Mexico, ideal for art lovers. Open 09:00-21:00, entry 16.33 USD.",16.33,09:00-21:00,2 hours,4.0,"375 Shibuya Crossing Street, Shibuya Ward, Puerto Vallarta",20.57858772350821,-105.14506789221927,"['nightlife enthusiast', 'photography', 'road trip']","['Restrooms', 'Information Desk', 'Restaurant', 'Souvenir Shop', 'First Aid Station', 'Luggage Storage', 'night markets', 'bars', 'evening shows', 'photo spots', 'guided photo tours', 'charging stations', 'parking']"
125,Puerto Vallarta,Mexico,Museum/Art Gallery,Tropical Visions Gallery,"Tropical Visions Gallery is a museum in Puerto Vallarta, Mexico, popular for its unique collections and exhibitions. Entry fee is 7.0 USD. Recommended visit: 2 hours. Discover Tropical Visions Gallery, a renowned museum in Puerto Vallarta, Mexico, ideal for art lovers. Open 09:00-17:30, entry 7.0 USD.",7.0,09:00-17:30,2 hours,4.0,"828 Seongsan Road, Puerto Vallarta",20.85517278738981,-105.0611995277952,"['photography', 'foodie']","['Restrooms', 'Information Desk', 'Restaurant', 'Souvenir Shop', 'First Aid Station', 'Luggage Storage', 'photo spots', 'guided photo tours', 'charging stations', 'Food markets', 'tasting tours']"
126,Puerto Vallarta,Mexico,Museum/Art Gallery,Cielo de Té,"Cielo de Té is a museum in Puerto Vallarta, Mexico, popular for its unique collections and exhibitions. Entry fee is 9.17 USD. Recommended visit: 2 hours. Discover Cielo de Té, a renowned museum in Puerto Vallarta, Mexico, ideal for art lovers. Open 10:00-18:00, entry 9.17 USD.",9.17,10:00-18:00,2 hours,4.0,"570 Sathorn Road, Puerto Vallarta",20.70090430115864,-105.25660444193277,['disabled traveler'],"['Restrooms', 'Information Desk', 'Restaurant', 'Souvenir Shop', 'First Aid Station', 'Luggage Storage', 'ramps', 'elevators', 'wheelchair rentals', 'accessible restrooms']"
127,Puerto Vallarta,Mexico,Museum/Art Gallery,Luminara Tropica,"Luminara Tropica is a museum in Puerto Vallarta, Mexico, popular for its unique collections and exhibitions. Entry fee is 12.28 USD. Recommended visit: 2 hours. Discover Luminara Tropica, a renowned museum in Puerto Vallarta, Mexico, ideal for art lovers. Open 09:00-17:00, entry 12.28 USD.",12.28,09:00-17:00,2 hours,4.0,"909 Sakura Street, Nakamura-ku, Puerto Vallarta",20.77679241346212,-105.10216498192084,"['with children', 'fast-paced budget travel', 'luxury travelers']","['Restrooms', 'Information Desk', 'Restaurant', 'Souvenir Shop', 'First Aid Station', 'Luggage Storage', 'family restrooms', 'Nursing facilities', 'city passes', 'luggage storage', 'self-guided tours', 'private tours', 'skip the line passes', 'VIP exclusive events']"
128,Puerto Vallarta,Mexico,Museum/Art Gallery,Tropical Tapestries Gallery,"Tropical Tapestries Gallery is a museum in Puerto Vallarta, Mexico, popular for its unique collections and exhibitions. Entry fee is 4.57 USD. Recommended visit: 2 hours. Discover Tropical Tapestries Gallery, a renowned museum in Puerto Vallarta, Mexico, ideal for art lovers. Open 19:00-22:00, entry 4.57 USD.",4.57,19:00-22:00,2 hours,4.0,"748 Thaweewong Road, Puerto Vallarta",20.559786079906203,-105.12991313112092,"['with pets', 'elderly travelers']","['Restrooms', 'Information Desk', 'Restaurant', 'Souvenir Shop', 'First Aid Station', 'Luggage Storage', 'Pet-friendly', 'pet water stations', 'Pet rest area', 'wheelchair rental', 'benches/rest areas']"
129,Puerto Vallarta,Mexico,Museum/Art Gallery,Tropical Visions Gallery No.2,"Tropical Visions Gallery is a museum in Puerto Vallarta, Mexico, popular for its unique collections and exhibitions. Entry fee is 286.14 USD. Recommended visit: 2 hours. Discover Tropical Visions Gallery, a renowned museum in Puerto Vallarta, Mexico, ideal for art lovers. Open 09:00-17:30, entry 286.14 USD.",286.14,09:00-17:30,2 hours,4.0,"No. 456, West Lake Road, Xihu District, Puerto Vallarta",20.553111677561937,-105.23302288266416,"['elderly travelers', 'with pets', 'disabled traveler']","['Restrooms', 'Information Desk', 'Restaurant', 'Souvenir Shop', 'First Aid Station', 'Luggage Storage', 'wheelchair rental', 'benches/rest areas', 'Pet-friendly', 'pet water stations', 'Pet rest area', 'ramps', 'elevators', 'wheelchair rentals', 'accessible restrooms']"
130,Puerto Vallarta,Mexico,Museum/Art Gallery,Tropical Tapestries Gallery No.2,"Tropical Tapestries Gallery is a museum in Puerto Vallarta, Mexico, popular for its unique collections and exhibitions. Entry fee is 86.45 USD. Recommended visit: 2 hours. Discover Tropical Tapestries Gallery, a renowned museum in Puerto Vallarta, Mexico, ideal for art lovers. Open 11:00-21:00, entry 86.45 USD.",86.45,11:00-21:00,2 hours,4.0,"717 Sakura Street, Puerto Vallarta",20.78029219601285,-105.07789889058908,"['nightlife enthusiast', 'with children', 'disabled traveler']","['Restrooms', 'Information Desk', 'Restaurant', 'Souvenir Shop', 'First Aid Station', 'Luggage Storage', 'night markets', 'bars', 'evening shows', 'family restrooms', 'Nursing facilities', 'ramps', 'elevators', 'wheelchair rentals', 'accessible restrooms']"
131,Puerto Vallarta,Mexico,Museum/Art Gallery,Cacao Museo de Sabores,"Cacao Museo de Sabores is a museum in Puerto Vallarta, Mexico, popular for its unique collections and exhibitions. Entry fee is 10.4 USD. Recommended visit: 2 hours. Discover Cacao Museo de Sabores, a renowned museum in Puerto Vallarta, Mexico, ideal for art lovers. Open 10:00-22:00, entry 10.4 USD.",10.4,10:00-22:00,2 hours,4.0,"540-8521 Shibuya, Puerto Vallarta",20.75637772333956,-105.0804677503546,"['with pets', 'disabled traveler', 'business travelers']","['Restrooms', 'Information Desk', 'Restaurant', 'Souvenir Shop', 'First Aid Station', 'Luggage Storage', 'Pet-friendly', 'pet water stations', 'Pet rest area', 'ramps', 'elevators', 'wheelchair rentals', 'accessible restrooms', 'High speed WiFi']"
132,Puerto Vallarta,Mexico,Museum/Art Gallery,Tropical Canvas Gallery No.2,"Tropical Canvas Gallery is a museum in Puerto Vallarta, Mexico, popular for its unique collections and exhibitions. Entry fee is 14.47 USD. Recommended visit: 2 hours. Discover Tropical Canvas Gallery, a renowned museum in Puerto Vallarta, Mexico, ideal for art lovers. Open 10:00-22:00, entry 14.47 USD.",14.47,10:00-22:00,2 hours,4.0,"123 Hollywood Road, Puerto Vallarta",20.588867685200817,-105.23667419968018,"['disabled traveler', 'foodie', 'elderly travelers']","['Restrooms', 'Information Desk', 'Restaurant', 'Souvenir Shop', 'First Aid Station', 'Luggage Storage', 'ramps', 'elevators', 'wheelchair rentals', 'accessible restrooms', 'Food markets', 'tasting tours', 'wheelchair rental', 'benches/rest areas']"
133,Puerto Vallarta,Mexico,Museum/Art Gallery,Tideline Marine Artistry,"Tideline Marine Artistry is a museum in Puerto Vallarta, Mexico, popular for its unique collections and exhibitions. Entry fee is 3.78 USD. Recommended visit: 2 hours. Discover Tideline Marine Artistry, a renowned museum in Puerto Vallarta, Mexico, ideal for art lovers. Open 10:00-21:00, entry 3.78 USD.",3.78,10:00-21:00,2 hours,4.0,"No. 456, West Lake Scenic Avenue, Puerto Vallarta",20.74986377758024,-105.1265951303689,"['disabled traveler', 'elderly travelers', 'road trip']","['Restrooms', 'Information Desk', 'Restaurant', 'Souvenir Shop', 'First Aid Station', 'Luggage Storage', 'ramps', 'elevators', 'wheelchair rentals', 'accessible restrooms', 'wheelchair rental', 'benches/rest areas', 'parking']"
134,Puerto Vallarta,Mexico,Museum/Art Gallery,Coral Bay Heritage House,"Coral Bay Heritage House is a museum in Puerto Vallarta, Mexico, popular for its unique collections and exhibitions. Entry fee is 24.92 USD. Recommended visit: 2 hours. Discover Coral Bay Heritage House, a renowned museum in Puerto Vallarta, Mexico, ideal for art lovers. Open 10:00-17:30, entry 24.92 USD.",24.92,10:00-17:30,2 hours,4.0,"389 Sairee Beach Road, Puerto Vallarta",20.55550178163401,-105.23575672276142,"['with children', 'luxury travelers', 'road trip']","['Restrooms', 'Information Desk', 'Restaurant', 'Souvenir Shop', 'First Aid Station', 'Luggage Storage', 'family restrooms', 'Nursing facilities', 'private tours', 'skip the line passes', 'VIP exclusive events', 'parking']"
135,Puerto Vallarta,Mexico,Museum/Art Gallery,Coral Dreams Gallery,"Coral Dreams Gallery is a museum in Puerto Vallarta, Mexico, popular for its unique collections and exhibitions. Entry fee is 9.52 USD. Recommended visit: 2 hours. Discover Coral Dreams Gallery, a renowned museum in Puerto Vallarta, Mexico, ideal for art lovers. Open 09:00-18:00, entry 9.52 USD.",9.52,09:00-18:00,2 hours,4.0,"No. 456 Riverside Lane, Puerto Vallarta",20.794390490040907,-105.14014149324775,"['fast-paced budget travel', 'with pets', 'photography']","['Restrooms', 'Information Desk', 'Restaurant', 'Souvenir Shop', 'First Aid Station', 'Luggage Storage', 'city passes', 'luggage storage', 'self-guided tours', 'Pet-friendly', 'pet water stations', 'Pet rest area', 'photo spots', 'guided photo tours', 'charging stations']"
136,Puerto Vallarta,Mexico,Museum/Art Gallery,Echoes of the Coast,"Echoes of the Coast is a museum in Puerto Vallarta, Mexico, popular for its unique collections and exhibitions. Entry fee is 5.61 USD. Recommended visit: 2 hours. Discover Echoes of the Coast, a renowned museum in Puerto Vallarta, Mexico, ideal for art lovers. Open 08:30-17:30, entry 5.61 USD.",5.61,08:30-17:30,2 hours,4.0,"103 Nishinari-ku, Puerto Vallarta",20.817754746259887,-105.1231591273812,"['fast-paced budget travel', 'solo women']","['Restrooms', 'Information Desk', 'Restaurant', 'Souvenir Shop', 'First Aid Station', 'Luggage Storage', 'city passes', 'luggage storage', 'self-guided tours', 'group tours', 'security']"
137,Puerto Vallarta,Mexico,Museum/Art Gallery,Coral Coast Cultural Mosaic,"Coral Coast Cultural Mosaic is a museum in Puerto Vallarta, Mexico, popular for its unique collections and exhibitions. Entry fee is 8.63 USD. Recommended visit: 2 hours. Discover Coral Coast Cultural Mosaic, a renowned museum in Puerto Vallarta, Mexico, ideal for art lovers. Open 10:00-20:00, entry 8.63 USD.",8.63,10:00-20:00,2 hours,4.0,"651 Jurong East Street 21, Puerto Vallarta",20.76411755470533,-105.00492720175092,['elderly travelers'],"['Restrooms', 'Information Desk', 'Restaurant', 'Souvenir Shop', 'First Aid Station', 'Luggage Storage', 'wheelchair rental', 'benches/rest areas']"
138,Puerto Vallarta,Mexico,Museum/Art Gallery,Tropical Heritage Artisan Gallery,"Tropical Heritage Artisan Gallery is a museum in Puerto Vallarta, Mexico, popular for its unique collections and exhibitions. Entry fee is 6.2 USD. Recommended visit: 2 hours. Discover Tropical Heritage Artisan Gallery, a renowned museum in Puerto Vallarta, Mexico, ideal for art lovers. Open 09:30-17:00, entry 6.2 USD.",6.2,09:30-17:00,2 hours,4.0,"960 Sakura Street, Naka Ward, Puerto Vallarta",20.75610817319215,-105.0411604224978,"['nightlife enthusiast', 'photography']","['Restrooms', 'Information Desk', 'Restaurant', 'Souvenir Shop', 'First Aid Station', 'Luggage Storage', 'night markets', 'bars', 'evening shows', 'photo spots', 'guided photo tours', 'charging stations']"
139,Puerto Vallarta,Mexico,Museum/Art Gallery,Luminous Tides Art Gallery,"Luminous Tides Art Gallery is a museum in Puerto Vallarta, Mexico, popular for its unique collections and exhibitions. Entry fee is 6.37 USD. Recommended visit: 2 hours. Discover Luminous Tides Art Gallery, a renowned museum in Puerto Vallarta, Mexico, ideal for art lovers. Open 09:00-17:30, entry 6.37 USD.",6.37,09:00-17:30,2 hours,4.0,"No. 189, Tianhe Road, Haizhu District, Puerto Vallarta",20.69422778258425,-105.22842618479912,"['fast-paced budget travel', 'with pets']","['Restrooms', 'Information Desk', 'Restaurant', 'Souvenir Shop', 'First Aid Station', 'Luggage Storage', 'city passes', 'luggage storage', 'self-guided tours', 'Pet-friendly', 'pet water stations', 'Pet rest area']"
140,Puerto Vallarta,Mexico,Museum/Art Gallery,Tides of Color Gallery,"Tides of Color Gallery is a museum in Puerto Vallarta, Mexico, popular for its unique collections and exhibitions. Entry fee is 37.37 USD. Recommended visit: 2 hours. Discover Tides of Color Gallery, a renowned museum in Puerto Vallarta, Mexico, ideal for art lovers. Open 09:00-18:00, entry 37.37 USD.",37.37,09:00-18:00,2 hours,4.0,"623 Sukhumvit Road, Puerto Vallarta",20.90223052251967,-105.07896130469504,"['with children', 'with pets', 'disabled traveler']","['Restrooms', 'Information Desk', 'Restaurant', 'Souvenir Shop', 'First Aid Station', 'Luggage Storage', 'family restrooms', 'Nursing facilities', 'Pet-friendly', 'pet water stations', 'Pet rest area', 'ramps', 'elevators', 'wheelchair rentals', 'accessible restrooms']"
141,Puerto Vallarta,Mexico,Museum/Art Gallery,Tides of Tradition Cultural Center,"Tides of Tradition Cultural Center is a museum in Puerto Vallarta, Mexico, popular for its unique collections and exhibitions. Entry fee is 4.35 USD. Recommended visit: 2 hours. Discover Tides of Tradition Cultural Center, a renowned museum in Puerto Vallarta, Mexico, ideal for art lovers. Open 09:00-17:30, entry 4.35 USD.",4.35,09:00-17:30,2 hours,4.0,"No. 1500 Century Avenue, Puerto Vallarta",20.65956311485624,-105.16751384154809,"['solo women', 'couples trip', 'road trip']","['Restrooms', 'Information Desk', 'Restaurant', 'Souvenir Shop', 'First Aid Station', 'Luggage Storage', 'group tours', 'security', 'scenic spots', 'sunset cruises', 'special couples experiences', 'parking']"
142,Puerto Vallarta,Mexico,Museum/Art Gallery,Tropical Artisan Nexus,"Tropical Artisan Nexus is a museum in Puerto Vallarta, Mexico, popular for its unique collections and exhibitions. Entry fee is 28.12 USD. Recommended visit: 2 hours. Discover Tropical Artisan Nexus, a renowned museum in Puerto Vallarta, Mexico, ideal for art lovers. Open 09:00-17:30, entry 28.12 USD.",28.12,09:00-17:30,2 hours,4.0,"737 Shinsaibashi Dori, Chuo Ward, Puerto Vallarta",20.82638614201497,-105.13934139693134,"['fast-paced budget travel', 'solo women', 'photography']","['Restrooms', 'Information Desk', 'Restaurant', 'Souvenir Shop', 'First Aid Station', 'Luggage Storage', 'city passes', 'luggage storage', 'self-guided tours', 'group tours', 'security', 'photo spots', 'guided photo tours', 'charging stations']"
143,Puerto Vallarta,Mexico,Museum/Art Gallery,Tropical Heritage Gallery,"Tropical Heritage Gallery is a museum in Puerto Vallarta, Mexico, popular for its unique collections and exhibitions. Entry fee is 52.55 USD. Recommended visit: 2 hours. Discover Tropical Heritage Gallery, a renowned museum in Puerto Vallarta, Mexico, ideal for art lovers. Open 08:30-17:00, entry 52.55 USD.",52.55,08:30-17:00,2 hours,4.0,"637 Shibuya Dogenzaka Street, Shibuya Ward, Puerto Vallarta",20.900865091741444,-105.107937400503,"['with children', 'with pets']","['Restrooms', 'Information Desk', 'Restaurant', 'Souvenir Shop', 'First Aid Station', 'Luggage Storage', 'family restrooms', 'Nursing facilities', 'Pet-friendly', 'pet water stations', 'Pet rest area']"
144,Puerto Vallarta,Mexico,Museum/Art Gallery,Vallarta Soundscapes Gallery,"Vallarta Soundscapes Gallery is a museum in Puerto Vallarta, Mexico, popular for its unique collections and exhibitions. Entry fee is 8.31 USD. Recommended visit: 2 hours. Discover Vallarta Soundscapes Gallery, a renowned museum in Puerto Vallarta, Mexico, ideal for art lovers. Open 10:00-17:00, entry 8.31 USD.",8.31,10:00-17:00,2 hours,4.0,"No. 456, Cultural Avenue, Puerto Vallarta",20.696754929653807,-105.17980025756071,"['with children', 'with pets', 'business travelers']","['Restrooms', 'Information Desk', 'Restaurant', 'Souvenir Shop', 'First Aid Station', 'Luggage Storage', 'family restrooms', 'Nursing facilities', 'Pet-friendly', 'pet water stations', 'Pet rest area', 'High speed WiFi']"
145,Puerto Vallarta,Mexico,Museum/Art Gallery,Tropical Tides Art & Discovery Center,"Tropical Tides Art & Discovery Center is a museum in Puerto Vallarta, Mexico, popular for its unique collections and exhibitions. Entry fee is 15.9 USD. Recommended visit: 2 hours. Discover Tropical Tides Art & Discovery Center, a renowned museum in Puerto Vallarta, Mexico, ideal for art lovers. Open 10:00-19:00, entry 15.9 USD.",15.9,10:00-19:00,2 hours,4.0,"No. 123 Wenshu Road, Puerto Vallarta",20.75453330008238,-105.0677927982598,"['nightlife enthusiast', 'couples trip', 'luxury travelers']","['Restrooms', 'Information Desk', 'Restaurant', 'Souvenir Shop', 'First Aid Station', 'Luggage Storage', 'night markets', 'bars', 'evening shows', 'scenic spots', 'sunset cruises', 'special couples experiences', 'private tours', 'skip the line passes', 'VIP exclusive events']"
146,Puerto Vallarta,Mexico,Museum/Art Gallery,Coral Strings Cultural Center,"Coral Strings Cultural Center is a museum in Puerto Vallarta, Mexico, popular for its unique collections and exhibitions. Entry fee is 2.77 USD. Recommended visit: 2 hours. Discover Coral Strings Cultural Center, a renowned museum in Puerto Vallarta, Mexico, ideal for art lovers. Open 10:00-19:00, entry 2.77 USD.",2.77,10:00-19:00,2 hours,4.0,"No. 456 Green Valley Road, Puerto Vallarta",20.61106281396077,-105.22549626816968,"['nightlife enthusiast', 'business travelers']","['Restrooms', 'Information Desk', 'Restaurant', 'Souvenir Shop', 'First Aid Station', 'Luggage Storage', 'night markets', 'bars', 'evening shows', 'High speed WiFi']"
147,Puerto Vallarta,Mexico,Museum/Art Gallery,Coral Coast Heritage Gallery,"Coral Coast Heritage Gallery is a museum in Puerto Vallarta, Mexico, popular for its unique collections and exhibitions. Entry fee is 7.46 USD. Recommended visit: 2 hours. Discover Coral Coast Heritage Gallery, a renowned museum in Puerto Vallarta, Mexico, ideal for art lovers. Open 09:30-17:00, entry 7.46 USD.",7.46,09:30-17:00,2 hours,4.0,"433 Shimbashi Street, Shinjuku Ward, Puerto Vallarta",20.726084440030647,-105.09149656068904,"['with children', 'foodie']","['Restrooms', 'Information Desk', 'Restaurant', 'Souvenir Shop', 'First Aid Station', 'Luggage Storage', 'family restrooms', 'Nursing facilities', 'Food markets', 'tasting tours']"
148,Puerto Vallarta,Mexico,Museum/Art Gallery,Coral Dreams Interactive Gallery,"Coral Dreams Interactive Gallery is a museum in Puerto Vallarta, Mexico, popular for its unique collections and exhibitions. Entry fee is 11.22 USD. Recommended visit: 2 hours. Discover Coral Dreams Interactive Gallery, a renowned museum in Puerto Vallarta, Mexico, ideal for art lovers. Open 09:30-17:00, entry 11.22 USD.",11.22,09:30-17:00,2 hours,4.0,"391 Seaside Promenade, Hakata-ku, Puerto Vallarta",20.771604605878448,-105.01534882071374,"['with children', 'photography', 'elderly travelers']","['Restrooms', 'Information Desk', 'Restaurant', 'Souvenir Shop', 'First Aid Station', 'Luggage Storage', 'family restrooms', 'Nursing facilities', 'photo spots', 'guided photo tours', 'charging stations', 'wheelchair rental', 'benches/rest areas']"
149,Puerto Vallarta,Mexico,Museum/Art Gallery,Tropical Warrior Heritage Center,"Tropical Warrior Heritage Center is a museum in Puerto Vallarta, Mexico, popular for its unique collections and exhibitions. Entry fee is 19.51 USD. Recommended visit: 2 hours. Discover Tropical Warrior Heritage Center, a renowned museum in Puerto Vallarta, Mexico, ideal for art lovers. Open 09:30-17:00, entry 19.51 USD.",19.51,09:30-17:00,2 hours,4.0,"No. 588, Zhongshan Road, Puerto Vallarta",20.75928090166294,-105.06408308121394,"['fast-paced budget travel', 'photography', 'couples trip']","['Restrooms', 'Information Desk', 'Restaurant', 'Souvenir Shop', 'First Aid Station', 'Luggage Storage', 'city passes', 'luggage storage', 'self-guided tours', 'photo spots', 'guided photo tours', 'charging stations', 'scenic spots', 'sunset cruises', 'special couples experiences']"
150,Puerto Vallarta,Mexico,Museum/Art Gallery,Coral Coast Wellness Haven,"Coral Coast Wellness Haven is a museum in Puerto Vallarta, Mexico, popular for its unique collections and exhibitions. Entry fee is 0.0 USD. Recommended visit: 2 hours. Discover Coral Coast Wellness Haven, a renowned museum in Puerto Vallarta, Mexico, ideal for art lovers. Open 09:00-17:30, entry 0.0 USD.",0.0,09:00-17:30,2 hours,4.0,"No. 888, Xueyuan Road, Puerto Vallarta",20.827074458935144,-105.08214276600972,"['solo women', 'foodie', 'business travelers']","['Restrooms', 'Information Desk', 'Restaurant', 'Souvenir Shop', 'First Aid Station', 'Luggage Storage', 'group tours', 'security', 'Food markets', 'tasting tours', 'High speed WiFi']"
