attraction_id,city_name,country,type,attraction_name,overview,ticket_price,open_hours,duration_of_visit,rate_of_restaurant,address,latitude,longitude,facilities_group,facilities
1,San Bartolomé,Spain,Nature/Scenery/Park,Valle del Silencio Nature Reserve,"Valle del Silencio Nature Reserve is a nature in San Bartolomé, Spain, popular for its natural scenery and relaxing atmosphere. Entry fee is 14.98 USD. Recommended visit: 3 hours. Discover Valle del Silencio Nature Reserve, a peaceful nature in San Bartolomé, Spain, ideal for nature lovers. Open 09:00-17:30, entry 14.98 USD.",14.98,09:00-17:30,3 hours,3.7,"939 Sakura-dori, San Bartolomé",29.000988456301645,-13.632479653952126,"['with children', 'solo women', 'disabled traveler']","['Restrooms', 'Information Desk', 'Restaurant', 'Souvenir Shop', 'First Aid Station', 'Luggage Storage', 'family restrooms', 'Nursing facilities', 'group tours', 'security', 'ramps', 'elevators', 'wheelchair rentals', 'accessible restrooms']"
2,San Bartolomé,Spain,Nature/Scenery/Park,Verdant Valley Trek,"Verdant Valley Trek is a nature in San Bartolomé, Spain, popular for its natural scenery and relaxing atmosphere. Entry fee is 13.95 USD. Recommended visit: 3 hours. Discover Verdant Valley Trek, a peaceful nature in San Bartolomé, Spain, ideal for nature lovers. Open 08:30-17:30, entry 13.95 USD.",13.95,08:30-17:30,3 hours,3.7,"788 Suthep Road, San Bartolomé",29.02321851753436,-13.641262678664368,['business travelers'],"['Restrooms', 'Information Desk', 'Restaurant', 'Souvenir Shop', 'First Aid Station', 'Luggage Storage', 'High speed WiFi']"
3,San Bartolomé,Spain,Nature/Scenery/Park,Crestwood Haven,"Crestwood Haven is a nature in San Bartolomé, Spain, popular for its natural scenery and relaxing atmosphere. Entry fee is 22.61 USD. Recommended visit: 3 hours. Discover Crestwood Haven, a peaceful nature in San Bartolomé, Spain, ideal for nature lovers. Open 08:30-17:30, entry 22.61 USD.",22.61,08:30-17:30,3 hours,3.7,"884 Sukhumvit Road, San Bartolomé",28.97062497360499,-13.619417388251293,"['nightlife enthusiast', 'with pets', 'couples trip']","['Restrooms', 'Information Desk', 'Restaurant', 'Souvenir Shop', 'First Aid Station', 'Luggage Storage', 'night markets', 'bars', 'evening shows', 'Pet-friendly', 'pet water stations', 'Pet rest area', 'scenic spots', 'sunset cruises', 'special couples experiences']"
4,San Bartolomé,Spain,Nature/Scenery/Park,Canyons of the Silver Tide,"Canyons of the Silver Tide is a nature in San Bartolomé, Spain, popular for its natural scenery and relaxing atmosphere. Entry fee is 4.36 USD. Recommended visit: 3 hours. Discover Canyons of the Silver Tide, a peaceful nature in San Bartolomé, Spain, ideal for nature lovers. Open 08:00-18:00, entry 4.36 USD.",4.36,08:00-18:00,3 hours,3.7,"135-8521, 3-11-18 Nishi-Shinjuku, Shinjuku City, San Bartolomé",28.99384369817102,-13.617776246088264,['fast-paced budget travel'],"['Restrooms', 'Information Desk', 'Restaurant', 'Souvenir Shop', 'First Aid Station', 'Luggage Storage', 'city passes', 'luggage storage', 'self-guided tours']"
5,San Bartolomé,Spain,Nature/Scenery/Park,Moonlit Bay Excursion,"Moonlit Bay Excursion is a nature in San Bartolomé, Spain, popular for its natural scenery and relaxing atmosphere. Entry fee is 29.53 USD. Recommended visit: 3 hours. Discover Moonlit Bay Excursion, a peaceful nature in San Bartolomé, Spain, ideal for nature lovers. Open 08:30-17:00, entry 29.53 USD.",29.53,08:30-17:00,3 hours,3.7,"No. 456, Jing'an Temple Road, San Bartolomé",28.972781360531503,-13.5884804926804,['disabled traveler'],"['Restrooms', 'Information Desk', 'Restaurant', 'Souvenir Shop', 'First Aid Station', 'Luggage Storage', 'ramps', 'elevators', 'wheelchair rentals', 'accessible restrooms']"
6,San Bartolomé,Spain,Nature/Scenery/Park,Cima Verde Natural Reserve,"Cima Verde Natural Reserve is a nature in San Bartolomé, Spain, popular for its natural scenery and relaxing atmosphere. Entry fee is 15.4 USD. Recommended visit: 3 hours. Discover Cima Verde Natural Reserve, a peaceful nature in San Bartolomé, Spain, ideal for nature lovers. Open 08:00-22:00, entry 15.4 USD.",15.4,08:00-22:00,3 hours,3.7,"734 Sakura Street, Namba Ward, San Bartolomé",29.00262264582289,-13.616592632808077,"['with children', 'solo women']","['Restrooms', 'Information Desk', 'Restaurant', 'Souvenir Shop', 'First Aid Station', 'Luggage Storage', 'family restrooms', 'Nursing facilities', 'group tours', 'security']"
7,San Bartolomé,Spain,Nature/Scenery/Park,Verdant Peak Eats,"Verdant Peak Eats is a nature in San Bartolomé, Spain, popular for its natural scenery and relaxing atmosphere. Entry fee is 20.74 USD. Recommended visit: 3 hours. Discover Verdant Peak Eats, a peaceful nature in San Bartolomé, Spain, ideal for nature lovers. Open 09:30-17:00, entry 20.74 USD.",20.74,09:30-17:00,3 hours,3.7,"797 Sathorn Road, Wat Phra Singh, San Bartolomé",29.0090197204938,-13.625800052729543,"['fast-paced budget travel', 'solo women', 'elderly travelers']","['Restrooms', 'Information Desk', 'Restaurant', 'Souvenir Shop', 'First Aid Station', 'Luggage Storage', 'city passes', 'luggage storage', 'self-guided tours', 'group tours', 'security', 'wheelchair rental', 'benches/rest areas']"
8,San Bartolomé,Spain,Nature/Scenery/Park,Valle del Sol Scenic Express + Cerro Mirador Sky Lift Ticket + Mirador del Sol Viewpoint,"Valle del Sol Scenic Express + Cerro Mirador Sky Lift Ticket + Mirador del Sol Viewpoint is a nature in San Bartolomé, Spain, popular for its natural scenery and relaxing atmosphere. Entry fee is 51.08 USD. Recommended visit: 3 hours. Discover Valle del Sol Scenic Express + Cerro Mirador Sky Lift Ticket + Mirador del Sol Viewpoint, a peaceful nature in San Bartolomé, Spain, ideal for nature lovers. Open 08:30-17:00, entry 51.08 USD.",51.08,08:30-17:00,3 hours,3.7,"No. 456, Olympic Park Road, San Bartolomé",28.970030773037923,-13.61289592872468,"['foodie', 'business travelers']","['Restrooms', 'Information Desk', 'Restaurant', 'Souvenir Shop', 'First Aid Station', 'Luggage Storage', 'Food markets', 'tasting tours', 'High speed WiFi']"
9,San Bartolomé,Spain,Nature/Scenery/Park,Azure Horizon Grove,"Azure Horizon Grove is a nature in San Bartolomé, Spain, popular for its natural scenery and relaxing atmosphere. Entry fee is 13.3 USD. Recommended visit: 3 hours. Discover Azure Horizon Grove, a peaceful nature in San Bartolomé, Spain, ideal for nature lovers. Open 19:00-23:00, entry 13.3 USD.",13.3,19:00-23:00,3 hours,3.7,"No. 128, Xingqing West Road, San Bartolomé",28.99611769185304,-13.602963963009456,"['with children', 'fast-paced budget travel', 'business travelers']","['Restrooms', 'Information Desk', 'Restaurant', 'Souvenir Shop', 'First Aid Station', 'Luggage Storage', 'family restrooms', 'Nursing facilities', 'city passes', 'luggage storage', 'self-guided tours', 'High speed WiFi']"
10,San Bartolomé,Spain,Nature/Scenery/Park,Verdant Vibe Playground,"Verdant Vibe Playground is a nature in San Bartolomé, Spain, popular for its natural scenery and relaxing atmosphere. Entry fee is 8.12 USD. Recommended visit: 3 hours. Discover Verdant Vibe Playground, a peaceful nature in San Bartolomé, Spain, ideal for nature lovers. Open 18:00-21:00, entry 8.12 USD.",8.12,18:00-21:00,3 hours,3.7,"No. 125, Huaqing Road, San Bartolomé",28.950916910828987,-13.609296875257254,"['elderly travelers', 'disabled traveler', 'business travelers']","['Restrooms', 'Information Desk', 'Restaurant', 'Souvenir Shop', 'First Aid Station', 'Luggage Storage', 'wheelchair rental', 'benches/rest areas', 'ramps', 'elevators', 'wheelchair rentals', 'accessible restrooms', 'High speed WiFi']"
11,San Bartolomé,Spain,Nature/Scenery/Park,Coral Cove Culinary Garden,"Coral Cove Culinary Garden is a nature in San Bartolomé, Spain, popular for its natural scenery and relaxing atmosphere. Entry fee is 116.65 USD. Recommended visit: 3 hours. Discover Coral Cove Culinary Garden, a peaceful nature in San Bartolomé, Spain, ideal for nature lovers. Open 08:00-20:00, entry 116.65 USD.",116.65,08:00-20:00,3 hours,3.7,"794 Sakura Street, Naka Ward, San Bartolomé",28.94747830334297,-13.606765279121092,"['fast-paced budget travel', 'solo women', 'business travelers']","['Restrooms', 'Information Desk', 'Restaurant', 'Souvenir Shop', 'First Aid Station', 'Luggage Storage', 'city passes', 'luggage storage', 'self-guided tours', 'group tours', 'security', 'High speed WiFi']"
12,San Bartolomé,Spain,Nature/Scenery/Park,Verdant Veil Sanctuary,"Verdant Veil Sanctuary is a nature in San Bartolomé, Spain, popular for its natural scenery and relaxing atmosphere. Entry fee is 5.6 USD. Recommended visit: 3 hours. Discover Verdant Veil Sanctuary, a peaceful nature in San Bartolomé, Spain, ideal for nature lovers. Open 09:00-18:00, entry 5.6 USD.",5.6,09:00-18:00,3 hours,3.7,"468 Harajuku Street, Shibuya, San Bartolomé",28.98051498162755,-13.621449579930024,['road trip'],"['Restrooms', 'Information Desk', 'Restaurant', 'Souvenir Shop', 'First Aid Station', 'Luggage Storage', 'parking']"
13,San Bartolomé,Spain,Nature/Scenery/Park,El Cielo Termal,"El Cielo Termal is a nature in San Bartolomé, Spain, popular for its natural scenery and relaxing atmosphere. Entry fee is 24.24 USD. Recommended visit: 3 hours. Discover El Cielo Termal, a peaceful nature in San Bartolomé, Spain, ideal for nature lovers. Open 09:00-18:00, entry 24.24 USD.",24.24,09:00-18:00,3 hours,3.7,"305 Hibikino Street, San Bartolomé",28.967799745290108,-13.611294247342787,"['luxury travelers', 'elderly travelers', 'road trip']","['Restrooms', 'Information Desk', 'Restaurant', 'Souvenir Shop', 'First Aid Station', 'Luggage Storage', 'private tours', 'skip the line passes', 'VIP exclusive events', 'wheelchair rental', 'benches/rest areas', 'parking']"
14,San Bartolomé,Spain,Nature/Scenery/Park,Luminous Glade Reserve,"Luminous Glade Reserve is a nature in San Bartolomé, Spain, popular for its natural scenery and relaxing atmosphere. Entry fee is 75.28 USD. Recommended visit: 3 hours. Discover Luminous Glade Reserve, a peaceful nature in San Bartolomé, Spain, ideal for nature lovers. Open 08:00-17:30, entry 75.28 USD.",75.28,08:00-17:30,3 hours,3.7,"No. 456, Xingqing West Road, San Bartolomé",28.97947437906484,-13.62255678642949,"['with pets', 'foodie']","['Restrooms', 'Information Desk', 'Restaurant', 'Souvenir Shop', 'First Aid Station', 'Luggage Storage', 'Pet-friendly', 'pet water stations', 'Pet rest area', 'Food markets', 'tasting tours']"
15,San Bartolomé,Spain,Nature/Scenery/Park,Valley of Verdant Whispers,"Valley of Verdant Whispers is a nature in San Bartolomé, Spain, popular for its natural scenery and relaxing atmosphere. Entry fee is 11.76 USD. Recommended visit: 3 hours. Discover Valley of Verdant Whispers, a peaceful nature in San Bartolomé, Spain, ideal for nature lovers. Open 09:00-19:00, entry 11.76 USD.",11.76,09:00-19:00,3 hours,3.7,"771 Sakura Street, San Bartolomé",29.001763733938866,-13.640961956922476,"['with children', 'luxury travelers', 'business travelers']","['Restrooms', 'Information Desk', 'Restaurant', 'Souvenir Shop', 'First Aid Station', 'Luggage Storage', 'family restrooms', 'Nursing facilities', 'private tours', 'skip the line passes', 'VIP exclusive events', 'High speed WiFi']"
16,San Bartolomé,Spain,Nature/Scenery/Park,Cielo Verde Coastal Carriage,"Cielo Verde Coastal Carriage is a nature in San Bartolomé, Spain, popular for its natural scenery and relaxing atmosphere. Entry fee is 294.64 USD. Recommended visit: 3 hours. Discover Cielo Verde Coastal Carriage, a peaceful nature in San Bartolomé, Spain, ideal for nature lovers. Open 09:00-17:30, entry 294.64 USD.",294.64,09:00-17:30,3 hours,3.7,"863 Nishiokurayama, Sumiyoshi Ward, San Bartolomé",29.018162789530194,-13.638667685602933,"['couples trip', 'elderly travelers', 'road trip']","['Restrooms', 'Information Desk', 'Restaurant', 'Souvenir Shop', 'First Aid Station', 'Luggage Storage', 'scenic spots', 'sunset cruises', 'special couples experiences', 'wheelchair rental', 'benches/rest areas', 'parking']"
17,San Bartolomé,Spain,Nature/Scenery/Park,Verdant Hollow Sanctuary,"Verdant Hollow Sanctuary is a nature in San Bartolomé, Spain, popular for its natural scenery and relaxing atmosphere. Entry fee is 31.52 USD. Recommended visit: 3 hours. Discover Verdant Hollow Sanctuary, a peaceful nature in San Bartolomé, Spain, ideal for nature lovers. Open 09:00-21:00, entry 31.52 USD.",31.52,09:00-21:00,3 hours,3.7,"989 Sakura Street, Chuo Ward, San Bartolomé",28.99155401775236,-13.64254936498372,"['fast-paced budget travel', 'with pets', 'business travelers']","['Restrooms', 'Information Desk', 'Restaurant', 'Souvenir Shop', 'First Aid Station', 'Luggage Storage', 'city passes', 'luggage storage', 'self-guided tours', 'Pet-friendly', 'pet water stations', 'Pet rest area', 'High speed WiFi']"
18,San Bartolomé,Spain,Nature/Scenery/Park,Verdant Echoes Botanical Sanctuary,"Verdant Echoes Botanical Sanctuary is a nature in San Bartolomé, Spain, popular for its natural scenery and relaxing atmosphere. Entry fee is 12.53 USD. Recommended visit: 3 hours. Discover Verdant Echoes Botanical Sanctuary, a peaceful nature in San Bartolomé, Spain, ideal for nature lovers. Open 09:00-17:30, entry 12.53 USD.",12.53,09:00-17:30,3 hours,3.7,"833 Rachadaphisek Road, Pathum Wan, San Bartolomé",29.00449729276914,-13.601164891181702,"['with children', 'foodie', 'disabled traveler']","['Restrooms', 'Information Desk', 'Restaurant', 'Souvenir Shop', 'First Aid Station', 'Luggage Storage', 'family restrooms', 'Nursing facilities', 'Food markets', 'tasting tours', 'ramps', 'elevators', 'wheelchair rentals', 'accessible restrooms']"
19,San Bartolomé,Spain,Nature/Scenery/Park,Cumbre de los Sueños Botanical Sanctuary,"Cumbre de los Sueños Botanical Sanctuary is a nature in San Bartolomé, Spain, popular for its natural scenery and relaxing atmosphere. Entry fee is 10.5 USD. Recommended visit: 3 hours. Discover Cumbre de los Sueños Botanical Sanctuary, a peaceful nature in San Bartolomé, Spain, ideal for nature lovers. Open 08:30-17:30, entry 10.5 USD.",10.5,08:30-17:30,3 hours,3.7,"169 Gwangjang-ro, Jung-gu, San Bartolomé",28.97421993744611,-13.594903287566492,"['fast-paced budget travel', 'solo women', 'elderly travelers']","['Restrooms', 'Information Desk', 'Restaurant', 'Souvenir Shop', 'First Aid Station', 'Luggage Storage', 'city passes', 'luggage storage', 'self-guided tours', 'group tours', 'security', 'wheelchair rental', 'benches/rest areas']"
20,San Bartolomé,Spain,Nature/Scenery/Park,Azure Cove Shores,"Azure Cove Shores is a nature in San Bartolomé, Spain, popular for its natural scenery and relaxing atmosphere. Entry fee is 26.32 USD. Recommended visit: 3 hours. Discover Azure Cove Shores, a peaceful nature in San Bartolomé, Spain, ideal for nature lovers. Open 09:00-17:00, entry 26.32 USD.",26.32,09:00-17:00,3 hours,3.7,"123 Huangpu River Promenade, San Bartolomé",28.99263625681616,-13.634068207877432,"['nightlife enthusiast', 'photography', 'couples trip']","['Restrooms', 'Information Desk', 'Restaurant', 'Souvenir Shop', 'First Aid Station', 'Luggage Storage', 'night markets', 'bars', 'evening shows', 'photo spots', 'guided photo tours', 'charging stations', 'scenic spots', 'sunset cruises', 'special couples experiences']"
21,San Bartolomé,Spain,Nature/Scenery/Park,Whispering Peaks,"Whispering Peaks is a nature in San Bartolomé, Spain, popular for its natural scenery and relaxing atmosphere. Entry fee is 33.27 USD. Recommended visit: 3 hours. Discover Whispering Peaks, a peaceful nature in San Bartolomé, Spain, ideal for nature lovers. Open 08:30-18:00, entry 33.27 USD.",33.27,08:30-18:00,3 hours,3.7,"946 Hibikino Street, San Bartolomé",28.99567809372572,-13.604528746183034,"['fast-paced budget travel', 'luxury travelers', 'elderly travelers']","['Restrooms', 'Information Desk', 'Restaurant', 'Souvenir Shop', 'First Aid Station', 'Luggage Storage', 'city passes', 'luggage storage', 'self-guided tours', 'private tours', 'skip the line passes', 'VIP exclusive events', 'wheelchair rental', 'benches/rest areas']"
22,San Bartolomé,Spain,Nature/Scenery/Park,Coral Bay Marine Sanctuary,"Coral Bay Marine Sanctuary is a nature in San Bartolomé, Spain, popular for its natural scenery and relaxing atmosphere. Entry fee is 0.0 USD. Recommended visit: 3 hours. Discover Coral Bay Marine Sanctuary, a peaceful nature in San Bartolomé, Spain, ideal for nature lovers. Open 08:30-17:00, entry 0.0 USD.",0.0,08:30-17:00,3 hours,3.7,"677 Jurong East Ave 6, San Bartolomé",29.00516464234691,-13.638831830286607,"['with children', 'photography', 'elderly travelers']","['Restrooms', 'Information Desk', 'Restaurant', 'Souvenir Shop', 'First Aid Station', 'Luggage Storage', 'family restrooms', 'Nursing facilities', 'photo spots', 'guided photo tours', 'charging stations', 'wheelchair rental', 'benches/rest areas']"
23,San Bartolomé,Spain,Nature/Scenery/Park,The Whispering Pathway,"The Whispering Pathway is a nature in San Bartolomé, Spain, popular for its natural scenery and relaxing atmosphere. Entry fee is 11.05 USD. Recommended visit: 3 hours. Discover The Whispering Pathway, a peaceful nature in San Bartolomé, Spain, ideal for nature lovers. Open 08:30-17:00, entry 11.05 USD.",11.05,08:30-17:00,3 hours,3.7,"935/10 Sathorn Road, Watthana District, San Bartolomé",28.97429761209628,-13.611501157339193,"['luxury travelers', 'elderly travelers']","['Restrooms', 'Information Desk', 'Restaurant', 'Souvenir Shop', 'First Aid Station', 'Luggage Storage', 'private tours', 'skip the line passes', 'VIP exclusive events', 'wheelchair rental', 'benches/rest areas']"
24,San Bartolomé,Spain,Nature/Scenery/Park,Verdant Veil Trail,"Verdant Veil Trail is a nature in San Bartolomé, Spain, popular for its natural scenery and relaxing atmosphere. Entry fee is 4.87 USD. Recommended visit: 3 hours. Discover Verdant Veil Trail, a peaceful nature in San Bartolomé, Spain, ideal for nature lovers. Open 09:00-17:30, entry 4.87 USD.",4.87,09:00-17:30,3 hours,3.7,"No. 58, Jiangbeilu, Yuzhong District, San Bartolomé",29.01751707100057,-13.644546464903147,"['with pets', 'couples trip', 'disabled traveler']","['Restrooms', 'Information Desk', 'Restaurant', 'Souvenir Shop', 'First Aid Station', 'Luggage Storage', 'Pet-friendly', 'pet water stations', 'Pet rest area', 'scenic spots', 'sunset cruises', 'special couples experiences', 'ramps', 'elevators', 'wheelchair rentals', 'accessible restrooms']"
25,San Bartolomé,Spain,Nature/Scenery/Park,Coves of El Mirador & Hidden Grotto,"Coves of El Mirador & Hidden Grotto is a nature in San Bartolomé, Spain, popular for its natural scenery and relaxing atmosphere. Entry fee is 2.0 USD. Recommended visit: 3 hours. Discover Coves of El Mirador & Hidden Grotto, a peaceful nature in San Bartolomé, Spain, ideal for nature lovers. Open 08:30-17:00, entry 2.0 USD.",2.0,08:30-17:00,3 hours,3.7,"286-567 Naka-ku, San Bartolomé",29.00899775089954,-13.637132271196364,"['with pets', 'photography', 'disabled traveler']","['Restrooms', 'Information Desk', 'Restaurant', 'Souvenir Shop', 'First Aid Station', 'Luggage Storage', 'Pet-friendly', 'pet water stations', 'Pet rest area', 'photo spots', 'guided photo tours', 'charging stations', 'ramps', 'elevators', 'wheelchair rentals', 'accessible restrooms']"
26,San Bartolomé,Spain,Nature/Scenery/Park,Luminara River Serenade & Celestial Grove Performance,"Luminara River Serenade & Celestial Grove Performance is a nature in San Bartolomé, Spain, popular for its natural scenery and relaxing atmosphere. Entry fee is 17.5 USD. Recommended visit: 3 hours. Discover Luminara River Serenade & Celestial Grove Performance, a peaceful nature in San Bartolomé, Spain, ideal for nature lovers. Open 08:30-17:00, entry 17.5 USD.",17.5,08:30-17:00,3 hours,3.7,"977 Phra Singh Road, San Bartolomé",28.960484705962795,-13.6175139909378,"['luxury travelers', 'disabled traveler', 'road trip']","['Restrooms', 'Information Desk', 'Restaurant', 'Souvenir Shop', 'First Aid Station', 'Luggage Storage', 'private tours', 'skip the line passes', 'VIP exclusive events', 'ramps', 'elevators', 'wheelchair rentals', 'accessible restrooms', 'parking']"
27,San Bartolomé,Spain,Nature/Scenery/Park,Canyon of Whispering Stones,"Canyon of Whispering Stones is a nature in San Bartolomé, Spain, popular for its natural scenery and relaxing atmosphere. Entry fee is 37.95 USD. Recommended visit: 3 hours. Discover Canyon of Whispering Stones, a peaceful nature in San Bartolomé, Spain, ideal for nature lovers. Open 09:00-21:00, entry 37.95 USD.",37.95,09:00-21:00,3 hours,3.7,"323 Sukhumvit Road, Khlong Toei District, San Bartolomé",29.004916363703,-13.586888723334509,"['nightlife enthusiast', 'elderly travelers', 'road trip']","['Restrooms', 'Information Desk', 'Restaurant', 'Souvenir Shop', 'First Aid Station', 'Luggage Storage', 'night markets', 'bars', 'evening shows', 'wheelchair rental', 'benches/rest areas', 'parking']"
28,San Bartolomé,Spain,Nature/Scenery/Park,Cielo de San Bartolomé,"Cielo de San Bartolomé is a nature in San Bartolomé, Spain, popular for its natural scenery and relaxing atmosphere. Entry fee is 7.7 USD. Recommended visit: 3 hours. Discover Cielo de San Bartolomé, a peaceful nature in San Bartolomé, Spain, ideal for nature lovers. Open 08:00-19:00, entry 7.7 USD.",7.7,08:00-19:00,3 hours,3.7,"178 Sathorn Road, Silom, San Bartolomé",28.988018828753315,-13.630738047127585,"['solo women', 'elderly travelers', 'business travelers']","['Restrooms', 'Information Desk', 'Restaurant', 'Souvenir Shop', 'First Aid Station', 'Luggage Storage', 'group tours', 'security', 'wheelchair rental', 'benches/rest areas', 'High speed WiFi']"
29,San Bartolomé,Spain,Nature/Scenery/Park,Whispering Trails of San Bartolomé,"Whispering Trails of San Bartolomé is a nature in San Bartolomé, Spain, popular for its natural scenery and relaxing atmosphere. Entry fee is 1.4 USD. Recommended visit: 3 hours. Discover Whispering Trails of San Bartolomé, a peaceful nature in San Bartolomé, Spain, ideal for nature lovers. Open 08:30-19:00, entry 1.4 USD.",1.4,08:30-19:00,3 hours,3.7,"No. 456, Haiyue Road, San Bartolomé",28.97954398606567,-13.61666114250274,"['nightlife enthusiast', 'with pets', 'photography']","['Restrooms', 'Information Desk', 'Restaurant', 'Souvenir Shop', 'First Aid Station', 'Luggage Storage', 'night markets', 'bars', 'evening shows', 'Pet-friendly', 'pet water stations', 'Pet rest area', 'photo spots', 'guided photo tours', 'charging stations']"
30,San Bartolomé,Spain,Nature/Scenery/Park,Canyon Vista Trail,"Canyon Vista Trail is a nature in San Bartolomé, Spain, popular for its natural scenery and relaxing atmosphere. Entry fee is 6.44 USD. Recommended visit: 3 hours. Discover Canyon Vista Trail, a peaceful nature in San Bartolomé, Spain, ideal for nature lovers. Open 08:30-17:00, entry 6.44 USD.",6.44,08:30-17:00,3 hours,3.7,"683 Saphan Lee Road, San Bartolomé",28.98966884300577,-13.599274091309974,"['with children', 'photography', 'elderly travelers']","['Restrooms', 'Information Desk', 'Restaurant', 'Souvenir Shop', 'First Aid Station', 'Luggage Storage', 'family restrooms', 'Nursing facilities', 'photo spots', 'guided photo tours', 'charging stations', 'wheelchair rental', 'benches/rest areas']"
31,San Bartolomé,Spain,Nature/Scenery/Park,Canyon Walk of El Sol,"Canyon Walk of El Sol is a nature in San Bartolomé, Spain, popular for its natural scenery and relaxing atmosphere. Entry fee is 7.35 USD. Recommended visit: 3 hours. Discover Canyon Walk of El Sol, a peaceful nature in San Bartolomé, Spain, ideal for nature lovers. Open 08:00-20:00, entry 7.35 USD.",7.35,08:00-20:00,3 hours,3.7,"159 Sakura Street, Shibuya Ward, San Bartolomé",28.99954609076317,-13.622652103957035,"['nightlife enthusiast', 'with children', 'disabled traveler']","['Restrooms', 'Information Desk', 'Restaurant', 'Souvenir Shop', 'First Aid Station', 'Luggage Storage', 'night markets', 'bars', 'evening shows', 'family restrooms', 'Nursing facilities', 'ramps', 'elevators', 'wheelchair rentals', 'accessible restrooms']"
32,San Bartolomé,Spain,Nature/Scenery/Park,Cielo Verde Valley,"Cielo Verde Valley is a nature in San Bartolomé, Spain, popular for its natural scenery and relaxing atmosphere. Entry fee is 8.65 USD. Recommended visit: 3 hours. Discover Cielo Verde Valley, a peaceful nature in San Bartolomé, Spain, ideal for nature lovers. Open 08:00-20:00, entry 8.65 USD.",8.65,08:00-20:00,3 hours,3.7,"955 Chalong Road, San Bartolomé",29.016062589344365,-13.61366824665046,['with pets'],"['Restrooms', 'Information Desk', 'Restaurant', 'Souvenir Shop', 'First Aid Station', 'Luggage Storage', 'Pet-friendly', 'pet water stations', 'Pet rest area']"
33,San Bartolomé,Spain,Nature/Scenery/Park,Verdant Mirage Sanctuary,"Verdant Mirage Sanctuary is a nature in San Bartolomé, Spain, popular for its natural scenery and relaxing atmosphere. Entry fee is 9.8 USD. Recommended visit: 3 hours. Discover Verdant Mirage Sanctuary, a peaceful nature in San Bartolomé, Spain, ideal for nature lovers. Open 08:30-20:00, entry 9.8 USD.",9.8,08:30-20:00,3 hours,3.7,"No. 588 Jiangwan Road, San Bartolomé",28.95071265421128,-13.600847011181854,"['photography', 'foodie', 'elderly travelers']","['Restrooms', 'Information Desk', 'Restaurant', 'Souvenir Shop', 'First Aid Station', 'Luggage Storage', 'photo spots', 'guided photo tours', 'charging stations', 'Food markets', 'tasting tours', 'wheelchair rental', 'benches/rest areas']"
34,San Bartolomé,Spain,Nature/Scenery/Park,Casa del Sol Serenity Spa & Wellness Garden,"Casa del Sol Serenity Spa & Wellness Garden is a nature in San Bartolomé, Spain, popular for its natural scenery and relaxing atmosphere. Entry fee is 12.93 USD. Recommended visit: 3 hours. Discover Casa del Sol Serenity Spa & Wellness Garden, a peaceful nature in San Bartolomé, Spain, ideal for nature lovers. Open 09:00-17:30, entry 12.93 USD.",12.93,09:00-17:30,3 hours,3.7,"606-12, Gangchon Station-ro, Nowon-gu, San Bartolomé",28.98725846466765,-13.59075819194926,"['fast-paced budget travel', 'luxury travelers']","['Restrooms', 'Information Desk', 'Restaurant', 'Souvenir Shop', 'First Aid Station', 'Luggage Storage', 'city passes', 'luggage storage', 'self-guided tours', 'private tours', 'skip the line passes', 'VIP exclusive events']"
35,San Bartolomé,Spain,Nature/Scenery/Park,Crystal Peaks Summit,"Crystal Peaks Summit is a nature in San Bartolomé, Spain, popular for its natural scenery and relaxing atmosphere. Entry fee is 94.11 USD. Recommended visit: 3 hours. Discover Crystal Peaks Summit, a peaceful nature in San Bartolomé, Spain, ideal for nature lovers. Open 06:00-20:00, entry 94.11 USD.",94.11,06:00-20:00,3 hours,3.7,"251-8901 Shuri-cho, San Bartolomé",28.980933441036857,-13.628791168930494,"['luxury travelers', 'elderly travelers', 'road trip']","['Restrooms', 'Information Desk', 'Restaurant', 'Souvenir Shop', 'First Aid Station', 'Luggage Storage', 'private tours', 'skip the line passes', 'VIP exclusive events', 'wheelchair rental', 'benches/rest areas', 'parking']"
36,San Bartolomé,Spain,Nature/Scenery/Park,Verdant Wilds Explorer Trail,"Verdant Wilds Explorer Trail is a nature in San Bartolomé, Spain, popular for its natural scenery and relaxing atmosphere. Entry fee is 2059.2 USD. Recommended visit: 3 hours. Discover Verdant Wilds Explorer Trail, a peaceful nature in San Bartolomé, Spain, ideal for nature lovers. Open 09:00-17:30, entry 2059.2 USD.",2059.2,09:00-17:30,3 hours,3.7,"No. 128, Huangpu Park Road, San Bartolomé",28.959424182670475,-13.594440517069229,"['fast-paced budget travel', 'solo women', 'disabled traveler']","['Restrooms', 'Information Desk', 'Restaurant', 'Souvenir Shop', 'First Aid Station', 'Luggage Storage', 'city passes', 'luggage storage', 'self-guided tours', 'group tours', 'security', 'ramps', 'elevators', 'wheelchair rentals', 'accessible restrooms']"
37,San Bartolomé,Spain,Nature/Scenery/Park,Cumbre del Sol Panoramic Lounge,"Cumbre del Sol Panoramic Lounge is a nature in San Bartolomé, Spain, popular for its natural scenery and relaxing atmosphere. Entry fee is 4.12 USD. Recommended visit: 3 hours. Discover Cumbre del Sol Panoramic Lounge, a peaceful nature in San Bartolomé, Spain, ideal for nature lovers. Open 09:00-18:00, entry 4.12 USD.",4.12,09:00-18:00,3 hours,3.7,"790 Sakura Street, San Bartolomé",28.978706171352428,-13.620162404492714,"['nightlife enthusiast', 'with children', 'elderly travelers']","['Restrooms', 'Information Desk', 'Restaurant', 'Souvenir Shop', 'First Aid Station', 'Luggage Storage', 'night markets', 'bars', 'evening shows', 'family restrooms', 'Nursing facilities', 'wheelchair rental', 'benches/rest areas']"
38,San Bartolomé,Spain,Nature/Scenery/Park,Verdant Hollow Reserve,"Verdant Hollow Reserve is a nature in San Bartolomé, Spain, popular for its natural scenery and relaxing atmosphere. Entry fee is 2.8 USD. Recommended visit: 3 hours. Discover Verdant Hollow Reserve, a peaceful nature in San Bartolomé, Spain, ideal for nature lovers. Open 10:00-22:00, entry 2.8 USD.",2.8,10:00-22:00,3 hours,3.7,"119 Seaside Promenade, San Bartolomé",29.005287825935827,-13.60115130074513,"['with children', 'road trip']","['Restrooms', 'Information Desk', 'Restaurant', 'Souvenir Shop', 'First Aid Station', 'Luggage Storage', 'family restrooms', 'Nursing facilities', 'parking']"
39,San Bartolomé,Spain,Nature/Scenery/Park,Canyon Vista Sanctuary,"Canyon Vista Sanctuary is a nature in San Bartolomé, Spain, popular for its natural scenery and relaxing atmosphere. Entry fee is 55.55 USD. Recommended visit: 3 hours. Discover Canyon Vista Sanctuary, a peaceful nature in San Bartolomé, Spain, ideal for nature lovers. Open 09:30-17:00, entry 55.55 USD.",55.55,09:30-17:00,3 hours,3.7,"903-1 Nishinoshita 3-chome, San Bartolomé",29.019231719685564,-13.608016755702533,"['nightlife enthusiast', 'fast-paced budget travel', 'with pets']","['Restrooms', 'Information Desk', 'Restaurant', 'Souvenir Shop', 'First Aid Station', 'Luggage Storage', 'night markets', 'bars', 'evening shows', 'city passes', 'luggage storage', 'self-guided tours', 'Pet-friendly', 'pet water stations', 'Pet rest area']"
40,San Bartolomé,Spain,Nature/Scenery/Park,Sunset Kayak Expedition to Hidden Lagoons,"Sunset Kayak Expedition to Hidden Lagoons is a nature in San Bartolomé, Spain, popular for its natural scenery and relaxing atmosphere. Entry fee is 3.36 USD. Recommended visit: 3 hours. Discover Sunset Kayak Expedition to Hidden Lagoons, a peaceful nature in San Bartolomé, Spain, ideal for nature lovers. Open 10:00-18:00, entry 3.36 USD.",3.36,10:00-18:00,3 hours,3.7,"792-8901 Fukuoka City, Naka-ku, San Bartolomé",28.982715245776447,-13.616959132974197,"['with children', 'solo women', 'couples trip']","['Restrooms', 'Information Desk', 'Restaurant', 'Souvenir Shop', 'First Aid Station', 'Luggage Storage', 'family restrooms', 'Nursing facilities', 'group tours', 'security', 'scenic spots', 'sunset cruises', 'special couples experiences']"
41,San Bartolomé,Spain,Nature/Scenery/Park,Cielo de San Bartolomé Sky Lantern Park,"Cielo de San Bartolomé Sky Lantern Park is a nature in San Bartolomé, Spain, popular for its natural scenery and relaxing atmosphere. Entry fee is 7.57 USD. Recommended visit: 3 hours. Discover Cielo de San Bartolomé Sky Lantern Park, a peaceful nature in San Bartolomé, Spain, ideal for nature lovers. Open 08:30-17:30, entry 7.57 USD.",7.57,08:30-17:30,3 hours,3.7,"988 Orchard Road, San Bartolomé",28.98018100500488,-13.586415022733688,"['nightlife enthusiast', 'with pets', 'elderly travelers']","['Restrooms', 'Information Desk', 'Restaurant', 'Souvenir Shop', 'First Aid Station', 'Luggage Storage', 'night markets', 'bars', 'evening shows', 'Pet-friendly', 'pet water stations', 'Pet rest area', 'wheelchair rental', 'benches/rest areas']"
42,San Bartolomé,Spain,Nature/Scenery/Park,Secret Cove Canoe Safaris,"Secret Cove Canoe Safaris is a nature in San Bartolomé, Spain, popular for its natural scenery and relaxing atmosphere. Entry fee is 19.18 USD. Recommended visit: 3 hours. Discover Secret Cove Canoe Safaris, a peaceful nature in San Bartolomé, Spain, ideal for nature lovers. Open 08:30-17:30, entry 19.18 USD.",19.18,08:30-17:30,3 hours,3.7,"531 Suthep Road, San Bartolomé",29.0077820593448,-13.64044738984977,"['fast-paced budget travel', 'solo women', 'photography']","['Restrooms', 'Information Desk', 'Restaurant', 'Souvenir Shop', 'First Aid Station', 'Luggage Storage', 'city passes', 'luggage storage', 'self-guided tours', 'group tours', 'security', 'photo spots', 'guided photo tours', 'charging stations']"
43,San Bartolomé,Spain,Nature/Scenery/Park,Catalan Springflower Sanctuary,"Catalan Springflower Sanctuary is a nature in San Bartolomé, Spain, popular for its natural scenery and relaxing atmosphere. Entry fee is 5.15 USD. Recommended visit: 3 hours. Discover Catalan Springflower Sanctuary, a peaceful nature in San Bartolomé, Spain, ideal for nature lovers. Open 08:30-17:30, entry 5.15 USD.",5.15,08:30-17:30,3 hours,3.7,"868 Sairee Road, San Bartolomé",28.98395686043333,-13.604705364243753,"['with children', 'photography', 'with pets']","['Restrooms', 'Information Desk', 'Restaurant', 'Souvenir Shop', 'First Aid Station', 'Luggage Storage', 'family restrooms', 'Nursing facilities', 'photo spots', 'guided photo tours', 'charging stations', 'Pet-friendly', 'pet water stations', 'Pet rest area']"
44,San Bartolomé,Spain,Nature/Scenery/Park,Cumbre Verde EcoTrail,"Cumbre Verde EcoTrail is a nature in San Bartolomé, Spain, popular for its natural scenery and relaxing atmosphere. Entry fee is 14.4 USD. Recommended visit: 3 hours. Discover Cumbre Verde EcoTrail, a peaceful nature in San Bartolomé, Spain, ideal for nature lovers. Open 09:00-18:00, entry 14.4 USD.",14.4,09:00-18:00,3 hours,3.7,"200 Sukhumvit Road, San Bartolomé",28.97047533283828,-13.616489739822873,"['fast-paced budget travel', 'with pets', 'disabled traveler']","['Restrooms', 'Information Desk', 'Restaurant', 'Souvenir Shop', 'First Aid Station', 'Luggage Storage', 'city passes', 'luggage storage', 'self-guided tours', 'Pet-friendly', 'pet water stations', 'Pet rest area', 'ramps', 'elevators', 'wheelchair rentals', 'accessible restrooms']"
45,San Bartolomé,Spain,Nature/Scenery/Park,Canyon Vista Nature Loop,"Canyon Vista Nature Loop is a nature in San Bartolomé, Spain, popular for its natural scenery and relaxing atmosphere. Entry fee is 6.17 USD. Recommended visit: 3 hours. Discover Canyon Vista Nature Loop, a peaceful nature in San Bartolomé, Spain, ideal for nature lovers. Open 09:00-17:30, entry 6.17 USD.",6.17,09:00-17:30,3 hours,3.7,"839 Shinkawa Street, Naka Ward, San Bartolomé",28.996166939922546,-13.613825042183008,"['with children', 'solo women', 'luxury travelers']","['Restrooms', 'Information Desk', 'Restaurant', 'Souvenir Shop', 'First Aid Station', 'Luggage Storage', 'family restrooms', 'Nursing facilities', 'group tours', 'security', 'private tours', 'skip the line passes', 'VIP exclusive events']"
46,San Bartolomé,Spain,Nature/Scenery/Park,Coral Cove Dolphin Encounters,"Coral Cove Dolphin Encounters is a nature in San Bartolomé, Spain, popular for its natural scenery and relaxing atmosphere. Entry fee is 6.72 USD. Recommended visit: 3 hours. Discover Coral Cove Dolphin Encounters, a peaceful nature in San Bartolomé, Spain, ideal for nature lovers. Open 09:00-17:30, entry 6.72 USD.",6.72,09:00-17:30,3 hours,3.7,"No. 456, Xixiang Street, San Bartolomé",28.99024605147812,-13.596006386669396,"['fast-paced budget travel', 'with pets', 'luxury travelers']","['Restrooms', 'Information Desk', 'Restaurant', 'Souvenir Shop', 'First Aid Station', 'Luggage Storage', 'city passes', 'luggage storage', 'self-guided tours', 'Pet-friendly', 'pet water stations', 'Pet rest area', 'private tours', 'skip the line passes', 'VIP exclusive events']"
47,San Bartolomé,Spain,Nature/Scenery/Park,Golden Creek Sanctuary,"Golden Creek Sanctuary is a nature in San Bartolomé, Spain, popular for its natural scenery and relaxing atmosphere. Entry fee is 12.32 USD. Recommended visit: 3 hours. Discover Golden Creek Sanctuary, a peaceful nature in San Bartolomé, Spain, ideal for nature lovers. Open 09:30-17:00, entry 12.32 USD.",12.32,09:30-17:00,3 hours,3.7,"582 Shisa Street, San Bartolomé",28.982117996743963,-13.623492083885566,"['with children', 'elderly travelers', 'business travelers']","['Restrooms', 'Information Desk', 'Restaurant', 'Souvenir Shop', 'First Aid Station', 'Luggage Storage', 'family restrooms', 'Nursing facilities', 'wheelchair rental', 'benches/rest areas', 'High speed WiFi']"
48,San Bartolomé,Spain,Nature/Scenery/Park,Canyons of Silver Fern,"Canyons of Silver Fern is a nature in San Bartolomé, Spain, popular for its natural scenery and relaxing atmosphere. Entry fee is 6.39 USD. Recommended visit: 3 hours. Discover Canyons of Silver Fern, a peaceful nature in San Bartolomé, Spain, ideal for nature lovers. Open 09:00-17:00, entry 6.39 USD.",6.39,09:00-17:00,3 hours,3.7,"449 Rachadaphisek Road, Pathumwan, San Bartolomé",29.015903312072343,-13.636668203649482,"['with pets', 'disabled traveler']","['Restrooms', 'Information Desk', 'Restaurant', 'Souvenir Shop', 'First Aid Station', 'Luggage Storage', 'Pet-friendly', 'pet water stations', 'Pet rest area', 'ramps', 'elevators', 'wheelchair rentals', 'accessible restrooms']"
49,San Bartolomé,Spain,Nature/Scenery/Park,Whispering Grove Wildlife Reserve,"Whispering Grove Wildlife Reserve is a nature in San Bartolomé, Spain, popular for its natural scenery and relaxing atmosphere. Entry fee is 43.59 USD. Recommended visit: 3 hours. Discover Whispering Grove Wildlife Reserve, a peaceful nature in San Bartolomé, Spain, ideal for nature lovers. Open 08:30-17:00, entry 43.59 USD.",43.59,08:30-17:00,3 hours,3.7,"No. 48, Taiping Road, San Bartolomé",29.023387364172827,-13.63473135553104,"['fast-paced budget travel', 'business travelers']","['Restrooms', 'Information Desk', 'Restaurant', 'Souvenir Shop', 'First Aid Station', 'Luggage Storage', 'city passes', 'luggage storage', 'self-guided tours', 'High speed WiFi']"
50,San Bartolomé,Spain,Theme Park/Amusement Park,Luminous Fiesta Adventure,"Luminous Fiesta Adventure is a theme park in San Bartolomé, Spain, popular for its memorable experiences. Entry fee is 59.69 USD. Recommended visit: 7 hours. Discover Luminous Fiesta Adventure, a notable theme park in San Bartolomé, Spain, ideal for visitors. Open 09:00-17:30, entry 59.69 USD.",59.69,09:00-17:30,7 hours,3.75,"No. 456 West Lake Scenic Avenue, San Bartolomé",28.97826136350801,-13.634925312176431,"['solo women', 'elderly travelers', 'road trip']","['Restrooms', 'Information Desk', 'Restaurant', 'Souvenir Shop', 'First Aid Station', 'Luggage Storage', 'group tours', 'security', 'wheelchair rental', 'benches/rest areas', 'parking']"
51,San Bartolomé,Spain,Theme Park/Amusement Park,Enchanted Labyrinth of San Bartolomé,"Enchanted Labyrinth of San Bartolomé is a theme park in San Bartolomé, Spain, popular for its memorable experiences. Entry fee is 4.06 USD. Recommended visit: 6 hours. Discover Enchanted Labyrinth of San Bartolomé, a notable theme park in San Bartolomé, Spain, ideal for visitors. Open 08:00-00:00, entry 4.06 USD.",4.06,08:00-00:00,6 hours,3.75,"843 Sukhumvit Road, Khlong Toei District, San Bartolomé",28.9782296172033,-13.601947738442185,"['solo women', 'photography', 'foodie']","['Restrooms', 'Information Desk', 'Restaurant', 'Souvenir Shop', 'First Aid Station', 'Luggage Storage', 'group tours', 'security', 'photo spots', 'guided photo tours', 'charging stations', 'Food markets', 'tasting tours']"
52,San Bartolomé,Spain,Theme Park/Amusement Park,AdventureLands San Bartolomé,"AdventureLands San Bartolomé is a theme park in San Bartolomé, Spain, popular for its memorable experiences. Entry fee is 89.6 USD. Recommended visit: 6 hours. Discover AdventureLands San Bartolomé, a notable theme park in San Bartolomé, Spain, ideal for visitors. Open 10:00-22:00, entry 89.6 USD.",89.6,10:00-22:00,6 hours,3.75,"No. 456, Xueyin Road, San Bartolomé",28.972593399087355,-13.610765144623436,"['with children', 'road trip', 'business travelers']","['Restrooms', 'Information Desk', 'Restaurant', 'Souvenir Shop', 'First Aid Station', 'Luggage Storage', 'family restrooms', 'Nursing facilities', 'parking', 'High speed WiFi']"
53,San Bartolomé,Spain,Theme Park/Amusement Park,AquaDolphin Quest,"AquaDolphin Quest is a theme park in San Bartolomé, Spain, popular for its memorable experiences. Entry fee is 19.55 USD. Recommended visit: 7 hours. Discover AquaDolphin Quest, a notable theme park in San Bartolomé, Spain, ideal for visitors. Open 20:00-05:00, entry 19.55 USD.",19.55,20:00-05:00,7 hours,3.75,"No. 456, Xingang Road, Haizhu District, San Bartolomé",28.986205911607883,-13.601914239784987,"['with pets', 'luxury travelers', 'business travelers']","['Restrooms', 'Information Desk', 'Restaurant', 'Souvenir Shop', 'First Aid Station', 'Luggage Storage', 'Pet-friendly', 'pet water stations', 'Pet rest area', 'private tours', 'skip the line passes', 'VIP exclusive events', 'High speed WiFi']"
54,San Bartolomé,Spain,Theme Park/Amusement Park,Mundo de Colores San Bartolomé,"Mundo de Colores San Bartolomé is a theme park in San Bartolomé, Spain, popular for its memorable experiences. Entry fee is 0.37 USD. Recommended visit: 8 hours. Discover Mundo de Colores San Bartolomé, a notable theme park in San Bartolomé, Spain, ideal for visitors. Open 10:00-22:00, entry 0.37 USD.",0.37,10:00-22:00,8 hours,3.75,"No. 456, Zhongshan South Road, San Bartolomé",28.979061311248905,-13.620328293114047,"['nightlife enthusiast', 'photography', 'luxury travelers']","['Restrooms', 'Information Desk', 'Restaurant', 'Souvenir Shop', 'First Aid Station', 'Luggage Storage', 'night markets', 'bars', 'evening shows', 'photo spots', 'guided photo tours', 'charging stations', 'private tours', 'skip the line passes', 'VIP exclusive events']"
55,San Bartolomé,Spain,Theme Park/Amusement Park,Bartolomé Brickland,"Bartolomé Brickland is a theme park in San Bartolomé, Spain, popular for its memorable experiences. Entry fee is 7.4 USD. Recommended visit: 6 hours. Discover Bartolomé Brickland, a notable theme park in San Bartolomé, Spain, ideal for visitors. Open 10:00-20:00, entry 7.4 USD.",7.4,10:00-20:00,6 hours,3.75,"No. 456, Cultural Plaza, Yuexiu District, San Bartolomé",29.017923713998083,-13.61602923273582,"['fast-paced budget travel', 'solo women', 'road trip']","['Restrooms', 'Information Desk', 'Restaurant', 'Souvenir Shop', 'First Aid Station', 'Luggage Storage', 'city passes', 'luggage storage', 'self-guided tours', 'group tours', 'security', 'parking']"
56,San Bartolomé,Spain,Theme Park/Amusement Park,Alpine Chill Adventure Park,"Alpine Chill Adventure Park is a theme park in San Bartolomé, Spain, popular for its memorable experiences. Entry fee is 39.62 USD. Recommended visit: 7 hours. Discover Alpine Chill Adventure Park, a notable theme park in San Bartolomé, Spain, ideal for visitors. Open 08:00-22:00, entry 39.62 USD.",39.62,08:00-22:00,7 hours,3.75,"979 Mueang Road, San Bartolomé",28.95958647656472,-13.589385335011372,['nightlife enthusiast'],"['Restrooms', 'Information Desk', 'Restaurant', 'Souvenir Shop', 'First Aid Station', 'Luggage Storage', 'night markets', 'bars', 'evening shows']"
57,San Bartolomé,Spain,Theme Park/Amusement Park,Horizon Heights Adventure Loop,"Horizon Heights Adventure Loop is a theme park in San Bartolomé, Spain, popular for its memorable experiences. Entry fee is 28.0 USD. Recommended visit: 6 hours. Discover Horizon Heights Adventure Loop, a notable theme park in San Bartolomé, Spain, ideal for visitors. Open 10:00-21:00, entry 28.0 USD.",28.0,10:00-21:00,6 hours,3.75,"No. 456, Riverside Park, San Bartolomé",29.017551551224525,-13.652757596096842,"['nightlife enthusiast', 'luxury travelers', 'business travelers']","['Restrooms', 'Information Desk', 'Restaurant', 'Souvenir Shop', 'First Aid Station', 'Luggage Storage', 'night markets', 'bars', 'evening shows', 'private tours', 'skip the line passes', 'VIP exclusive events', 'High speed WiFi']"
58,San Bartolomé,Spain,Theme Park/Amusement Park,Solaris Adventure Hub,"Solaris Adventure Hub is a theme park in San Bartolomé, Spain, popular for its memorable experiences. Entry fee is 15.98 USD. Recommended visit: 6 hours. Discover Solaris Adventure Hub, a notable theme park in San Bartolomé, Spain, ideal for visitors. Open 08:00-22:00, entry 15.98 USD.",15.98,08:00-22:00,6 hours,3.75,"No. 567, Xingye Road, San Bartolomé",28.96691841542512,-13.6151196379901,"['solo women', 'with pets', 'road trip']","['Restrooms', 'Information Desk', 'Restaurant', 'Souvenir Shop', 'First Aid Station', 'Luggage Storage', 'group tours', 'security', 'Pet-friendly', 'pet water stations', 'Pet rest area', 'parking']"
59,San Bartolomé,Spain,Theme Park/Amusement Park,Skyline Adventure Hub,"Skyline Adventure Hub is a theme park in San Bartolomé, Spain, popular for its memorable experiences. Entry fee is 1654.66 USD. Recommended visit: 7 hours. Discover Skyline Adventure Hub, a notable theme park in San Bartolomé, Spain, ideal for visitors. Open 09:00-17:30, entry 1654.66 USD.",1654.66,09:00-17:30,7 hours,3.75,"854 Bukit Timah Road, San Bartolomé",28.9732552133656,-13.597188013389156,"['solo women', 'photography', 'foodie']","['Restrooms', 'Information Desk', 'Restaurant', 'Souvenir Shop', 'First Aid Station', 'Luggage Storage', 'group tours', 'security', 'photo spots', 'guided photo tours', 'charging stations', 'Food markets', 'tasting tours']"
60,San Bartolomé,Spain,Theme Park/Amusement Park,Vista Aventura Resort,"Vista Aventura Resort is a theme park in San Bartolomé, Spain, popular for its memorable experiences. Entry fee is 171.36 USD. Recommended visit: 8 hours. Discover Vista Aventura Resort, a notable theme park in San Bartolomé, Spain, ideal for visitors. Open 10:00-22:00, entry 171.36 USD.",171.36,10:00-22:00,8 hours,3.75,"No. 456, Jiangbei New District, San Bartolomé",28.95675744722243,-13.605653647087754,"['nightlife enthusiast', 'fast-paced budget travel']","['Restrooms', 'Information Desk', 'Restaurant', 'Souvenir Shop', 'First Aid Station', 'Luggage Storage', 'night markets', 'bars', 'evening shows', 'city passes', 'luggage storage', 'self-guided tours']"
61,San Bartolomé,Spain,Theme Park/Amusement Park,Coralis Wave Escape,"Coralis Wave Escape is a theme park in San Bartolomé, Spain, popular for its memorable experiences. Entry fee is 10.15 USD. Recommended visit: 6 hours. Discover Coralis Wave Escape, a notable theme park in San Bartolomé, Spain, ideal for visitors. Open 09:00-21:00, entry 10.15 USD.",10.15,09:00-21:00,6 hours,3.75,"No. 456, Cultural Street, San Bartolomé",28.979055351624808,-13.618528982576914,"['nightlife enthusiast', 'couples trip', 'road trip']","['Restrooms', 'Information Desk', 'Restaurant', 'Souvenir Shop', 'First Aid Station', 'Luggage Storage', 'night markets', 'bars', 'evening shows', 'scenic spots', 'sunset cruises', 'special couples experiences', 'parking']"
62,San Bartolomé,Spain,Theme Park/Amusement Park,Sanctuary of Imaginative Play,"Sanctuary of Imaginative Play is a theme park in San Bartolomé, Spain, popular for its memorable experiences. Entry fee is 18.98 USD. Recommended visit: 7 hours. Discover Sanctuary of Imaginative Play, a notable theme park in San Bartolomé, Spain, ideal for visitors. Open 09:30-21:00, entry 18.98 USD.",18.98,09:30-21:00,7 hours,3.75,"298 Galaxy Avenue, Nishi-Nakamichi, San Bartolomé",28.95458413837869,-13.59759484253494,"['photography', 'couples trip', 'disabled traveler']","['Restrooms', 'Information Desk', 'Restaurant', 'Souvenir Shop', 'First Aid Station', 'Luggage Storage', 'photo spots', 'guided photo tours', 'charging stations', 'scenic spots', 'sunset cruises', 'special couples experiences', 'ramps', 'elevators', 'wheelchair rentals', 'accessible restrooms']"
63,San Bartolomé,Spain,Theme Park/Amusement Park,Celtic Quest Adventure Hub,"Celtic Quest Adventure Hub is a theme park in San Bartolomé, Spain, popular for its memorable experiences. Entry fee is 9.28 USD. Recommended visit: 8 hours. Discover Celtic Quest Adventure Hub, a notable theme park in San Bartolomé, Spain, ideal for visitors. Open 08:00-23:00, entry 9.28 USD.",9.28,08:00-23:00,8 hours,3.75,"972 Charoenkrung Road, Samranjit, San Bartolomé",28.960343148830702,-13.614746094975407,"['disabled traveler', 'luxury travelers', 'elderly travelers']","['Restrooms', 'Information Desk', 'Restaurant', 'Souvenir Shop', 'First Aid Station', 'Luggage Storage', 'ramps', 'elevators', 'wheelchair rentals', 'accessible restrooms', 'private tours', 'skip the line passes', 'VIP exclusive events', 'wheelchair rental', 'benches/rest areas']"
64,San Bartolomé,Spain,Theme Park/Amusement Park,Aventura Marítima Ticket Center,"Aventura Marítima Ticket Center is a theme park in San Bartolomé, Spain, popular for its memorable experiences. Entry fee is 14.0 USD. Recommended visit: 7 hours. Discover Aventura Marítima Ticket Center, a notable theme park in San Bartolomé, Spain, ideal for visitors. Open 09:00-17:00, entry 14.0 USD.",14.0,09:00-17:00,7 hours,3.75,"131 Gyeongbokgwan-ro, Jongno-gu, San Bartolomé",28.97087449090813,-13.62075952880865,['solo women'],"['Restrooms', 'Information Desk', 'Restaurant', 'Souvenir Shop', 'First Aid Station', 'Luggage Storage', 'group tours', 'security']"
65,San Bartolomé,Spain,Theme Park/Amusement Park,Coralis Quest Adventure Pass,"Coralis Quest Adventure Pass is a theme park in San Bartolomé, Spain, popular for its memorable experiences. Entry fee is 67.2 USD. Recommended visit: 6 hours. Discover Coralis Quest Adventure Pass, a notable theme park in San Bartolomé, Spain, ideal for visitors. Open 09:00-18:00, entry 67.2 USD.",67.2,09:00-18:00,6 hours,3.75,"654 Thaweewong Road, San Bartolomé",28.98666496452152,-13.598452540066695,"['fast-paced budget travel', 'solo women', 'couples trip']","['Restrooms', 'Information Desk', 'Restaurant', 'Souvenir Shop', 'First Aid Station', 'Luggage Storage', 'city passes', 'luggage storage', 'self-guided tours', 'group tours', 'security', 'scenic spots', 'sunset cruises', 'special couples experiences']"
66,San Bartolomé,Spain,Theme Park/Amusement Park,Celestial Dragon Adventure Park,"Celestial Dragon Adventure Park is a theme park in San Bartolomé, Spain, popular for its memorable experiences. Entry fee is 37.52 USD. Recommended visit: 8 hours. Discover Celestial Dragon Adventure Park, a notable theme park in San Bartolomé, Spain, ideal for visitors. Open 09:00-18:00, entry 37.52 USD.",37.52,09:00-18:00,8 hours,3.75,"168-567 Sakura Street, San Bartolomé",29.00673037479732,-13.646250854015705,"['with children', 'elderly travelers', 'road trip']","['Restrooms', 'Information Desk', 'Restaurant', 'Souvenir Shop', 'First Aid Station', 'Luggage Storage', 'family restrooms', 'Nursing facilities', 'wheelchair rental', 'benches/rest areas', 'parking']"
67,San Bartolomé,Spain,Theme Park/Amusement Park,ChronoSphere Echoes,"ChronoSphere Echoes is a theme park in San Bartolomé, Spain, popular for its memorable experiences. Entry fee is 24.66 USD. Recommended visit: 6 hours. Discover ChronoSphere Echoes, a notable theme park in San Bartolomé, Spain, ideal for visitors. Open 09:00-17:30, entry 24.66 USD.",24.66,09:00-17:30,6 hours,3.75,"761 Siam Road, San Bartolomé",29.01192102066022,-13.598560886763629,"['fast-paced budget travel', 'photography', 'road trip']","['Restrooms', 'Information Desk', 'Restaurant', 'Souvenir Shop', 'First Aid Station', 'Luggage Storage', 'city passes', 'luggage storage', 'self-guided tours', 'photo spots', 'guided photo tours', 'charging stations', 'parking']"
68,San Bartolomé,Spain,Theme Park/Amusement Park,Coralis Bay Adventure,"Coralis Bay Adventure is a theme park in San Bartolomé, Spain, popular for its memorable experiences. Entry fee is 44.17 USD. Recommended visit: 8 hours. Discover Coralis Bay Adventure, a notable theme park in San Bartolomé, Spain, ideal for visitors. Open 10:00-20:00, entry 44.17 USD.",44.17,10:00-20:00,8 hours,3.75,"967 Shinjuku Digital Plaza, Shinjuku, San Bartolomé",29.017464240212483,-13.647939314138808,"['fast-paced budget travel', 'foodie', 'business travelers']","['Restrooms', 'Information Desk', 'Restaurant', 'Souvenir Shop', 'First Aid Station', 'Luggage Storage', 'city passes', 'luggage storage', 'self-guided tours', 'Food markets', 'tasting tours', 'High speed WiFi']"
69,San Bartolomé,Spain,Theme Park/Amusement Park,Echoes of the Deep: Abyssal Adventure,"Echoes of the Deep: Abyssal Adventure is a theme park in San Bartolomé, Spain, popular for its memorable experiences. Entry fee is 32.62 USD. Recommended visit: 7 hours. Discover Echoes of the Deep: Abyssal Adventure, a notable theme park in San Bartolomé, Spain, ideal for visitors. Open 09:00-17:30, entry 32.62 USD.",32.62,09:00-17:30,7 hours,3.75,"846 Nakanoshima Dori, Chuo Ward, San Bartolomé",28.976281167802608,-13.63242892602493,"['with children', 'couples trip', 'elderly travelers']","['Restrooms', 'Information Desk', 'Restaurant', 'Souvenir Shop', 'First Aid Station', 'Luggage Storage', 'family restrooms', 'Nursing facilities', 'scenic spots', 'sunset cruises', 'special couples experiences', 'wheelchair rental', 'benches/rest areas']"
70,San Bartolomé,Spain,Theme Park/Amusement Park,Coralis Skyline Adventure,"Coralis Skyline Adventure is a theme park in San Bartolomé, Spain, popular for its memorable experiences. Entry fee is 15.24 USD. Recommended visit: 7 hours. Discover Coralis Skyline Adventure, a notable theme park in San Bartolomé, Spain, ideal for visitors. Open 10:00-19:00, entry 15.24 USD.",15.24,10:00-19:00,7 hours,3.75,"No. 45 Zhongshan Road, San Bartolomé",29.002056163874474,-13.623406802147198,"['with children', 'fast-paced budget travel', 'disabled traveler']","['Restrooms', 'Information Desk', 'Restaurant', 'Souvenir Shop', 'First Aid Station', 'Luggage Storage', 'family restrooms', 'Nursing facilities', 'city passes', 'luggage storage', 'self-guided tours', 'ramps', 'elevators', 'wheelchair rentals', 'accessible restrooms']"
71,San Bartolomé,Spain,Theme Park/Amusement Park,Luminara Dreamscape,"Luminara Dreamscape is a theme park in San Bartolomé, Spain, popular for its memorable experiences. Entry fee is 29.85 USD. Recommended visit: 7 hours. Discover Luminara Dreamscape, a notable theme park in San Bartolomé, Spain, ideal for visitors. Open 09:00-18:00, entry 29.85 USD.",29.85,09:00-18:00,7 hours,3.75,"387 Sakura Street, Shibuya Ward, San Bartolomé",28.982720014789543,-13.617133008661526,"['with pets', 'photography', 'disabled traveler']","['Restrooms', 'Information Desk', 'Restaurant', 'Souvenir Shop', 'First Aid Station', 'Luggage Storage', 'Pet-friendly', 'pet water stations', 'Pet rest area', 'photo spots', 'guided photo tours', 'charging stations', 'ramps', 'elevators', 'wheelchair rentals', 'accessible restrooms']"
72,San Bartolomé,Spain,Theme Park/Amusement Park,Luminous Wilds Journey,"Luminous Wilds Journey is a theme park in San Bartolomé, Spain, popular for its memorable experiences. Entry fee is 5.52 USD. Recommended visit: 7 hours. Discover Luminous Wilds Journey, a notable theme park in San Bartolomé, Spain, ideal for visitors. Open 08:30-17:30, entry 5.52 USD.",5.52,08:30-17:30,7 hours,3.75,"613 Gwanghwamun Street, Jongno-gu, San Bartolomé",28.992095261288583,-13.602210917907962,"['road trip', 'photography', 'business travelers']","['Restrooms', 'Information Desk', 'Restaurant', 'Souvenir Shop', 'First Aid Station', 'Luggage Storage', 'parking', 'photo spots', 'guided photo tours', 'charging stations', 'High speed WiFi']"
73,San Bartolomé,Spain,Theme Park/Amusement Park,Vibrant Plaza Live Stage & Lounge,"Vibrant Plaza Live Stage & Lounge is a theme park in San Bartolomé, Spain, popular for its memorable experiences. Entry fee is 22.56 USD. Recommended visit: 8 hours. Discover Vibrant Plaza Live Stage & Lounge, a notable theme park in San Bartolomé, Spain, ideal for visitors. Open 10:00-19:00, entry 22.56 USD.",22.56,10:00-19:00,8 hours,3.75,"538 Kita-Honganji-dori, Sakyo-ku, San Bartolomé",29.010035280963244,-13.62082151807073,"['solo women', 'disabled traveler', 'business travelers']","['Restrooms', 'Information Desk', 'Restaurant', 'Souvenir Shop', 'First Aid Station', 'Luggage Storage', 'group tours', 'security', 'ramps', 'elevators', 'wheelchair rentals', 'accessible restrooms', 'High speed WiFi']"
74,San Bartolomé,Spain,Theme Park/Amusement Park,Coralis Adventure Hub,"Coralis Adventure Hub is a theme park in San Bartolomé, Spain, popular for its memorable experiences. Entry fee is 53.2 USD. Recommended visit: 6 hours. Discover Coralis Adventure Hub, a notable theme park in San Bartolomé, Spain, ideal for visitors. Open 08:00-22:30, entry 53.2 USD.",53.2,08:00-22:30,6 hours,3.75,"No. 588, Longhua District Road, Longhua New District, San Bartolomé",29.014278951742533,-13.642012946829038,"['with pets', 'photography', 'business travelers']","['Restrooms', 'Information Desk', 'Restaurant', 'Souvenir Shop', 'First Aid Station', 'Luggage Storage', 'Pet-friendly', 'pet water stations', 'Pet rest area', 'photo spots', 'guided photo tours', 'charging stations', 'High speed WiFi']"
75,San Bartolomé,Spain,Theme Park/Amusement Park,Cumbre del Sol Skyline Express,"Cumbre del Sol Skyline Express is a theme park in San Bartolomé, Spain, popular for its memorable experiences. Entry fee is 17.6 USD. Recommended visit: 8 hours. Discover Cumbre del Sol Skyline Express, a notable theme park in San Bartolomé, Spain, ideal for visitors. Open 09:00-17:30, entry 17.6 USD.",17.6,09:00-17:30,8 hours,3.75,"No. 456, Cultural Avenue, Tianhe District, San Bartolomé",28.97436426766378,-13.588356717073127,"['solo women', 'couples trip', 'luxury travelers']","['Restrooms', 'Information Desk', 'Restaurant', 'Souvenir Shop', 'First Aid Station', 'Luggage Storage', 'group tours', 'security', 'scenic spots', 'sunset cruises', 'special couples experiences', 'private tours', 'skip the line passes', 'VIP exclusive events']"
76,San Bartolomé,Spain,Theme Park/Amusement Park,Viento de Montaña Adventure Park,"Viento de Montaña Adventure Park is a theme park in San Bartolomé, Spain, popular for its memorable experiences. Entry fee is 26.46 USD. Recommended visit: 7 hours. Discover Viento de Montaña Adventure Park, a notable theme park in San Bartolomé, Spain, ideal for visitors. Open 09:00-17:30, entry 26.46 USD.",26.46,09:00-17:30,7 hours,3.75,"877-10 Gwanghwamun Station-ro, Yongsan-gu, San Bartolomé",28.99043592686177,-13.621562777053986,"['nightlife enthusiast', 'fast-paced budget travel', 'business travelers']","['Restrooms', 'Information Desk', 'Restaurant', 'Souvenir Shop', 'First Aid Station', 'Luggage Storage', 'night markets', 'bars', 'evening shows', 'city passes', 'luggage storage', 'self-guided tours', 'High speed WiFi']"
77,San Bartolomé,Spain,Theme Park/Amusement Park,Celestial Realm of Echoes,"Celestial Realm of Echoes is a theme park in San Bartolomé, Spain, popular for its memorable experiences. Entry fee is 16.79 USD. Recommended visit: 7 hours. Discover Celestial Realm of Echoes, a notable theme park in San Bartolomé, Spain, ideal for visitors. Open 08:00-22:00, entry 16.79 USD.",16.79,08:00-22:00,7 hours,3.75,"799 Sakura Street, Nishi-ku, San Bartolomé",28.957049753645403,-13.603796773025806,"['solo women', 'couples trip', 'business travelers']","['Restrooms', 'Information Desk', 'Restaurant', 'Souvenir Shop', 'First Aid Station', 'Luggage Storage', 'group tours', 'security', 'scenic spots', 'sunset cruises', 'special couples experiences', 'High speed WiFi']"
78,San Bartolomé,Spain,Theme Park/Amusement Park,San Bartolomé Sunfire Stadium Interactive Baseball Adventure,"San Bartolomé Sunfire Stadium Interactive Baseball Adventure is a theme park in San Bartolomé, Spain, popular for its memorable experiences. Entry fee is 22.09 USD. Recommended visit: 6 hours. Discover San Bartolomé Sunfire Stadium Interactive Baseball Adventure, a notable theme park in San Bartolomé, Spain, ideal for visitors. Open 10:00-22:00, entry 22.09 USD.",22.09,10:00-22:00,6 hours,3.75,"432 Sakura Street, Naka Ward, San Bartolomé",29.01386814416817,-13.646395430736256,"['luxury travelers', 'disabled traveler', 'business travelers']","['Restrooms', 'Information Desk', 'Restaurant', 'Souvenir Shop', 'First Aid Station', 'Luggage Storage', 'private tours', 'skip the line passes', 'VIP exclusive events', 'ramps', 'elevators', 'wheelchair rentals', 'accessible restrooms', 'High speed WiFi']"
79,San Bartolomé,Spain,Theme Park/Amusement Park,Cueva de los Sueños Aventura,"Cueva de los Sueños Aventura is a theme park in San Bartolomé, Spain, popular for its memorable experiences. Entry fee is 6.99 USD. Recommended visit: 6 hours. Discover Cueva de los Sueños Aventura, a notable theme park in San Bartolomé, Spain, ideal for visitors. Open 09:00-20:00, entry 6.99 USD.",6.99,09:00-20:00,6 hours,3.75,"856 Gwangmyeong-ro, Gwangmyeong-gu, San Bartolomé",28.97243836585797,-13.613173449113514,"['nightlife enthusiast', 'photography', 'foodie']","['Restrooms', 'Information Desk', 'Restaurant', 'Souvenir Shop', 'First Aid Station', 'Luggage Storage', 'night markets', 'bars', 'evening shows', 'photo spots', 'guided photo tours', 'charging stations', 'Food markets', 'tasting tours']"
80,San Bartolomé,Spain,Theme Park/Amusement Park,Cielo Azul Skyline Adventure,"Cielo Azul Skyline Adventure is a theme park in San Bartolomé, Spain, popular for its memorable experiences. Entry fee is 6.56 USD. Recommended visit: 8 hours. Discover Cielo Azul Skyline Adventure, a notable theme park in San Bartolomé, Spain, ideal for visitors. Open 09:00-18:00, entry 6.56 USD.",6.56,09:00-18:00,8 hours,3.75,"347 Shinjuku Park, Shinjuku, San Bartolomé",28.958570001995977,-13.603422677840657,"['couples trip', 'luxury travelers']","['Restrooms', 'Information Desk', 'Restaurant', 'Souvenir Shop', 'First Aid Station', 'Luggage Storage', 'scenic spots', 'sunset cruises', 'special couples experiences', 'private tours', 'skip the line passes', 'VIP exclusive events']"
81,San Bartolomé,Spain,Theme Park/Amusement Park,Luminara Nexus: Echoes of the Future,"Luminara Nexus: Echoes of the Future is a theme park in San Bartolomé, Spain, popular for its memorable experiences. Entry fee is 35.0 USD. Recommended visit: 8 hours. Discover Luminara Nexus: Echoes of the Future, a notable theme park in San Bartolomé, Spain, ideal for visitors. Open 09:30-17:00, entry 35.0 USD.",35.0,09:30-17:00,8 hours,3.75,"606-12, Gangchon Station-ro, Nowon-gu, San Bartolomé",28.99874863497316,-13.60437716913357,"['photography', 'disabled traveler', 'road trip']","['Restrooms', 'Information Desk', 'Restaurant', 'Souvenir Shop', 'First Aid Station', 'Luggage Storage', 'photo spots', 'guided photo tours', 'charging stations', 'ramps', 'elevators', 'wheelchair rentals', 'accessible restrooms', 'parking']"
82,San Bartolomé,Spain,Theme Park/Amusement Park,Mystery Quest Land,"Mystery Quest Land is a theme park in San Bartolomé, Spain, popular for its memorable experiences. Entry fee is 31.01 USD. Recommended visit: 8 hours. Discover Mystery Quest Land, a notable theme park in San Bartolomé, Spain, ideal for visitors. Open 09:00-18:00, entry 31.01 USD.",31.01,09:00-18:00,8 hours,3.75,"762 Beach Road, San Bartolomé",28.99466537216217,-13.639607999682474,"['elderly travelers', 'with pets', 'disabled traveler']","['Restrooms', 'Information Desk', 'Restaurant', 'Souvenir Shop', 'First Aid Station', 'Luggage Storage', 'wheelchair rental', 'benches/rest areas', 'Pet-friendly', 'pet water stations', 'Pet rest area', 'ramps', 'elevators', 'wheelchair rentals', 'accessible restrooms']"
83,San Bartolomé,Spain,Theme Park/Amusement Park,Azure Bay Adventure Park,"Azure Bay Adventure Park is a theme park in San Bartolomé, Spain, popular for its memorable experiences. Entry fee is 23.37 USD. Recommended visit: 8 hours. Discover Azure Bay Adventure Park, a notable theme park in San Bartolomé, Spain, ideal for visitors. Open 10:00-22:00, entry 23.37 USD.",23.37,10:00-22:00,8 hours,3.75,"No. 18, Beihai Road, San Bartolomé",28.993776279368863,-13.595497500430932,"['with children', 'with pets', 'couples trip']","['Restrooms', 'Information Desk', 'Restaurant', 'Souvenir Shop', 'First Aid Station', 'Luggage Storage', 'family restrooms', 'Nursing facilities', 'Pet-friendly', 'pet water stations', 'Pet rest area', 'scenic spots', 'sunset cruises', 'special couples experiences']"
84,San Bartolomé,Spain,Theme Park/Amusement Park,Canyon Quest Adventure Park,"Canyon Quest Adventure Park is a theme park in San Bartolomé, Spain, popular for its memorable experiences. Entry fee is 12.7 USD. Recommended visit: 8 hours. Discover Canyon Quest Adventure Park, a notable theme park in San Bartolomé, Spain, ideal for visitors. Open 09:00-18:00, entry 12.7 USD.",12.7,09:00-18:00,8 hours,3.75,"878 Seogwipo Street, San Bartolomé",29.012218360276645,-13.597724055258023,"['fast-paced budget travel', 'couples trip']","['Restrooms', 'Information Desk', 'Restaurant', 'Souvenir Shop', 'First Aid Station', 'Luggage Storage', 'city passes', 'luggage storage', 'self-guided tours', 'scenic spots', 'sunset cruises', 'special couples experiences']"
85,San Bartolomé,Spain,Theme Park/Amusement Park,Luminara Dreamscape Theater,"Luminara Dreamscape Theater is a theme park in San Bartolomé, Spain, popular for its memorable experiences. Entry fee is 41.86 USD. Recommended visit: 8 hours. Discover Luminara Dreamscape Theater, a notable theme park in San Bartolomé, Spain, ideal for visitors. Open 08:30-17:00, entry 41.86 USD.",41.86,08:30-17:00,8 hours,3.75,"535 Sukhumvit Road, Khlong Toei District, San Bartolomé",28.969434121238304,-13.596380489574242,"['with children', 'photography']","['Restrooms', 'Information Desk', 'Restaurant', 'Souvenir Shop', 'First Aid Station', 'Luggage Storage', 'family restrooms', 'Nursing facilities', 'photo spots', 'guided photo tours', 'charging stations']"
86,San Bartolomé,Spain,Theme Park/Amusement Park,Canyons of Dreamlight Adventure Park,"Canyons of Dreamlight Adventure Park is a theme park in San Bartolomé, Spain, popular for its memorable experiences. Entry fee is 49.0 USD. Recommended visit: 6 hours. Discover Canyons of Dreamlight Adventure Park, a notable theme park in San Bartolomé, Spain, ideal for visitors. Open 08:30-19:00, entry 49.0 USD.",49.0,08:30-19:00,6 hours,3.75,"507 Sukhumvit Road, Khlong Toei District, San Bartolomé",28.947299036990497,-13.60348780909382,"['photography', 'luxury travelers']","['Restrooms', 'Information Desk', 'Restaurant', 'Souvenir Shop', 'First Aid Station', 'Luggage Storage', 'photo spots', 'guided photo tours', 'charging stations', 'private tours', 'skip the line passes', 'VIP exclusive events']"
87,San Bartolomé,Spain,Theme Park/Amusement Park,Bartolomé Adventure Hub,"Bartolomé Adventure Hub is a theme park in San Bartolomé, Spain, popular for its memorable experiences. Entry fee is 11.89 USD. Recommended visit: 7 hours. Discover Bartolomé Adventure Hub, a notable theme park in San Bartolomé, Spain, ideal for visitors. Open 08:00-22:00, entry 11.89 USD.",11.89,08:00-22:00,7 hours,3.75,"844 Shibuya Crossing Street, San Bartolomé",29.018588486093748,-13.649921026678028,"['with children', 'luxury travelers', 'elderly travelers']","['Restrooms', 'Information Desk', 'Restaurant', 'Souvenir Shop', 'First Aid Station', 'Luggage Storage', 'family restrooms', 'Nursing facilities', 'private tours', 'skip the line passes', 'VIP exclusive events', 'wheelchair rental', 'benches/rest areas']"
88,San Bartolomé,Spain,Theme Park/Amusement Park,Villa del Sol: Heritage Adventure,"Villa del Sol: Heritage Adventure is a theme park in San Bartolomé, Spain, popular for its memorable experiences. Entry fee is 13.72 USD. Recommended visit: 8 hours. Discover Villa del Sol: Heritage Adventure, a notable theme park in San Bartolomé, Spain, ideal for visitors. Open 10:00-22:00, entry 13.72 USD.",13.72,10:00-22:00,8 hours,3.75,"No. 456, Aerospace Avenue, High- Tech Development Zone, San Bartolomé",28.966315591098184,-13.603476607065604,"['nightlife enthusiast', 'foodie', 'business travelers']","['Restrooms', 'Information Desk', 'Restaurant', 'Souvenir Shop', 'First Aid Station', 'Luggage Storage', 'night markets', 'bars', 'evening shows', 'Food markets', 'tasting tours', 'High speed WiFi']"
89,San Bartolomé,Spain,Theme Park/Amusement Park,Luminara Sky Ocean,"Luminara Sky Ocean is a theme park in San Bartolomé, Spain, popular for its memorable experiences. Entry fee is 54.32 USD. Recommended visit: 7 hours. Discover Luminara Sky Ocean, a notable theme park in San Bartolomé, Spain, ideal for visitors. Open 09:00-17:30, entry 54.32 USD.",54.32,09:00-17:30,7 hours,3.75,"No. 456, Cultural Arts Avenue, Jinjiang District, San Bartolomé",29.00141882470066,-13.596818484097437,"['nightlife enthusiast', 'solo women', 'photography']","['Restrooms', 'Information Desk', 'Restaurant', 'Souvenir Shop', 'First Aid Station', 'Luggage Storage', 'night markets', 'bars', 'evening shows', 'group tours', 'security', 'photo spots', 'guided photo tours', 'charging stations']"
90,San Bartolomé,Spain,Theme Park/Amusement Park,Vibrant Splash Realm,"Vibrant Splash Realm is a theme park in San Bartolomé, Spain, popular for its memorable experiences. Entry fee is 20.67 USD. Recommended visit: 6 hours. Discover Vibrant Splash Realm, a notable theme park in San Bartolomé, Spain, ideal for visitors. Open 09:00-18:00, entry 20.67 USD.",20.67,09:00-18:00,6 hours,3.75,"No. 125 Wenhui Road, San Bartolomé",28.9859675401234,-13.59684110330247,"['nightlife enthusiast', 'disabled traveler', 'elderly travelers']","['Restrooms', 'Information Desk', 'Restaurant', 'Souvenir Shop', 'First Aid Station', 'Luggage Storage', 'night markets', 'bars', 'evening shows', 'ramps', 'elevators', 'wheelchair rentals', 'accessible restrooms', 'wheelchair rental', 'benches/rest areas']"
91,San Bartolomé,Spain,Historic Site/Landmark,Cielo Plaza Vista,"Cielo Plaza Vista is a historic site in San Bartolomé, Spain, popular for its memorable experiences. Entry fee is 6.85 USD. Recommended visit: 2 hours. Discover Cielo Plaza Vista, a notable historic site in San Bartolomé, Spain, ideal for visitors. Open 09:00-17:30, entry 6.85 USD.",6.85,09:00-17:30,2 hours,3.5,"600 Jurong East Ave 6, San Bartolomé",28.95572120096288,-13.605756211056782,"['with children', 'couples trip', 'road trip']","['Restrooms', 'Information Desk', 'Restaurant', 'Souvenir Shop', 'First Aid Station', 'Luggage Storage', 'family restrooms', 'Nursing facilities', 'scenic spots', 'sunset cruises', 'special couples experiences', 'parking']"
92,San Bartolomé,Spain,Historic Site/Landmark,Casa del Tiempo Antiguo,"Casa del Tiempo Antiguo is a historic site in San Bartolomé, Spain, popular for its memorable experiences. Entry fee is 15.16 USD. Recommended visit: 2 hours. Discover Casa del Tiempo Antiguo, a notable historic site in San Bartolomé, Spain, ideal for visitors. Open 09:30-17:00, entry 15.16 USD.",15.16,09:30-17:00,2 hours,3.5,"No. 567, Xingcheng Road, San Bartolomé",29.022673769252226,-13.637208079156949,"['fast-paced budget travel', 'solo women', 'elderly travelers']","['Restrooms', 'Information Desk', 'Restaurant', 'Souvenir Shop', 'First Aid Station', 'Luggage Storage', 'city passes', 'luggage storage', 'self-guided tours', 'group tours', 'security', 'wheelchair rental', 'benches/rest areas']"
93,San Bartolomé,Spain,Historic Site/Landmark,Casa de los Sueños Antiguos,"Casa de los Sueños Antiguos is a historic site in San Bartolomé, Spain, popular for its memorable experiences. Entry fee is 7.0 USD. Recommended visit: 2 hours. Discover Casa de los Sueños Antiguos, a notable historic site in San Bartolomé, Spain, ideal for visitors. Open 19:30-22:30, entry 7.0 USD.",7.0,19:30-22:30,2 hours,3.5,"304 Shimo-Yasuda, Tama, San Bartolomé",28.98061385239381,-13.621525874491274,['luxury travelers'],"['Restrooms', 'Information Desk', 'Restaurant', 'Souvenir Shop', 'First Aid Station', 'Luggage Storage', 'private tours', 'skip the line passes', 'VIP exclusive events']"
94,San Bartolomé,Spain,Historic Site/Landmark,Echoes of the Crown Heritage Tour,"Echoes of the Crown Heritage Tour is a historic site in San Bartolomé, Spain, popular for its memorable experiences. Entry fee is 78.46 USD. Recommended visit: 2 hours. Discover Echoes of the Crown Heritage Tour, a notable historic site in San Bartolomé, Spain, ideal for visitors. Open 09:00-22:00, entry 78.46 USD.",78.46,09:00-22:00,2 hours,3.5,"445 Thaweewong Road, San Bartolomé",28.994943020633503,-13.60056224733271,"['nightlife enthusiast', 'photography', 'foodie']","['Restrooms', 'Information Desk', 'Restaurant', 'Souvenir Shop', 'First Aid Station', 'Luggage Storage', 'night markets', 'bars', 'evening shows', 'photo spots', 'guided photo tours', 'charging stations', 'Food markets', 'tasting tours']"
95,San Bartolomé,Spain,Historic Site/Landmark,San Bartolomé Heritage Hall,"San Bartolomé Heritage Hall is a historic site in San Bartolomé, Spain, popular for its memorable experiences. Entry fee is 26.79 USD. Recommended visit: 2 hours. Discover San Bartolomé Heritage Hall, a notable historic site in San Bartolomé, Spain, ideal for visitors. Open 08:00-18:00, entry 26.79 USD.",26.79,08:00-18:00,2 hours,3.5,"990 Seiryo-cho, San Bartolomé",29.02108249377053,-13.641596965250525,"['couples trip', 'luxury travelers', 'road trip']","['Restrooms', 'Information Desk', 'Restaurant', 'Souvenir Shop', 'First Aid Station', 'Luggage Storage', 'scenic spots', 'sunset cruises', 'special couples experiences', 'private tours', 'skip the line passes', 'VIP exclusive events', 'parking']"
96,San Bartolomé,Spain,Historic Site/Landmark,El Castillo de los Sueños Antiguos,"El Castillo de los Sueños Antiguos is a historic site in San Bartolomé, Spain, popular for its memorable experiences. Entry fee is 16.97 USD. Recommended visit: 2 hours. Discover El Castillo de los Sueños Antiguos, a notable historic site in San Bartolomé, Spain, ideal for visitors. Open 09:00-21:00, entry 16.97 USD.",16.97,09:00-21:00,2 hours,3.5,"No. 588 Jiangwan Road, San Bartolomé",28.97837234334988,-13.631429659034364,"['with pets', 'foodie', 'disabled traveler']","['Restrooms', 'Information Desk', 'Restaurant', 'Souvenir Shop', 'First Aid Station', 'Luggage Storage', 'Pet-friendly', 'pet water stations', 'Pet rest area', 'Food markets', 'tasting tours', 'ramps', 'elevators', 'wheelchair rentals', 'accessible restrooms']"
97,San Bartolomé,Spain,Historic Site/Landmark,Alfonsín Old Quarter Stroll,"Alfonsín Old Quarter Stroll is a historic site in San Bartolomé, Spain, popular for its memorable experiences. Entry fee is 9.73 USD. Recommended visit: 2 hours. Discover Alfonsín Old Quarter Stroll, a notable historic site in San Bartolomé, Spain, ideal for visitors. Open 08:30-17:30, entry 9.73 USD.",9.73,08:30-17:30,2 hours,3.5,"263 Sakura Street, Chuo Ward, San Bartolomé",28.974124405699243,-13.612489131589813,"['disabled traveler', 'luxury travelers', 'elderly travelers']","['Restrooms', 'Information Desk', 'Restaurant', 'Souvenir Shop', 'First Aid Station', 'Luggage Storage', 'ramps', 'elevators', 'wheelchair rentals', 'accessible restrooms', 'private tours', 'skip the line passes', 'VIP exclusive events', 'wheelchair rental', 'benches/rest areas']"
98,San Bartolomé,Spain,Historic Site/Landmark,Celestial Vista Tower,"Celestial Vista Tower is a historic site in San Bartolomé, Spain, popular for its memorable experiences. Entry fee is 5.38 USD. Recommended visit: 2 hours. Discover Celestial Vista Tower, a notable historic site in San Bartolomé, Spain, ideal for visitors. Open 09:00-21:00, entry 5.38 USD.",5.38,09:00-21:00,2 hours,3.5,"636 Shinsaibashi Street, San Bartolomé",29.003441557329666,-13.590523846461318,"['nightlife enthusiast', 'foodie', 'luxury travelers']","['Restrooms', 'Information Desk', 'Restaurant', 'Souvenir Shop', 'First Aid Station', 'Luggage Storage', 'night markets', 'bars', 'evening shows', 'Food markets', 'tasting tours', 'private tours', 'skip the line passes', 'VIP exclusive events']"
99,San Bartolomé,Spain,Historic Site/Landmark,Albion Heritage Circuit,"Albion Heritage Circuit is a historic site in San Bartolomé, Spain, popular for its memorable experiences. Entry fee is 4.13 USD. Recommended visit: 2 hours. Discover Albion Heritage Circuit, a notable historic site in San Bartolomé, Spain, ideal for visitors. Open 08:30-17:00, entry 4.13 USD.",4.13,08:30-17:00,2 hours,3.5,"944 Shuri Street, San Bartolomé",29.002210823849254,-13.634209918810408,"['nightlife enthusiast', 'with pets', 'road trip']","['Restrooms', 'Information Desk', 'Restaurant', 'Souvenir Shop', 'First Aid Station', 'Luggage Storage', 'night markets', 'bars', 'evening shows', 'Pet-friendly', 'pet water stations', 'Pet rest area', 'parking']"
100,San Bartolomé,Spain,Historic Site/Landmark,Cathedral Heights Panorama,"Cathedral Heights Panorama is a historic site in San Bartolomé, Spain, popular for its memorable experiences. Entry fee is 248.4 USD. Recommended visit: 2 hours. Discover Cathedral Heights Panorama, a notable historic site in San Bartolomé, Spain, ideal for visitors. Open 09:00-17:00, entry 248.4 USD.",248.4,09:00-17:00,2 hours,3.5,"961 Sakura Street, Nishi Ward, San Bartolomé",29.00692413543976,-13.60411993020657,"['photography', 'couples trip', 'business travelers']","['Restrooms', 'Information Desk', 'Restaurant', 'Souvenir Shop', 'First Aid Station', 'Luggage Storage', 'photo spots', 'guided photo tours', 'charging stations', 'scenic spots', 'sunset cruises', 'special couples experiences', 'High speed WiFi']"
101,San Bartolomé,Spain,Historic Site/Landmark,Cristaline Spire of San Bartolomé,"Cristaline Spire of San Bartolomé is a historic site in San Bartolomé, Spain, popular for its memorable experiences. Entry fee is 114.46 USD. Recommended visit: 2 hours. Discover Cristaline Spire of San Bartolomé, a notable historic site in San Bartolomé, Spain, ideal for visitors. Open 08:30-19:00, entry 114.46 USD.",114.46,08:30-19:00,2 hours,3.5,"No. 456 Green Valley Road, San Bartolomé",28.97905998693563,-13.635605360339488,"['with pets', 'elderly travelers', 'business travelers']","['Restrooms', 'Information Desk', 'Restaurant', 'Souvenir Shop', 'First Aid Station', 'Luggage Storage', 'Pet-friendly', 'pet water stations', 'Pet rest area', 'wheelchair rental', 'benches/rest areas', 'High speed WiFi']"
102,San Bartolomé,Spain,Historic Site/Landmark,Casa del Sol Iluminado,"Casa del Sol Iluminado is a historic site in San Bartolomé, Spain, popular for its memorable experiences. Entry fee is 29.19 USD. Recommended visit: 2 hours. Discover Casa del Sol Iluminado, a notable historic site in San Bartolomé, Spain, ideal for visitors. Open 08:30-17:30, entry 29.19 USD.",29.19,08:30-17:30,2 hours,3.5,"256 Nathan Road, San Bartolomé",28.99448335221261,-13.62888575784532,"['solo women', 'with pets', 'couples trip']","['Restrooms', 'Information Desk', 'Restaurant', 'Souvenir Shop', 'First Aid Station', 'Luggage Storage', 'group tours', 'security', 'Pet-friendly', 'pet water stations', 'Pet rest area', 'scenic spots', 'sunset cruises', 'special couples experiences']"
103,San Bartolomé,Spain,Historic Site/Landmark,Coraline Heritage Walk,"Coraline Heritage Walk is a historic site in San Bartolomé, Spain, popular for its memorable experiences. Entry fee is 1.4 USD. Recommended visit: 2 hours. Discover Coraline Heritage Walk, a notable historic site in San Bartolomé, Spain, ideal for visitors. Open 08:30-17:00, entry 1.4 USD.",1.4,08:30-17:00,2 hours,3.5,"160-801 Nishi 1-chome, San Bartolomé",29.01393896820452,-13.606929721145065,"['photography', 'with pets', 'couples trip']","['Restrooms', 'Information Desk', 'Restaurant', 'Souvenir Shop', 'First Aid Station', 'Luggage Storage', 'photo spots', 'guided photo tours', 'charging stations', 'Pet-friendly', 'pet water stations', 'Pet rest area', 'scenic spots', 'sunset cruises', 'special couples experiences']"
104,San Bartolomé,Spain,Historic Site/Landmark,El Cielo de los Ancestros,"El Cielo de los Ancestros is a historic site in San Bartolomé, Spain, popular for its memorable experiences. Entry fee is 10.59 USD. Recommended visit: 2 hours. Discover El Cielo de los Ancestros, a notable historic site in San Bartolomé, Spain, ideal for visitors. Open 10:00-22:00, entry 10.59 USD.",10.59,10:00-22:00,2 hours,3.5,"279 Shibuya Street, Shibuya Ward, San Bartolomé",29.017198571890827,-13.650527590570537,"['with pets', 'foodie', 'road trip']","['Restrooms', 'Information Desk', 'Restaurant', 'Souvenir Shop', 'First Aid Station', 'Luggage Storage', 'Pet-friendly', 'pet water stations', 'Pet rest area', 'Food markets', 'tasting tours', 'parking']"
105,San Bartolomé,Spain,Historic Site/Landmark,"San Bartolomé Heritage Walk: Monastery of the Dawn, Silver Temple, and Hill of Echoes","San Bartolomé Heritage Walk: Monastery of the Dawn, Silver Temple, and Hill of Echoes is a historic site in San Bartolomé, Spain, popular for its memorable experiences. Entry fee is 7.84 USD. Recommended visit: 2 hours. Discover San Bartolomé Heritage Walk: Monastery of the Dawn, Silver Temple, and Hill of Echoes, a notable historic site in San Bartolomé, Spain, ideal for visitors. Open 08:30-17:00, entry 7.84 USD.",7.84,08:30-17:00,2 hours,3.5,"482 Suthep Road, San Bartolomé",28.97706529382547,-13.595648331764512,"['photography', 'foodie', 'elderly travelers']","['Restrooms', 'Information Desk', 'Restaurant', 'Souvenir Shop', 'First Aid Station', 'Luggage Storage', 'photo spots', 'guided photo tours', 'charging stations', 'Food markets', 'tasting tours', 'wheelchair rental', 'benches/rest areas']"
106,San Bartolomé,Spain,Historic Site/Landmark,San Bartolomé Heritage Ensemble,"San Bartolomé Heritage Ensemble is a historic site in San Bartolomé, Spain, popular for its memorable experiences. Entry fee is 50.54 USD. Recommended visit: 2 hours. Discover San Bartolomé Heritage Ensemble, a notable historic site in San Bartolomé, Spain, ideal for visitors. Open 08:30-17:00, entry 50.54 USD.",50.54,08:30-17:00,2 hours,3.5,"712 Seaside Promenade, San Bartolomé",28.98814813292849,-13.599976108626953,"['nightlife enthusiast', 'with pets', 'luxury travelers']","['Restrooms', 'Information Desk', 'Restaurant', 'Souvenir Shop', 'First Aid Station', 'Luggage Storage', 'night markets', 'bars', 'evening shows', 'Pet-friendly', 'pet water stations', 'Pet rest area', 'private tours', 'skip the line passes', 'VIP exclusive events']"
107,San Bartolomé,Spain,Historic Site/Landmark,Golden Horizon Panorama,"Golden Horizon Panorama is a historic site in San Bartolomé, Spain, popular for its memorable experiences. Entry fee is 160.64 USD. Recommended visit: 2 hours. Discover Golden Horizon Panorama, a notable historic site in San Bartolomé, Spain, ideal for visitors. Open 06:00-18:00, entry 160.64 USD.",160.64,06:00-18:00,2 hours,3.5,"290 Gwangjang-ro, Jongno-gu, San Bartolomé",29.01700879079683,-13.595271808010333,"['with children', 'photography', 'elderly travelers']","['Restrooms', 'Information Desk', 'Restaurant', 'Souvenir Shop', 'First Aid Station', 'Luggage Storage', 'family restrooms', 'Nursing facilities', 'photo spots', 'guided photo tours', 'charging stations', 'wheelchair rental', 'benches/rest areas']"
108,San Bartolomé,Spain,Historic Site/Landmark,Casa del Tiempo Antiguo No.2,"Casa del Tiempo Antiguo is a historic site in San Bartolomé, Spain, popular for its memorable experiences. Entry fee is 6.23 USD. Recommended visit: 2 hours. Discover Casa del Tiempo Antiguo, a notable historic site in San Bartolomé, Spain, ideal for visitors. Open 09:00-17:00, entry 6.23 USD.",6.23,09:00-17:00,2 hours,3.5,"No. 456, Cultural Arts Avenue, Beilin District, San Bartolomé",28.95469291337196,-13.59579783237922,"['solo women', 'foodie', 'business travelers']","['Restrooms', 'Information Desk', 'Restaurant', 'Souvenir Shop', 'First Aid Station', 'Luggage Storage', 'group tours', 'security', 'Food markets', 'tasting tours', 'High speed WiFi']"
109,San Bartolomé,Spain,Historic Site/Landmark,Cielo Vista Heritage Tower,"Cielo Vista Heritage Tower is a historic site in San Bartolomé, Spain, popular for its memorable experiences. Entry fee is 13.36 USD. Recommended visit: 2 hours. Discover Cielo Vista Heritage Tower, a notable historic site in San Bartolomé, Spain, ideal for visitors. Open 08:30-20:00, entry 13.36 USD.",13.36,08:30-20:00,2 hours,3.5,"No. 456, Jiangbei New District, San Bartolomé",28.99193478571444,-13.634689135488138,"['nightlife enthusiast', 'with children', 'couples trip']","['Restrooms', 'Information Desk', 'Restaurant', 'Souvenir Shop', 'First Aid Station', 'Luggage Storage', 'night markets', 'bars', 'evening shows', 'family restrooms', 'Nursing facilities', 'scenic spots', 'sunset cruises', 'special couples experiences']"
110,San Bartolomé,Spain,Historic Site/Landmark,Crystal Sovereign Citadel,"Crystal Sovereign Citadel is a historic site in San Bartolomé, Spain, popular for its memorable experiences. Entry fee is 5.6 USD. Recommended visit: 2 hours. Discover Crystal Sovereign Citadel, a notable historic site in San Bartolomé, Spain, ideal for visitors. Open 09:00-18:00, entry 5.6 USD.",5.6,09:00-18:00,2 hours,3.5,"743/2 Ratchadaphisek Road, San Bartolomé",28.963969544970595,-13.589618413099377,"['nightlife enthusiast', 'with children', 'foodie']","['Restrooms', 'Information Desk', 'Restaurant', 'Souvenir Shop', 'First Aid Station', 'Luggage Storage', 'night markets', 'bars', 'evening shows', 'family restrooms', 'Nursing facilities', 'Food markets', 'tasting tours']"
111,San Bartolomé,Spain,Historic Site/Landmark,Echoes of the Valley Thermal Ritual,"Echoes of the Valley Thermal Ritual is a historic site in San Bartolomé, Spain, popular for its memorable experiences. Entry fee is 12.6 USD. Recommended visit: 2 hours. Discover Echoes of the Valley Thermal Ritual, a notable historic site in San Bartolomé, Spain, ideal for visitors. Open 09:00-17:30, entry 12.6 USD.",12.6,09:00-17:30,2 hours,3.5,"288 Gwangalli Beach Road, Haeundae-gu, San Bartolomé",28.97875234556849,-13.59892188824468,"['with children', 'solo women', 'disabled traveler']","['Restrooms', 'Information Desk', 'Restaurant', 'Souvenir Shop', 'First Aid Station', 'Luggage Storage', 'family restrooms', 'Nursing facilities', 'group tours', 'security', 'ramps', 'elevators', 'wheelchair rentals', 'accessible restrooms']"
112,San Bartolomé,Spain,Historic Site/Landmark,Coraline Hall,"Coraline Hall is a historic site in San Bartolomé, Spain, popular for its memorable experiences. Entry fee is 11.68 USD. Recommended visit: 2 hours. Discover Coraline Hall, a notable historic site in San Bartolomé, Spain, ideal for visitors. Open 08:30-17:30, entry 11.68 USD.",11.68,08:30-17:30,2 hours,3.5,"425-890 Shinko-dai, San Bartolomé",29.00957169978832,-13.640514242616073,"['solo women', 'business travelers']","['Restrooms', 'Information Desk', 'Restaurant', 'Souvenir Shop', 'First Aid Station', 'Luggage Storage', 'group tours', 'security', 'High speed WiFi']"
113,San Bartolomé,Spain,Historic Site/Landmark,El Castillo de las Siete Luces y el Colegio de los Vientos,"El Castillo de las Siete Luces y el Colegio de los Vientos is a historic site in San Bartolomé, Spain, popular for its memorable experiences. Entry fee is 474.46 USD. Recommended visit: 2 hours. Discover El Castillo de las Siete Luces y el Colegio de los Vientos, a notable historic site in San Bartolomé, Spain, ideal for visitors. Open 09:00-17:30, entry 474.46 USD.",474.46,09:00-17:30,2 hours,3.5,"624 Thomson Road, San Bartolomé",28.968608915206687,-13.608083738033828,"['foodie', 'couples trip', 'disabled traveler']","['Restrooms', 'Information Desk', 'Restaurant', 'Souvenir Shop', 'First Aid Station', 'Luggage Storage', 'Food markets', 'tasting tours', 'scenic spots', 'sunset cruises', 'special couples experiences', 'ramps', 'elevators', 'wheelchair rentals', 'accessible restrooms']"
114,San Bartolomé,Spain,Historic Site/Landmark,Cerro del Sol Fighting Hall,"Cerro del Sol Fighting Hall is a historic site in San Bartolomé, Spain, popular for its memorable experiences. Entry fee is 24.92 USD. Recommended visit: 2 hours. Discover Cerro del Sol Fighting Hall, a notable historic site in San Bartolomé, Spain, ideal for visitors. Open 09:00-17:00, entry 24.92 USD.",24.92,09:00-17:00,2 hours,3.5,"493 Shinjuku Park, Shinjuku, San Bartolomé",28.975392402988703,-13.604704035616765,"['disabled traveler', 'elderly travelers']","['Restrooms', 'Information Desk', 'Restaurant', 'Souvenir Shop', 'First Aid Station', 'Luggage Storage', 'ramps', 'elevators', 'wheelchair rentals', 'accessible restrooms', 'wheelchair rental', 'benches/rest areas']"
115,San Bartolomé,Spain,Historic Site/Landmark,San Bartolomé Heritage Wrestling Theater,"San Bartolomé Heritage Wrestling Theater is a historic site in San Bartolomé, Spain, popular for its memorable experiences. Entry fee is 21.77 USD. Recommended visit: 2 hours. Discover San Bartolomé Heritage Wrestling Theater, a notable historic site in San Bartolomé, Spain, ideal for visitors. Open 10:00-19:00, entry 21.77 USD.",21.77,10:00-19:00,2 hours,3.5,"578 Sakura Street, San Bartolomé",28.993176671055497,-13.614880912065194,"['nightlife enthusiast', 'solo women', 'elderly travelers']","['Restrooms', 'Information Desk', 'Restaurant', 'Souvenir Shop', 'First Aid Station', 'Luggage Storage', 'night markets', 'bars', 'evening shows', 'group tours', 'security', 'wheelchair rental', 'benches/rest areas']"
116,San Bartolomé,Spain,Historic Site/Landmark,Casa del Sol Heritage Walk,"Casa del Sol Heritage Walk is a historic site in San Bartolomé, Spain, popular for its memorable experiences. Entry fee is 36.54 USD. Recommended visit: 2 hours. Discover Casa del Sol Heritage Walk, a notable historic site in San Bartolomé, Spain, ideal for visitors. Open 08:30-17:30, entry 36.54 USD.",36.54,08:30-17:30,2 hours,3.5,"128 Hong Kong Park, San Bartolomé",28.96815694918789,-13.610014185005207,"['fast-paced budget travel', 'solo women', 'road trip']","['Restrooms', 'Information Desk', 'Restaurant', 'Souvenir Shop', 'First Aid Station', 'Luggage Storage', 'city passes', 'luggage storage', 'self-guided tours', 'group tours', 'security', 'parking']"
117,San Bartolomé,Spain,Historic Site/Landmark,El Cielo de los Sueños,"El Cielo de los Sueños is a historic site in San Bartolomé, Spain, popular for its memorable experiences. Entry fee is 42.0 USD. Recommended visit: 2 hours. Discover El Cielo de los Sueños, a notable historic site in San Bartolomé, Spain, ideal for visitors. Open 09:00-18:00, entry 42.0 USD.",42.0,09:00-18:00,2 hours,3.5,"355 Seogwipo Street, San Bartolomé",28.960170125392303,-13.5969494872886,"['nightlife enthusiast', 'with children', 'elderly travelers']","['Restrooms', 'Information Desk', 'Restaurant', 'Souvenir Shop', 'First Aid Station', 'Luggage Storage', 'night markets', 'bars', 'evening shows', 'family restrooms', 'Nursing facilities', 'wheelchair rental', 'benches/rest areas']"
118,San Bartolomé,Spain,Historic Site/Landmark,Echoes of Eldoria Hall,"Echoes of Eldoria Hall is a historic site in San Bartolomé, Spain, popular for its memorable experiences. Entry fee is 4.2 USD. Recommended visit: 2 hours. Discover Echoes of Eldoria Hall, a notable historic site in San Bartolomé, Spain, ideal for visitors. Open 10:00-22:00, entry 4.2 USD.",4.2,10:00-22:00,2 hours,3.5,"145 Beach Road, San Bartolomé",28.977822389477463,-13.607916965043817,"['fast-paced budget travel', 'solo women']","['Restrooms', 'Information Desk', 'Restaurant', 'Souvenir Shop', 'First Aid Station', 'Luggage Storage', 'city passes', 'luggage storage', 'self-guided tours', 'group tours', 'security']"
119,San Bartolomé,Spain,Historic Site/Landmark,Alcazar de San Bartolomé,"Alcazar de San Bartolomé is a historic site in San Bartolomé, Spain, popular for its memorable experiences. Entry fee is 2.79 USD. Recommended visit: 2 hours. Discover Alcazar de San Bartolomé, a notable historic site in San Bartolomé, Spain, ideal for visitors. Open 10:00-18:00, entry 2.79 USD.",2.79,10:00-18:00,2 hours,3.5,"294 Nishinari-ku, San Bartolomé",29.01648228035493,-13.626060075432816,"['luxury travelers', 'business travelers']","['Restrooms', 'Information Desk', 'Restaurant', 'Souvenir Shop', 'First Aid Station', 'Luggage Storage', 'private tours', 'skip the line passes', 'VIP exclusive events', 'High speed WiFi']"
120,San Bartolomé,Spain,Historic Site/Landmark,Coral Moon Shrine,"Coral Moon Shrine is a historic site in San Bartolomé, Spain, popular for its memorable experiences. Entry fee is 0.0 USD. Recommended visit: 2 hours. Discover Coral Moon Shrine, a notable historic site in San Bartolomé, Spain, ideal for visitors. Open 09:00-17:30, entry 0.0 USD.",0.0,09:00-17:30,2 hours,3.5,"834-345 Nakasu-cho, Fukuoka-shi, San Bartolomé",28.97628838191623,-13.62646536293247,"['with children', 'foodie', 'elderly travelers']","['Restrooms', 'Information Desk', 'Restaurant', 'Souvenir Shop', 'First Aid Station', 'Luggage Storage', 'family restrooms', 'Nursing facilities', 'Food markets', 'tasting tours', 'wheelchair rental', 'benches/rest areas']"
121,San Bartolomé,Spain,Historic Site/Landmark,Echoing Stones,"Echoing Stones is a historic site in San Bartolomé, Spain, popular for its memorable experiences. Entry fee is 16.52 USD. Recommended visit: 2 hours. Discover Echoing Stones, a notable historic site in San Bartolomé, Spain, ideal for visitors. Open 10:00-20:00, entry 16.52 USD.",16.52,10:00-20:00,2 hours,3.5,"No. 188, Zhujiang New Town, Tianhe District, San Bartolomé",28.984100268484347,-13.635717721471911,"['with children', 'fast-paced budget travel', 'couples trip']","['Restrooms', 'Information Desk', 'Restaurant', 'Souvenir Shop', 'First Aid Station', 'Luggage Storage', 'family restrooms', 'Nursing facilities', 'city passes', 'luggage storage', 'self-guided tours', 'scenic spots', 'sunset cruises', 'special couples experiences']"
122,San Bartolomé,Spain,Museum/Art Gallery,Luminae Gallery,"Luminae Gallery is a museum in San Bartolomé, Spain, popular for its unique collections and exhibitions. Entry fee is 9.52 USD. Recommended visit: 2 hours. Discover Luminae Gallery, a renowned museum in San Bartolomé, Spain, ideal for art lovers. Open 10:00-17:30, entry 9.52 USD.",9.52,10:00-17:30,2 hours,4.0,"525 Sakura Street, Bunkyo City, San Bartolomé",28.980288501734385,-13.590321462921736,"['fast-paced budget travel', 'solo women', 'foodie']","['Restrooms', 'Information Desk', 'Restaurant', 'Souvenir Shop', 'First Aid Station', 'Luggage Storage', 'city passes', 'luggage storage', 'self-guided tours', 'group tours', 'security', 'Food markets', 'tasting tours']"
123,San Bartolomé,Spain,Museum/Art Gallery,Echoes of the Subterranean,"Echoes of the Subterranean is a museum in San Bartolomé, Spain, popular for its unique collections and exhibitions. Entry fee is 6.37 USD. Recommended visit: 2 hours. Discover Echoes of the Subterranean, a renowned museum in San Bartolomé, Spain, ideal for art lovers. Open 10:00-18:00, entry 6.37 USD.",6.37,10:00-18:00,2 hours,4.0,"No. 456, Xinghai Road, San Bartolomé",29.00193399897833,-13.603921720464356,"['photography', 'disabled traveler', 'business travelers']","['Restrooms', 'Information Desk', 'Restaurant', 'Souvenir Shop', 'First Aid Station', 'Luggage Storage', 'photo spots', 'guided photo tours', 'charging stations', 'ramps', 'elevators', 'wheelchair rentals', 'accessible restrooms', 'High speed WiFi']"
124,San Bartolomé,Spain,Museum/Art Gallery,Echoes of the Valley Art House,"Echoes of the Valley Art House is a museum in San Bartolomé, Spain, popular for its unique collections and exhibitions. Entry fee is 52.55 USD. Recommended visit: 2 hours. Discover Echoes of the Valley Art House, a renowned museum in San Bartolomé, Spain, ideal for art lovers. Open 09:30-17:00, entry 52.55 USD.",52.55,09:30-17:00,2 hours,4.0,"552-8901 Sapporo City, Nishi 1-chome, San Bartolomé",28.99955369623983,-13.633844736641542,"['nightlife enthusiast', 'solo women', 'elderly travelers']","['Restrooms', 'Information Desk', 'Restaurant', 'Souvenir Shop', 'First Aid Station', 'Luggage Storage', 'night markets', 'bars', 'evening shows', 'group tours', 'security', 'wheelchair rental', 'benches/rest areas']"
125,San Bartolomé,Spain,Museum/Art Gallery,Lumina Contemporary Nexus,"Lumina Contemporary Nexus is a museum in San Bartolomé, Spain, popular for its unique collections and exhibitions. Entry fee is 8.63 USD. Recommended visit: 2 hours. Discover Lumina Contemporary Nexus, a renowned museum in San Bartolomé, Spain, ideal for art lovers. Open 09:00-17:30, entry 8.63 USD.",8.63,09:00-17:30,2 hours,4.0,"210 Orchard Road, San Bartolomé",29.01278904232793,-13.63003401334088,['fast-paced budget travel'],"['Restrooms', 'Information Desk', 'Restaurant', 'Souvenir Shop', 'First Aid Station', 'Luggage Storage', 'city passes', 'luggage storage', 'self-guided tours']"
126,San Bartolomé,Spain,Museum/Art Gallery,Echoes of the Valley,"Echoes of the Valley is a museum in San Bartolomé, Spain, popular for its unique collections and exhibitions. Entry fee is 8.31 USD. Recommended visit: 2 hours. Discover Echoes of the Valley, a renowned museum in San Bartolomé, Spain, ideal for art lovers. Open 09:00-18:00, entry 8.31 USD.",8.31,09:00-18:00,2 hours,4.0,"No. 123 Guangdong Road, San Bartolomé",28.97466681860436,-13.623957120443768,"['nightlife enthusiast', 'with pets', 'elderly travelers']","['Restrooms', 'Information Desk', 'Restaurant', 'Souvenir Shop', 'First Aid Station', 'Luggage Storage', 'night markets', 'bars', 'evening shows', 'Pet-friendly', 'pet water stations', 'Pet rest area', 'wheelchair rental', 'benches/rest areas']"
127,San Bartolomé,Spain,Museum/Art Gallery,Lumina Botanical Gallery,"Lumina Botanical Gallery is a museum in San Bartolomé, Spain, popular for its unique collections and exhibitions. Entry fee is 5.61 USD. Recommended visit: 2 hours. Discover Lumina Botanical Gallery, a renowned museum in San Bartolomé, Spain, ideal for art lovers. Open 09:30-17:00, entry 5.61 USD.",5.61,09:30-17:00,2 hours,4.0,"No. 88 Riverside Avenue, San Bartolomé",28.98745011550632,-13.613822706705792,"['fast-paced budget travel', 'foodie', 'business travelers']","['Restrooms', 'Information Desk', 'Restaurant', 'Souvenir Shop', 'First Aid Station', 'Luggage Storage', 'city passes', 'luggage storage', 'self-guided tours', 'Food markets', 'tasting tours', 'High speed WiFi']"
128,San Bartolomé,Spain,Museum/Art Gallery,Echoes of the Glade,"Echoes of the Glade is a museum in San Bartolomé, Spain, popular for its unique collections and exhibitions. Entry fee is 3.78 USD. Recommended visit: 2 hours. Discover Echoes of the Glade, a renowned museum in San Bartolomé, Spain, ideal for art lovers. Open 09:30-17:00, entry 3.78 USD.",3.78,09:30-17:00,2 hours,4.0,"286-567 Naka-ku, San Bartolomé",28.99618457834897,-13.624130040407389,"['with pets', 'solo women', 'photography']","['Restrooms', 'Information Desk', 'Restaurant', 'Souvenir Shop', 'First Aid Station', 'Luggage Storage', 'Pet-friendly', 'pet water stations', 'Pet rest area', 'group tours', 'security', 'photo spots', 'guided photo tours', 'charging stations']"
129,San Bartolomé,Spain,Museum/Art Gallery,Luminae Modern Collection,"Luminae Modern Collection is a museum in San Bartolomé, Spain, popular for its unique collections and exhibitions. Entry fee is 14.47 USD. Recommended visit: 2 hours. Discover Luminae Modern Collection, a renowned museum in San Bartolomé, Spain, ideal for art lovers. Open 11:00-21:00, entry 14.47 USD.",14.47,11:00-21:00,2 hours,4.0,"No. 456, Xiamen Science Park, San Bartolomé",28.995416267564323,-13.59505898145419,"['photography', 'couples trip']","['Restrooms', 'Information Desk', 'Restaurant', 'Souvenir Shop', 'First Aid Station', 'Luggage Storage', 'photo spots', 'guided photo tours', 'charging stations', 'scenic spots', 'sunset cruises', 'special couples experiences']"
130,San Bartolomé,Spain,Museum/Art Gallery,Echoes of the Andalusian Soul,"Echoes of the Andalusian Soul is a museum in San Bartolomé, Spain, popular for its unique collections and exhibitions. Entry fee is 6.2 USD. Recommended visit: 2 hours. Discover Echoes of the Andalusian Soul, a renowned museum in San Bartolomé, Spain, ideal for art lovers. Open 09:30-17:00, entry 6.2 USD.",6.2,09:30-17:00,2 hours,4.0,"163-12-8 Roppongi, Minato City, San Bartolomé",28.974199025050268,-13.615175603656343,"['luxury travelers', 'business travelers']","['Restrooms', 'Information Desk', 'Restaurant', 'Souvenir Shop', 'First Aid Station', 'Luggage Storage', 'private tours', 'skip the line passes', 'VIP exclusive events', 'High speed WiFi']"
131,San Bartolomé,Spain,Museum/Art Gallery,CacaoCraft Heritage Hub,"CacaoCraft Heritage Hub is a museum in San Bartolomé, Spain, popular for its unique collections and exhibitions. Entry fee is 4.57 USD. Recommended visit: 2 hours. Discover CacaoCraft Heritage Hub, a renowned museum in San Bartolomé, Spain, ideal for art lovers. Open 09:00-17:30, entry 4.57 USD.",4.57,09:00-17:30,2 hours,4.0,"567 Shinsaibashi Street, Chuo Ward, San Bartolomé",28.95777123538801,-13.608967165419232,"['with children', 'with pets', 'business travelers']","['Restrooms', 'Information Desk', 'Restaurant', 'Souvenir Shop', 'First Aid Station', 'Luggage Storage', 'family restrooms', 'Nursing facilities', 'Pet-friendly', 'pet water stations', 'Pet rest area', 'High speed WiFi']"
132,San Bartolomé,Spain,Museum/Art Gallery,Shadowplay Nexus,"Shadowplay Nexus is a museum in San Bartolomé, Spain, popular for its unique collections and exhibitions. Entry fee is 37.37 USD. Recommended visit: 2 hours. Discover Shadowplay Nexus, a renowned museum in San Bartolomé, Spain, ideal for art lovers. Open 10:00-22:00, entry 37.37 USD.",37.37,10:00-22:00,2 hours,4.0,"No. 588, Dongping Road, San Bartolomé",28.988754010627773,-13.61893652910475,"['disabled traveler', 'elderly travelers', 'business travelers']","['Restrooms', 'Information Desk', 'Restaurant', 'Souvenir Shop', 'First Aid Station', 'Luggage Storage', 'ramps', 'elevators', 'wheelchair rentals', 'accessible restrooms', 'wheelchair rental', 'benches/rest areas', 'High speed WiFi']"
133,San Bartolomé,Spain,Museum/Art Gallery,Abyssal Tide Viewing Gallery,"Abyssal Tide Viewing Gallery is a museum in San Bartolomé, Spain, popular for its unique collections and exhibitions. Entry fee is 7.46 USD. Recommended visit: 2 hours. Discover Abyssal Tide Viewing Gallery, a renowned museum in San Bartolomé, Spain, ideal for art lovers. Open 09:00-17:30, entry 7.46 USD.",7.46,09:00-17:30,2 hours,4.0,"No. 456, Jiangbei New District, San Bartolomé",28.94887508754155,-13.604136867573784,"['couples trip', 'with pets', 'foodie']","['Restrooms', 'Information Desk', 'Restaurant', 'Souvenir Shop', 'First Aid Station', 'Luggage Storage', 'scenic spots', 'sunset cruises', 'special couples experiences', 'Pet-friendly', 'pet water stations', 'Pet rest area', 'Food markets', 'tasting tours']"
134,San Bartolomé,Spain,Museum/Art Gallery,Echoes of the Valley No.2,"Echoes of the Valley is a museum in San Bartolomé, Spain, popular for its unique collections and exhibitions. Entry fee is 4.35 USD. Recommended visit: 2 hours. Discover Echoes of the Valley, a renowned museum in San Bartolomé, Spain, ideal for art lovers. Open 10:00-20:00, entry 4.35 USD.",4.35,10:00-20:00,2 hours,4.0,"393 Nishi-Shinjuku Street, Shinjuku Ward, San Bartolomé",28.97422925645655,-13.630195039057494,"['photography', 'luxury travelers', 'business travelers']","['Restrooms', 'Information Desk', 'Restaurant', 'Souvenir Shop', 'First Aid Station', 'Luggage Storage', 'photo spots', 'guided photo tours', 'charging stations', 'private tours', 'skip the line passes', 'VIP exclusive events', 'High speed WiFi']"
135,San Bartolomé,Spain,Museum/Art Gallery,Echoes of the Valley Gallery,"Echoes of the Valley Gallery is a museum in San Bartolomé, Spain, popular for its unique collections and exhibitions. Entry fee is 19.51 USD. Recommended visit: 2 hours. Discover Echoes of the Valley Gallery, a renowned museum in San Bartolomé, Spain, ideal for art lovers. Open 19:00-22:00, entry 19.51 USD.",19.51,19:00-22:00,2 hours,4.0,"993 Shinsaibashi Street, Chuo Ward, San Bartolomé",29.016230674008288,-13.619296129802148,"['road trip', 'foodie', 'business travelers']","['Restrooms', 'Information Desk', 'Restaurant', 'Souvenir Shop', 'First Aid Station', 'Luggage Storage', 'parking', 'Food markets', 'tasting tours', 'High speed WiFi']"
136,San Bartolomé,Spain,Museum/Art Gallery,Echoes of Time Gallery,"Echoes of Time Gallery is a museum in San Bartolomé, Spain, popular for its unique collections and exhibitions. Entry fee is 15.12 USD. Recommended visit: 2 hours. Discover Echoes of Time Gallery, a renowned museum in San Bartolomé, Spain, ideal for art lovers. Open 09:00-17:30, entry 15.12 USD.",15.12,09:00-17:30,2 hours,4.0,"217 Chalong Road, San Bartolomé",28.976948672579173,-13.621810585824797,"['nightlife enthusiast', 'solo women', 'business travelers']","['Restrooms', 'Information Desk', 'Restaurant', 'Souvenir Shop', 'First Aid Station', 'Luggage Storage', 'night markets', 'bars', 'evening shows', 'group tours', 'security', 'High speed WiFi']"
137,San Bartolomé,Spain,Museum/Art Gallery,Cultural Mosaic Gallery of San Bartolomé,"Cultural Mosaic Gallery of San Bartolomé is a museum in San Bartolomé, Spain, popular for its unique collections and exhibitions. Entry fee is 286.14 USD. Recommended visit: 2 hours. Discover Cultural Mosaic Gallery of San Bartolomé, a renowned museum in San Bartolomé, Spain, ideal for art lovers. Open 08:30-17:30, entry 286.14 USD.",286.14,08:30-17:30,2 hours,4.0,"586 Rachadaphisek Road, San Bartolomé",28.97830755808168,-13.591971056943883,"['fast-paced budget travel', 'luxury travelers', 'elderly travelers']","['Restrooms', 'Information Desk', 'Restaurant', 'Souvenir Shop', 'First Aid Station', 'Luggage Storage', 'city passes', 'luggage storage', 'self-guided tours', 'private tours', 'skip the line passes', 'VIP exclusive events', 'wheelchair rental', 'benches/rest areas']"
138,San Bartolomé,Spain,Museum/Art Gallery,Echoes of the Valley Artisan Hub,"Echoes of the Valley Artisan Hub is a museum in San Bartolomé, Spain, popular for its unique collections and exhibitions. Entry fee is 10.4 USD. Recommended visit: 2 hours. Discover Echoes of the Valley Artisan Hub, a renowned museum in San Bartolomé, Spain, ideal for art lovers. Open 10:00-19:00, entry 10.4 USD.",10.4,10:00-19:00,2 hours,4.0,"138 Seaside Promenade, San Bartolomé",28.982243612310874,-13.606291729898471,"['solo women', 'elderly travelers', 'road trip']","['Restrooms', 'Information Desk', 'Restaurant', 'Souvenir Shop', 'First Aid Station', 'Luggage Storage', 'group tours', 'security', 'wheelchair rental', 'benches/rest areas', 'parking']"
139,San Bartolomé,Spain,Museum/Art Gallery,Luminara Artistry Gallery,"Luminara Artistry Gallery is a museum in San Bartolomé, Spain, popular for its unique collections and exhibitions. Entry fee is 7.79 USD. Recommended visit: 2 hours. Discover Luminara Artistry Gallery, a renowned museum in San Bartolomé, Spain, ideal for art lovers. Open 10:00-17:00, entry 7.79 USD.",7.79,10:00-17:00,2 hours,4.0,"663 Suthep Road, San Bartolomé",29.005186263564564,-13.62761738620216,"['nightlife enthusiast', 'solo women', 'couples trip']","['Restrooms', 'Information Desk', 'Restaurant', 'Souvenir Shop', 'First Aid Station', 'Luggage Storage', 'night markets', 'bars', 'evening shows', 'group tours', 'security', 'scenic spots', 'sunset cruises', 'special couples experiences']"
140,San Bartolomé,Spain,Museum/Art Gallery,Echoes of the Forgotten Gallery,"Echoes of the Forgotten Gallery is a museum in San Bartolomé, Spain, popular for its unique collections and exhibitions. Entry fee is 9.17 USD. Recommended visit: 2 hours. Discover Echoes of the Forgotten Gallery, a renowned museum in San Bartolomé, Spain, ideal for art lovers. Open 10:00-20:00, entry 9.17 USD.",9.17,10:00-20:00,2 hours,4.0,"444 Hibikino Street, San Bartolomé",28.97672272769209,-13.596039679576,"['with children', 'disabled traveler', 'business travelers']","['Restrooms', 'Information Desk', 'Restaurant', 'Souvenir Shop', 'First Aid Station', 'Luggage Storage', 'family restrooms', 'Nursing facilities', 'ramps', 'elevators', 'wheelchair rentals', 'accessible restrooms', 'High speed WiFi']"
141,San Bartolomé,Spain,Museum/Art Gallery,Catalan Heritage Fighting Arts Museum,"Catalan Heritage Fighting Arts Museum is a museum in San Bartolomé, Spain, popular for its unique collections and exhibitions. Entry fee is 28.12 USD. Recommended visit: 2 hours. Discover Catalan Heritage Fighting Arts Museum, a renowned museum in San Bartolomé, Spain, ideal for art lovers. Open 09:00-17:30, entry 28.12 USD.",28.12,09:00-17:30,2 hours,4.0,"No. 456, Cultural Arts Avenue, Haizhu District, San Bartolomé",29.012344374837905,-13.624234197144837,"['foodie', 'luxury travelers']","['Restrooms', 'Information Desk', 'Restaurant', 'Souvenir Shop', 'First Aid Station', 'Luggage Storage', 'Food markets', 'tasting tours', 'private tours', 'skip the line passes', 'VIP exclusive events']"
142,San Bartolomé,Spain,Museum/Art Gallery,Echoes of the Valley Gallery No.2,"Echoes of the Valley Gallery is a museum in San Bartolomé, Spain, popular for its unique collections and exhibitions. Entry fee is 15.9 USD. Recommended visit: 2 hours. Discover Echoes of the Valley Gallery, a renowned museum in San Bartolomé, Spain, ideal for art lovers. Open 09:00-17:30, entry 15.9 USD.",15.9,09:00-17:30,2 hours,4.0,"No. 456, West Lake Road, San Bartolomé",28.96319248659011,-13.607083680863552,"['nightlife enthusiast', 'luxury travelers', 'disabled traveler']","['Restrooms', 'Information Desk', 'Restaurant', 'Souvenir Shop', 'First Aid Station', 'Luggage Storage', 'night markets', 'bars', 'evening shows', 'private tours', 'skip the line passes', 'VIP exclusive events', 'ramps', 'elevators', 'wheelchair rentals', 'accessible restrooms']"
143,San Bartolomé,Spain,Museum/Art Gallery,Luminae Heritage Centre,"Luminae Heritage Centre is a museum in San Bartolomé, Spain, popular for its unique collections and exhibitions. Entry fee is 11.22 USD. Recommended visit: 2 hours. Discover Luminae Heritage Centre, a renowned museum in San Bartolomé, Spain, ideal for art lovers. Open 10:00-21:00, entry 11.22 USD.",11.22,10:00-21:00,2 hours,4.0,"408 Sakura Street, San Bartolomé",29.00709829721484,-13.617986001172968,"['nightlife enthusiast', 'fast-paced budget travel', 'foodie']","['Restrooms', 'Information Desk', 'Restaurant', 'Souvenir Shop', 'First Aid Station', 'Luggage Storage', 'night markets', 'bars', 'evening shows', 'city passes', 'luggage storage', 'self-guided tours', 'Food markets', 'tasting tours']"
144,San Bartolomé,Spain,Museum/Art Gallery,Echoes of the Valley Art Collective,"Echoes of the Valley Art Collective is a museum in San Bartolomé, Spain, popular for its unique collections and exhibitions. Entry fee is 24.92 USD. Recommended visit: 2 hours. Discover Echoes of the Valley Art Collective, a renowned museum in San Bartolomé, Spain, ideal for art lovers. Open 09:00-17:00, entry 24.92 USD.",24.92,09:00-17:00,2 hours,4.0,"452 Sakura Street, Chuo-ku, San Bartolomé",28.980664920697368,-13.620626909701352,"['elderly travelers', 'couples trip', 'disabled traveler']","['Restrooms', 'Information Desk', 'Restaurant', 'Souvenir Shop', 'First Aid Station', 'Luggage Storage', 'wheelchair rental', 'benches/rest areas', 'scenic spots', 'sunset cruises', 'special couples experiences', 'ramps', 'elevators', 'wheelchair rentals', 'accessible restrooms']"
145,San Bartolomé,Spain,Museum/Art Gallery,Echoes of the Deep and Timeless Forms,"Echoes of the Deep and Timeless Forms is a museum in San Bartolomé, Spain, popular for its unique collections and exhibitions. Entry fee is 16.33 USD. Recommended visit: 2 hours. Discover Echoes of the Deep and Timeless Forms, a renowned museum in San Bartolomé, Spain, ideal for art lovers. Open 10:00-19:00, entry 16.33 USD.",16.33,10:00-19:00,2 hours,4.0,"No. 456, Riverside Avenue, Jianyang City, San Bartolomé",28.9800674433944,-13.625268201035984,"['photography', 'foodie', 'elderly travelers']","['Restrooms', 'Information Desk', 'Restaurant', 'Souvenir Shop', 'First Aid Station', 'Luggage Storage', 'photo spots', 'guided photo tours', 'charging stations', 'Food markets', 'tasting tours', 'wheelchair rental', 'benches/rest areas']"
146,San Bartolomé,Spain,Museum/Art Gallery,Echoes of Strings Gallery,"Echoes of Strings Gallery is a museum in San Bartolomé, Spain, popular for its unique collections and exhibitions. Entry fee is 12.28 USD. Recommended visit: 2 hours. Discover Echoes of Strings Gallery, a renowned museum in San Bartolomé, Spain, ideal for art lovers. Open 09:00-18:00, entry 12.28 USD.",12.28,09:00-18:00,2 hours,4.0,"No. 15 Huangpu Park, San Bartolomé",29.022412685460605,-13.649506167590898,"['nightlife enthusiast', 'photography', 'road trip']","['Restrooms', 'Information Desk', 'Restaurant', 'Souvenir Shop', 'First Aid Station', 'Luggage Storage', 'night markets', 'bars', 'evening shows', 'photo spots', 'guided photo tours', 'charging stations', 'parking']"
147,San Bartolomé,Spain,Museum/Art Gallery,Echoes of the Valley Gallery No.3,"Echoes of the Valley Gallery is a museum in San Bartolomé, Spain, popular for its unique collections and exhibitions. Entry fee is 2.77 USD. Recommended visit: 2 hours. Discover Echoes of the Valley Gallery, a renowned museum in San Bartolomé, Spain, ideal for art lovers. Open 10:00-22:00, entry 2.77 USD.",2.77,10:00-22:00,2 hours,4.0,"702/1 Sukhumvit Road, Khlong Toei District, San Bartolomé",28.97359528426673,-13.611528168236992,"['with children', 'photography', 'foodie']","['Restrooms', 'Information Desk', 'Restaurant', 'Souvenir Shop', 'First Aid Station', 'Luggage Storage', 'family restrooms', 'Nursing facilities', 'photo spots', 'guided photo tours', 'charging stations', 'Food markets', 'tasting tours']"
148,San Bartolomé,Spain,Museum/Art Gallery,Luminara Interactive Experience,"Luminara Interactive Experience is a museum in San Bartolomé, Spain, popular for its unique collections and exhibitions. Entry fee is 0.0 USD. Recommended visit: 2 hours. Discover Luminara Interactive Experience, a renowned museum in San Bartolomé, Spain, ideal for art lovers. Open 09:00-17:30, entry 0.0 USD.",0.0,09:00-17:30,2 hours,4.0,"625 Sakura Street, Shibuya, San Bartolomé",28.977794738701707,-13.601102881161385,['solo women'],"['Restrooms', 'Information Desk', 'Restaurant', 'Souvenir Shop', 'First Aid Station', 'Luggage Storage', 'group tours', 'security']"
149,San Bartolomé,Spain,Museum/Art Gallery,Echoes of the Forgotten Realm,"Echoes of the Forgotten Realm is a museum in San Bartolomé, Spain, popular for its unique collections and exhibitions. Entry fee is 86.45 USD. Recommended visit: 2 hours. Discover Echoes of the Forgotten Realm, a renowned museum in San Bartolomé, Spain, ideal for art lovers. Open 09:00-21:00, entry 86.45 USD.",86.45,09:00-21:00,2 hours,4.0,"No. 456, Cultural Arts Avenue, San Bartolomé",29.013957343514065,-13.6044417498158,"['fast-paced budget travel', 'with pets', 'business travelers']","['Restrooms', 'Information Desk', 'Restaurant', 'Souvenir Shop', 'First Aid Station', 'Luggage Storage', 'city passes', 'luggage storage', 'self-guided tours', 'Pet-friendly', 'pet water stations', 'Pet rest area', 'High speed WiFi']"
150,San Bartolomé,Spain,Museum/Art Gallery,Luminae Artisan Workshop,"Luminae Artisan Workshop is a museum in San Bartolomé, Spain, popular for its unique collections and exhibitions. Entry fee is 7.0 USD. Recommended visit: 2 hours. Discover Luminae Artisan Workshop, a renowned museum in San Bartolomé, Spain, ideal for art lovers. Open 08:30-17:00, entry 7.0 USD.",7.0,08:30-17:00,2 hours,4.0,"733 Shibuya Crossing, Shibuya-ku, San Bartolomé",29.026007350156856,-13.645525131977244,"['with pets', 'couples trip', 'elderly travelers']","['Restrooms', 'Information Desk', 'Restaurant', 'Souvenir Shop', 'First Aid Station', 'Luggage Storage', 'Pet-friendly', 'pet water stations', 'Pet rest area', 'scenic spots', 'sunset cruises', 'special couples experiences', 'wheelchair rental', 'benches/rest areas']"
