attraction_id,city_name,country,type,attraction_name,overview,ticket_price,open_hours,duration_of_visit,rate_of_restaurant,address,latitude,longitude,facilities_group,facilities
1,Santiago de Compostela,Spain,Nature/Scenery/Park,Celtas Green Haven,"Celtas Green Haven is a nature in Santiago de Compostela, Spain, popular for its natural scenery and relaxing atmosphere. Entry fee is 5.6 USD. Recommended visit: 3 hours. Discover Celtas Green Haven, a peaceful nature in Santiago de Compostela, Spain, ideal for nature lovers. Open 09:00-18:00, entry 5.6 USD.",5.6,09:00-18:00,3 hours,3.7,"561 Pasir Ris Avenue, Santiago de Compostela",42.96867319686898,-8.44949928019871,"['fast-paced budget travel', 'foodie', 'luxury travelers']","['Restrooms', 'Information Desk', 'Restaurant', 'Souvenir Shop', 'First Aid Station', 'Luggage Storage', 'city passes', 'luggage storage', 'self-guided tours', 'Food markets', 'tasting tours', 'private tours', 'skip the line passes', 'VIP exclusive events']"
2,Santiago de Compostela,Spain,Nature/Scenery/Park,Celtic Grove Pathway,"Celtic Grove Pathway is a nature in Santiago de Compostela, Spain, popular for its natural scenery and relaxing atmosphere. Entry fee is 29.53 USD. Recommended visit: 3 hours. Discover Celtic Grove Pathway, a peaceful nature in Santiago de Compostela, Spain, ideal for nature lovers. Open 09:00-19:00, entry 29.53 USD.",29.53,09:00-19:00,3 hours,3.7,"971 Shinjuku Innovation Street, Santiago de Compostela",42.87719327243068,-8.45311383035421,"['solo women', 'with pets', 'couples trip']","['Restrooms', 'Information Desk', 'Restaurant', 'Souvenir Shop', 'First Aid Station', 'Luggage Storage', 'group tours', 'security', 'Pet-friendly', 'pet water stations', 'Pet rest area', 'scenic spots', 'sunset cruises', 'special couples experiences']"
3,Santiago de Compostela,Spain,Nature/Scenery/Park,Cumbre de los Sueños Grove,"Cumbre de los Sueños Grove is a nature in Santiago de Compostela, Spain, popular for its natural scenery and relaxing atmosphere. Entry fee is 94.11 USD. Recommended visit: 3 hours. Discover Cumbre de los Sueños Grove, a peaceful nature in Santiago de Compostela, Spain, ideal for nature lovers. Open 08:30-18:00, entry 94.11 USD.",94.11,08:30-18:00,3 hours,3.7,"170 Gwangnangno, Nowon-gu, Santiago de Compostela",42.85692930858858,-8.585096125737575,"['photography', 'elderly travelers', 'road trip']","['Restrooms', 'Information Desk', 'Restaurant', 'Souvenir Shop', 'First Aid Station', 'Luggage Storage', 'photo spots', 'guided photo tours', 'charging stations', 'wheelchair rental', 'benches/rest areas', 'parking']"
4,Santiago de Compostela,Spain,Nature/Scenery/Park,Rías de la Luz Trail,"Rías de la Luz Trail is a nature in Santiago de Compostela, Spain, popular for its natural scenery and relaxing atmosphere. Entry fee is 7.57 USD. Recommended visit: 3 hours. Discover Rías de la Luz Trail, a peaceful nature in Santiago de Compostela, Spain, ideal for nature lovers. Open 09:00-17:30, entry 7.57 USD.",7.57,09:00-17:30,3 hours,3.7,"927 Gwanghwamun-daero, Jongno-gu, Santiago de Compostela",42.878608141894986,-8.485891356606206,"['photography', 'road trip']","['Restrooms', 'Information Desk', 'Restaurant', 'Souvenir Shop', 'First Aid Station', 'Luggage Storage', 'photo spots', 'guided photo tours', 'charging stations', 'parking']"
5,Santiago de Compostela,Spain,Nature/Scenery/Park,Moonlit River Drift,"Moonlit River Drift is a nature in Santiago de Compostela, Spain, popular for its natural scenery and relaxing atmosphere. Entry fee is 6.72 USD. Recommended visit: 3 hours. Discover Moonlit River Drift, a peaceful nature in Santiago de Compostela, Spain, ideal for nature lovers. Open 08:30-20:00, entry 6.72 USD.",6.72,08:30-20:00,3 hours,3.7,"200 Sakura Street, Shibuya Ward, Santiago de Compostela",42.84041673408068,-8.511511916386182,"['fast-paced budget travel', 'elderly travelers', 'business travelers']","['Restrooms', 'Information Desk', 'Restaurant', 'Souvenir Shop', 'First Aid Station', 'Luggage Storage', 'city passes', 'luggage storage', 'self-guided tours', 'wheelchair rental', 'benches/rest areas', 'High speed WiFi']"
6,Santiago de Compostela,Spain,Nature/Scenery/Park,Cuesta del Sol Reserve,"Cuesta del Sol Reserve is a nature in Santiago de Compostela, Spain, popular for its natural scenery and relaxing atmosphere. Entry fee is 2059.2 USD. Recommended visit: 3 hours. Discover Cuesta del Sol Reserve, a peaceful nature in Santiago de Compostela, Spain, ideal for nature lovers. Open 08:30-19:00, entry 2059.2 USD.",2059.2,08:30-19:00,3 hours,3.7,"No. 456, Xizhimen South Road, Santiago de Compostela",42.92037080719677,-8.552211136502576,"['nightlife enthusiast', 'fast-paced budget travel', 'elderly travelers']","['Restrooms', 'Information Desk', 'Restaurant', 'Souvenir Shop', 'First Aid Station', 'Luggage Storage', 'night markets', 'bars', 'evening shows', 'city passes', 'luggage storage', 'self-guided tours', 'wheelchair rental', 'benches/rest areas']"
7,Santiago de Compostela,Spain,Nature/Scenery/Park,Cuesta Verde Culinary Heights,"Cuesta Verde Culinary Heights is a nature in Santiago de Compostela, Spain, popular for its natural scenery and relaxing atmosphere. Entry fee is 17.5 USD. Recommended visit: 3 hours. Discover Cuesta Verde Culinary Heights, a peaceful nature in Santiago de Compostela, Spain, ideal for nature lovers. Open 19:00-23:00, entry 17.5 USD.",17.5,19:00-23:00,3 hours,3.7,"826-12, Gwanak-daero, Gwanak-gu, Santiago de Compostela",42.952983220370015,-8.59581358994363,"['solo women', 'couples trip', 'elderly travelers']","['Restrooms', 'Information Desk', 'Restaurant', 'Souvenir Shop', 'First Aid Station', 'Luggage Storage', 'group tours', 'security', 'scenic spots', 'sunset cruises', 'special couples experiences', 'wheelchair rental', 'benches/rest areas']"
8,Santiago de Compostela,Spain,Nature/Scenery/Park,Catedral Hills Express + Monte de Gois Sky Lift + Mirador de San Martin,"Catedral Hills Express + Monte de Gois Sky Lift + Mirador de San Martin is a nature in Santiago de Compostela, Spain, popular for its natural scenery and relaxing atmosphere. Entry fee is 7.7 USD. Recommended visit: 3 hours. Discover Catedral Hills Express + Monte de Gois Sky Lift + Mirador de San Martin, a peaceful nature in Santiago de Compostela, Spain, ideal for nature lovers. Open 09:00-21:00, entry 7.7 USD.",7.7,09:00-21:00,3 hours,3.7,"493 Jurong East Street 21, Santiago de Compostela",42.91256731248868,-8.501136965805566,"['fast-paced budget travel', 'with pets', 'foodie']","['Restrooms', 'Information Desk', 'Restaurant', 'Souvenir Shop', 'First Aid Station', 'Luggage Storage', 'city passes', 'luggage storage', 'self-guided tours', 'Pet-friendly', 'pet water stations', 'Pet rest area', 'Food markets', 'tasting tours']"
9,Santiago de Compostela,Spain,Nature/Scenery/Park,Azure Horizon Point,"Azure Horizon Point is a nature in Santiago de Compostela, Spain, popular for its natural scenery and relaxing atmosphere. Entry fee is 14.98 USD. Recommended visit: 3 hours. Discover Azure Horizon Point, a peaceful nature in Santiago de Compostela, Spain, ideal for nature lovers. Open 08:30-17:00, entry 14.98 USD.",14.98,08:30-17:00,3 hours,3.7,"No. 456, Xidan West Street, Santiago de Compostela",42.91439971143923,-8.586964552872578,"['foodie', 'luxury travelers']","['Restrooms', 'Information Desk', 'Restaurant', 'Souvenir Shop', 'First Aid Station', 'Luggage Storage', 'Food markets', 'tasting tours', 'private tours', 'skip the line passes', 'VIP exclusive events']"
10,Santiago de Compostela,Spain,Nature/Scenery/Park,LushLift EcoAdventure Hub,"LushLift EcoAdventure Hub is a nature in Santiago de Compostela, Spain, popular for its natural scenery and relaxing atmosphere. Entry fee is 20.74 USD. Recommended visit: 3 hours. Discover LushLift EcoAdventure Hub, a peaceful nature in Santiago de Compostela, Spain, ideal for nature lovers. Open 09:30-17:00, entry 20.74 USD.",20.74,09:30-17:00,3 hours,3.7,"783 Beach Road, Santiago de Compostela",42.845474469602514,-8.492924184629382,"['with pets', 'photography', 'disabled traveler']","['Restrooms', 'Information Desk', 'Restaurant', 'Souvenir Shop', 'First Aid Station', 'Luggage Storage', 'Pet-friendly', 'pet water stations', 'Pet rest area', 'photo spots', 'guided photo tours', 'charging stations', 'ramps', 'elevators', 'wheelchair rentals', 'accessible restrooms']"
11,Santiago de Compostela,Spain,Nature/Scenery/Park,Celtic Bay Tidal Gardens,"Celtic Bay Tidal Gardens is a nature in Santiago de Compostela, Spain, popular for its natural scenery and relaxing atmosphere. Entry fee is 12.93 USD. Recommended visit: 3 hours. Discover Celtic Bay Tidal Gardens, a peaceful nature in Santiago de Compostela, Spain, ideal for nature lovers. Open 09:30-17:00, entry 12.93 USD.",12.93,09:30-17:00,3 hours,3.7,"839-12-8 Shibuya, Shibuya City, Santiago de Compostela",42.916547350926194,-8.534463069964817,"['nightlife enthusiast', 'luxury travelers', 'disabled traveler']","['Restrooms', 'Information Desk', 'Restaurant', 'Souvenir Shop', 'First Aid Station', 'Luggage Storage', 'night markets', 'bars', 'evening shows', 'private tours', 'skip the line passes', 'VIP exclusive events', 'ramps', 'elevators', 'wheelchair rentals', 'accessible restrooms']"
12,Santiago de Compostela,Spain,Nature/Scenery/Park,Serra Verde EcoTrail,"Serra Verde EcoTrail is a nature in Santiago de Compostela, Spain, popular for its natural scenery and relaxing atmosphere. Entry fee is 11.76 USD. Recommended visit: 3 hours. Discover Serra Verde EcoTrail, a peaceful nature in Santiago de Compostela, Spain, ideal for nature lovers. Open 08:30-17:30, entry 11.76 USD.",11.76,08:30-17:30,3 hours,3.7,"No. 456, Xilin Mountain Road, Santiago de Compostela",42.90653601514129,-8.56243078825869,"['business travelers', 'disabled traveler', 'road trip']","['Restrooms', 'Information Desk', 'Restaurant', 'Souvenir Shop', 'First Aid Station', 'Luggage Storage', 'High speed WiFi', 'ramps', 'elevators', 'wheelchair rentals', 'accessible restrooms', 'parking']"
13,Santiago de Compostela,Spain,Nature/Scenery/Park,Celtic Springs Sanctuary,"Celtic Springs Sanctuary is a nature in Santiago de Compostela, Spain, popular for its natural scenery and relaxing atmosphere. Entry fee is 22.61 USD. Recommended visit: 3 hours. Discover Celtic Springs Sanctuary, a peaceful nature in Santiago de Compostela, Spain, ideal for nature lovers. Open 18:00-21:00, entry 22.61 USD.",22.61,18:00-21:00,3 hours,3.7,"No. 128, Tianhe Road, Tianhe District, Santiago de Compostela",42.96344004791998,-8.617204117011923,"['nightlife enthusiast', 'with pets']","['Restrooms', 'Information Desk', 'Restaurant', 'Souvenir Shop', 'First Aid Station', 'Luggage Storage', 'night markets', 'bars', 'evening shows', 'Pet-friendly', 'pet water stations', 'Pet rest area']"
14,Santiago de Compostela,Spain,Nature/Scenery/Park,Luminous Glen Reserve,"Luminous Glen Reserve is a nature in Santiago de Compostela, Spain, popular for its natural scenery and relaxing atmosphere. Entry fee is 11.05 USD. Recommended visit: 3 hours. Discover Luminous Glen Reserve, a peaceful nature in Santiago de Compostela, Spain, ideal for nature lovers. Open 08:30-17:30, entry 11.05 USD.",11.05,08:30-17:30,3 hours,3.7,"572 Seongsan Road, Santiago de Compostela",42.84368508613379,-8.479434313248982,"['with children', 'fast-paced budget travel', 'luxury travelers']","['Restrooms', 'Information Desk', 'Restaurant', 'Souvenir Shop', 'First Aid Station', 'Luggage Storage', 'family restrooms', 'Nursing facilities', 'city passes', 'luggage storage', 'self-guided tours', 'private tours', 'skip the line passes', 'VIP exclusive events']"
15,Santiago de Compostela,Spain,Nature/Scenery/Park,Galician Green Sanctuary,"Galician Green Sanctuary is a nature in Santiago de Compostela, Spain, popular for its natural scenery and relaxing atmosphere. Entry fee is 24.24 USD. Recommended visit: 3 hours. Discover Galician Green Sanctuary, a peaceful nature in Santiago de Compostela, Spain, ideal for nature lovers. Open 08:00-20:00, entry 24.24 USD.",24.24,08:00-20:00,3 hours,3.7,"No. 456, West Lake Road, Santiago de Compostela",42.88519987324979,-8.472971557048083,"['photography', 'couples trip', 'luxury travelers']","['Restrooms', 'Information Desk', 'Restaurant', 'Souvenir Shop', 'First Aid Station', 'Luggage Storage', 'photo spots', 'guided photo tours', 'charging stations', 'scenic spots', 'sunset cruises', 'special couples experiences', 'private tours', 'skip the line passes', 'VIP exclusive events']"
16,Santiago de Compostela,Spain,Nature/Scenery/Park,Cielo Verde Skyline Express,"Cielo Verde Skyline Express is a nature in Santiago de Compostela, Spain, popular for its natural scenery and relaxing atmosphere. Entry fee is 31.52 USD. Recommended visit: 3 hours. Discover Cielo Verde Skyline Express, a peaceful nature in Santiago de Compostela, Spain, ideal for nature lovers. Open 09:00-17:30, entry 31.52 USD.",31.52,09:00-17:30,3 hours,3.7,"794 Sakura Street, Naka Ward, Santiago de Compostela",42.91635401209808,-8.416270017561768,"['with pets', 'couples trip', 'road trip']","['Restrooms', 'Information Desk', 'Restaurant', 'Souvenir Shop', 'First Aid Station', 'Luggage Storage', 'Pet-friendly', 'pet water stations', 'Pet rest area', 'scenic spots', 'sunset cruises', 'special couples experiences', 'parking']"
17,Santiago de Compostela,Spain,Nature/Scenery/Park,Celtic Grove Sanctuary,"Celtic Grove Sanctuary is a nature in Santiago de Compostela, Spain, popular for its natural scenery and relaxing atmosphere. Entry fee is 2.0 USD. Recommended visit: 3 hours. Discover Celtic Grove Sanctuary, a peaceful nature in Santiago de Compostela, Spain, ideal for nature lovers. Open 08:30-17:30, entry 2.0 USD.",2.0,08:30-17:30,3 hours,3.7,"935 Shibuya Street, Shibuya Ward, Santiago de Compostela",42.903759565783865,-8.510658334621045,"['solo women', 'couples trip', 'luxury travelers']","['Restrooms', 'Information Desk', 'Restaurant', 'Souvenir Shop', 'First Aid Station', 'Luggage Storage', 'group tours', 'security', 'scenic spots', 'sunset cruises', 'special couples experiences', 'private tours', 'skip the line passes', 'VIP exclusive events']"
18,Santiago de Compostela,Spain,Nature/Scenery/Park,Celtic Grove Sanctuary No.2,"Celtic Grove Sanctuary is a nature in Santiago de Compostela, Spain, popular for its natural scenery and relaxing atmosphere. Entry fee is 2.8 USD. Recommended visit: 3 hours. Discover Celtic Grove Sanctuary, a peaceful nature in Santiago de Compostela, Spain, ideal for nature lovers. Open 09:00-21:00, entry 2.8 USD.",2.8,09:00-21:00,3 hours,3.7,"963 Shinsaibashi Dori, Chuo Ward, Santiago de Compostela",42.90245480207832,-8.488708338462896,"['foodie', 'disabled traveler', 'business travelers']","['Restrooms', 'Information Desk', 'Restaurant', 'Souvenir Shop', 'First Aid Station', 'Luggage Storage', 'Food markets', 'tasting tours', 'ramps', 'elevators', 'wheelchair rentals', 'accessible restrooms', 'High speed WiFi']"
19,Santiago de Compostela,Spain,Nature/Scenery/Park,Casa de las Olas Green Pathway,"Casa de las Olas Green Pathway is a nature in Santiago de Compostela, Spain, popular for its natural scenery and relaxing atmosphere. Entry fee is 13.3 USD. Recommended visit: 3 hours. Discover Casa de las Olas Green Pathway, a peaceful nature in Santiago de Compostela, Spain, ideal for nature lovers. Open 09:00-17:30, entry 13.3 USD.",13.3,09:00-17:30,3 hours,3.7,"No. 888, Forest Avenue, Santiago de Compostela",42.97316674109013,-8.580380033722228,"['with children', 'with pets', 'disabled traveler']","['Restrooms', 'Information Desk', 'Restaurant', 'Souvenir Shop', 'First Aid Station', 'Luggage Storage', 'family restrooms', 'Nursing facilities', 'Pet-friendly', 'pet water stations', 'Pet rest area', 'ramps', 'elevators', 'wheelchair rentals', 'accessible restrooms']"
20,Santiago de Compostela,Spain,Nature/Scenery/Park,Azure Cove,"Azure Cove is a nature in Santiago de Compostela, Spain, popular for its natural scenery and relaxing atmosphere. Entry fee is 6.44 USD. Recommended visit: 3 hours. Discover Azure Cove, a peaceful nature in Santiago de Compostela, Spain, ideal for nature lovers. Open 08:00-20:00, entry 6.44 USD.",6.44,08:00-20:00,3 hours,3.7,"No. 456, Zhongguancun Road, Santiago de Compostela",42.874403732504064,-8.468677227961866,"['fast-paced budget travel', 'with pets', 'elderly travelers']","['Restrooms', 'Information Desk', 'Restaurant', 'Souvenir Shop', 'First Aid Station', 'Luggage Storage', 'city passes', 'luggage storage', 'self-guided tours', 'Pet-friendly', 'pet water stations', 'Pet rest area', 'wheelchair rental', 'benches/rest areas']"
21,Santiago de Compostela,Spain,Nature/Scenery/Park,Crimson Ridge Trail,"Crimson Ridge Trail is a nature in Santiago de Compostela, Spain, popular for its natural scenery and relaxing atmosphere. Entry fee is 75.28 USD. Recommended visit: 3 hours. Discover Crimson Ridge Trail, a peaceful nature in Santiago de Compostela, Spain, ideal for nature lovers. Open 08:30-17:00, entry 75.28 USD.",75.28,08:30-17:00,3 hours,3.7,"208 Shirokane-dori, Shibuya City, Santiago de Compostela",42.8929974907291,-8.539349569460905,"['nightlife enthusiast', 'with pets', 'elderly travelers']","['Restrooms', 'Information Desk', 'Restaurant', 'Souvenir Shop', 'First Aid Station', 'Luggage Storage', 'night markets', 'bars', 'evening shows', 'Pet-friendly', 'pet water stations', 'Pet rest area', 'wheelchair rental', 'benches/rest areas']"
22,Santiago de Compostela,Spain,Nature/Scenery/Park,Oceanic Horizon Sanctuary,"Oceanic Horizon Sanctuary is a nature in Santiago de Compostela, Spain, popular for its natural scenery and relaxing atmosphere. Entry fee is 55.55 USD. Recommended visit: 3 hours. Discover Oceanic Horizon Sanctuary, a peaceful nature in Santiago de Compostela, Spain, ideal for nature lovers. Open 09:00-17:30, entry 55.55 USD.",55.55,09:00-17:30,3 hours,3.7,"870 Garden Road, Santiago de Compostela",42.87184860948004,-8.573905598228105,"['nightlife enthusiast', 'fast-paced budget travel', 'foodie']","['Restrooms', 'Information Desk', 'Restaurant', 'Souvenir Shop', 'First Aid Station', 'Luggage Storage', 'night markets', 'bars', 'evening shows', 'city passes', 'luggage storage', 'self-guided tours', 'Food markets', 'tasting tours']"
23,Santiago de Compostela,Spain,Nature/Scenery/Park,The Whispering Grove Cycle Trail,"The Whispering Grove Cycle Trail is a nature in Santiago de Compostela, Spain, popular for its natural scenery and relaxing atmosphere. Entry fee is 12.32 USD. Recommended visit: 3 hours. Discover The Whispering Grove Cycle Trail, a peaceful nature in Santiago de Compostela, Spain, ideal for nature lovers. Open 08:30-17:00, entry 12.32 USD.",12.32,08:30-17:00,3 hours,3.7,"No. 188, Zhujiang New Town, Tianhe District, Santiago de Compostela",42.8500810887571,-8.534232553232433,"['luxury travelers', 'disabled traveler', 'road trip']","['Restrooms', 'Information Desk', 'Restaurant', 'Souvenir Shop', 'First Aid Station', 'Luggage Storage', 'private tours', 'skip the line passes', 'VIP exclusive events', 'ramps', 'elevators', 'wheelchair rentals', 'accessible restrooms', 'parking']"
24,Santiago de Compostela,Spain,Nature/Scenery/Park,Whispering Woods Heritage Trail,"Whispering Woods Heritage Trail is a nature in Santiago de Compostela, Spain, popular for its natural scenery and relaxing atmosphere. Entry fee is 43.59 USD. Recommended visit: 3 hours. Discover Whispering Woods Heritage Trail, a peaceful nature in Santiago de Compostela, Spain, ideal for nature lovers. Open 09:00-17:00, entry 43.59 USD.",43.59,09:00-17:00,3 hours,3.7,"582 Sathorn Road, Samran Riverside, Santiago de Compostela",42.89446754169232,-8.427067472067328,"['with children', 'with pets', 'road trip']","['Restrooms', 'Information Desk', 'Restaurant', 'Souvenir Shop', 'First Aid Station', 'Luggage Storage', 'family restrooms', 'Nursing facilities', 'Pet-friendly', 'pet water stations', 'Pet rest area', 'parking']"
25,Santiago de Compostela,Spain,Nature/Scenery/Park,Celtic Cove & Hidden Lagoon Adventure,"Celtic Cove & Hidden Lagoon Adventure is a nature in Santiago de Compostela, Spain, popular for its natural scenery and relaxing atmosphere. Entry fee is 7.35 USD. Recommended visit: 3 hours. Discover Celtic Cove & Hidden Lagoon Adventure, a peaceful nature in Santiago de Compostela, Spain, ideal for nature lovers. Open 09:00-17:30, entry 7.35 USD.",7.35,09:00-17:30,3 hours,3.7,"256 Nathan Road, Santiago de Compostela",42.88110426523925,-8.613001704972827,"['with pets', 'luxury travelers', 'business travelers']","['Restrooms', 'Information Desk', 'Restaurant', 'Souvenir Shop', 'First Aid Station', 'Luggage Storage', 'Pet-friendly', 'pet water stations', 'Pet rest area', 'private tours', 'skip the line passes', 'VIP exclusive events', 'High speed WiFi']"
26,Santiago de Compostela,Spain,Nature/Scenery/Park,Luminous Pathway River Journey & Celtic Firelight Show,"Luminous Pathway River Journey & Celtic Firelight Show is a nature in Santiago de Compostela, Spain, popular for its natural scenery and relaxing atmosphere. Entry fee is 6.39 USD. Recommended visit: 3 hours. Discover Luminous Pathway River Journey & Celtic Firelight Show, a peaceful nature in Santiago de Compostela, Spain, ideal for nature lovers. Open 08:00-20:00, entry 6.39 USD.",6.39,08:00-20:00,3 hours,3.7,"772 Sapporo River Promenade, Santiago de Compostela",42.878346966084266,-8.591053799813311,"['nightlife enthusiast', 'foodie', 'couples trip']","['Restrooms', 'Information Desk', 'Restaurant', 'Souvenir Shop', 'First Aid Station', 'Luggage Storage', 'night markets', 'bars', 'evening shows', 'Food markets', 'tasting tours', 'scenic spots', 'sunset cruises', 'special couples experiences']"
27,Santiago de Compostela,Spain,Nature/Scenery/Park,Celtic Grove of Galician Winds,"Celtic Grove of Galician Winds is a nature in Santiago de Compostela, Spain, popular for its natural scenery and relaxing atmosphere. Entry fee is 8.65 USD. Recommended visit: 3 hours. Discover Celtic Grove of Galician Winds, a peaceful nature in Santiago de Compostela, Spain, ideal for nature lovers. Open 08:00-18:00, entry 8.65 USD.",8.65,08:00-18:00,3 hours,3.7,"No. 888, Xingqing West Road, Santiago de Compostela",42.87241974305565,-8.502384865113282,"['with pets', 'photography', 'foodie']","['Restrooms', 'Information Desk', 'Restaurant', 'Souvenir Shop', 'First Aid Station', 'Luggage Storage', 'Pet-friendly', 'pet water stations', 'Pet rest area', 'photo spots', 'guided photo tours', 'charging stations', 'Food markets', 'tasting tours']"
28,Santiago de Compostela,Spain,Nature/Scenery/Park,Catedral Skyline Panorama,"Catedral Skyline Panorama is a nature in Santiago de Compostela, Spain, popular for its natural scenery and relaxing atmosphere. Entry fee is 14.4 USD. Recommended visit: 3 hours. Discover Catedral Skyline Panorama, a peaceful nature in Santiago de Compostela, Spain, ideal for nature lovers. Open 10:00-18:00, entry 14.4 USD.",14.4,10:00-18:00,3 hours,3.7,"464 Charoenkrung Road, Samran Rat, Bang Rak, Santiago de Compostela",42.91419494938797,-8.44062677942559,"['solo women', 'elderly travelers', 'road trip']","['Restrooms', 'Information Desk', 'Restaurant', 'Souvenir Shop', 'First Aid Station', 'Luggage Storage', 'group tours', 'security', 'wheelchair rental', 'benches/rest areas', 'parking']"
29,Santiago de Compostela,Spain,Nature/Scenery/Park,Whispers of the Galician Coast,"Whispers of the Galician Coast is a nature in Santiago de Compostela, Spain, popular for its natural scenery and relaxing atmosphere. Entry fee is 4.36 USD. Recommended visit: 3 hours. Discover Whispers of the Galician Coast, a peaceful nature in Santiago de Compostela, Spain, ideal for nature lovers. Open 08:30-17:00, entry 4.36 USD.",4.36,08:30-17:00,3 hours,3.7,"661 Sukhumvit Road, Khlong Toei District, Santiago de Compostela",42.91110146914304,-8.469023251913425,"['nightlife enthusiast', 'couples trip']","['Restrooms', 'Information Desk', 'Restaurant', 'Souvenir Shop', 'First Aid Station', 'Luggage Storage', 'night markets', 'bars', 'evening shows', 'scenic spots', 'sunset cruises', 'special couples experiences']"
30,Santiago de Compostela,Spain,Nature/Scenery/Park,Celtic Grove Walk,"Celtic Grove Walk is a nature in Santiago de Compostela, Spain, popular for its natural scenery and relaxing atmosphere. Entry fee is 116.65 USD. Recommended visit: 3 hours. Discover Celtic Grove Walk, a peaceful nature in Santiago de Compostela, Spain, ideal for nature lovers. Open 08:30-17:30, entry 116.65 USD.",116.65,08:30-17:30,3 hours,3.7,"909 Jurong East Avenue 6, Santiago de Compostela",42.96125182850079,-8.410914435665967,"['with pets', 'fast-paced budget travel', 'photography']","['Restrooms', 'Information Desk', 'Restaurant', 'Souvenir Shop', 'First Aid Station', 'Luggage Storage', 'Pet-friendly', 'pet water stations', 'Pet rest area', 'city passes', 'luggage storage', 'self-guided tours', 'photo spots', 'guided photo tours', 'charging stations']"
31,Santiago de Compostela,Spain,Nature/Scenery/Park,Celtic Trailside Sanctuary,"Celtic Trailside Sanctuary is a nature in Santiago de Compostela, Spain, popular for its natural scenery and relaxing atmosphere. Entry fee is 1.4 USD. Recommended visit: 3 hours. Discover Celtic Trailside Sanctuary, a peaceful nature in Santiago de Compostela, Spain, ideal for nature lovers. Open 08:00-19:00, entry 1.4 USD.",1.4,08:00-19:00,3 hours,3.7,"373 Seaside Promenade, Chuo-ku, Santiago de Compostela",42.896036608684255,-8.46441395846795,"['with children', 'solo women', 'photography']","['Restrooms', 'Information Desk', 'Restaurant', 'Souvenir Shop', 'First Aid Station', 'Luggage Storage', 'family restrooms', 'Nursing facilities', 'group tours', 'security', 'photo spots', 'guided photo tours', 'charging stations']"
32,Santiago de Compostela,Spain,Nature/Scenery/Park,Crescent Bay Reserve,"Crescent Bay Reserve is a nature in Santiago de Compostela, Spain, popular for its natural scenery and relaxing atmosphere. Entry fee is 3.36 USD. Recommended visit: 3 hours. Discover Crescent Bay Reserve, a peaceful nature in Santiago de Compostela, Spain, ideal for nature lovers. Open 08:30-17:00, entry 3.36 USD.",3.36,08:30-17:00,3 hours,3.7,"468 Gyeongbokgung-ro, Jongno-gu, Santiago de Compostela",42.94021550198206,-8.499140795523742,"['fast-paced budget travel', 'with pets']","['Restrooms', 'Information Desk', 'Restaurant', 'Souvenir Shop', 'First Aid Station', 'Luggage Storage', 'city passes', 'luggage storage', 'self-guided tours', 'Pet-friendly', 'pet water stations', 'Pet rest area']"
33,Santiago de Compostela,Spain,Nature/Scenery/Park,Celtic Valley Sanctuary,"Celtic Valley Sanctuary is a nature in Santiago de Compostela, Spain, popular for its natural scenery and relaxing atmosphere. Entry fee is 10.5 USD. Recommended visit: 3 hours. Discover Celtic Valley Sanctuary, a peaceful nature in Santiago de Compostela, Spain, ideal for nature lovers. Open 08:30-17:00, entry 10.5 USD.",10.5,08:30-17:00,3 hours,3.7,"465 Sukhumvit Road, Santiago de Compostela",42.90722714027137,-8.574484725124945,['photography'],"['Restrooms', 'Information Desk', 'Restaurant', 'Souvenir Shop', 'First Aid Station', 'Luggage Storage', 'photo spots', 'guided photo tours', 'charging stations']"
34,Santiago de Compostela,Spain,Nature/Scenery/Park,Casa de la Luz y la Tierra,"Casa de la Luz y la Tierra is a nature in Santiago de Compostela, Spain, popular for its natural scenery and relaxing atmosphere. Entry fee is 12.53 USD. Recommended visit: 3 hours. Discover Casa de la Luz y la Tierra, a peaceful nature in Santiago de Compostela, Spain, ideal for nature lovers. Open 08:30-17:00, entry 12.53 USD.",12.53,08:30-17:00,3 hours,3.7,"405/10 Sathorn Road, Santiago de Compostela",42.92278051037775,-8.53389241007748,"['nightlife enthusiast', 'fast-paced budget travel', 'disabled traveler']","['Restrooms', 'Information Desk', 'Restaurant', 'Souvenir Shop', 'First Aid Station', 'Luggage Storage', 'night markets', 'bars', 'evening shows', 'city passes', 'luggage storage', 'self-guided tours', 'ramps', 'elevators', 'wheelchair rentals', 'accessible restrooms']"
35,Santiago de Compostela,Spain,Nature/Scenery/Park,Celtic Horizon Gardens,"Celtic Horizon Gardens is a nature in Santiago de Compostela, Spain, popular for its natural scenery and relaxing atmosphere. Entry fee is 26.32 USD. Recommended visit: 3 hours. Discover Celtic Horizon Gardens, a peaceful nature in Santiago de Compostela, Spain, ideal for nature lovers. Open 09:00-17:30, entry 26.32 USD.",26.32,09:00-17:30,3 hours,3.7,"915 Shinko Street, Chuo Ward, Santiago de Compostela",42.93613673194714,-8.58760071741394,['with children'],"['Restrooms', 'Information Desk', 'Restaurant', 'Souvenir Shop', 'First Aid Station', 'Luggage Storage', 'family restrooms', 'Nursing facilities']"
36,Santiago de Compostela,Spain,Nature/Scenery/Park,Celtic Grove Explorer Trail,"Celtic Grove Explorer Trail is a nature in Santiago de Compostela, Spain, popular for its natural scenery and relaxing atmosphere. Entry fee is 8.12 USD. Recommended visit: 3 hours. Discover Celtic Grove Explorer Trail, a peaceful nature in Santiago de Compostela, Spain, ideal for nature lovers. Open 09:00-18:00, entry 8.12 USD.",8.12,09:00-18:00,3 hours,3.7,"843 Sukhumvit Road, Khlong Toei District, Santiago de Compostela",42.89761821082065,-8.513529717017063,"['fast-paced budget travel', 'with pets', 'photography']","['Restrooms', 'Information Desk', 'Restaurant', 'Souvenir Shop', 'First Aid Station', 'Luggage Storage', 'city passes', 'luggage storage', 'self-guided tours', 'Pet-friendly', 'pet water stations', 'Pet rest area', 'photo spots', 'guided photo tours', 'charging stations']"
37,Santiago de Compostela,Spain,Nature/Scenery/Park,Cathedral Heights Panorama,"Cathedral Heights Panorama is a nature in Santiago de Compostela, Spain, popular for its natural scenery and relaxing atmosphere. Entry fee is 15.4 USD. Recommended visit: 3 hours. Discover Cathedral Heights Panorama, a peaceful nature in Santiago de Compostela, Spain, ideal for nature lovers. Open 08:30-17:30, entry 15.4 USD.",15.4,08:30-17:30,3 hours,3.7,"No. 88, Olympic Road, Santiago de Compostela",42.85240944206422,-8.501727799738022,"['nightlife enthusiast', 'solo women', 'road trip']","['Restrooms', 'Information Desk', 'Restaurant', 'Souvenir Shop', 'First Aid Station', 'Luggage Storage', 'night markets', 'bars', 'evening shows', 'group tours', 'security', 'parking']"
38,Santiago de Compostela,Spain,Nature/Scenery/Park,Celtic Grove Sanctuary No.3,"Celtic Grove Sanctuary is a nature in Santiago de Compostela, Spain, popular for its natural scenery and relaxing atmosphere. Entry fee is 13.95 USD. Recommended visit: 3 hours. Discover Celtic Grove Sanctuary, a peaceful nature in Santiago de Compostela, Spain, ideal for nature lovers. Open 10:00-22:00, entry 13.95 USD.",13.95,10:00-22:00,3 hours,3.7,"559 Hibikino Street, Santiago de Compostela",42.95206349704072,-8.55006527001801,"['fast-paced budget travel', 'disabled traveler', 'elderly travelers']","['Restrooms', 'Information Desk', 'Restaurant', 'Souvenir Shop', 'First Aid Station', 'Luggage Storage', 'city passes', 'luggage storage', 'self-guided tours', 'ramps', 'elevators', 'wheelchair rentals', 'accessible restrooms', 'wheelchair rental', 'benches/rest areas']"
39,Santiago de Compostela,Spain,Nature/Scenery/Park,Celtic Grove Sanctuary No.4,"Celtic Grove Sanctuary is a nature in Santiago de Compostela, Spain, popular for its natural scenery and relaxing atmosphere. Entry fee is 37.95 USD. Recommended visit: 3 hours. Discover Celtic Grove Sanctuary, a peaceful nature in Santiago de Compostela, Spain, ideal for nature lovers. Open 09:00-17:30, entry 37.95 USD.",37.95,09:00-17:30,3 hours,3.7,"629 Seaside Promenade, Santiago de Compostela",42.90641659802344,-8.472309307593026,"['solo women', 'couples trip', 'business travelers']","['Restrooms', 'Information Desk', 'Restaurant', 'Souvenir Shop', 'First Aid Station', 'Luggage Storage', 'group tours', 'security', 'scenic spots', 'sunset cruises', 'special couples experiences', 'High speed WiFi']"
40,Santiago de Compostela,Spain,Nature/Scenery/Park,Rías Baixas Sunset Sail with Seafood Feast,"Rías Baixas Sunset Sail with Seafood Feast is a nature in Santiago de Compostela, Spain, popular for its natural scenery and relaxing atmosphere. Entry fee is 0.0 USD. Recommended visit: 3 hours. Discover Rías Baixas Sunset Sail with Seafood Feast, a peaceful nature in Santiago de Compostela, Spain, ideal for nature lovers. Open 09:00-18:00, entry 0.0 USD.",0.0,09:00-18:00,3 hours,3.7,"580 Shibuya Crossing Digital Plaza, Shibuya, Santiago de Compostela",42.86575010218432,-8.553709210081314,"['elderly travelers', 'road trip']","['Restrooms', 'Information Desk', 'Restaurant', 'Souvenir Shop', 'First Aid Station', 'Luggage Storage', 'wheelchair rental', 'benches/rest areas', 'parking']"
41,Santiago de Compostela,Spain,Nature/Scenery/Park,Celtic Sky Glade,"Celtic Sky Glade is a nature in Santiago de Compostela, Spain, popular for its natural scenery and relaxing atmosphere. Entry fee is 33.27 USD. Recommended visit: 3 hours. Discover Celtic Sky Glade, a peaceful nature in Santiago de Compostela, Spain, ideal for nature lovers. Open 08:00-17:30, entry 33.27 USD.",33.27,08:00-17:30,3 hours,3.7,"No. 456, Cultural Street, Santiago de Compostela",42.91470727782587,-8.435520994515494,"['foodie', 'with pets', 'couples trip']","['Restrooms', 'Information Desk', 'Restaurant', 'Souvenir Shop', 'First Aid Station', 'Luggage Storage', 'Food markets', 'tasting tours', 'Pet-friendly', 'pet water stations', 'Pet rest area', 'scenic spots', 'sunset cruises', 'special couples experiences']"
42,Santiago de Compostela,Spain,Nature/Scenery/Park,Coastal Canoe Quest in the Bay of Coruña,"Coastal Canoe Quest in the Bay of Coruña is a nature in Santiago de Compostela, Spain, popular for its natural scenery and relaxing atmosphere. Entry fee is 5.15 USD. Recommended visit: 3 hours. Discover Coastal Canoe Quest in the Bay of Coruña, a peaceful nature in Santiago de Compostela, Spain, ideal for nature lovers. Open 09:30-17:00, entry 5.15 USD.",5.15,09:30-17:00,3 hours,3.7,"237 Shibuya Crossing, Shibuya Ward, Santiago de Compostela",42.94169414049339,-8.498571455871328,['business travelers'],"['Restrooms', 'Information Desk', 'Restaurant', 'Souvenir Shop', 'First Aid Station', 'Luggage Storage', 'High speed WiFi']"
43,Santiago de Compostela,Spain,Nature/Scenery/Park,Celtic Bloom Sanctuary,"Celtic Bloom Sanctuary is a nature in Santiago de Compostela, Spain, popular for its natural scenery and relaxing atmosphere. Entry fee is 294.64 USD. Recommended visit: 3 hours. Discover Celtic Bloom Sanctuary, a peaceful nature in Santiago de Compostela, Spain, ideal for nature lovers. Open 08:30-17:30, entry 294.64 USD.",294.64,08:30-17:30,3 hours,3.7,"No. 456, West Lake Scenic Avenue, Santiago de Compostela",42.98047637046996,-8.586361811647452,"['nightlife enthusiast', 'photography']","['Restrooms', 'Information Desk', 'Restaurant', 'Souvenir Shop', 'First Aid Station', 'Luggage Storage', 'night markets', 'bars', 'evening shows', 'photo spots', 'guided photo tours', 'charging stations']"
44,Santiago de Compostela,Spain,Nature/Scenery/Park,Celtic Ridge Escapade,"Celtic Ridge Escapade is a nature in Santiago de Compostela, Spain, popular for its natural scenery and relaxing atmosphere. Entry fee is 6.17 USD. Recommended visit: 3 hours. Discover Celtic Ridge Escapade, a peaceful nature in Santiago de Compostela, Spain, ideal for nature lovers. Open 09:00-18:00, entry 6.17 USD.",6.17,09:00-18:00,3 hours,3.7,"628/5 Phra Sumen Road, Sam Yan District, Santiago de Compostela",42.96241485775633,-8.460706304423018,"['with pets', 'couples trip', 'business travelers']","['Restrooms', 'Information Desk', 'Restaurant', 'Souvenir Shop', 'First Aid Station', 'Luggage Storage', 'Pet-friendly', 'pet water stations', 'Pet rest area', 'scenic spots', 'sunset cruises', 'special couples experiences', 'High speed WiFi']"
45,Santiago de Compostela,Spain,Nature/Scenery/Park,Celtic Grove Skyline Trail,"Celtic Grove Skyline Trail is a nature in Santiago de Compostela, Spain, popular for its natural scenery and relaxing atmosphere. Entry fee is 19.18 USD. Recommended visit: 3 hours. Discover Celtic Grove Skyline Trail, a peaceful nature in Santiago de Compostela, Spain, ideal for nature lovers. Open 09:00-17:30, entry 19.18 USD.",19.18,09:00-17:30,3 hours,3.7,"436 Sathorn Road, Wat Phra Singh, Santiago de Compostela",42.93078442703888,-8.586004020140168,"['fast-paced budget travel', 'foodie']","['Restrooms', 'Information Desk', 'Restaurant', 'Souvenir Shop', 'First Aid Station', 'Luggage Storage', 'city passes', 'luggage storage', 'self-guided tours', 'Food markets', 'tasting tours']"
46,Santiago de Compostela,Spain,Nature/Scenery/Park,Rías de Sol Dolphin Safaris,"Rías de Sol Dolphin Safaris is a nature in Santiago de Compostela, Spain, popular for its natural scenery and relaxing atmosphere. Entry fee is 4.12 USD. Recommended visit: 3 hours. Discover Rías de Sol Dolphin Safaris, a peaceful nature in Santiago de Compostela, Spain, ideal for nature lovers. Open 08:30-17:00, entry 4.12 USD.",4.12,08:30-17:00,3 hours,3.7,"533 Sathorn Road, Santiago de Compostela",42.93058672870948,-8.582879605268552,"['with children', 'solo women']","['Restrooms', 'Information Desk', 'Restaurant', 'Souvenir Shop', 'First Aid Station', 'Luggage Storage', 'family restrooms', 'Nursing facilities', 'group tours', 'security']"
47,Santiago de Compostela,Spain,Nature/Scenery/Park,Golden Hillside Sanctuary,"Golden Hillside Sanctuary is a nature in Santiago de Compostela, Spain, popular for its natural scenery and relaxing atmosphere. Entry fee is 51.08 USD. Recommended visit: 3 hours. Discover Golden Hillside Sanctuary, a peaceful nature in Santiago de Compostela, Spain, ideal for nature lovers. Open 08:00-22:00, entry 51.08 USD.",51.08,08:00-22:00,3 hours,3.7,"744 Sakura Street, Nishi Ward, Santiago de Compostela",42.95746213953925,-8.554902597449741,"['with children', 'elderly travelers']","['Restrooms', 'Information Desk', 'Restaurant', 'Souvenir Shop', 'First Aid Station', 'Luggage Storage', 'family restrooms', 'Nursing facilities', 'wheelchair rental', 'benches/rest areas']"
48,Santiago de Compostela,Spain,Nature/Scenery/Park,Celtic Wilds Sanctuary,"Celtic Wilds Sanctuary is a nature in Santiago de Compostela, Spain, popular for its natural scenery and relaxing atmosphere. Entry fee is 9.8 USD. Recommended visit: 3 hours. Discover Celtic Wilds Sanctuary, a peaceful nature in Santiago de Compostela, Spain, ideal for nature lovers. Open 09:00-17:00, entry 9.8 USD.",9.8,09:00-17:00,3 hours,3.7,"617-8745 Shibuya, Santiago de Compostela",42.94893506064312,-8.468457420931925,"['with children', 'with pets', 'luxury travelers']","['Restrooms', 'Information Desk', 'Restaurant', 'Souvenir Shop', 'First Aid Station', 'Luggage Storage', 'family restrooms', 'Nursing facilities', 'Pet-friendly', 'pet water stations', 'Pet rest area', 'private tours', 'skip the line passes', 'VIP exclusive events']"
49,Santiago de Compostela,Spain,Nature/Scenery/Park,Whispering Grove Wildlife Reserve,"Whispering Grove Wildlife Reserve is a nature in Santiago de Compostela, Spain, popular for its natural scenery and relaxing atmosphere. Entry fee is 4.87 USD. Recommended visit: 3 hours. Discover Whispering Grove Wildlife Reserve, a peaceful nature in Santiago de Compostela, Spain, ideal for nature lovers. Open 06:00-20:00, entry 4.87 USD.",4.87,06:00-20:00,3 hours,3.7,"787 Seongsan Road, Santiago de Compostela",42.889651094672985,-8.432096068281608,"['with children', 'solo women', 'elderly travelers']","['Restrooms', 'Information Desk', 'Restaurant', 'Souvenir Shop', 'First Aid Station', 'Luggage Storage', 'family restrooms', 'Nursing facilities', 'group tours', 'security', 'wheelchair rental', 'benches/rest areas']"
50,Santiago de Compostela,Spain,Theme Park/Amusement Park,Galician Fiesta Adventure,"Galician Fiesta Adventure is a theme park in Santiago de Compostela, Spain, popular for its memorable experiences. Entry fee is 11.89 USD. Recommended visit: 6 hours. Discover Galician Fiesta Adventure, a notable theme park in Santiago de Compostela, Spain, ideal for visitors. Open 09:00-17:00, entry 11.89 USD.",11.89,09:00-17:00,6 hours,3.75,"284 Gwanghwamun Street, Santiago de Compostela",42.83192459327628,-8.525567793944028,"['elderly travelers', 'business travelers']","['Restrooms', 'Information Desk', 'Restaurant', 'Souvenir Shop', 'First Aid Station', 'Luggage Storage', 'wheelchair rental', 'benches/rest areas', 'High speed WiFi']"
51,Santiago de Compostela,Spain,Theme Park/Amusement Park,Galician Mythical Realm,"Galician Mythical Realm is a theme park in Santiago de Compostela, Spain, popular for its memorable experiences. Entry fee is 35.0 USD. Recommended visit: 8 hours. Discover Galician Mythical Realm, a notable theme park in Santiago de Compostela, Spain, ideal for visitors. Open 10:00-22:00, entry 35.0 USD.",35.0,10:00-22:00,8 hours,3.75,"320 Nishinari-cho, Nishi-ku, Santiago de Compostela",42.84290957906141,-8.523195526672465,"['photography', 'luxury travelers', 'disabled traveler']","['Restrooms', 'Information Desk', 'Restaurant', 'Souvenir Shop', 'First Aid Station', 'Luggage Storage', 'photo spots', 'guided photo tours', 'charging stations', 'private tours', 'skip the line passes', 'VIP exclusive events', 'ramps', 'elevators', 'wheelchair rentals', 'accessible restrooms']"
52,Santiago de Compostela,Spain,Theme Park/Amusement Park,Celtic Quest Adventure,"Celtic Quest Adventure is a theme park in Santiago de Compostela, Spain, popular for its memorable experiences. Entry fee is 0.37 USD. Recommended visit: 6 hours. Discover Celtic Quest Adventure, a notable theme park in Santiago de Compostela, Spain, ideal for visitors. Open 09:00-17:30, entry 0.37 USD.",0.37,09:00-17:30,6 hours,3.75,"837 Seongsan Road, Santiago de Compostela",42.86621204953645,-8.610434555924407,"['with pets', 'couples trip', 'disabled traveler']","['Restrooms', 'Information Desk', 'Restaurant', 'Souvenir Shop', 'First Aid Station', 'Luggage Storage', 'Pet-friendly', 'pet water stations', 'Pet rest area', 'scenic spots', 'sunset cruises', 'special couples experiences', 'ramps', 'elevators', 'wheelchair rentals', 'accessible restrooms']"
53,Santiago de Compostela,Spain,Theme Park/Amusement Park,Oceanic Whispers Cove,"Oceanic Whispers Cove is a theme park in Santiago de Compostela, Spain, popular for its memorable experiences. Entry fee is 24.66 USD. Recommended visit: 8 hours. Discover Oceanic Whispers Cove, a notable theme park in Santiago de Compostela, Spain, ideal for visitors. Open 09:00-17:30, entry 24.66 USD.",24.66,09:00-17:30,8 hours,3.75,"135 Seongsan-ro, Santiago de Compostela",42.92454307691414,-8.438262902911408,"['with pets', 'foodie', 'luxury travelers']","['Restrooms', 'Information Desk', 'Restaurant', 'Souvenir Shop', 'First Aid Station', 'Luggage Storage', 'Pet-friendly', 'pet water stations', 'Pet rest area', 'Food markets', 'tasting tours', 'private tours', 'skip the line passes', 'VIP exclusive events']"
54,Santiago de Compostela,Spain,Theme Park/Amusement Park,Celtic Quest Adventure Park,"Celtic Quest Adventure Park is a theme park in Santiago de Compostela, Spain, popular for its memorable experiences. Entry fee is 44.17 USD. Recommended visit: 6 hours. Discover Celtic Quest Adventure Park, a notable theme park in Santiago de Compostela, Spain, ideal for visitors. Open 10:00-19:00, entry 44.17 USD.",44.17,10:00-19:00,6 hours,3.75,"856 Sunset Beach Road, Santiago de Compostela",42.94937163060021,-8.566228460436834,['disabled traveler'],"['Restrooms', 'Information Desk', 'Restaurant', 'Souvenir Shop', 'First Aid Station', 'Luggage Storage', 'ramps', 'elevators', 'wheelchair rentals', 'accessible restrooms']"
55,Santiago de Compostela,Spain,Theme Park/Amusement Park,Galician Legends Adventure Hub,"Galician Legends Adventure Hub is a theme park in Santiago de Compostela, Spain, popular for its memorable experiences. Entry fee is 9.28 USD. Recommended visit: 8 hours. Discover Galician Legends Adventure Hub, a notable theme park in Santiago de Compostela, Spain, ideal for visitors. Open 10:00-21:00, entry 9.28 USD.",9.28,10:00-21:00,8 hours,3.75,"562-8523 Sapporo City, Nishi 1-chome, Santiago de Compostela",42.87638728142996,-8.51143137589268,"['foodie', 'luxury travelers']","['Restrooms', 'Information Desk', 'Restaurant', 'Souvenir Shop', 'First Aid Station', 'Luggage Storage', 'Food markets', 'tasting tours', 'private tours', 'skip the line passes', 'VIP exclusive events']"
56,Santiago de Compostela,Spain,Theme Park/Amusement Park,Galician Snowscape Adventure,"Galician Snowscape Adventure is a theme park in Santiago de Compostela, Spain, popular for its memorable experiences. Entry fee is 54.32 USD. Recommended visit: 8 hours. Discover Galician Snowscape Adventure, a notable theme park in Santiago de Compostela, Spain, ideal for visitors. Open 08:00-22:00, entry 54.32 USD.",54.32,08:00-22:00,8 hours,3.75,"461 Charoenkrung Road, Samranjit, Santiago de Compostela",42.89982573993655,-8.466434601232782,"['disabled traveler', 'foodie', 'elderly travelers']","['Restrooms', 'Information Desk', 'Restaurant', 'Souvenir Shop', 'First Aid Station', 'Luggage Storage', 'ramps', 'elevators', 'wheelchair rentals', 'accessible restrooms', 'Food markets', 'tasting tours', 'wheelchair rental', 'benches/rest areas']"
57,Santiago de Compostela,Spain,Theme Park/Amusement Park,Celestial Heights Skyride,"Celestial Heights Skyride is a theme park in Santiago de Compostela, Spain, popular for its memorable experiences. Entry fee is 18.98 USD. Recommended visit: 7 hours. Discover Celestial Heights Skyride, a notable theme park in Santiago de Compostela, Spain, ideal for visitors. Open 10:00-22:00, entry 18.98 USD.",18.98,10:00-22:00,7 hours,3.75,"No. 89, Juyong Pass Road, Santiago de Compostela",42.89516777931505,-8.520044537302976,"['solo women', 'photography', 'disabled traveler']","['Restrooms', 'Information Desk', 'Restaurant', 'Souvenir Shop', 'First Aid Station', 'Luggage Storage', 'group tours', 'security', 'photo spots', 'guided photo tours', 'charging stations', 'ramps', 'elevators', 'wheelchair rentals', 'accessible restrooms']"
58,Santiago de Compostela,Spain,Theme Park/Amusement Park,Galician Skyline Adventure Hub,"Galician Skyline Adventure Hub is a theme park in Santiago de Compostela, Spain, popular for its memorable experiences. Entry fee is 12.7 USD. Recommended visit: 7 hours. Discover Galician Skyline Adventure Hub, a notable theme park in Santiago de Compostela, Spain, ideal for visitors. Open 10:00-22:00, entry 12.7 USD.",12.7,10:00-22:00,7 hours,3.75,"467 Seaside Promenade, Santiago de Compostela",42.87979125961,-8.453660343406344,"['photography', 'foodie', 'business travelers']","['Restrooms', 'Information Desk', 'Restaurant', 'Souvenir Shop', 'First Aid Station', 'Luggage Storage', 'photo spots', 'guided photo tours', 'charging stations', 'Food markets', 'tasting tours', 'High speed WiFi']"
59,Santiago de Compostela,Spain,Theme Park/Amusement Park,Celtic Skyline Adventure Park,"Celtic Skyline Adventure Park is a theme park in Santiago de Compostela, Spain, popular for its memorable experiences. Entry fee is 26.46 USD. Recommended visit: 7 hours. Discover Celtic Skyline Adventure Park, a notable theme park in Santiago de Compostela, Spain, ideal for visitors. Open 10:00-19:00, entry 26.46 USD.",26.46,10:00-19:00,7 hours,3.75,"934 Sakura Street, Santiago de Compostela",42.91030085355643,-8.55795560792529,"['couples trip', 'disabled traveler', 'business travelers']","['Restrooms', 'Information Desk', 'Restaurant', 'Souvenir Shop', 'First Aid Station', 'Luggage Storage', 'scenic spots', 'sunset cruises', 'special couples experiences', 'ramps', 'elevators', 'wheelchair rentals', 'accessible restrooms', 'High speed WiFi']"
60,Santiago de Compostela,Spain,Theme Park/Amusement Park,Celtic Quest Adventure Park No.2,"Celtic Quest Adventure Park is a theme park in Santiago de Compostela, Spain, popular for its memorable experiences. Entry fee is 15.98 USD. Recommended visit: 6 hours. Discover Celtic Quest Adventure Park, a notable theme park in Santiago de Compostela, Spain, ideal for visitors. Open 08:00-22:00, entry 15.98 USD.",15.98,08:00-22:00,6 hours,3.75,"998 Jurong East Avenue 6, Santiago de Compostela",42.959028948572815,-8.49121085184504,"['with children', 'photography', 'elderly travelers']","['Restrooms', 'Information Desk', 'Restaurant', 'Souvenir Shop', 'First Aid Station', 'Luggage Storage', 'family restrooms', 'Nursing facilities', 'photo spots', 'guided photo tours', 'charging stations', 'wheelchair rental', 'benches/rest areas']"
61,Santiago de Compostela,Spain,Theme Park/Amusement Park,Celtic Wave Waterland,"Celtic Wave Waterland is a theme park in Santiago de Compostela, Spain, popular for its memorable experiences. Entry fee is 171.36 USD. Recommended visit: 7 hours. Discover Celtic Wave Waterland, a notable theme park in Santiago de Compostela, Spain, ideal for visitors. Open 09:00-20:00, entry 171.36 USD.",171.36,09:00-20:00,7 hours,3.75,"No. 45, West Gate, Haidian District, Santiago de Compostela",42.89567763559264,-8.477211223863582,"['fast-paced budget travel', 'photography', 'road trip']","['Restrooms', 'Information Desk', 'Restaurant', 'Souvenir Shop', 'First Aid Station', 'Luggage Storage', 'city passes', 'luggage storage', 'self-guided tours', 'photo spots', 'guided photo tours', 'charging stations', 'parking']"
62,Santiago de Compostela,Spain,Theme Park/Amusement Park,Celtic Quest Discovery Park,"Celtic Quest Discovery Park is a theme park in Santiago de Compostela, Spain, popular for its memorable experiences. Entry fee is 1654.66 USD. Recommended visit: 7 hours. Discover Celtic Quest Discovery Park, a notable theme park in Santiago de Compostela, Spain, ideal for visitors. Open 09:00-18:00, entry 1654.66 USD.",1654.66,09:00-18:00,7 hours,3.75,"No. 128, Lingyin Road, Xihu District, Santiago de Compostela",42.94551628358193,-8.593898743208259,"['foodie', 'photography', 'luxury travelers']","['Restrooms', 'Information Desk', 'Restaurant', 'Souvenir Shop', 'First Aid Station', 'Luggage Storage', 'Food markets', 'tasting tours', 'photo spots', 'guided photo tours', 'charging stations', 'private tours', 'skip the line passes', 'VIP exclusive events']"
63,Santiago de Compostela,Spain,Theme Park/Amusement Park,Galician Quest Adventure Zone,"Galician Quest Adventure Zone is a theme park in Santiago de Compostela, Spain, popular for its memorable experiences. Entry fee is 89.6 USD. Recommended visit: 8 hours. Discover Galician Quest Adventure Zone, a notable theme park in Santiago de Compostela, Spain, ideal for visitors. Open 09:00-18:00, entry 89.6 USD.",89.6,09:00-18:00,8 hours,3.75,"135-8521, 3-11-18 Nishi-Shinjuku, Shinjuku City, Santiago de Compostela",42.90128615283303,-8.612848862536728,"['solo women', 'photography', 'foodie']","['Restrooms', 'Information Desk', 'Restaurant', 'Souvenir Shop', 'First Aid Station', 'Luggage Storage', 'group tours', 'security', 'photo spots', 'guided photo tours', 'charging stations', 'Food markets', 'tasting tours']"
64,Santiago de Compostela,Spain,Theme Park/Amusement Park,Celtic Horizon Adventure Hub,"Celtic Horizon Adventure Hub is a theme park in Santiago de Compostela, Spain, popular for its memorable experiences. Entry fee is 67.2 USD. Recommended visit: 8 hours. Discover Celtic Horizon Adventure Hub, a notable theme park in Santiago de Compostela, Spain, ideal for visitors. Open 09:00-18:00, entry 67.2 USD.",67.2,09:00-18:00,8 hours,3.75,"No. 128, West Culture Road, Santiago de Compostela",42.94165941083105,-8.558241486967018,"['fast-paced budget travel', 'couples trip', 'foodie']","['Restrooms', 'Information Desk', 'Restaurant', 'Souvenir Shop', 'First Aid Station', 'Luggage Storage', 'city passes', 'luggage storage', 'self-guided tours', 'scenic spots', 'sunset cruises', 'special couples experiences', 'Food markets', 'tasting tours']"
65,Santiago de Compostela,Spain,Theme Park/Amusement Park,Galician Quest Adventure Pass,"Galician Quest Adventure Pass is a theme park in Santiago de Compostela, Spain, popular for its memorable experiences. Entry fee is 39.62 USD. Recommended visit: 8 hours. Discover Galician Quest Adventure Pass, a notable theme park in Santiago de Compostela, Spain, ideal for visitors. Open 09:30-17:00, entry 39.62 USD.",39.62,09:30-17:00,8 hours,3.75,"164 Seaside Promenade, Santiago de Compostela",42.86782926742276,-8.559057601667744,"['nightlife enthusiast', 'with children', 'photography']","['Restrooms', 'Information Desk', 'Restaurant', 'Souvenir Shop', 'First Aid Station', 'Luggage Storage', 'night markets', 'bars', 'evening shows', 'family restrooms', 'Nursing facilities', 'photo spots', 'guided photo tours', 'charging stations']"
66,Santiago de Compostela,Spain,Theme Park/Amusement Park,Celtic Mirage Adventure Park,"Celtic Mirage Adventure Park is a theme park in Santiago de Compostela, Spain, popular for its memorable experiences. Entry fee is 17.6 USD. Recommended visit: 7 hours. Discover Celtic Mirage Adventure Park, a notable theme park in Santiago de Compostela, Spain, ideal for visitors. Open 09:00-21:00, entry 17.6 USD.",17.6,09:00-21:00,7 hours,3.75,"No. 456, Cultural Arts Avenue, Yanta District, Santiago de Compostela",42.8791995320954,-8.441122280941666,"['nightlife enthusiast', 'with children', 'couples trip']","['Restrooms', 'Information Desk', 'Restaurant', 'Souvenir Shop', 'First Aid Station', 'Luggage Storage', 'night markets', 'bars', 'evening shows', 'family restrooms', 'Nursing facilities', 'scenic spots', 'sunset cruises', 'special couples experiences']"
67,Santiago de Compostela,Spain,Theme Park/Amusement Park,Echoes of the Camino,"Echoes of the Camino is a theme park in Santiago de Compostela, Spain, popular for its memorable experiences. Entry fee is 7.4 USD. Recommended visit: 6 hours. Discover Echoes of the Camino, a notable theme park in Santiago de Compostela, Spain, ideal for visitors. Open 09:00-17:30, entry 7.4 USD.",7.4,09:00-17:30,6 hours,3.75,"502 Sathorn Unique Tower, Silom Road, Santiago de Compostela",42.94048625243533,-8.46974693391766,"['photography', 'disabled traveler']","['Restrooms', 'Information Desk', 'Restaurant', 'Souvenir Shop', 'First Aid Station', 'Luggage Storage', 'photo spots', 'guided photo tours', 'charging stations', 'ramps', 'elevators', 'wheelchair rentals', 'accessible restrooms']"
68,Santiago de Compostela,Spain,Theme Park/Amusement Park,Celtic Tide Adventure,"Celtic Tide Adventure is a theme park in Santiago de Compostela, Spain, popular for its memorable experiences. Entry fee is 19.55 USD. Recommended visit: 7 hours. Discover Celtic Tide Adventure, a notable theme park in Santiago de Compostela, Spain, ideal for visitors. Open 09:00-17:30, entry 19.55 USD.",19.55,09:00-17:30,7 hours,3.75,"306 Shinsaibashi Dori, Chuo Ward, Santiago de Compostela",42.89899923004523,-8.563137801229415,"['business travelers', 'elderly travelers', 'road trip']","['Restrooms', 'Information Desk', 'Restaurant', 'Souvenir Shop', 'First Aid Station', 'Luggage Storage', 'High speed WiFi', 'wheelchair rental', 'benches/rest areas', 'parking']"
69,Santiago de Compostela,Spain,Theme Park/Amusement Park,Echoes of the Ancients: Mythical Realm Adventure,"Echoes of the Ancients: Mythical Realm Adventure is a theme park in Santiago de Compostela, Spain, popular for its memorable experiences. Entry fee is 20.67 USD. Recommended visit: 6 hours. Discover Echoes of the Ancients: Mythical Realm Adventure, a notable theme park in Santiago de Compostela, Spain, ideal for visitors. Open 09:00-18:00, entry 20.67 USD.",20.67,09:00-18:00,6 hours,3.75,"825 Sukhumvit Road, Khlong Toei, Santiago de Compostela",42.89104287836234,-8.4484053531858,"['with children', 'luxury travelers', 'disabled traveler']","['Restrooms', 'Information Desk', 'Restaurant', 'Souvenir Shop', 'First Aid Station', 'Luggage Storage', 'family restrooms', 'Nursing facilities', 'private tours', 'skip the line passes', 'VIP exclusive events', 'ramps', 'elevators', 'wheelchair rentals', 'accessible restrooms']"
70,Santiago de Compostela,Spain,Theme Park/Amusement Park,Galician Tides Adventure Park,"Galician Tides Adventure Park is a theme park in Santiago de Compostela, Spain, popular for its memorable experiences. Entry fee is 29.85 USD. Recommended visit: 8 hours. Discover Galician Tides Adventure Park, a notable theme park in Santiago de Compostela, Spain, ideal for visitors. Open 10:00-22:00, entry 29.85 USD.",29.85,10:00-22:00,8 hours,3.75,"355-12-8 Kanda, Bunkyo-ku, Santiago de Compostela",42.952841038051936,-8.476974819910069,"['luxury travelers', 'elderly travelers', 'road trip']","['Restrooms', 'Information Desk', 'Restaurant', 'Souvenir Shop', 'First Aid Station', 'Luggage Storage', 'private tours', 'skip the line passes', 'VIP exclusive events', 'wheelchair rental', 'benches/rest areas', 'parking']"
71,Santiago de Compostela,Spain,Theme Park/Amusement Park,Galician Starlight Adventure,"Galician Starlight Adventure is a theme park in Santiago de Compostela, Spain, popular for its memorable experiences. Entry fee is 5.52 USD. Recommended visit: 7 hours. Discover Galician Starlight Adventure, a notable theme park in Santiago de Compostela, Spain, ideal for visitors. Open 09:00-17:30, entry 5.52 USD.",5.52,09:00-17:30,7 hours,3.75,"No. 15, Olympic Road, Santiago de Compostela",42.904007525574926,-8.5065457963127,"['foodie', 'business travelers']","['Restrooms', 'Information Desk', 'Restaurant', 'Souvenir Shop', 'First Aid Station', 'Luggage Storage', 'Food markets', 'tasting tours', 'High speed WiFi']"
72,Santiago de Compostela,Spain,Theme Park/Amusement Park,Galician Wild Encounters,"Galician Wild Encounters is a theme park in Santiago de Compostela, Spain, popular for its memorable experiences. Entry fee is 22.09 USD. Recommended visit: 7 hours. Discover Galician Wild Encounters, a notable theme park in Santiago de Compostela, Spain, ideal for visitors. Open 08:00-22:00, entry 22.09 USD.",22.09,08:00-22:00,7 hours,3.75,"No. 456 Xizhimen Street, Santiago de Compostela",42.96019670608205,-8.557069765735658,"['nightlife enthusiast', 'foodie', 'couples trip']","['Restrooms', 'Information Desk', 'Restaurant', 'Souvenir Shop', 'First Aid Station', 'Luggage Storage', 'night markets', 'bars', 'evening shows', 'Food markets', 'tasting tours', 'scenic spots', 'sunset cruises', 'special couples experiences']"
73,Santiago de Compostela,Spain,Theme Park/Amusement Park,Celtic Pulse Live Stage & Lounge,"Celtic Pulse Live Stage & Lounge is a theme park in Santiago de Compostela, Spain, popular for its memorable experiences. Entry fee is 59.69 USD. Recommended visit: 6 hours. Discover Celtic Pulse Live Stage & Lounge, a notable theme park in Santiago de Compostela, Spain, ideal for visitors. Open 09:00-18:00, entry 59.69 USD.",59.69,09:00-18:00,6 hours,3.75,"893 Beach Road, Santiago de Compostela",42.928154774492334,-8.596106951689652,"['photography', 'elderly travelers']","['Restrooms', 'Information Desk', 'Restaurant', 'Souvenir Shop', 'First Aid Station', 'Luggage Storage', 'photo spots', 'guided photo tours', 'charging stations', 'wheelchair rental', 'benches/rest areas']"
74,Santiago de Compostela,Spain,Theme Park/Amusement Park,Galician Skyline Adventure,"Galician Skyline Adventure is a theme park in Santiago de Compostela, Spain, popular for its memorable experiences. Entry fee is 13.72 USD. Recommended visit: 6 hours. Discover Galician Skyline Adventure, a notable theme park in Santiago de Compostela, Spain, ideal for visitors. Open 10:00-20:00, entry 13.72 USD.",13.72,10:00-20:00,6 hours,3.75,"No. 456, Cultural Arts Avenue, Beilin District, Santiago de Compostela",42.85483200388836,-8.574014081669585,"['with children', 'elderly travelers', 'road trip']","['Restrooms', 'Information Desk', 'Restaurant', 'Souvenir Shop', 'First Aid Station', 'Luggage Storage', 'family restrooms', 'Nursing facilities', 'wheelchair rental', 'benches/rest areas', 'parking']"
75,Santiago de Compostela,Spain,Theme Park/Amusement Park,Catedral Express Adventure Loop,"Catedral Express Adventure Loop is a theme park in Santiago de Compostela, Spain, popular for its memorable experiences. Entry fee is 23.37 USD. Recommended visit: 8 hours. Discover Catedral Express Adventure Loop, a notable theme park in Santiago de Compostela, Spain, ideal for visitors. Open 09:00-18:00, entry 23.37 USD.",23.37,09:00-18:00,8 hours,3.75,"755 Seaside Promenade, Santiago de Compostela",42.96221111499299,-8.450326513556545,"['with children', 'road trip']","['Restrooms', 'Information Desk', 'Restaurant', 'Souvenir Shop', 'First Aid Station', 'Luggage Storage', 'family restrooms', 'Nursing facilities', 'parking']"
76,Santiago de Compostela,Spain,Theme Park/Amusement Park,Santiago Skyline Adventure Park,"Santiago Skyline Adventure Park is a theme park in Santiago de Compostela, Spain, popular for its memorable experiences. Entry fee is 14.0 USD. Recommended visit: 6 hours. Discover Santiago Skyline Adventure Park, a notable theme park in Santiago de Compostela, Spain, ideal for visitors. Open 08:30-17:00, entry 14.0 USD.",14.0,08:30-17:00,6 hours,3.75,"699 Shirogane Street, Santiago de Compostela",42.91515182379262,-8.452460046181153,"['fast-paced budget travel', 'with pets', 'elderly travelers']","['Restrooms', 'Information Desk', 'Restaurant', 'Souvenir Shop', 'First Aid Station', 'Luggage Storage', 'city passes', 'luggage storage', 'self-guided tours', 'Pet-friendly', 'pet water stations', 'Pet rest area', 'wheelchair rental', 'benches/rest areas']"
77,Santiago de Compostela,Spain,Theme Park/Amusement Park,Echoes of the Silk Road,"Echoes of the Silk Road is a theme park in Santiago de Compostela, Spain, popular for its memorable experiences. Entry fee is 49.0 USD. Recommended visit: 7 hours. Discover Echoes of the Silk Road, a notable theme park in Santiago de Compostela, Spain, ideal for visitors. Open 08:30-17:30, entry 49.0 USD.",49.0,08:30-17:30,7 hours,3.75,"No. 456, Xishan Scenic Avenue, Santiago de Compostela",42.94970559365257,-8.62037191546559,"['nightlife enthusiast', 'foodie', 'road trip']","['Restrooms', 'Information Desk', 'Restaurant', 'Souvenir Shop', 'First Aid Station', 'Luggage Storage', 'night markets', 'bars', 'evening shows', 'Food markets', 'tasting tours', 'parking']"
78,Santiago de Compostela,Spain,Theme Park/Amusement Park,Celtic Fields Baseball Encounter | Santiago Lions Lower Level Infield Seat Ticket | Includes Authentic Team Towel,"Celtic Fields Baseball Encounter | Santiago Lions Lower Level Infield Seat Ticket | Includes Authentic Team Towel is a theme park in Santiago de Compostela, Spain, popular for its memorable experiences. Entry fee is 15.24 USD. Recommended visit: 8 hours. Discover Celtic Fields Baseball Encounter | Santiago Lions Lower Level Infield Seat Ticket | Includes Authentic Team Towel, a notable theme park in Santiago de Compostela, Spain, ideal for visitors. Open 09:00-17:30, entry 15.24 USD.",15.24,09:00-17:30,8 hours,3.75,"No. 123 Huilongguan Street, Santiago de Compostela",42.94213421208509,-8.43379049280512,"['foodie', 'elderly travelers', 'road trip']","['Restrooms', 'Information Desk', 'Restaurant', 'Souvenir Shop', 'First Aid Station', 'Luggage Storage', 'Food markets', 'tasting tours', 'wheelchair rental', 'benches/rest areas', 'parking']"
79,Santiago de Compostela,Spain,Theme Park/Amusement Park,Celtic Quest Forest Park,"Celtic Quest Forest Park is a theme park in Santiago de Compostela, Spain, popular for its memorable experiences. Entry fee is 31.01 USD. Recommended visit: 6 hours. Discover Celtic Quest Forest Park, a notable theme park in Santiago de Compostela, Spain, ideal for visitors. Open 10:00-22:00, entry 31.01 USD.",31.01,10:00-22:00,6 hours,3.75,"624 Maha Chai Road, Khlong Toei District, Santiago de Compostela",42.91634580914988,-8.535417390838326,"['solo women', 'with pets', 'road trip']","['Restrooms', 'Information Desk', 'Restaurant', 'Souvenir Shop', 'First Aid Station', 'Luggage Storage', 'group tours', 'security', 'Pet-friendly', 'pet water stations', 'Pet rest area', 'parking']"
80,Santiago de Compostela,Spain,Theme Park/Amusement Park,Celtic Sky Adventure Hub,"Celtic Sky Adventure Hub is a theme park in Santiago de Compostela, Spain, popular for its memorable experiences. Entry fee is 32.62 USD. Recommended visit: 7 hours. Discover Celtic Sky Adventure Hub, a notable theme park in Santiago de Compostela, Spain, ideal for visitors. Open 08:30-19:00, entry 32.62 USD.",32.62,08:30-19:00,7 hours,3.75,"641 Nihonbashi 2-chome, Chuo City, Santiago de Compostela",42.89809763715773,-8.437899275154196,"['nightlife enthusiast', 'fast-paced budget travel', 'business travelers']","['Restrooms', 'Information Desk', 'Restaurant', 'Souvenir Shop', 'First Aid Station', 'Luggage Storage', 'night markets', 'bars', 'evening shows', 'city passes', 'luggage storage', 'self-guided tours', 'High speed WiFi']"
81,Santiago de Compostela,Spain,Theme Park/Amusement Park,Echoes of the Galician Horizon,"Echoes of the Galician Horizon is a theme park in Santiago de Compostela, Spain, popular for its memorable experiences. Entry fee is 22.56 USD. Recommended visit: 8 hours. Discover Echoes of the Galician Horizon, a notable theme park in Santiago de Compostela, Spain, ideal for visitors. Open 08:00-23:00, entry 22.56 USD.",22.56,08:00-23:00,8 hours,3.75,"818 Sukhumvit Road, Khlong Toei District, Santiago de Compostela",42.92383355033491,-8.474781450589361,"['disabled traveler', 'road trip']","['Restrooms', 'Information Desk', 'Restaurant', 'Souvenir Shop', 'First Aid Station', 'Luggage Storage', 'ramps', 'elevators', 'wheelchair rentals', 'accessible restrooms', 'parking']"
82,Santiago de Compostela,Spain,Theme Park/Amusement Park,Celtic Quest Adventure Park No.3,"Celtic Quest Adventure Park is a theme park in Santiago de Compostela, Spain, popular for its memorable experiences. Entry fee is 4.06 USD. Recommended visit: 8 hours. Discover Celtic Quest Adventure Park, a notable theme park in Santiago de Compostela, Spain, ideal for visitors. Open 09:00-18:00, entry 4.06 USD.",4.06,09:00-18:00,8 hours,3.75,"No. 128, Zhongshan Road, Santiago de Compostela",42.96731540796652,-8.397247265198825,"['nightlife enthusiast', 'luxury travelers', 'road trip']","['Restrooms', 'Information Desk', 'Restaurant', 'Souvenir Shop', 'First Aid Station', 'Luggage Storage', 'night markets', 'bars', 'evening shows', 'private tours', 'skip the line passes', 'VIP exclusive events', 'parking']"
83,Santiago de Compostela,Spain,Theme Park/Amusement Park,Galician Tide Adventure,"Galician Tide Adventure is a theme park in Santiago de Compostela, Spain, popular for its memorable experiences. Entry fee is 37.52 USD. Recommended visit: 8 hours. Discover Galician Tide Adventure, a notable theme park in Santiago de Compostela, Spain, ideal for visitors. Open 09:00-17:30, entry 37.52 USD.",37.52,09:00-17:30,8 hours,3.75,"476 Seaside Promenade, Santiago de Compostela",42.90475384896836,-8.474935693758525,"['with children', 'solo women', 'luxury travelers']","['Restrooms', 'Information Desk', 'Restaurant', 'Souvenir Shop', 'First Aid Station', 'Luggage Storage', 'family restrooms', 'Nursing facilities', 'group tours', 'security', 'private tours', 'skip the line passes', 'VIP exclusive events']"
84,Santiago de Compostela,Spain,Theme Park/Amusement Park,Galician Wildscape Adventure Park,"Galician Wildscape Adventure Park is a theme park in Santiago de Compostela, Spain, popular for its memorable experiences. Entry fee is 10.15 USD. Recommended visit: 8 hours. Discover Galician Wildscape Adventure Park, a notable theme park in Santiago de Compostela, Spain, ideal for visitors. Open 10:00-22:00, entry 10.15 USD.",10.15,10:00-22:00,8 hours,3.75,"No. 456, Zhongshan Road, Santiago de Compostela",42.92041366987942,-8.488836276043644,"['solo women', 'elderly travelers', 'road trip']","['Restrooms', 'Information Desk', 'Restaurant', 'Souvenir Shop', 'First Aid Station', 'Luggage Storage', 'group tours', 'security', 'wheelchair rental', 'benches/rest areas', 'parking']"
85,Santiago de Compostela,Spain,Theme Park/Amusement Park,Galician Harmony Festival Park,"Galician Harmony Festival Park is a theme park in Santiago de Compostela, Spain, popular for its memorable experiences. Entry fee is 28.0 USD. Recommended visit: 7 hours. Discover Galician Harmony Festival Park, a notable theme park in Santiago de Compostela, Spain, ideal for visitors. Open 10:00-20:00, entry 28.0 USD.",28.0,10:00-20:00,7 hours,3.75,"384 Sukhumvit Road, Santiago de Compostela",42.90242586711712,-8.488819253464326,"['with children', 'with pets', 'road trip']","['Restrooms', 'Information Desk', 'Restaurant', 'Souvenir Shop', 'First Aid Station', 'Luggage Storage', 'family restrooms', 'Nursing facilities', 'Pet-friendly', 'pet water stations', 'Pet rest area', 'parking']"
86,Santiago de Compostela,Spain,Theme Park/Amusement Park,Celtic Quest Adventure Realm,"Celtic Quest Adventure Realm is a theme park in Santiago de Compostela, Spain, popular for its memorable experiences. Entry fee is 53.2 USD. Recommended visit: 7 hours. Discover Celtic Quest Adventure Realm, a notable theme park in Santiago de Compostela, Spain, ideal for visitors. Open 08:00-22:00, entry 53.2 USD.",53.2,08:00-22:00,7 hours,3.75,"244 Shinsaibashi Dori, Chuo Ward, Santiago de Compostela",42.90424720123855,-8.523075355459673,"['nightlife enthusiast', 'foodie', 'disabled traveler']","['Restrooms', 'Information Desk', 'Restaurant', 'Souvenir Shop', 'First Aid Station', 'Luggage Storage', 'night markets', 'bars', 'evening shows', 'Food markets', 'tasting tours', 'ramps', 'elevators', 'wheelchair rentals', 'accessible restrooms']"
87,Santiago de Compostela,Spain,Theme Park/Amusement Park,Celtic Quest Adventure Park No.4,"Celtic Quest Adventure Park is a theme park in Santiago de Compostela, Spain, popular for its memorable experiences. Entry fee is 16.79 USD. Recommended visit: 6 hours. Discover Celtic Quest Adventure Park, a notable theme park in Santiago de Compostela, Spain, ideal for visitors. Open 08:00-00:00, entry 16.79 USD.",16.79,08:00-00:00,6 hours,3.75,"316-12-8 Shibuya, Shibuya City, Santiago de Compostela",42.96802273560323,-8.516383556786751,"['couples trip', 'elderly travelers', 'business travelers']","['Restrooms', 'Information Desk', 'Restaurant', 'Souvenir Shop', 'First Aid Station', 'Luggage Storage', 'scenic spots', 'sunset cruises', 'special couples experiences', 'wheelchair rental', 'benches/rest areas', 'High speed WiFi']"
88,Santiago de Compostela,Spain,Theme Park/Amusement Park,Casa de la Tradición,"Casa de la Tradición is a theme park in Santiago de Compostela, Spain, popular for its memorable experiences. Entry fee is 6.99 USD. Recommended visit: 7 hours. Discover Casa de la Tradición, a notable theme park in Santiago de Compostela, Spain, ideal for visitors. Open 09:30-21:00, entry 6.99 USD.",6.99,09:30-21:00,7 hours,3.75,"No. 456, Xiamen Bay Road, Santiago de Compostela",42.9563854725834,-8.48224600263532,"['foodie', 'couples trip', 'luxury travelers']","['Restrooms', 'Information Desk', 'Restaurant', 'Souvenir Shop', 'First Aid Station', 'Luggage Storage', 'Food markets', 'tasting tours', 'scenic spots', 'sunset cruises', 'special couples experiences', 'private tours', 'skip the line passes', 'VIP exclusive events']"
89,Santiago de Compostela,Spain,Theme Park/Amusement Park,Celtic Skyline Adventure Park No.2,"Celtic Skyline Adventure Park is a theme park in Santiago de Compostela, Spain, popular for its memorable experiences. Entry fee is 6.56 USD. Recommended visit: 6 hours. Discover Celtic Skyline Adventure Park, a notable theme park in Santiago de Compostela, Spain, ideal for visitors. Open 08:00-22:30, entry 6.56 USD.",6.56,08:00-22:30,6 hours,3.75,"772 Sapporo River Promenade, Santiago de Compostela",42.86236588484477,-8.488004976400248,"['nightlife enthusiast', 'with pets', 'business travelers']","['Restrooms', 'Information Desk', 'Restaurant', 'Souvenir Shop', 'First Aid Station', 'Luggage Storage', 'night markets', 'bars', 'evening shows', 'Pet-friendly', 'pet water stations', 'Pet rest area', 'High speed WiFi']"
90,Santiago de Compostela,Spain,Theme Park/Amusement Park,Azure Wave Adventure,"Azure Wave Adventure is a theme park in Santiago de Compostela, Spain, popular for its memorable experiences. Entry fee is 41.86 USD. Recommended visit: 6 hours. Discover Azure Wave Adventure, a notable theme park in Santiago de Compostela, Spain, ideal for visitors. Open 20:00-05:00, entry 41.86 USD.",41.86,20:00-05:00,6 hours,3.75,"140 Suthep Road, Santiago de Compostela",42.88057353772747,-8.495347740448864,"['nightlife enthusiast', 'fast-paced budget travel', 'solo women']","['Restrooms', 'Information Desk', 'Restaurant', 'Souvenir Shop', 'First Aid Station', 'Luggage Storage', 'night markets', 'bars', 'evening shows', 'city passes', 'luggage storage', 'self-guided tours', 'group tours', 'security']"
91,Santiago de Compostela,Spain,Historic Site/Landmark,Catedral Skyline Observatory,"Catedral Skyline Observatory is a historic site in Santiago de Compostela, Spain, popular for its memorable experiences. Entry fee is 7.84 USD. Recommended visit: 2 hours. Discover Catedral Skyline Observatory, a notable historic site in Santiago de Compostela, Spain, ideal for visitors. Open 09:00-17:30, entry 7.84 USD.",7.84,09:00-17:30,2 hours,3.5,"485 Seaside Promenade, Chuo-ku, Santiago de Compostela",42.845488254845804,-8.510167879769352,"['with children', 'fast-paced budget travel', 'with pets']","['Restrooms', 'Information Desk', 'Restaurant', 'Souvenir Shop', 'First Aid Station', 'Luggage Storage', 'family restrooms', 'Nursing facilities', 'city passes', 'luggage storage', 'self-guided tours', 'Pet-friendly', 'pet water stations', 'Pet rest area']"
92,Santiago de Compostela,Spain,Historic Site/Landmark,Celtic Echoes of Galicia,"Celtic Echoes of Galicia is a historic site in Santiago de Compostela, Spain, popular for its memorable experiences. Entry fee is 474.46 USD. Recommended visit: 2 hours. Discover Celtic Echoes of Galicia, a notable historic site in Santiago de Compostela, Spain, ideal for visitors. Open 09:30-17:00, entry 474.46 USD.",474.46,09:30-17:00,2 hours,3.5,"893 Beach Road, Santiago de Compostela",42.95987120670495,-8.474636185972422,"['with children', 'photography', 'disabled traveler']","['Restrooms', 'Information Desk', 'Restaurant', 'Souvenir Shop', 'First Aid Station', 'Luggage Storage', 'family restrooms', 'Nursing facilities', 'photo spots', 'guided photo tours', 'charging stations', 'ramps', 'elevators', 'wheelchair rentals', 'accessible restrooms']"
93,Santiago de Compostela,Spain,Historic Site/Landmark,Echoes of the Silk Road No.2,"Echoes of the Silk Road is a historic site in Santiago de Compostela, Spain, popular for its memorable experiences. Entry fee is 10.59 USD. Recommended visit: 2 hours. Discover Echoes of the Silk Road, a notable historic site in Santiago de Compostela, Spain, ideal for visitors. Open 09:00-18:00, entry 10.59 USD.",10.59,09:00-18:00,2 hours,3.5,"No. 456 Riverside Lane, Santiago de Compostela",42.87477616408772,-8.552141764900474,"['solo women', 'couples trip', 'disabled traveler']","['Restrooms', 'Information Desk', 'Restaurant', 'Souvenir Shop', 'First Aid Station', 'Luggage Storage', 'group tours', 'security', 'scenic spots', 'sunset cruises', 'special couples experiences', 'ramps', 'elevators', 'wheelchair rentals', 'accessible restrooms']"
94,Santiago de Compostela,Spain,Historic Site/Landmark,Echoes of the Crown Tour,"Echoes of the Crown Tour is a historic site in Santiago de Compostela, Spain, popular for its memorable experiences. Entry fee is 9.73 USD. Recommended visit: 2 hours. Discover Echoes of the Crown Tour, a notable historic site in Santiago de Compostela, Spain, ideal for visitors. Open 10:00-20:00, entry 9.73 USD.",9.73,10:00-20:00,2 hours,3.5,"525 Shiroiwa Street, Chuo Ward, Santiago de Compostela",42.896770246741085,-8.430752087940014,"['nightlife enthusiast', 'luxury travelers', 'disabled traveler']","['Restrooms', 'Information Desk', 'Restaurant', 'Souvenir Shop', 'First Aid Station', 'Luggage Storage', 'night markets', 'bars', 'evening shows', 'private tours', 'skip the line passes', 'VIP exclusive events', 'ramps', 'elevators', 'wheelchair rentals', 'accessible restrooms']"
95,Santiago de Compostela,Spain,Historic Site/Landmark,Celtic Echoes Museum,"Celtic Echoes Museum is a historic site in Santiago de Compostela, Spain, popular for its memorable experiences. Entry fee is 4.13 USD. Recommended visit: 2 hours. Discover Celtic Echoes Museum, a notable historic site in Santiago de Compostela, Spain, ideal for visitors. Open 10:00-22:00, entry 4.13 USD.",4.13,10:00-22:00,2 hours,3.5,"908 Sukhumvit Road, Khlong Toei District, Santiago de Compostela",42.84498038483404,-8.524981128876009,"['with children', 'business travelers']","['Restrooms', 'Information Desk', 'Restaurant', 'Souvenir Shop', 'First Aid Station', 'Luggage Storage', 'family restrooms', 'Nursing facilities', 'High speed WiFi']"
96,Santiago de Compostela,Spain,Historic Site/Landmark,Galician Heritage and Athletic Hall,"Galician Heritage and Athletic Hall is a historic site in Santiago de Compostela, Spain, popular for its memorable experiences. Entry fee is 24.92 USD. Recommended visit: 2 hours. Discover Galician Heritage and Athletic Hall, a notable historic site in Santiago de Compostela, Spain, ideal for visitors. Open 08:30-17:00, entry 24.92 USD.",24.92,08:30-17:00,2 hours,3.5,"909 Suthep Road, Santiago de Compostela",42.95209788601487,-8.516092985626237,"['nightlife enthusiast', 'fast-paced budget travel', 'foodie']","['Restrooms', 'Information Desk', 'Restaurant', 'Souvenir Shop', 'First Aid Station', 'Luggage Storage', 'night markets', 'bars', 'evening shows', 'city passes', 'luggage storage', 'self-guided tours', 'Food markets', 'tasting tours']"
97,Santiago de Compostela,Spain,Historic Site/Landmark,Alfombra de Memorias Trail,"Alfombra de Memorias Trail is a historic site in Santiago de Compostela, Spain, popular for its memorable experiences. Entry fee is 13.36 USD. Recommended visit: 2 hours. Discover Alfombra de Memorias Trail, a notable historic site in Santiago de Compostela, Spain, ideal for visitors. Open 08:30-17:30, entry 13.36 USD.",13.36,08:30-17:30,2 hours,3.5,"No. 456, Cultural Avenue, Chaoyang District, Santiago de Compostela",42.88404825978014,-8.511351232265744,"['photography', 'luxury travelers', 'business travelers']","['Restrooms', 'Information Desk', 'Restaurant', 'Souvenir Shop', 'First Aid Station', 'Luggage Storage', 'photo spots', 'guided photo tours', 'charging stations', 'private tours', 'skip the line passes', 'VIP exclusive events', 'High speed WiFi']"
98,Santiago de Compostela,Spain,Historic Site/Landmark,Celestial Spire Observatory,"Celestial Spire Observatory is a historic site in Santiago de Compostela, Spain, popular for its memorable experiences. Entry fee is 50.54 USD. Recommended visit: 2 hours. Discover Celestial Spire Observatory, a notable historic site in Santiago de Compostela, Spain, ideal for visitors. Open 08:30-17:00, entry 50.54 USD.",50.54,08:30-17:00,2 hours,3.5,"371 Sakura Street, Shibuya Ward, Santiago de Compostela",42.94908520615128,-8.57643707917369,"['with children', 'fast-paced budget travel', 'luxury travelers']","['Restrooms', 'Information Desk', 'Restaurant', 'Souvenir Shop', 'First Aid Station', 'Luggage Storage', 'family restrooms', 'Nursing facilities', 'city passes', 'luggage storage', 'self-guided tours', 'private tours', 'skip the line passes', 'VIP exclusive events']"
99,Santiago de Compostela,Spain,Historic Site/Landmark,Cathedral Skywalk and Heritage Loop,"Cathedral Skywalk and Heritage Loop is a historic site in Santiago de Compostela, Spain, popular for its memorable experiences. Entry fee is 15.16 USD. Recommended visit: 2 hours. Discover Cathedral Skywalk and Heritage Loop, a notable historic site in Santiago de Compostela, Spain, ideal for visitors. Open 09:00-21:00, entry 15.16 USD.",15.16,09:00-21:00,2 hours,3.5,"467 Seaside Promenade, Santiago de Compostela",42.95991617771019,-8.417222681174625,"['couples trip', 'disabled traveler']","['Restrooms', 'Information Desk', 'Restaurant', 'Souvenir Shop', 'First Aid Station', 'Luggage Storage', 'scenic spots', 'sunset cruises', 'special couples experiences', 'ramps', 'elevators', 'wheelchair rentals', 'accessible restrooms']"
100,Santiago de Compostela,Spain,Historic Site/Landmark,Cathedral Heights Viewing Platform,"Cathedral Heights Viewing Platform is a historic site in Santiago de Compostela, Spain, popular for its memorable experiences. Entry fee is 29.19 USD. Recommended visit: 2 hours. Discover Cathedral Heights Viewing Platform, a notable historic site in Santiago de Compostela, Spain, ideal for visitors. Open 08:30-17:30, entry 29.19 USD.",29.19,08:30-17:30,2 hours,3.5,"274 Seaside Promenade, Santiago de Compostela",42.89891034547484,-8.557066040366019,"['elderly travelers', 'disabled traveler', 'business travelers']","['Restrooms', 'Information Desk', 'Restaurant', 'Souvenir Shop', 'First Aid Station', 'Luggage Storage', 'wheelchair rental', 'benches/rest areas', 'ramps', 'elevators', 'wheelchair rentals', 'accessible restrooms', 'High speed WiFi']"
101,Santiago de Compostela,Spain,Historic Site/Landmark,Catedral Alta Vista,"Catedral Alta Vista is a historic site in Santiago de Compostela, Spain, popular for its memorable experiences. Entry fee is 12.6 USD. Recommended visit: 2 hours. Discover Catedral Alta Vista, a notable historic site in Santiago de Compostela, Spain, ideal for visitors. Open 09:00-17:30, entry 12.6 USD.",12.6,09:00-17:30,2 hours,3.5,"201 Seaside Promenade, Chuo-ku, Santiago de Compostela",42.90147113015312,-8.474029346970509,"['nightlife enthusiast', 'with children', 'luxury travelers']","['Restrooms', 'Information Desk', 'Restaurant', 'Souvenir Shop', 'First Aid Station', 'Luggage Storage', 'night markets', 'bars', 'evening shows', 'family restrooms', 'Nursing facilities', 'private tours', 'skip the line passes', 'VIP exclusive events']"
102,Santiago de Compostela,Spain,Historic Site/Landmark,Casa de las Luces Antiguas,"Casa de las Luces Antiguas is a historic site in Santiago de Compostela, Spain, popular for its memorable experiences. Entry fee is 36.54 USD. Recommended visit: 2 hours. Discover Casa de las Luces Antiguas, a notable historic site in Santiago de Compostela, Spain, ideal for visitors. Open 10:00-19:00, entry 36.54 USD.",36.54,10:00-19:00,2 hours,3.5,"335 Chalong Road, Santiago de Compostela",42.8711572057574,-8.523776288017498,"['nightlife enthusiast', 'solo women', 'road trip']","['Restrooms', 'Information Desk', 'Restaurant', 'Souvenir Shop', 'First Aid Station', 'Luggage Storage', 'night markets', 'bars', 'evening shows', 'group tours', 'security', 'parking']"
103,Santiago de Compostela,Spain,Historic Site/Landmark,Celtic Echoes of the North,"Celtic Echoes of the North is a historic site in Santiago de Compostela, Spain, popular for its memorable experiences. Entry fee is 5.6 USD. Recommended visit: 2 hours. Discover Celtic Echoes of the North, a notable historic site in Santiago de Compostela, Spain, ideal for visitors. Open 09:00-17:00, entry 5.6 USD.",5.6,09:00-17:00,2 hours,3.5,"671 Jurong West Ave 6, Santiago de Compostela",42.859304934419,-8.56035235252066,"['nightlife enthusiast', 'fast-paced budget travel', 'foodie']","['Restrooms', 'Information Desk', 'Restaurant', 'Souvenir Shop', 'First Aid Station', 'Luggage Storage', 'night markets', 'bars', 'evening shows', 'city passes', 'luggage storage', 'self-guided tours', 'Food markets', 'tasting tours']"
104,Santiago de Compostela,Spain,Historic Site/Landmark,Celtic Heritage Training Grounds,"Celtic Heritage Training Grounds is a historic site in Santiago de Compostela, Spain, popular for its memorable experiences. Entry fee is 248.4 USD. Recommended visit: 2 hours. Discover Celtic Heritage Training Grounds, a notable historic site in Santiago de Compostela, Spain, ideal for visitors. Open 08:30-17:30, entry 248.4 USD.",248.4,08:30-17:30,2 hours,3.5,"No. 123, Xingang Road, Haizhu District, Santiago de Compostela",42.89478882194566,-8.593460139459959,"['fast-paced budget travel', 'luxury travelers', 'elderly travelers']","['Restrooms', 'Information Desk', 'Restaurant', 'Souvenir Shop', 'First Aid Station', 'Luggage Storage', 'city passes', 'luggage storage', 'self-guided tours', 'private tours', 'skip the line passes', 'VIP exclusive events', 'wheelchair rental', 'benches/rest areas']"
105,Santiago de Compostela,Spain,Historic Site/Landmark,Santiago's Sacred Sanctuaries Trail,"Santiago's Sacred Sanctuaries Trail is a historic site in Santiago de Compostela, Spain, popular for its memorable experiences. Entry fee is 42.0 USD. Recommended visit: 2 hours. Discover Santiago's Sacred Sanctuaries Trail, a notable historic site in Santiago de Compostela, Spain, ideal for visitors. Open 09:00-22:00, entry 42.0 USD.",42.0,09:00-22:00,2 hours,3.5,"229 Khlong Toei Road, Watthana District, Santiago de Compostela",42.89713526315301,-8.556705491210954,"['disabled traveler', 'photography', 'elderly travelers']","['Restrooms', 'Information Desk', 'Restaurant', 'Souvenir Shop', 'First Aid Station', 'Luggage Storage', 'ramps', 'elevators', 'wheelchair rentals', 'accessible restrooms', 'photo spots', 'guided photo tours', 'charging stations', 'wheelchair rental', 'benches/rest areas']"
106,Santiago de Compostela,Spain,Historic Site/Landmark,Galician Heritage Ensemble,"Galician Heritage Ensemble is a historic site in Santiago de Compostela, Spain, popular for its memorable experiences. Entry fee is 7.0 USD. Recommended visit: 2 hours. Discover Galician Heritage Ensemble, a notable historic site in Santiago de Compostela, Spain, ideal for visitors. Open 08:30-17:00, entry 7.0 USD.",7.0,08:30-17:00,2 hours,3.5,"419 Seaside Promenade, Chuo Ward, Santiago de Compostela",42.8919961949604,-8.568747873489343,"['with children', 'solo women', 'disabled traveler']","['Restrooms', 'Information Desk', 'Restaurant', 'Souvenir Shop', 'First Aid Station', 'Luggage Storage', 'family restrooms', 'Nursing facilities', 'group tours', 'security', 'ramps', 'elevators', 'wheelchair rentals', 'accessible restrooms']"
107,Santiago de Compostela,Spain,Historic Site/Landmark,Golden Ridge Observation Tower,"Golden Ridge Observation Tower is a historic site in Santiago de Compostela, Spain, popular for its memorable experiences. Entry fee is 16.52 USD. Recommended visit: 2 hours. Discover Golden Ridge Observation Tower, a notable historic site in Santiago de Compostela, Spain, ideal for visitors. Open 08:30-20:00, entry 16.52 USD.",16.52,08:30-20:00,2 hours,3.5,"176 Shinjuku Park, Shinjuku-ku, Santiago de Compostela",42.91179094016915,-8.546090024381158,"['nightlife enthusiast', 'foodie', 'disabled traveler']","['Restrooms', 'Information Desk', 'Restaurant', 'Souvenir Shop', 'First Aid Station', 'Luggage Storage', 'night markets', 'bars', 'evening shows', 'Food markets', 'tasting tours', 'ramps', 'elevators', 'wheelchair rentals', 'accessible restrooms']"
108,Santiago de Compostela,Spain,Historic Site/Landmark,Echoes of the Holy Path,"Echoes of the Holy Path is a historic site in Santiago de Compostela, Spain, popular for its memorable experiences. Entry fee is 5.38 USD. Recommended visit: 2 hours. Discover Echoes of the Holy Path, a notable historic site in Santiago de Compostela, Spain, ideal for visitors. Open 08:30-17:00, entry 5.38 USD.",5.38,08:30-17:00,2 hours,3.5,"894 Suthep Road, Santiago de Compostela",42.88267207317279,-8.620897163263697,"['with children', 'with pets', 'photography']","['Restrooms', 'Information Desk', 'Restaurant', 'Souvenir Shop', 'First Aid Station', 'Luggage Storage', 'family restrooms', 'Nursing facilities', 'Pet-friendly', 'pet water stations', 'Pet rest area', 'photo spots', 'guided photo tours', 'charging stations']"
109,Santiago de Compostela,Spain,Historic Site/Landmark,Cathedral Heights Skyview Lounge,"Cathedral Heights Skyview Lounge is a historic site in Santiago de Compostela, Spain, popular for its memorable experiences. Entry fee is 6.85 USD. Recommended visit: 2 hours. Discover Cathedral Heights Skyview Lounge, a notable historic site in Santiago de Compostela, Spain, ideal for visitors. Open 10:00-22:00, entry 6.85 USD.",6.85,10:00-22:00,2 hours,3.5,"638-8 Shimbashi, Minato City, Santiago de Compostela",42.9654997419006,-8.612051488775181,"['nightlife enthusiast', 'couples trip']","['Restrooms', 'Information Desk', 'Restaurant', 'Souvenir Shop', 'First Aid Station', 'Luggage Storage', 'night markets', 'bars', 'evening shows', 'scenic spots', 'sunset cruises', 'special couples experiences']"
110,Santiago de Compostela,Spain,Historic Site/Landmark,Alabaster Sovereign Gardens,"Alabaster Sovereign Gardens is a historic site in Santiago de Compostela, Spain, popular for its memorable experiences. Entry fee is 26.79 USD. Recommended visit: 2 hours. Discover Alabaster Sovereign Gardens, a notable historic site in Santiago de Compostela, Spain, ideal for visitors. Open 09:00-17:30, entry 26.79 USD.",26.79,09:00-17:30,2 hours,3.5,"100 Sakura Street, Naka Ward, Santiago de Compostela",42.8830391546538,-8.530699950185168,"['nightlife enthusiast', 'fast-paced budget travel', 'business travelers']","['Restrooms', 'Information Desk', 'Restaurant', 'Souvenir Shop', 'First Aid Station', 'Luggage Storage', 'night markets', 'bars', 'evening shows', 'city passes', 'luggage storage', 'self-guided tours', 'High speed WiFi']"
111,Santiago de Compostela,Spain,Historic Site/Landmark,Celtic Thermal Rituals and Drum Circle,"Celtic Thermal Rituals and Drum Circle is a historic site in Santiago de Compostela, Spain, popular for its memorable experiences. Entry fee is 11.68 USD. Recommended visit: 2 hours. Discover Celtic Thermal Rituals and Drum Circle, a notable historic site in Santiago de Compostela, Spain, ideal for visitors. Open 10:00-18:00, entry 11.68 USD.",11.68,10:00-18:00,2 hours,3.5,"298 Sathorn Road, Samudwong District, Santiago de Compostela",42.87079130194182,-8.593960641803202,"['fast-paced budget travel', 'foodie', 'elderly travelers']","['Restrooms', 'Information Desk', 'Restaurant', 'Souvenir Shop', 'First Aid Station', 'Luggage Storage', 'city passes', 'luggage storage', 'self-guided tours', 'Food markets', 'tasting tours', 'wheelchair rental', 'benches/rest areas']"
112,Santiago de Compostela,Spain,Historic Site/Landmark,Celtic Wellspring,"Celtic Wellspring is a historic site in Santiago de Compostela, Spain, popular for its memorable experiences. Entry fee is 114.46 USD. Recommended visit: 2 hours. Discover Celtic Wellspring, a notable historic site in Santiago de Compostela, Spain, ideal for visitors. Open 09:00-18:00, entry 114.46 USD.",114.46,09:00-18:00,2 hours,3.5,"655 Beach Road, Santiago de Compostela",42.941756503270085,-8.45325565539055,"['fast-paced budget travel', 'solo women', 'disabled traveler']","['Restrooms', 'Information Desk', 'Restaurant', 'Souvenir Shop', 'First Aid Station', 'Luggage Storage', 'city passes', 'luggage storage', 'self-guided tours', 'group tours', 'security', 'ramps', 'elevators', 'wheelchair rentals', 'accessible restrooms']"
113,Santiago de Compostela,Spain,Historic Site/Landmark,El Cielo de los Sabios,"El Cielo de los Sabios is a historic site in Santiago de Compostela, Spain, popular for its memorable experiences. Entry fee is 16.97 USD. Recommended visit: 2 hours. Discover El Cielo de los Sabios, a notable historic site in Santiago de Compostela, Spain, ideal for visitors. Open 09:00-17:30, entry 16.97 USD.",16.97,09:00-17:30,2 hours,3.5,"176 Nakanoshima-dori, Chuo Ward, Santiago de Compostela",42.91964650599076,-8.565261677885536,"['with children', 'fast-paced budget travel', 'couples trip']","['Restrooms', 'Information Desk', 'Restaurant', 'Souvenir Shop', 'First Aid Station', 'Luggage Storage', 'family restrooms', 'Nursing facilities', 'city passes', 'luggage storage', 'self-guided tours', 'scenic spots', 'sunset cruises', 'special couples experiences']"
114,Santiago de Compostela,Spain,Historic Site/Landmark,Sanctuary of the Pilgrim's Path,"Sanctuary of the Pilgrim's Path is a historic site in Santiago de Compostela, Spain, popular for its memorable experiences. Entry fee is 160.64 USD. Recommended visit: 2 hours. Discover Sanctuary of the Pilgrim's Path, a notable historic site in Santiago de Compostela, Spain, ideal for visitors. Open 09:00-17:00, entry 160.64 USD.",160.64,09:00-17:00,2 hours,3.5,"364 Kita-Ku Waterfront Promenade, Santiago de Compostela",42.89013280764496,-8.453195896779492,"['with children', 'foodie', 'disabled traveler']","['Restrooms', 'Information Desk', 'Restaurant', 'Souvenir Shop', 'First Aid Station', 'Luggage Storage', 'family restrooms', 'Nursing facilities', 'Food markets', 'tasting tours', 'ramps', 'elevators', 'wheelchair rentals', 'accessible restrooms']"
115,Santiago de Compostela,Spain,Historic Site/Landmark,Celtic Heritage Combat Theater,"Celtic Heritage Combat Theater is a historic site in Santiago de Compostela, Spain, popular for its memorable experiences. Entry fee is 0.0 USD. Recommended visit: 2 hours. Discover Celtic Heritage Combat Theater, a notable historic site in Santiago de Compostela, Spain, ideal for visitors. Open 19:30-22:30, entry 0.0 USD.",0.0,19:30-22:30,2 hours,3.5,"802 Sakura Street, Naka-ku, Santiago de Compostela",42.87668301885811,-8.447802810550124,"['with children', 'fast-paced budget travel', 'solo women']","['Restrooms', 'Information Desk', 'Restaurant', 'Souvenir Shop', 'First Aid Station', 'Luggage Storage', 'family restrooms', 'Nursing facilities', 'city passes', 'luggage storage', 'self-guided tours', 'group tours', 'security']"
116,Santiago de Compostela,Spain,Historic Site/Landmark,Celtic Heritage Walk of San Martin,"Celtic Heritage Walk of San Martin is a historic site in Santiago de Compostela, Spain, popular for its memorable experiences. Entry fee is 6.23 USD. Recommended visit: 2 hours. Discover Celtic Heritage Walk of San Martin, a notable historic site in Santiago de Compostela, Spain, ideal for visitors. Open 08:30-19:00, entry 6.23 USD.",6.23,08:30-19:00,2 hours,3.5,"600 Shinkawa Street, Santiago de Compostela",42.969530306697166,-8.502746352203033,"['with pets', 'photography', 'couples trip']","['Restrooms', 'Information Desk', 'Restaurant', 'Souvenir Shop', 'First Aid Station', 'Luggage Storage', 'Pet-friendly', 'pet water stations', 'Pet rest area', 'photo spots', 'guided photo tours', 'charging stations', 'scenic spots', 'sunset cruises', 'special couples experiences']"
117,Santiago de Compostela,Spain,Historic Site/Landmark,Echoes of the Camino No.2,"Echoes of the Camino is a historic site in Santiago de Compostela, Spain, popular for its memorable experiences. Entry fee is 2.79 USD. Recommended visit: 2 hours. Discover Echoes of the Camino, a notable historic site in Santiago de Compostela, Spain, ideal for visitors. Open 06:00-18:00, entry 2.79 USD.",2.79,06:00-18:00,2 hours,3.5,"993 Shinsaibashi Street, Chuo Ward, Santiago de Compostela",42.88407639549504,-8.508207772935435,"['solo women', 'couples trip', 'disabled traveler']","['Restrooms', 'Information Desk', 'Restaurant', 'Souvenir Shop', 'First Aid Station', 'Luggage Storage', 'group tours', 'security', 'scenic spots', 'sunset cruises', 'special couples experiences', 'ramps', 'elevators', 'wheelchair rentals', 'accessible restrooms']"
118,Santiago de Compostela,Spain,Historic Site/Landmark,Echoes of the Sacred,"Echoes of the Sacred is a historic site in Santiago de Compostela, Spain, popular for its memorable experiences. Entry fee is 21.77 USD. Recommended visit: 2 hours. Discover Echoes of the Sacred, a notable historic site in Santiago de Compostela, Spain, ideal for visitors. Open 09:00-17:00, entry 21.77 USD.",21.77,09:00-17:00,2 hours,3.5,"604 Suthep Road, Santiago de Compostela",42.97549326724752,-8.466494484700343,['nightlife enthusiast'],"['Restrooms', 'Information Desk', 'Restaurant', 'Souvenir Shop', 'First Aid Station', 'Luggage Storage', 'night markets', 'bars', 'evening shows']"
119,Santiago de Compostela,Spain,Historic Site/Landmark,Sagrada Plaza Heritage Tour,"Sagrada Plaza Heritage Tour is a historic site in Santiago de Compostela, Spain, popular for its memorable experiences. Entry fee is 78.46 USD. Recommended visit: 2 hours. Discover Sagrada Plaza Heritage Tour, a notable historic site in Santiago de Compostela, Spain, ideal for visitors. Open 09:00-21:00, entry 78.46 USD.",78.46,09:00-21:00,2 hours,3.5,"No. 456 Jing'an Temple Road, Santiago de Compostela",42.88392795778411,-8.476198904969536,"['with children', 'fast-paced budget travel', 'with pets']","['Restrooms', 'Information Desk', 'Restaurant', 'Souvenir Shop', 'First Aid Station', 'Luggage Storage', 'family restrooms', 'Nursing facilities', 'city passes', 'luggage storage', 'self-guided tours', 'Pet-friendly', 'pet water stations', 'Pet rest area']"
120,Santiago de Compostela,Spain,Historic Site/Landmark,Sanctuary of the Celestial Guardian,"Sanctuary of the Celestial Guardian is a historic site in Santiago de Compostela, Spain, popular for its memorable experiences. Entry fee is 4.2 USD. Recommended visit: 2 hours. Discover Sanctuary of the Celestial Guardian, a notable historic site in Santiago de Compostela, Spain, ideal for visitors. Open 08:30-17:30, entry 4.2 USD.",4.2,08:30-17:30,2 hours,3.5,"No. 456 Riverside Lane, Santiago de Compostela",42.8854532234725,-8.462983137820865,"['photography', 'couples trip', 'business travelers']","['Restrooms', 'Information Desk', 'Restaurant', 'Souvenir Shop', 'First Aid Station', 'Luggage Storage', 'photo spots', 'guided photo tours', 'charging stations', 'scenic spots', 'sunset cruises', 'special couples experiences', 'High speed WiFi']"
121,Santiago de Compostela,Spain,Historic Site/Landmark,Echoing Stones,"Echoing Stones is a historic site in Santiago de Compostela, Spain, popular for its memorable experiences. Entry fee is 1.4 USD. Recommended visit: 2 hours. Discover Echoing Stones, a notable historic site in Santiago de Compostela, Spain, ideal for visitors. Open 08:00-18:00, entry 1.4 USD.",1.4,08:00-18:00,2 hours,3.5,"588 Suthep Road, Santiago de Compostela",42.94855277314222,-8.471300748296434,"['nightlife enthusiast', 'with pets', 'luxury travelers']","['Restrooms', 'Information Desk', 'Restaurant', 'Souvenir Shop', 'First Aid Station', 'Luggage Storage', 'night markets', 'bars', 'evening shows', 'Pet-friendly', 'pet water stations', 'Pet rest area', 'private tours', 'skip the line passes', 'VIP exclusive events']"
122,Santiago de Compostela,Spain,Museum/Art Gallery,Celtic Reflections Gallery,"Celtic Reflections Gallery is a museum in Santiago de Compostela, Spain, popular for its unique collections and exhibitions. Entry fee is 7.79 USD. Recommended visit: 2 hours. Discover Celtic Reflections Gallery, a renowned museum in Santiago de Compostela, Spain, ideal for art lovers. Open 09:30-17:00, entry 7.79 USD.",7.79,09:30-17:00,2 hours,4.0,"792-8901 Fukuoka City, Naka-ku, Santiago de Compostela",42.91118720663378,-8.495178376978567,"['with pets', 'foodie']","['Restrooms', 'Information Desk', 'Restaurant', 'Souvenir Shop', 'First Aid Station', 'Luggage Storage', 'Pet-friendly', 'pet water stations', 'Pet rest area', 'Food markets', 'tasting tours']"
123,Santiago de Compostela,Spain,Museum/Art Gallery,Echoes of the Hidden Passage,"Echoes of the Hidden Passage is a museum in Santiago de Compostela, Spain, popular for its unique collections and exhibitions. Entry fee is 28.12 USD. Recommended visit: 2 hours. Discover Echoes of the Hidden Passage, a renowned museum in Santiago de Compostela, Spain, ideal for art lovers. Open 10:00-19:00, entry 28.12 USD.",28.12,10:00-19:00,2 hours,4.0,"981 Shirokane Street, Santiago de Compostela",42.97708664975575,-8.476246285062997,"['road trip', 'luxury travelers', 'business travelers']","['Restrooms', 'Information Desk', 'Restaurant', 'Souvenir Shop', 'First Aid Station', 'Luggage Storage', 'parking', 'private tours', 'skip the line passes', 'VIP exclusive events', 'High speed WiFi']"
124,Santiago de Compostela,Spain,Museum/Art Gallery,Echoes of the Camino Artisan Hub,"Echoes of the Camino Artisan Hub is a museum in Santiago de Compostela, Spain, popular for its unique collections and exhibitions. Entry fee is 11.22 USD. Recommended visit: 2 hours. Discover Echoes of the Camino Artisan Hub, a renowned museum in Santiago de Compostela, Spain, ideal for art lovers. Open 09:00-17:30, entry 11.22 USD.",11.22,09:00-17:30,2 hours,4.0,"571 Sumida River Promenade, Santiago de Compostela",42.93243548763024,-8.468761860670522,"['road trip', 'business travelers']","['Restrooms', 'Information Desk', 'Restaurant', 'Souvenir Shop', 'First Aid Station', 'Luggage Storage', 'parking', 'High speed WiFi']"
125,Santiago de Compostela,Spain,Museum/Art Gallery,Celtic Light Contemporary Art Space,"Celtic Light Contemporary Art Space is a museum in Santiago de Compostela, Spain, popular for its unique collections and exhibitions. Entry fee is 52.55 USD. Recommended visit: 2 hours. Discover Celtic Light Contemporary Art Space, a renowned museum in Santiago de Compostela, Spain, ideal for art lovers. Open 09:00-17:30, entry 52.55 USD.",52.55,09:00-17:30,2 hours,4.0,"651 Jurong East Street 21, Santiago de Compostela",42.9471560558241,-8.604622828896538,"['solo women', 'business travelers']","['Restrooms', 'Information Desk', 'Restaurant', 'Souvenir Shop', 'First Aid Station', 'Luggage Storage', 'group tours', 'security', 'High speed WiFi']"
126,Santiago de Compostela,Spain,Museum/Art Gallery,Echoes of the Camino No.3,"Echoes of the Camino is a museum in Santiago de Compostela, Spain, popular for its unique collections and exhibitions. Entry fee is 9.52 USD. Recommended visit: 2 hours. Discover Echoes of the Camino, a renowned museum in Santiago de Compostela, Spain, ideal for art lovers. Open 10:00-22:00, entry 9.52 USD.",9.52,10:00-22:00,2 hours,4.0,"No. 456, Xuefu Road, Santiago de Compostela",42.87325185509815,-8.619037234164564,"['nightlife enthusiast', 'foodie', 'disabled traveler']","['Restrooms', 'Information Desk', 'Restaurant', 'Souvenir Shop', 'First Aid Station', 'Luggage Storage', 'night markets', 'bars', 'evening shows', 'Food markets', 'tasting tours', 'ramps', 'elevators', 'wheelchair rentals', 'accessible restrooms']"
127,Santiago de Compostela,Spain,Museum/Art Gallery,Luminous Garden of Santiago,"Luminous Garden of Santiago is a museum in Santiago de Compostela, Spain, popular for its unique collections and exhibitions. Entry fee is 19.51 USD. Recommended visit: 2 hours. Discover Luminous Garden of Santiago, a renowned museum in Santiago de Compostela, Spain, ideal for art lovers. Open 10:00-22:00, entry 19.51 USD.",19.51,10:00-22:00,2 hours,4.0,"779 Sakura Street, Chuo-ku, Santiago de Compostela",42.9738942805356,-8.592755112891322,"['fast-paced budget travel', 'foodie', 'luxury travelers']","['Restrooms', 'Information Desk', 'Restaurant', 'Souvenir Shop', 'First Aid Station', 'Luggage Storage', 'city passes', 'luggage storage', 'self-guided tours', 'Food markets', 'tasting tours', 'private tours', 'skip the line passes', 'VIP exclusive events']"
128,Santiago de Compostela,Spain,Museum/Art Gallery,Legacy of the Holy Flame,"Legacy of the Holy Flame is a museum in Santiago de Compostela, Spain, popular for its unique collections and exhibitions. Entry fee is 2.77 USD. Recommended visit: 2 hours. Discover Legacy of the Holy Flame, a renowned museum in Santiago de Compostela, Spain, ideal for art lovers. Open 09:00-17:30, entry 2.77 USD.",2.77,09:00-17:30,2 hours,4.0,"712 Seaside Promenade, Santiago de Compostela",42.953313117552064,-8.544223148391001,"['solo women', 'photography', 'elderly travelers']","['Restrooms', 'Information Desk', 'Restaurant', 'Souvenir Shop', 'First Aid Station', 'Luggage Storage', 'group tours', 'security', 'photo spots', 'guided photo tours', 'charging stations', 'wheelchair rental', 'benches/rest areas']"
129,Santiago de Compostela,Spain,Museum/Art Gallery,Galician Modern Vision Gallery,"Galician Modern Vision Gallery is a museum in Santiago de Compostela, Spain, popular for its unique collections and exhibitions. Entry fee is 15.12 USD. Recommended visit: 2 hours. Discover Galician Modern Vision Gallery, a renowned museum in Santiago de Compostela, Spain, ideal for art lovers. Open 09:00-17:30, entry 15.12 USD.",15.12,09:00-17:30,2 hours,4.0,"No. 456, Xiamen Bay Road, Santiago de Compostela",42.91675100761346,-8.548047623810053,"['with children', 'elderly travelers', 'road trip']","['Restrooms', 'Information Desk', 'Restaurant', 'Souvenir Shop', 'First Aid Station', 'Luggage Storage', 'family restrooms', 'Nursing facilities', 'wheelchair rental', 'benches/rest areas', 'parking']"
130,Santiago de Compostela,Spain,Museum/Art Gallery,Echoes of the Camino No.4,"Echoes of the Camino is a museum in Santiago de Compostela, Spain, popular for its unique collections and exhibitions. Entry fee is 4.57 USD. Recommended visit: 2 hours. Discover Echoes of the Camino, a renowned museum in Santiago de Compostela, Spain, ideal for art lovers. Open 09:00-17:30, entry 4.57 USD.",4.57,09:00-17:30,2 hours,4.0,"478 Nature Way, Santiago de Compostela",42.88282061633039,-8.510919190042372,"['nightlife enthusiast', 'elderly travelers']","['Restrooms', 'Information Desk', 'Restaurant', 'Souvenir Shop', 'First Aid Station', 'Luggage Storage', 'night markets', 'bars', 'evening shows', 'wheelchair rental', 'benches/rest areas']"
131,Santiago de Compostela,Spain,Museum/Art Gallery,CacaoCraft Heritage House,"CacaoCraft Heritage House is a museum in Santiago de Compostela, Spain, popular for its unique collections and exhibitions. Entry fee is 0.0 USD. Recommended visit: 2 hours. Discover CacaoCraft Heritage House, a renowned museum in Santiago de Compostela, Spain, ideal for art lovers. Open 10:00-20:00, entry 0.0 USD.",0.0,10:00-20:00,2 hours,4.0,"758-12, Gwangin-dong, Gangnam-gu, Santiago de Compostela",42.898818064200974,-8.552976889995232,"['elderly travelers', 'disabled traveler', 'business travelers']","['Restrooms', 'Information Desk', 'Restaurant', 'Souvenir Shop', 'First Aid Station', 'Luggage Storage', 'wheelchair rental', 'benches/rest areas', 'ramps', 'elevators', 'wheelchair rentals', 'accessible restrooms', 'High speed WiFi']"
132,Santiago de Compostela,Spain,Museum/Art Gallery,Echoes of the Camino No.5,"Echoes of the Camino is a museum in Santiago de Compostela, Spain, popular for its unique collections and exhibitions. Entry fee is 37.37 USD. Recommended visit: 2 hours. Discover Echoes of the Camino, a renowned museum in Santiago de Compostela, Spain, ideal for art lovers. Open 09:00-18:00, entry 37.37 USD.",37.37,09:00-18:00,2 hours,4.0,"454-897 Kitahama Street, Santiago de Compostela",42.90431311749924,-8.418951542483114,"['with pets', 'couples trip', 'business travelers']","['Restrooms', 'Information Desk', 'Restaurant', 'Souvenir Shop', 'First Aid Station', 'Luggage Storage', 'Pet-friendly', 'pet water stations', 'Pet rest area', 'scenic spots', 'sunset cruises', 'special couples experiences', 'High speed WiFi']"
133,Santiago de Compostela,Spain,Museum/Art Gallery,Echoes of the Deep Interactive Gallery,"Echoes of the Deep Interactive Gallery is a museum in Santiago de Compostela, Spain, popular for its unique collections and exhibitions. Entry fee is 12.28 USD. Recommended visit: 2 hours. Discover Echoes of the Deep Interactive Gallery, a renowned museum in Santiago de Compostela, Spain, ideal for art lovers. Open 10:00-20:00, entry 12.28 USD.",12.28,10:00-20:00,2 hours,4.0,"342 Phra Singh Road, Santiago de Compostela",42.898812685051965,-8.490371529259878,"['nightlife enthusiast', 'with pets', 'elderly travelers']","['Restrooms', 'Information Desk', 'Restaurant', 'Souvenir Shop', 'First Aid Station', 'Luggage Storage', 'night markets', 'bars', 'evening shows', 'Pet-friendly', 'pet water stations', 'Pet rest area', 'wheelchair rental', 'benches/rest areas']"
134,Santiago de Compostela,Spain,Museum/Art Gallery,Echoes of the Atlantic,"Echoes of the Atlantic is a museum in Santiago de Compostela, Spain, popular for its unique collections and exhibitions. Entry fee is 8.63 USD. Recommended visit: 2 hours. Discover Echoes of the Atlantic, a renowned museum in Santiago de Compostela, Spain, ideal for art lovers. Open 09:00-21:00, entry 8.63 USD.",8.63,09:00-21:00,2 hours,4.0,"357 Sakura Street, Naka-ku, Santiago de Compostela",42.8600488930633,-8.548800745427807,"['with children', 'couples trip', 'foodie']","['Restrooms', 'Information Desk', 'Restaurant', 'Souvenir Shop', 'First Aid Station', 'Luggage Storage', 'family restrooms', 'Nursing facilities', 'scenic spots', 'sunset cruises', 'special couples experiences', 'Food markets', 'tasting tours']"
135,Santiago de Compostela,Spain,Museum/Art Gallery,Celtic Canvas Gallery,"Celtic Canvas Gallery is a museum in Santiago de Compostela, Spain, popular for its unique collections and exhibitions. Entry fee is 86.45 USD. Recommended visit: 2 hours. Discover Celtic Canvas Gallery, a renowned museum in Santiago de Compostela, Spain, ideal for art lovers. Open 09:30-17:00, entry 86.45 USD.",86.45,09:30-17:00,2 hours,4.0,"156 Queen's Road Central, Santiago de Compostela",42.97575648297818,-8.49449934802973,"['road trip', 'with pets', 'business travelers']","['Restrooms', 'Information Desk', 'Restaurant', 'Souvenir Shop', 'First Aid Station', 'Luggage Storage', 'parking', 'Pet-friendly', 'pet water stations', 'Pet rest area', 'High speed WiFi']"
136,Santiago de Compostela,Spain,Museum/Art Gallery,Echoes of the Sacred No.2,"Echoes of the Sacred is a museum in Santiago de Compostela, Spain, popular for its unique collections and exhibitions. Entry fee is 8.31 USD. Recommended visit: 2 hours. Discover Echoes of the Sacred, a renowned museum in Santiago de Compostela, Spain, ideal for art lovers. Open 10:00-17:00, entry 8.31 USD.",8.31,10:00-17:00,2 hours,4.0,"288 Ocean Park Road, Santiago de Compostela",42.92201335063833,-8.451211577902455,"['with pets', 'disabled traveler', 'road trip']","['Restrooms', 'Information Desk', 'Restaurant', 'Souvenir Shop', 'First Aid Station', 'Luggage Storage', 'Pet-friendly', 'pet water stations', 'Pet rest area', 'ramps', 'elevators', 'wheelchair rentals', 'accessible restrooms', 'parking']"
137,Santiago de Compostela,Spain,Museum/Art Gallery,Celtic Fusion Art Gallery LUMEN,"Celtic Fusion Art Gallery LUMEN is a museum in Santiago de Compostela, Spain, popular for its unique collections and exhibitions. Entry fee is 286.14 USD. Recommended visit: 2 hours. Discover Celtic Fusion Art Gallery LUMEN, a renowned museum in Santiago de Compostela, Spain, ideal for art lovers. Open 09:00-17:30, entry 286.14 USD.",286.14,09:00-17:30,2 hours,4.0,"No. 567 West Garden Street, Santiago de Compostela",42.94449035698524,-8.421785716204823,"['with children', 'photography', 'disabled traveler']","['Restrooms', 'Information Desk', 'Restaurant', 'Souvenir Shop', 'First Aid Station', 'Luggage Storage', 'family restrooms', 'Nursing facilities', 'photo spots', 'guided photo tours', 'charging stations', 'ramps', 'elevators', 'wheelchair rentals', 'accessible restrooms']"
138,Santiago de Compostela,Spain,Museum/Art Gallery,Galician Heritage Lantern Gallery,"Galician Heritage Lantern Gallery is a museum in Santiago de Compostela, Spain, popular for its unique collections and exhibitions. Entry fee is 6.2 USD. Recommended visit: 2 hours. Discover Galician Heritage Lantern Gallery, a renowned museum in Santiago de Compostela, Spain, ideal for art lovers. Open 11:00-21:00, entry 6.2 USD.",6.2,11:00-21:00,2 hours,4.0,"127A Queen's Road East, Santiago de Compostela",42.91894699829368,-8.443710040143952,"['photography', 'foodie', 'business travelers']","['Restrooms', 'Information Desk', 'Restaurant', 'Souvenir Shop', 'First Aid Station', 'Luggage Storage', 'photo spots', 'guided photo tours', 'charging stations', 'Food markets', 'tasting tours', 'High speed WiFi']"
139,Santiago de Compostela,Spain,Museum/Art Gallery,Luminous Path Art Gallery,"Luminous Path Art Gallery is a museum in Santiago de Compostela, Spain, popular for its unique collections and exhibitions. Entry fee is 4.35 USD. Recommended visit: 2 hours. Discover Luminous Path Art Gallery, a renowned museum in Santiago de Compostela, Spain, ideal for art lovers. Open 10:00-17:30, entry 4.35 USD.",4.35,10:00-17:30,2 hours,4.0,"No. 456, Henggang Coastal Road, Santiago de Compostela",42.915466249181925,-8.52073881061362,"['with children', 'solo women', 'photography']","['Restrooms', 'Information Desk', 'Restaurant', 'Souvenir Shop', 'First Aid Station', 'Luggage Storage', 'family restrooms', 'Nursing facilities', 'group tours', 'security', 'photo spots', 'guided photo tours', 'charging stations']"
140,Santiago de Compostela,Spain,Museum/Art Gallery,Echoes of the Camino Art Collective,"Echoes of the Camino Art Collective is a museum in Santiago de Compostela, Spain, popular for its unique collections and exhibitions. Entry fee is 5.61 USD. Recommended visit: 2 hours. Discover Echoes of the Camino Art Collective, a renowned museum in Santiago de Compostela, Spain, ideal for art lovers. Open 09:00-17:30, entry 5.61 USD.",5.61,09:00-17:30,2 hours,4.0,"No. 456, Science Avenue, Futian District, Santiago de Compostela",42.89607782064235,-8.600166255600014,"['nightlife enthusiast', 'photography', 'luxury travelers']","['Restrooms', 'Information Desk', 'Restaurant', 'Souvenir Shop', 'First Aid Station', 'Luggage Storage', 'night markets', 'bars', 'evening shows', 'photo spots', 'guided photo tours', 'charging stations', 'private tours', 'skip the line passes', 'VIP exclusive events']"
141,Santiago de Compostela,Spain,Museum/Art Gallery,Santiago Combat Arts Studio,"Santiago Combat Arts Studio is a museum in Santiago de Compostela, Spain, popular for its unique collections and exhibitions. Entry fee is 7.46 USD. Recommended visit: 2 hours. Discover Santiago Combat Arts Studio, a renowned museum in Santiago de Compostela, Spain, ideal for art lovers. Open 09:30-17:00, entry 7.46 USD.",7.46,09:30-17:00,2 hours,4.0,"823/1 Sathorn Road, Sathorn, Santiago de Compostela",42.951439798494256,-8.541639089211442,"['with children', 'fast-paced budget travel', 'disabled traveler']","['Restrooms', 'Information Desk', 'Restaurant', 'Souvenir Shop', 'First Aid Station', 'Luggage Storage', 'family restrooms', 'Nursing facilities', 'city passes', 'luggage storage', 'self-guided tours', 'ramps', 'elevators', 'wheelchair rentals', 'accessible restrooms']"
142,Santiago de Compostela,Spain,Museum/Art Gallery,Galician Echoes of Mind and Motion,"Galician Echoes of Mind and Motion is a museum in Santiago de Compostela, Spain, popular for its unique collections and exhibitions. Entry fee is 16.33 USD. Recommended visit: 2 hours. Discover Galician Echoes of Mind and Motion, a renowned museum in Santiago de Compostela, Spain, ideal for art lovers. Open 10:00-19:00, entry 16.33 USD.",16.33,10:00-19:00,2 hours,4.0,"271 Sukhumvit Road, Santiago de Compostela",42.93041179383828,-8.596454060131107,"['with children', 'road trip', 'business travelers']","['Restrooms', 'Information Desk', 'Restaurant', 'Souvenir Shop', 'First Aid Station', 'Luggage Storage', 'family restrooms', 'Nursing facilities', 'parking', 'High speed WiFi']"
143,Santiago de Compostela,Spain,Museum/Art Gallery,Galician Heritage Nexus,"Galician Heritage Nexus is a museum in Santiago de Compostela, Spain, popular for its unique collections and exhibitions. Entry fee is 9.17 USD. Recommended visit: 2 hours. Discover Galician Heritage Nexus, a renowned museum in Santiago de Compostela, Spain, ideal for art lovers. Open 08:30-17:00, entry 9.17 USD.",9.17,08:30-17:00,2 hours,4.0,"556 Orchard Road, Santiago de Compostela",42.95755221203967,-8.513074140216066,"['fast-paced budget travel', 'photography']","['Restrooms', 'Information Desk', 'Restaurant', 'Souvenir Shop', 'First Aid Station', 'Luggage Storage', 'city passes', 'luggage storage', 'self-guided tours', 'photo spots', 'guided photo tours', 'charging stations']"
144,Santiago de Compostela,Spain,Museum/Art Gallery,Echoes of the Camino Artistry Center,"Echoes of the Camino Artistry Center is a museum in Santiago de Compostela, Spain, popular for its unique collections and exhibitions. Entry fee is 3.78 USD. Recommended visit: 2 hours. Discover Echoes of the Camino Artistry Center, a renowned museum in Santiago de Compostela, Spain, ideal for art lovers. Open 10:00-18:00, entry 3.78 USD.",3.78,10:00-18:00,2 hours,4.0,"548-10 Gukje-gil, Bukchon, Santiago de Compostela",42.90954957299847,-8.554967775418671,"['foodie', 'couples trip', 'disabled traveler']","['Restrooms', 'Information Desk', 'Restaurant', 'Souvenir Shop', 'First Aid Station', 'Luggage Storage', 'Food markets', 'tasting tours', 'scenic spots', 'sunset cruises', 'special couples experiences', 'ramps', 'elevators', 'wheelchair rentals', 'accessible restrooms']"
145,Santiago de Compostela,Spain,Museum/Art Gallery,Echoes of the Atlantic No.2,"Echoes of the Atlantic is a museum in Santiago de Compostela, Spain, popular for its unique collections and exhibitions. Entry fee is 7.0 USD. Recommended visit: 2 hours. Discover Echoes of the Atlantic, a renowned museum in Santiago de Compostela, Spain, ideal for art lovers. Open 09:00-18:00, entry 7.0 USD.",7.0,09:00-18:00,2 hours,4.0,"702-12-13 Shinjuku, Shinjuku City, Santiago de Compostela",42.96369797089943,-8.586750778976143,"['couples trip', 'disabled traveler', 'road trip']","['Restrooms', 'Information Desk', 'Restaurant', 'Souvenir Shop', 'First Aid Station', 'Luggage Storage', 'scenic spots', 'sunset cruises', 'special couples experiences', 'ramps', 'elevators', 'wheelchair rentals', 'accessible restrooms', 'parking']"
146,Santiago de Compostela,Spain,Museum/Art Gallery,Echoes of the Camino Art Collective No.2,"Echoes of the Camino Art Collective is a museum in Santiago de Compostela, Spain, popular for its unique collections and exhibitions. Entry fee is 6.37 USD. Recommended visit: 2 hours. Discover Echoes of the Camino Art Collective, a renowned museum in Santiago de Compostela, Spain, ideal for art lovers. Open 19:00-22:00, entry 6.37 USD.",6.37,19:00-22:00,2 hours,4.0,"123 Queen's Road Central, Santiago de Compostela",42.87708959693455,-8.620965343308223,"['fast-paced budget travel', 'photography', 'road trip']","['Restrooms', 'Information Desk', 'Restaurant', 'Souvenir Shop', 'First Aid Station', 'Luggage Storage', 'city passes', 'luggage storage', 'self-guided tours', 'photo spots', 'guided photo tours', 'charging stations', 'parking']"
147,Santiago de Compostela,Spain,Museum/Art Gallery,Echoes of the Camino No.6,"Echoes of the Camino is a museum in Santiago de Compostela, Spain, popular for its unique collections and exhibitions. Entry fee is 24.92 USD. Recommended visit: 2 hours. Discover Echoes of the Camino, a renowned museum in Santiago de Compostela, Spain, ideal for art lovers. Open 08:30-17:30, entry 24.92 USD.",24.92,08:30-17:30,2 hours,4.0,"272 Sakura Street, Nakamura Ward, Santiago de Compostela",42.87000719614263,-8.507793809459043,"['photography', 'elderly travelers', 'road trip']","['Restrooms', 'Information Desk', 'Restaurant', 'Souvenir Shop', 'First Aid Station', 'Luggage Storage', 'photo spots', 'guided photo tours', 'charging stations', 'wheelchair rental', 'benches/rest areas', 'parking']"
148,Santiago de Compostela,Spain,Museum/Art Gallery,Echoes of the Sacred VR Experience,"Echoes of the Sacred VR Experience is a museum in Santiago de Compostela, Spain, popular for its unique collections and exhibitions. Entry fee is 10.4 USD. Recommended visit: 2 hours. Discover Echoes of the Sacred VR Experience, a renowned museum in Santiago de Compostela, Spain, ideal for art lovers. Open 09:00-17:00, entry 10.4 USD.",10.4,09:00-17:00,2 hours,4.0,"321 Victoria Harbour Road, Santiago de Compostela",42.967106931887386,-8.401672930127477,"['nightlife enthusiast', 'photography', 'elderly travelers']","['Restrooms', 'Information Desk', 'Restaurant', 'Souvenir Shop', 'First Aid Station', 'Luggage Storage', 'night markets', 'bars', 'evening shows', 'photo spots', 'guided photo tours', 'charging stations', 'wheelchair rental', 'benches/rest areas']"
149,Santiago de Compostela,Spain,Museum/Art Gallery,Echoes of the Camino No.7,"Echoes of the Camino is a museum in Santiago de Compostela, Spain, popular for its unique collections and exhibitions. Entry fee is 14.47 USD. Recommended visit: 2 hours. Discover Echoes of the Camino, a renowned museum in Santiago de Compostela, Spain, ideal for art lovers. Open 10:00-21:00, entry 14.47 USD.",14.47,10:00-21:00,2 hours,4.0,"492 Seaside Promenade, Santiago de Compostela",42.8916583065716,-8.495932775557808,"['with pets', 'foodie', 'disabled traveler']","['Restrooms', 'Information Desk', 'Restaurant', 'Souvenir Shop', 'First Aid Station', 'Luggage Storage', 'Pet-friendly', 'pet water stations', 'Pet rest area', 'Food markets', 'tasting tours', 'ramps', 'elevators', 'wheelchair rentals', 'accessible restrooms']"
150,Santiago de Compostela,Spain,Museum/Art Gallery,Celtic Harmony Wellness Center,"Celtic Harmony Wellness Center is a museum in Santiago de Compostela, Spain, popular for its unique collections and exhibitions. Entry fee is 15.9 USD. Recommended visit: 2 hours. Discover Celtic Harmony Wellness Center, a renowned museum in Santiago de Compostela, Spain, ideal for art lovers. Open 09:30-17:00, entry 15.9 USD.",15.9,09:30-17:00,2 hours,4.0,"269 Shibuya Crossing, Shibuya Ward, Santiago de Compostela",42.96210682981493,-8.447944436824738,"['fast-paced budget travel', 'solo women', 'photography']","['Restrooms', 'Information Desk', 'Restaurant', 'Souvenir Shop', 'First Aid Station', 'Luggage Storage', 'city passes', 'luggage storage', 'self-guided tours', 'group tours', 'security', 'photo spots', 'guided photo tours', 'charging stations']"
