attraction_id,city_name,country,type,attraction_name,overview,ticket_price,open_hours,duration_of_visit,rate_of_restaurant,address,latitude,longitude,facilities_group,facilities
1,Vitória,Brazil,Nature/Scenery/Park,Lagoa dos Sonhos Natural Reserve,"Lagoa dos Sonhos Natural Reserve is a nature in Vitória, Brazil, popular for its natural scenery and relaxing atmosphere. Entry fee is 4.36 USD. Recommended visit: 3 hours. Discover Lagoa dos Sonhos Natural Reserve, a peaceful nature in Vitória, Brazil, ideal for nature lovers. Open 09:00-17:00, entry 4.36 USD.",4.36,09:00-17:00,3 hours,3.7,"357 Sakura Street, Naka-ku, Vitória",-20.500356931560145,-29.32569898996285,"['photography', 'couples trip', 'business travelers']","['Restrooms', 'Information Desk', 'Restaurant', 'Souvenir Shop', 'First Aid Station', 'Luggage Storage', 'photo spots', 'guided photo tours', 'charging stations', 'scenic spots', 'sunset cruises', 'special couples experiences', 'High speed WiFi']"
2,Vitória,Brazil,Nature/Scenery/Park,Canyon Vista Trail,"Canyon Vista Trail is a nature in Vitória, Brazil, popular for its natural scenery and relaxing atmosphere. Entry fee is 7.35 USD. Recommended visit: 3 hours. Discover Canyon Vista Trail, a peaceful nature in Vitória, Brazil, ideal for nature lovers. Open 09:00-17:30, entry 7.35 USD.",7.35,09:00-17:30,3 hours,3.7,"No. 456, Cultural Avenue, Chaoyang District, Vitória",-20.49982431418704,-29.338237326315493,"['with children', 'foodie', 'elderly travelers']","['Restrooms', 'Information Desk', 'Restaurant', 'Souvenir Shop', 'First Aid Station', 'Luggage Storage', 'family restrooms', 'Nursing facilities', 'Food markets', 'tasting tours', 'wheelchair rental', 'benches/rest areas']"
3,Vitória,Brazil,Nature/Scenery/Park,Canyonview Sanctuary,"Canyonview Sanctuary is a nature in Vitória, Brazil, popular for its natural scenery and relaxing atmosphere. Entry fee is 2.8 USD. Recommended visit: 3 hours. Discover Canyonview Sanctuary, a peaceful nature in Vitória, Brazil, ideal for nature lovers. Open 08:30-17:00, entry 2.8 USD.",2.8,08:30-17:00,3 hours,3.7,"498 Sukhumvit Road, Vitória",-20.32186687669896,-40.3501384527686,"['couples trip', 'foodie']","['Restrooms', 'Information Desk', 'Restaurant', 'Souvenir Shop', 'First Aid Station', 'Luggage Storage', 'scenic spots', 'sunset cruises', 'special couples experiences', 'Food markets', 'tasting tours']"
4,Vitória,Brazil,Nature/Scenery/Park,Lagoa das Marés Adventure Trail,"Lagoa das Marés Adventure Trail is a nature in Vitória, Brazil, popular for its natural scenery and relaxing atmosphere. Entry fee is 6.72 USD. Recommended visit: 3 hours. Discover Lagoa das Marés Adventure Trail, a peaceful nature in Vitória, Brazil, ideal for nature lovers. Open 09:00-21:00, entry 6.72 USD.",6.72,09:00-21:00,3 hours,3.7,"684 Shinsaibashi Street, Vitória",-20.260219135100023,-40.28087837617195,"['nightlife enthusiast', 'luxury travelers', 'disabled traveler']","['Restrooms', 'Information Desk', 'Restaurant', 'Souvenir Shop', 'First Aid Station', 'Luggage Storage', 'night markets', 'bars', 'evening shows', 'private tours', 'skip the line passes', 'VIP exclusive events', 'ramps', 'elevators', 'wheelchair rentals', 'accessible restrooms']"
5,Vitória,Brazil,Nature/Scenery/Park,Moonlit Bay Excursion,"Moonlit Bay Excursion is a nature in Vitória, Brazil, popular for its natural scenery and relaxing atmosphere. Entry fee is 116.65 USD. Recommended visit: 3 hours. Discover Moonlit Bay Excursion, a peaceful nature in Vitória, Brazil, ideal for nature lovers. Open 08:30-17:00, entry 116.65 USD.",116.65,08:30-17:00,3 hours,3.7,"859 Shinjuku Park, Shinjuku City, Vitória",-20.30800111111189,-40.32555543375866,"['fast-paced budget travel', 'photography']","['Restrooms', 'Information Desk', 'Restaurant', 'Souvenir Shop', 'First Aid Station', 'Luggage Storage', 'city passes', 'luggage storage', 'self-guided tours', 'photo spots', 'guided photo tours', 'charging stations']"
6,Vitória,Brazil,Nature/Scenery/Park,Cerro das Laranjeiras Viewpoint,"Cerro das Laranjeiras Viewpoint is a nature in Vitória, Brazil, popular for its natural scenery and relaxing atmosphere. Entry fee is 17.5 USD. Recommended visit: 3 hours. Discover Cerro das Laranjeiras Viewpoint, a peaceful nature in Vitória, Brazil, ideal for nature lovers. Open 09:00-17:30, entry 17.5 USD.",17.5,09:00-17:30,3 hours,3.7,"552 Shinsaibashi Dori, Chuo Ward, Vitória",-20.275394436022545,-40.317383438422205,"['nightlife enthusiast', 'with pets', 'photography']","['Restrooms', 'Information Desk', 'Restaurant', 'Souvenir Shop', 'First Aid Station', 'Luggage Storage', 'night markets', 'bars', 'evening shows', 'Pet-friendly', 'pet water stations', 'Pet rest area', 'photo spots', 'guided photo tours', 'charging stations']"
7,Vitória,Brazil,Nature/Scenery/Park,Verde Peak Eatscape,"Verde Peak Eatscape is a nature in Vitória, Brazil, popular for its natural scenery and relaxing atmosphere. Entry fee is 37.95 USD. Recommended visit: 3 hours. Discover Verde Peak Eatscape, a peaceful nature in Vitória, Brazil, ideal for nature lovers. Open 09:30-17:00, entry 37.95 USD.",37.95,09:30-17:00,3 hours,3.7,"586 Phra Singh Road, Vitória",-20.285853276959813,-40.31829082034778,"['with children', 'solo women', 'road trip']","['Restrooms', 'Information Desk', 'Restaurant', 'Souvenir Shop', 'First Aid Station', 'Luggage Storage', 'family restrooms', 'Nursing facilities', 'group tours', 'security', 'parking']"
8,Vitória,Brazil,Nature/Scenery/Park,Cordilheira Verde Adventure Pass + Pico dos Pombais Sky Lift Ticket + Lagoa do Boi Nature Trail,"Cordilheira Verde Adventure Pass + Pico dos Pombais Sky Lift Ticket + Lagoa do Boi Nature Trail is a nature in Vitória, Brazil, popular for its natural scenery and relaxing atmosphere. Entry fee is 43.59 USD. Recommended visit: 3 hours. Discover Cordilheira Verde Adventure Pass + Pico dos Pombais Sky Lift Ticket + Lagoa do Boi Nature Trail, a peaceful nature in Vitória, Brazil, ideal for nature lovers. Open 09:00-19:00, entry 43.59 USD.",43.59,09:00-19:00,3 hours,3.7,"227 Nishinari-cho, Nishi-ku, Vitória",-20.26937336803984,-40.252928955411896,"['with children', 'with pets', 'couples trip']","['Restrooms', 'Information Desk', 'Restaurant', 'Souvenir Shop', 'First Aid Station', 'Luggage Storage', 'family restrooms', 'Nursing facilities', 'Pet-friendly', 'pet water stations', 'Pet rest area', 'scenic spots', 'sunset cruises', 'special couples experiences']"
9,Vitória,Brazil,Nature/Scenery/Park,Coastline Haven,"Coastline Haven is a nature in Vitória, Brazil, popular for its natural scenery and relaxing atmosphere. Entry fee is 24.24 USD. Recommended visit: 3 hours. Discover Coastline Haven, a peaceful nature in Vitória, Brazil, ideal for nature lovers. Open 10:00-18:00, entry 24.24 USD.",24.24,10:00-18:00,3 hours,3.7,"638 Shinsaibashi Street, Vitória",-20.264435929497555,-40.31678127159023,"['with children', 'fast-paced budget travel', 'photography']","['Restrooms', 'Information Desk', 'Restaurant', 'Souvenir Shop', 'First Aid Station', 'Luggage Storage', 'family restrooms', 'Nursing facilities', 'city passes', 'luggage storage', 'self-guided tours', 'photo spots', 'guided photo tours', 'charging stations']"
10,Vitória,Brazil,Nature/Scenery/Park,VerdeVista Discovery Hub,"VerdeVista Discovery Hub is a nature in Vitória, Brazil, popular for its natural scenery and relaxing atmosphere. Entry fee is 51.08 USD. Recommended visit: 3 hours. Discover VerdeVista Discovery Hub, a peaceful nature in Vitória, Brazil, ideal for nature lovers. Open 09:00-18:00, entry 51.08 USD.",51.08,09:00-18:00,3 hours,3.7,"826 Sukhumvit Road, Khlong Toei District, Vitória",-20.2586639929768,-40.262202054617205,"['solo women', 'elderly travelers', 'road trip']","['Restrooms', 'Information Desk', 'Restaurant', 'Souvenir Shop', 'First Aid Station', 'Luggage Storage', 'group tours', 'security', 'wheelchair rental', 'benches/rest areas', 'parking']"
11,Vitória,Brazil,Nature/Scenery/Park,Coral Cove Delights,"Coral Cove Delights is a nature in Vitória, Brazil, popular for its natural scenery and relaxing atmosphere. Entry fee is 94.11 USD. Recommended visit: 3 hours. Discover Coral Cove Delights, a peaceful nature in Vitória, Brazil, ideal for nature lovers. Open 08:30-20:00, entry 94.11 USD.",94.11,08:30-20:00,3 hours,3.7,"No. 456, Ancient Road, Chang'an District, Vitória",-20.252230091091885,-40.30320593995664,"['fast-paced budget travel', 'business travelers']","['Restrooms', 'Information Desk', 'Restaurant', 'Souvenir Shop', 'First Aid Station', 'Luggage Storage', 'city passes', 'luggage storage', 'self-guided tours', 'High speed WiFi']"
12,Vitória,Brazil,Nature/Scenery/Park,Serra Verde EcoTrail,"Serra Verde EcoTrail is a nature in Vitória, Brazil, popular for its natural scenery and relaxing atmosphere. Entry fee is 1.4 USD. Recommended visit: 3 hours. Discover Serra Verde EcoTrail, a peaceful nature in Vitória, Brazil, ideal for nature lovers. Open 09:30-17:00, entry 1.4 USD.",1.4,09:30-17:00,3 hours,3.7,"930 Sukhumvit Road, Khlong Toei District, Vitória",-20.307678735556703,-40.30645701346529,"['nightlife enthusiast', 'photography', 'disabled traveler']","['Restrooms', 'Information Desk', 'Restaurant', 'Souvenir Shop', 'First Aid Station', 'Luggage Storage', 'night markets', 'bars', 'evening shows', 'photo spots', 'guided photo tours', 'charging stations', 'ramps', 'elevators', 'wheelchair rentals', 'accessible restrooms']"
13,Vitória,Brazil,Nature/Scenery/Park,Luz do Sinos Thermal Retreat,"Luz do Sinos Thermal Retreat is a nature in Vitória, Brazil, popular for its natural scenery and relaxing atmosphere. Entry fee is 10.5 USD. Recommended visit: 3 hours. Discover Luz do Sinos Thermal Retreat, a peaceful nature in Vitória, Brazil, ideal for nature lovers. Open 08:30-17:00, entry 10.5 USD.",10.5,08:30-17:00,3 hours,3.7,"No. 456, Xizhimen South Road, Vitória",-20.27564658549146,-40.32110602839183,"['solo women', 'photography', 'disabled traveler']","['Restrooms', 'Information Desk', 'Restaurant', 'Souvenir Shop', 'First Aid Station', 'Luggage Storage', 'group tours', 'security', 'photo spots', 'guided photo tours', 'charging stations', 'ramps', 'elevators', 'wheelchair rentals', 'accessible restrooms']"
14,Vitória,Brazil,Nature/Scenery/Park,Luminous Vista Walk,"Luminous Vista Walk is a nature in Vitória, Brazil, popular for its natural scenery and relaxing atmosphere. Entry fee is 11.76 USD. Recommended visit: 3 hours. Discover Luminous Vista Walk, a peaceful nature in Vitória, Brazil, ideal for nature lovers. Open 19:00-23:00, entry 11.76 USD.",11.76,19:00-23:00,3 hours,3.7,"363 Sukhumvit Road, Vitória",-20.31454775379018,-40.33161068618861,"['nightlife enthusiast', 'with pets', 'elderly travelers']","['Restrooms', 'Information Desk', 'Restaurant', 'Souvenir Shop', 'First Aid Station', 'Luggage Storage', 'night markets', 'bars', 'evening shows', 'Pet-friendly', 'pet water stations', 'Pet rest area', 'wheelchair rental', 'benches/rest areas']"
15,Vitória,Brazil,Nature/Scenery/Park,Coraline Green Sanctuary,"Coraline Green Sanctuary is a nature in Vitória, Brazil, popular for its natural scenery and relaxing atmosphere. Entry fee is 19.18 USD. Recommended visit: 3 hours. Discover Coraline Green Sanctuary, a peaceful nature in Vitória, Brazil, ideal for nature lovers. Open 09:00-17:30, entry 19.18 USD.",19.18,09:00-17:30,3 hours,3.7,"No. 456, Riverside Road, Vitória",-20.27817181404504,-40.33879890061847,"['fast-paced budget travel', 'foodie', 'elderly travelers']","['Restrooms', 'Information Desk', 'Restaurant', 'Souvenir Shop', 'First Aid Station', 'Luggage Storage', 'city passes', 'luggage storage', 'self-guided tours', 'Food markets', 'tasting tours', 'wheelchair rental', 'benches/rest areas']"
16,Vitória,Brazil,Nature/Scenery/Park,Serra Verde Skyline Express,"Serra Verde Skyline Express is a nature in Vitória, Brazil, popular for its natural scenery and relaxing atmosphere. Entry fee is 4.12 USD. Recommended visit: 3 hours. Discover Serra Verde Skyline Express, a peaceful nature in Vitória, Brazil, ideal for nature lovers. Open 08:30-17:00, entry 4.12 USD.",4.12,08:30-17:00,3 hours,3.7,"130 Sakura Street, Naka Ward, Vitória",-20.32262810377141,-40.3447083274304,"['with children', 'photography', 'foodie']","['Restrooms', 'Information Desk', 'Restaurant', 'Souvenir Shop', 'First Aid Station', 'Luggage Storage', 'family restrooms', 'Nursing facilities', 'photo spots', 'guided photo tours', 'charging stations', 'Food markets', 'tasting tours']"
17,Vitória,Brazil,Nature/Scenery/Park,Verde Cova Sanctuary,"Verde Cova Sanctuary is a nature in Vitória, Brazil, popular for its natural scenery and relaxing atmosphere. Entry fee is 294.64 USD. Recommended visit: 3 hours. Discover Verde Cova Sanctuary, a peaceful nature in Vitória, Brazil, ideal for nature lovers. Open 08:00-20:00, entry 294.64 USD.",294.64,08:00-20:00,3 hours,3.7,"159 Sakura Street, Shibuya Ward, Vitória",-20.25681768724648,-40.27988203563942,['foodie'],"['Restrooms', 'Information Desk', 'Restaurant', 'Souvenir Shop', 'First Aid Station', 'Luggage Storage', 'Food markets', 'tasting tours']"
18,Vitória,Brazil,Nature/Scenery/Park,Serra Verde Heritage Garden,"Serra Verde Heritage Garden is a nature in Vitória, Brazil, popular for its natural scenery and relaxing atmosphere. Entry fee is 11.05 USD. Recommended visit: 3 hours. Discover Serra Verde Heritage Garden, a peaceful nature in Vitória, Brazil, ideal for nature lovers. Open 09:00-17:30, entry 11.05 USD.",11.05,09:00-17:30,3 hours,3.7,"280 Suthep Road, Vitória",-20.25994288528785,-40.23590623932675,"['fast-paced budget travel', 'road trip']","['Restrooms', 'Information Desk', 'Restaurant', 'Souvenir Shop', 'First Aid Station', 'Luggage Storage', 'city passes', 'luggage storage', 'self-guided tours', 'parking']"
19,Vitória,Brazil,Nature/Scenery/Park,Canyon Vista Botanical Walk,"Canyon Vista Botanical Walk is a nature in Vitória, Brazil, popular for its natural scenery and relaxing atmosphere. Entry fee is 13.3 USD. Recommended visit: 3 hours. Discover Canyon Vista Botanical Walk, a peaceful nature in Vitória, Brazil, ideal for nature lovers. Open 09:00-17:30, entry 13.3 USD.",13.3,09:00-17:30,3 hours,3.7,"No. 456, Xiamen Bay Road, Vitória",-20.264206344342224,-40.255924654248105,"['with children', 'with pets', 'road trip']","['Restrooms', 'Information Desk', 'Restaurant', 'Souvenir Shop', 'First Aid Station', 'Luggage Storage', 'family restrooms', 'Nursing facilities', 'Pet-friendly', 'pet water stations', 'Pet rest area', 'parking']"
20,Vitória,Brazil,Nature/Scenery/Park,Coral Cove,"Coral Cove is a nature in Vitória, Brazil, popular for its natural scenery and relaxing atmosphere. Entry fee is 33.27 USD. Recommended visit: 3 hours. Discover Coral Cove, a peaceful nature in Vitória, Brazil, ideal for nature lovers. Open 09:00-21:00, entry 33.27 USD.",33.27,09:00-21:00,3 hours,3.7,"409 Sakura Street, Chuo-ku, Vitória",-20.501021799670504,-29.32896741031757,['road trip'],"['Restrooms', 'Information Desk', 'Restaurant', 'Souvenir Shop', 'First Aid Station', 'Luggage Storage', 'parking']"
21,Vitória,Brazil,Nature/Scenery/Park,Crimson Peaks Reserve,"Crimson Peaks Reserve is a nature in Vitória, Brazil, popular for its natural scenery and relaxing atmosphere. Entry fee is 8.12 USD. Recommended visit: 3 hours. Discover Crimson Peaks Reserve, a peaceful nature in Vitória, Brazil, ideal for nature lovers. Open 18:00-21:00, entry 8.12 USD.",8.12,18:00-21:00,3 hours,3.7,"844 Shibuya Crossing Street, Vitória",-20.271816402453155,-40.29562425112288,"['with children', 'with pets', 'luxury travelers']","['Restrooms', 'Information Desk', 'Restaurant', 'Souvenir Shop', 'First Aid Station', 'Luggage Storage', 'family restrooms', 'Nursing facilities', 'Pet-friendly', 'pet water stations', 'Pet rest area', 'private tours', 'skip the line passes', 'VIP exclusive events']"
22,Vitória,Brazil,Nature/Scenery/Park,Terra Marinha Explorer Hub,"Terra Marinha Explorer Hub is a nature in Vitória, Brazil, popular for its natural scenery and relaxing atmosphere. Entry fee is 0.0 USD. Recommended visit: 3 hours. Discover Terra Marinha Explorer Hub, a peaceful nature in Vitória, Brazil, ideal for nature lovers. Open 08:00-17:30, entry 0.0 USD.",0.0,08:00-17:30,3 hours,3.7,"787 Seongsan Road, Vitória",-20.266186416599805,-40.25484906185062,"['with children', 'fast-paced budget travel', 'couples trip']","['Restrooms', 'Information Desk', 'Restaurant', 'Souvenir Shop', 'First Aid Station', 'Luggage Storage', 'family restrooms', 'Nursing facilities', 'city passes', 'luggage storage', 'self-guided tours', 'scenic spots', 'sunset cruises', 'special couples experiences']"
23,Vitória,Brazil,Nature/Scenery/Park,Echoes of the Verdant Shore,"Echoes of the Verdant Shore is a nature in Vitória, Brazil, popular for its natural scenery and relaxing atmosphere. Entry fee is 14.4 USD. Recommended visit: 3 hours. Discover Echoes of the Verdant Shore, a peaceful nature in Vitória, Brazil, ideal for nature lovers. Open 08:30-17:30, entry 14.4 USD.",14.4,08:30-17:30,3 hours,3.7,"No. 456, Riverside Park, Pudong New Area, Vitória",-20.250316226506484,-40.32675812748269,"['nightlife enthusiast', 'with children', 'photography']","['Restrooms', 'Information Desk', 'Restaurant', 'Souvenir Shop', 'First Aid Station', 'Luggage Storage', 'night markets', 'bars', 'evening shows', 'family restrooms', 'Nursing facilities', 'photo spots', 'guided photo tours', 'charging stations']"
24,Vitória,Brazil,Nature/Scenery/Park,Serra dos Óculos Eco-Adventure Trail,"Serra dos Óculos Eco-Adventure Trail is a nature in Vitória, Brazil, popular for its natural scenery and relaxing atmosphere. Entry fee is 2.0 USD. Recommended visit: 3 hours. Discover Serra dos Óculos Eco-Adventure Trail, a peaceful nature in Vitória, Brazil, ideal for nature lovers. Open 08:00-20:00, entry 2.0 USD.",2.0,08:00-20:00,3 hours,3.7,"No. 456, Riverside Avenue, Vitória",-20.239722702078744,-40.24695222294813,"['with children', 'couples trip', 'foodie']","['Restrooms', 'Information Desk', 'Restaurant', 'Souvenir Shop', 'First Aid Station', 'Luggage Storage', 'family restrooms', 'Nursing facilities', 'scenic spots', 'sunset cruises', 'special couples experiences', 'Food markets', 'tasting tours']"
25,Vitória,Brazil,Nature/Scenery/Park,Coral Cove & Lagoon Sanctuary,"Coral Cove & Lagoon Sanctuary is a nature in Vitória, Brazil, popular for its natural scenery and relaxing atmosphere. Entry fee is 5.6 USD. Recommended visit: 3 hours. Discover Coral Cove & Lagoon Sanctuary, a peaceful nature in Vitória, Brazil, ideal for nature lovers. Open 08:30-17:00, entry 5.6 USD.",5.6,08:30-17:00,3 hours,3.7,"541 Sim Lim Tower, Vitória",-20.235210176881665,-40.310027221995895,['luxury travelers'],"['Restrooms', 'Information Desk', 'Restaurant', 'Souvenir Shop', 'First Aid Station', 'Luggage Storage', 'private tours', 'skip the line passes', 'VIP exclusive events']"
26,Vitória,Brazil,Nature/Scenery/Park,Lagoon Drift Sunset Sail,"Lagoon Drift Sunset Sail is a nature in Vitória, Brazil, popular for its natural scenery and relaxing atmosphere. Entry fee is 13.95 USD. Recommended visit: 3 hours. Discover Lagoon Drift Sunset Sail, a peaceful nature in Vitória, Brazil, ideal for nature lovers. Open 09:30-17:00, entry 13.95 USD.",13.95,09:30-17:00,3 hours,3.7,"469 Shinsaibashi Dori, Chuo Ward, Vitória",-20.3243079184634,-40.34336678839413,"['fast-paced budget travel', 'luxury travelers']","['Restrooms', 'Information Desk', 'Restaurant', 'Souvenir Shop', 'First Aid Station', 'Luggage Storage', 'city passes', 'luggage storage', 'self-guided tours', 'private tours', 'skip the line passes', 'VIP exclusive events']"
27,Vitória,Brazil,Nature/Scenery/Park,Luz Verde Tropical Reserve,"Luz Verde Tropical Reserve is a nature in Vitória, Brazil, popular for its natural scenery and relaxing atmosphere. Entry fee is 9.8 USD. Recommended visit: 3 hours. Discover Luz Verde Tropical Reserve, a peaceful nature in Vitória, Brazil, ideal for nature lovers. Open 09:00-18:00, entry 9.8 USD.",9.8,09:00-18:00,3 hours,3.7,"706, Gwangjangno, Jongno-gu, Vitória",-20.30131895438397,-40.35513549405274,"['nightlife enthusiast', 'solo women', 'photography']","['Restrooms', 'Information Desk', 'Restaurant', 'Souvenir Shop', 'First Aid Station', 'Luggage Storage', 'night markets', 'bars', 'evening shows', 'group tours', 'security', 'photo spots', 'guided photo tours', 'charging stations']"
28,Vitória,Brazil,Nature/Scenery/Park,Cidade Alta Panorama Point,"Cidade Alta Panorama Point is a nature in Vitória, Brazil, popular for its natural scenery and relaxing atmosphere. Entry fee is 8.65 USD. Recommended visit: 3 hours. Discover Cidade Alta Panorama Point, a peaceful nature in Vitória, Brazil, ideal for nature lovers. Open 10:00-22:00, entry 8.65 USD.",8.65,10:00-22:00,3 hours,3.7,"584 Sukhumvit Road, Vitória",-20.25908689175418,-40.27970097144797,"['with pets', 'couples trip', 'elderly travelers']","['Restrooms', 'Information Desk', 'Restaurant', 'Souvenir Shop', 'First Aid Station', 'Luggage Storage', 'Pet-friendly', 'pet water stations', 'Pet rest area', 'scenic spots', 'sunset cruises', 'special couples experiences', 'wheelchair rental', 'benches/rest areas']"
29,Vitória,Brazil,Nature/Scenery/Park,Coastal Pathway - Sunset Ridge Exploration,"Coastal Pathway - Sunset Ridge Exploration is a nature in Vitória, Brazil, popular for its natural scenery and relaxing atmosphere. Entry fee is 12.32 USD. Recommended visit: 3 hours. Discover Coastal Pathway - Sunset Ridge Exploration, a peaceful nature in Vitória, Brazil, ideal for nature lovers. Open 06:00-20:00, entry 12.32 USD.",12.32,06:00-20:00,3 hours,3.7,"957 Charoenkrung Road, Samran Riverside, Vitória",-20.25380823223005,-40.29561031385732,"['nightlife enthusiast', 'photography', 'road trip']","['Restrooms', 'Information Desk', 'Restaurant', 'Souvenir Shop', 'First Aid Station', 'Luggage Storage', 'night markets', 'bars', 'evening shows', 'photo spots', 'guided photo tours', 'charging stations', 'parking']"
30,Vitória,Brazil,Nature/Scenery/Park,Lagoon Walkway,"Lagoon Walkway is a nature in Vitória, Brazil, popular for its natural scenery and relaxing atmosphere. Entry fee is 31.52 USD. Recommended visit: 3 hours. Discover Lagoon Walkway, a peaceful nature in Vitória, Brazil, ideal for nature lovers. Open 08:30-17:00, entry 31.52 USD.",31.52,08:30-17:00,3 hours,3.7,"411 Sumida River Promenade, Taito City, Vitória",-20.28776054945681,-40.30300515546208,"['foodie', 'elderly travelers']","['Restrooms', 'Information Desk', 'Restaurant', 'Souvenir Shop', 'First Aid Station', 'Luggage Storage', 'Food markets', 'tasting tours', 'wheelchair rental', 'benches/rest areas']"
31,Vitória,Brazil,Nature/Scenery/Park,Lagoon Walkway No.2,"Lagoon Walkway is a nature in Vitória, Brazil, popular for its natural scenery and relaxing atmosphere. Entry fee is 4.87 USD. Recommended visit: 3 hours. Discover Lagoon Walkway, a peaceful nature in Vitória, Brazil, ideal for nature lovers. Open 09:00-18:00, entry 4.87 USD.",4.87,09:00-18:00,3 hours,3.7,"787 Suthep Road, Vitória",-20.26446695515789,-40.28918562910794,"['couples trip', 'disabled traveler', 'business travelers']","['Restrooms', 'Information Desk', 'Restaurant', 'Souvenir Shop', 'First Aid Station', 'Luggage Storage', 'scenic spots', 'sunset cruises', 'special couples experiences', 'ramps', 'elevators', 'wheelchair rentals', 'accessible restrooms', 'High speed WiFi']"
32,Vitória,Brazil,Nature/Scenery/Park,Cristaline Bay Reserve,"Cristaline Bay Reserve is a nature in Vitória, Brazil, popular for its natural scenery and relaxing atmosphere. Entry fee is 26.32 USD. Recommended visit: 3 hours. Discover Cristaline Bay Reserve, a peaceful nature in Vitória, Brazil, ideal for nature lovers. Open 08:30-18:00, entry 26.32 USD.",26.32,08:30-18:00,3 hours,3.7,"No. 456 Riverside Cultural Park, Vitória",-20.2950206253436,-40.310922109921904,"['foodie', 'road trip']","['Restrooms', 'Information Desk', 'Restaurant', 'Souvenir Shop', 'First Aid Station', 'Luggage Storage', 'Food markets', 'tasting tours', 'parking']"
33,Vitória,Brazil,Nature/Scenery/Park,Serra Verde Tranquil Retreat,"Serra Verde Tranquil Retreat is a nature in Vitória, Brazil, popular for its natural scenery and relaxing atmosphere. Entry fee is 2059.2 USD. Recommended visit: 3 hours. Discover Serra Verde Tranquil Retreat, a peaceful nature in Vitória, Brazil, ideal for nature lovers. Open 08:30-17:30, entry 2059.2 USD.",2059.2,08:30-17:30,3 hours,3.7,"No. 1, Tiananmen East Road, Vitória",-20.25471772507317,-40.31967565840403,['elderly travelers'],"['Restrooms', 'Information Desk', 'Restaurant', 'Souvenir Shop', 'First Aid Station', 'Luggage Storage', 'wheelchair rental', 'benches/rest areas']"
34,Vitória,Brazil,Nature/Scenery/Park,Serra do Mar Serenity Spa & Natural Haven,"Serra do Mar Serenity Spa & Natural Haven is a nature in Vitória, Brazil, popular for its natural scenery and relaxing atmosphere. Entry fee is 6.44 USD. Recommended visit: 3 hours. Discover Serra do Mar Serenity Spa & Natural Haven, a peaceful nature in Vitória, Brazil, ideal for nature lovers. Open 08:30-17:00, entry 6.44 USD.",6.44,08:30-17:00,3 hours,3.7,"761 Siam Road, Vitória",-20.51442810788371,-29.30729166896057,"['with pets', 'disabled traveler', 'road trip']","['Restrooms', 'Information Desk', 'Restaurant', 'Souvenir Shop', 'First Aid Station', 'Luggage Storage', 'Pet-friendly', 'pet water stations', 'Pet rest area', 'ramps', 'elevators', 'wheelchair rentals', 'accessible restrooms', 'parking']"
35,Vitória,Brazil,Nature/Scenery/Park,Skyline Summit Reserve,"Skyline Summit Reserve is a nature in Vitória, Brazil, popular for its natural scenery and relaxing atmosphere. Entry fee is 15.4 USD. Recommended visit: 3 hours. Discover Skyline Summit Reserve, a peaceful nature in Vitória, Brazil, ideal for nature lovers. Open 08:30-17:00, entry 15.4 USD.",15.4,08:30-17:00,3 hours,3.7,"No. 456, Harmony Road, Vitória",-20.31163804496449,-40.30366220595016,"['with children', 'couples trip', 'luxury travelers']","['Restrooms', 'Information Desk', 'Restaurant', 'Souvenir Shop', 'First Aid Station', 'Luggage Storage', 'family restrooms', 'Nursing facilities', 'scenic spots', 'sunset cruises', 'special couples experiences', 'private tours', 'skip the line passes', 'VIP exclusive events']"
36,Vitória,Brazil,Nature/Scenery/Park,Serra Verde Dinosaur Trail,"Serra Verde Dinosaur Trail is a nature in Vitória, Brazil, popular for its natural scenery and relaxing atmosphere. Entry fee is 20.74 USD. Recommended visit: 3 hours. Discover Serra Verde Dinosaur Trail, a peaceful nature in Vitória, Brazil, ideal for nature lovers. Open 09:00-17:30, entry 20.74 USD.",20.74,09:00-17:30,3 hours,3.7,"563-8901 Sapporo City, Nishi 10-chome, Vitória",-20.316755163923368,-40.32158157784689,"['fast-paced budget travel', 'solo women', 'foodie']","['Restrooms', 'Information Desk', 'Restaurant', 'Souvenir Shop', 'First Aid Station', 'Luggage Storage', 'city passes', 'luggage storage', 'self-guided tours', 'group tours', 'security', 'Food markets', 'tasting tours']"
37,Vitória,Brazil,Nature/Scenery/Park,Cidade Alta Panorama,"Cidade Alta Panorama is a nature in Vitória, Brazil, popular for its natural scenery and relaxing atmosphere. Entry fee is 55.55 USD. Recommended visit: 3 hours. Discover Cidade Alta Panorama, a peaceful nature in Vitória, Brazil, ideal for nature lovers. Open 08:00-20:00, entry 55.55 USD.",55.55,08:00-20:00,3 hours,3.7,"616 Sakura Street, Vitória",-20.26449314152981,-40.28398176260831,"['with children', 'fast-paced budget travel', 'couples trip']","['Restrooms', 'Information Desk', 'Restaurant', 'Souvenir Shop', 'First Aid Station', 'Luggage Storage', 'family restrooms', 'Nursing facilities', 'city passes', 'luggage storage', 'self-guided tours', 'scenic spots', 'sunset cruises', 'special couples experiences']"
38,Vitória,Brazil,Nature/Scenery/Park,Luz Verde Reserve,"Luz Verde Reserve is a nature in Vitória, Brazil, popular for its natural scenery and relaxing atmosphere. Entry fee is 6.39 USD. Recommended visit: 3 hours. Discover Luz Verde Reserve, a peaceful nature in Vitória, Brazil, ideal for nature lovers. Open 08:30-17:30, entry 6.39 USD.",6.39,08:30-17:30,3 hours,3.7,"857/20 Maha Chai Road, Pathum Wan, Vitória",-20.23652279377836,-40.29888625941156,"['couples trip', 'business travelers']","['Restrooms', 'Information Desk', 'Restaurant', 'Souvenir Shop', 'First Aid Station', 'Luggage Storage', 'scenic spots', 'sunset cruises', 'special couples experiences', 'High speed WiFi']"
39,Vitória,Brazil,Nature/Scenery/Park,Lagoa dos Sonhos Park,"Lagoa dos Sonhos Park is a nature in Vitória, Brazil, popular for its natural scenery and relaxing atmosphere. Entry fee is 7.57 USD. Recommended visit: 3 hours. Discover Lagoa dos Sonhos Park, a peaceful nature in Vitória, Brazil, ideal for nature lovers. Open 08:00-22:00, entry 7.57 USD.",7.57,08:00-22:00,3 hours,3.7,"No. 456, Zhongshan Road, Vitória",-20.25967464129014,-40.24108591004671,"['with pets', 'photography', 'disabled traveler']","['Restrooms', 'Information Desk', 'Restaurant', 'Souvenir Shop', 'First Aid Station', 'Luggage Storage', 'Pet-friendly', 'pet water stations', 'Pet rest area', 'photo spots', 'guided photo tours', 'charging stations', 'ramps', 'elevators', 'wheelchair rentals', 'accessible restrooms']"
40,Vitória,Brazil,Nature/Scenery/Park,Sunset Kayak Expedition to Emerald Shores,"Sunset Kayak Expedition to Emerald Shores is a nature in Vitória, Brazil, popular for its natural scenery and relaxing atmosphere. Entry fee is 6.17 USD. Recommended visit: 3 hours. Discover Sunset Kayak Expedition to Emerald Shores, a peaceful nature in Vitória, Brazil, ideal for nature lovers. Open 09:00-17:00, entry 6.17 USD.",6.17,09:00-17:00,3 hours,3.7,"411 Sumida River Promenade, Taito City, Vitória",-20.2517578584264,-40.25266317302704,"['nightlife enthusiast', 'with children', 'road trip']","['Restrooms', 'Information Desk', 'Restaurant', 'Souvenir Shop', 'First Aid Station', 'Luggage Storage', 'night markets', 'bars', 'evening shows', 'family restrooms', 'Nursing facilities', 'parking']"
41,Vitória,Brazil,Nature/Scenery/Park,Luzes do Morro Alegre,"Luzes do Morro Alegre is a nature in Vitória, Brazil, popular for its natural scenery and relaxing atmosphere. Entry fee is 7.7 USD. Recommended visit: 3 hours. Discover Luzes do Morro Alegre, a peaceful nature in Vitória, Brazil, ideal for nature lovers. Open 08:30-19:00, entry 7.7 USD.",7.7,08:30-19:00,3 hours,3.7,"658 Sakura Street, Naka Ward, Vitória",-20.27309767907214,-40.2968293596927,"['with pets', 'elderly travelers', 'business travelers']","['Restrooms', 'Information Desk', 'Restaurant', 'Souvenir Shop', 'First Aid Station', 'Luggage Storage', 'Pet-friendly', 'pet water stations', 'Pet rest area', 'wheelchair rental', 'benches/rest areas', 'High speed WiFi']"
42,Vitória,Brazil,Nature/Scenery/Park,Sunset Canoe Safaris on the Maracaibo Shores,"Sunset Canoe Safaris on the Maracaibo Shores is a nature in Vitória, Brazil, popular for its natural scenery and relaxing atmosphere. Entry fee is 22.61 USD. Recommended visit: 3 hours. Discover Sunset Canoe Safaris on the Maracaibo Shores, a peaceful nature in Vitória, Brazil, ideal for nature lovers. Open 08:00-19:00, entry 22.61 USD.",22.61,08:00-19:00,3 hours,3.7,"158 Tai Tam Road, Vitória",-20.51083368244027,-29.323898228405472,"['with children', 'photography', 'road trip']","['Restrooms', 'Information Desk', 'Restaurant', 'Souvenir Shop', 'First Aid Station', 'Luggage Storage', 'family restrooms', 'Nursing facilities', 'photo spots', 'guided photo tours', 'charging stations', 'parking']"
43,Vitória,Brazil,Nature/Scenery/Park,Lagoon of Whispering Petals,"Lagoon of Whispering Petals is a nature in Vitória, Brazil, popular for its natural scenery and relaxing atmosphere. Entry fee is 3.36 USD. Recommended visit: 3 hours. Discover Lagoon of Whispering Petals, a peaceful nature in Vitória, Brazil, ideal for nature lovers. Open 09:00-17:30, entry 3.36 USD.",3.36,09:00-17:30,3 hours,3.7,"461 Charoenkrung Road, Samranjit, Vitória",-20.28491056024196,-40.34642166514512,"['with children', 'luxury travelers', 'business travelers']","['Restrooms', 'Information Desk', 'Restaurant', 'Souvenir Shop', 'First Aid Station', 'Luggage Storage', 'family restrooms', 'Nursing facilities', 'private tours', 'skip the line passes', 'VIP exclusive events', 'High speed WiFi']"
44,Vitória,Brazil,Nature/Scenery/Park,Serra dos Ventos Ecological Trail,"Serra dos Ventos Ecological Trail is a nature in Vitória, Brazil, popular for its natural scenery and relaxing atmosphere. Entry fee is 12.53 USD. Recommended visit: 3 hours. Discover Serra dos Ventos Ecological Trail, a peaceful nature in Vitória, Brazil, ideal for nature lovers. Open 08:30-17:30, entry 12.53 USD.",12.53,08:30-17:30,3 hours,3.7,"288 Queen's Road Central, Vitória",-20.306962889890208,-40.31512843077104,"['nightlife enthusiast', 'fast-paced budget travel', 'business travelers']","['Restrooms', 'Information Desk', 'Restaurant', 'Souvenir Shop', 'First Aid Station', 'Luggage Storage', 'night markets', 'bars', 'evening shows', 'city passes', 'luggage storage', 'self-guided tours', 'High speed WiFi']"
45,Vitória,Brazil,Nature/Scenery/Park,Serra Verde EcoTrail and SkyBridge Adventure,"Serra Verde EcoTrail and SkyBridge Adventure is a nature in Vitória, Brazil, popular for its natural scenery and relaxing atmosphere. Entry fee is 12.93 USD. Recommended visit: 3 hours. Discover Serra Verde EcoTrail and SkyBridge Adventure, a peaceful nature in Vitória, Brazil, ideal for nature lovers. Open 09:00-17:30, entry 12.93 USD.",12.93,09:00-17:30,3 hours,3.7,"545-8567 Sapporo City, Nishi 1-chome, Vitória",-20.51062476548968,-29.32112225236746,"['with children', 'disabled traveler']","['Restrooms', 'Information Desk', 'Restaurant', 'Souvenir Shop', 'First Aid Station', 'Luggage Storage', 'family restrooms', 'Nursing facilities', 'ramps', 'elevators', 'wheelchair rentals', 'accessible restrooms']"
46,Vitória,Brazil,Nature/Scenery/Park,Coral Cove Marine Adventure,"Coral Cove Marine Adventure is a nature in Vitória, Brazil, popular for its natural scenery and relaxing atmosphere. Entry fee is 29.53 USD. Recommended visit: 3 hours. Discover Coral Cove Marine Adventure, a peaceful nature in Vitória, Brazil, ideal for nature lovers. Open 08:30-17:30, entry 29.53 USD.",29.53,08:30-17:30,3 hours,3.7,"356 Gukje-gil, Gukje-gu, Vitória",-20.26013857107612,-40.32300148397361,"['solo women', 'elderly travelers']","['Restrooms', 'Information Desk', 'Restaurant', 'Souvenir Shop', 'First Aid Station', 'Luggage Storage', 'group tours', 'security', 'wheelchair rental', 'benches/rest areas']"
47,Vitória,Brazil,Nature/Scenery/Park,Golden Baywalk Reserve,"Golden Baywalk Reserve is a nature in Vitória, Brazil, popular for its natural scenery and relaxing atmosphere. Entry fee is 75.28 USD. Recommended visit: 3 hours. Discover Golden Baywalk Reserve, a peaceful nature in Vitória, Brazil, ideal for nature lovers. Open 08:00-18:00, entry 75.28 USD.",75.28,08:00-18:00,3 hours,3.7,"139 Sathorn Road, Watthana District, Vitória",-20.2723981180786,-40.33444709275972,"['solo women', 'couples trip', 'business travelers']","['Restrooms', 'Information Desk', 'Restaurant', 'Souvenir Shop', 'First Aid Station', 'Luggage Storage', 'group tours', 'security', 'scenic spots', 'sunset cruises', 'special couples experiences', 'High speed WiFi']"
48,Vitória,Brazil,Nature/Scenery/Park,Serra Verde Eco Haven,"Serra Verde Eco Haven is a nature in Vitória, Brazil, popular for its natural scenery and relaxing atmosphere. Entry fee is 14.98 USD. Recommended visit: 3 hours. Discover Serra Verde Eco Haven, a peaceful nature in Vitória, Brazil, ideal for nature lovers. Open 08:30-17:30, entry 14.98 USD.",14.98,08:30-17:30,3 hours,3.7,"No. 456 Cultural Avenue, Vitória",-20.30786822854214,-40.33212561608377,"['with children', 'disabled traveler', 'business travelers']","['Restrooms', 'Information Desk', 'Restaurant', 'Souvenir Shop', 'First Aid Station', 'Luggage Storage', 'family restrooms', 'Nursing facilities', 'ramps', 'elevators', 'wheelchair rentals', 'accessible restrooms', 'High speed WiFi']"
49,Vitória,Brazil,Nature/Scenery/Park,Luzia's Hidden Grove,"Luzia's Hidden Grove is a nature in Vitória, Brazil, popular for its natural scenery and relaxing atmosphere. Entry fee is 5.15 USD. Recommended visit: 3 hours. Discover Luzia's Hidden Grove, a peaceful nature in Vitória, Brazil, ideal for nature lovers. Open 09:00-18:00, entry 5.15 USD.",5.15,09:00-18:00,3 hours,3.7,"156 Queen's Road Central, Vitória",-20.25291514548433,-40.255800743124745,"['with children', 'photography']","['Restrooms', 'Information Desk', 'Restaurant', 'Souvenir Shop', 'First Aid Station', 'Luggage Storage', 'family restrooms', 'Nursing facilities', 'photo spots', 'guided photo tours', 'charging stations']"
50,Vitória,Brazil,Theme Park/Amusement Park,Luminous Visions Adventure,"Luminous Visions Adventure is a theme park in Vitória, Brazil, popular for its memorable experiences. Entry fee is 54.32 USD. Recommended visit: 6 hours. Discover Luminous Visions Adventure, a notable theme park in Vitória, Brazil, ideal for visitors. Open 09:30-21:00, entry 54.32 USD.",54.32,09:30-21:00,6 hours,3.75,"No. 456, Xueyin Road, Vitória",-20.274745660223296,-40.31316351045351,"['with children', 'business travelers']","['Restrooms', 'Information Desk', 'Restaurant', 'Souvenir Shop', 'First Aid Station', 'Luggage Storage', 'family restrooms', 'Nursing facilities', 'High speed WiFi']"
51,Vitória,Brazil,Theme Park/Amusement Park,Vitória Dreamscape Adventure,"Vitória Dreamscape Adventure is a theme park in Vitória, Brazil, popular for its memorable experiences. Entry fee is 29.85 USD. Recommended visit: 7 hours. Discover Vitória Dreamscape Adventure, a notable theme park in Vitória, Brazil, ideal for visitors. Open 10:00-20:00, entry 29.85 USD.",29.85,10:00-20:00,7 hours,3.75,"423 Tanjong Beach Road, Vitória",-20.253192710837016,-40.31801303488312,"['solo women', 'photography', 'foodie']","['Restrooms', 'Information Desk', 'Restaurant', 'Souvenir Shop', 'First Aid Station', 'Luggage Storage', 'group tours', 'security', 'photo spots', 'guided photo tours', 'charging stations', 'Food markets', 'tasting tours']"
52,Vitória,Brazil,Theme Park/Amusement Park,Vitória Adventure World,"Vitória Adventure World is a theme park in Vitória, Brazil, popular for its memorable experiences. Entry fee is 16.79 USD. Recommended visit: 6 hours. Discover Vitória Adventure World, a notable theme park in Vitória, Brazil, ideal for visitors. Open 08:00-22:00, entry 16.79 USD.",16.79,08:00-22:00,6 hours,3.75,"601 Suthep Road, Vitória",-20.30969541533246,-40.35333373733522,"['with children', 'road trip', 'business travelers']","['Restrooms', 'Information Desk', 'Restaurant', 'Souvenir Shop', 'First Aid Station', 'Luggage Storage', 'family restrooms', 'Nursing facilities', 'parking', 'High speed WiFi']"
53,Vitória,Brazil,Theme Park/Amusement Park,Tropical Tides Aqua Quest,"Tropical Tides Aqua Quest is a theme park in Vitória, Brazil, popular for its memorable experiences. Entry fee is 67.2 USD. Recommended visit: 6 hours. Discover Tropical Tides Aqua Quest, a notable theme park in Vitória, Brazil, ideal for visitors. Open 09:00-18:00, entry 67.2 USD.",67.2,09:00-18:00,6 hours,3.75,"201 Shirokane Street, Vitória",-20.290463334154904,-40.340019797267466,"['photography', 'couples trip']","['Restrooms', 'Information Desk', 'Restaurant', 'Souvenir Shop', 'First Aid Station', 'Luggage Storage', 'photo spots', 'guided photo tours', 'charging stations', 'scenic spots', 'sunset cruises', 'special couples experiences']"
54,Vitória,Brazil,Theme Park/Amusement Park,Vitória Quest Adventure Park,"Vitória Quest Adventure Park is a theme park in Vitória, Brazil, popular for its memorable experiences. Entry fee is 28.0 USD. Recommended visit: 7 hours. Discover Vitória Quest Adventure Park, a notable theme park in Vitória, Brazil, ideal for visitors. Open 09:00-20:00, entry 28.0 USD.",28.0,09:00-20:00,7 hours,3.75,"125 Queen's Road Central, Vitória",-20.26193917489248,-40.252362704692935,"['business travelers', 'road trip']","['Restrooms', 'Information Desk', 'Restaurant', 'Souvenir Shop', 'First Aid Station', 'Luggage Storage', 'High speed WiFi', 'parking']"
55,Vitória,Brazil,Theme Park/Amusement Park,Vitória Brick Quest,"Vitória Brick Quest is a theme park in Vitória, Brazil, popular for its memorable experiences. Entry fee is 39.62 USD. Recommended visit: 6 hours. Discover Vitória Brick Quest, a notable theme park in Vitória, Brazil, ideal for visitors. Open 10:00-20:00, entry 39.62 USD.",39.62,10:00-20:00,6 hours,3.75,"770 Sakura Street, Vitória",-20.25061842255678,-40.27530102075469,"['with children', 'elderly travelers']","['Restrooms', 'Information Desk', 'Restaurant', 'Souvenir Shop', 'First Aid Station', 'Luggage Storage', 'family restrooms', 'Nursing facilities', 'wheelchair rental', 'benches/rest areas']"
56,Vitória,Brazil,Theme Park/Amusement Park,Serra do Sol Winterland Adventure,"Serra do Sol Winterland Adventure is a theme park in Vitória, Brazil, popular for its memorable experiences. Entry fee is 89.6 USD. Recommended visit: 8 hours. Discover Serra do Sol Winterland Adventure, a notable theme park in Vitória, Brazil, ideal for visitors. Open 10:00-22:00, entry 89.6 USD.",89.6,10:00-22:00,8 hours,3.75,"No. 18, Zhongguancun South Street, Vitória",-20.298002665431,-40.32095853577361,"['with pets', 'couples trip', 'road trip']","['Restrooms', 'Information Desk', 'Restaurant', 'Souvenir Shop', 'First Aid Station', 'Luggage Storage', 'Pet-friendly', 'pet water stations', 'Pet rest area', 'scenic spots', 'sunset cruises', 'special couples experiences', 'parking']"
57,Vitória,Brazil,Theme Park/Amusement Park,Horizon Heights Adventure Loop,"Horizon Heights Adventure Loop is a theme park in Vitória, Brazil, popular for its memorable experiences. Entry fee is 35.0 USD. Recommended visit: 6 hours. Discover Horizon Heights Adventure Loop, a notable theme park in Vitória, Brazil, ideal for visitors. Open 09:00-17:30, entry 35.0 USD.",35.0,09:00-17:30,6 hours,3.75,"379 Gwanghwamun Street, Jongno-gu, Vitória",-20.26773031417116,-40.24637165653756,"['fast-paced budget travel', 'photography', 'elderly travelers']","['Restrooms', 'Information Desk', 'Restaurant', 'Souvenir Shop', 'First Aid Station', 'Luggage Storage', 'city passes', 'luggage storage', 'self-guided tours', 'photo spots', 'guided photo tours', 'charging stations', 'wheelchair rental', 'benches/rest areas']"
58,Vitória,Brazil,Theme Park/Amusement Park,Luz e Vento Interactive Hub,"Luz e Vento Interactive Hub is a theme park in Vitória, Brazil, popular for its memorable experiences. Entry fee is 13.72 USD. Recommended visit: 6 hours. Discover Luz e Vento Interactive Hub, a notable theme park in Vitória, Brazil, ideal for visitors. Open 08:00-00:00, entry 13.72 USD.",13.72,08:00-00:00,6 hours,3.75,"846 Sathorn Road, Wattana District, Vitória",-20.50027119061893,-29.3266102753257,"['with children', 'solo women', 'disabled traveler']","['Restrooms', 'Information Desk', 'Restaurant', 'Souvenir Shop', 'First Aid Station', 'Luggage Storage', 'family restrooms', 'Nursing facilities', 'group tours', 'security', 'ramps', 'elevators', 'wheelchair rentals', 'accessible restrooms']"
59,Vitória,Brazil,Theme Park/Amusement Park,Serra Viva Adventure Complex,"Serra Viva Adventure Complex is a theme park in Vitória, Brazil, popular for its memorable experiences. Entry fee is 5.52 USD. Recommended visit: 6 hours. Discover Serra Viva Adventure Complex, a notable theme park in Vitória, Brazil, ideal for visitors. Open 09:00-18:00, entry 5.52 USD.",5.52,09:00-18:00,6 hours,3.75,"621 Sakura Street, Chuo Ward, Vitória",-20.272953339455142,-40.289800738179366,"['fast-paced budget travel', 'luxury travelers', 'elderly travelers']","['Restrooms', 'Information Desk', 'Restaurant', 'Souvenir Shop', 'First Aid Station', 'Luggage Storage', 'city passes', 'luggage storage', 'self-guided tours', 'private tours', 'skip the line passes', 'VIP exclusive events', 'wheelchair rental', 'benches/rest areas']"
60,Vitória,Brazil,Theme Park/Amusement Park,Lagoa Viva Adventure,"Lagoa Viva Adventure is a theme park in Vitória, Brazil, popular for its memorable experiences. Entry fee is 44.17 USD. Recommended visit: 8 hours. Discover Lagoa Viva Adventure, a notable theme park in Vitória, Brazil, ideal for visitors. Open 10:00-22:00, entry 44.17 USD.",44.17,10:00-22:00,8 hours,3.75,"978 Siam Road, Patong Beach, Vitória",-20.255622577339725,-40.24662459093594,"['nightlife enthusiast', 'with pets', 'business travelers']","['Restrooms', 'Information Desk', 'Restaurant', 'Souvenir Shop', 'First Aid Station', 'Luggage Storage', 'night markets', 'bars', 'evening shows', 'Pet-friendly', 'pet water stations', 'Pet rest area', 'High speed WiFi']"
61,Vitória,Brazil,Theme Park/Amusement Park,Serra Luminosa Adventure Hub,"Serra Luminosa Adventure Hub is a theme park in Vitória, Brazil, popular for its memorable experiences. Entry fee is 1654.66 USD. Recommended visit: 6 hours. Discover Serra Luminosa Adventure Hub, a notable theme park in Vitória, Brazil, ideal for visitors. Open 08:00-22:30, entry 1654.66 USD.",1654.66,08:00-22:30,6 hours,3.75,"321 Victoria Harbour Road, Vitória",-20.24163717173277,-40.27551167147587,"['with children', 'with pets', 'business travelers']","['Restrooms', 'Information Desk', 'Restaurant', 'Souvenir Shop', 'First Aid Station', 'Luggage Storage', 'family restrooms', 'Nursing facilities', 'Pet-friendly', 'pet water stations', 'Pet rest area', 'High speed WiFi']"
62,Vitória,Brazil,Theme Park/Amusement Park,Vitória Questscape,"Vitória Questscape is a theme park in Vitória, Brazil, popular for its memorable experiences. Entry fee is 22.56 USD. Recommended visit: 8 hours. Discover Vitória Questscape, a notable theme park in Vitória, Brazil, ideal for visitors. Open 09:00-18:00, entry 22.56 USD.",22.56,09:00-18:00,8 hours,3.75,"No. 456, Aerospace Avenue, High- Tech Development Zone, Vitória",-20.25630473850296,-40.32751641851292,"['with pets', 'foodie', 'road trip']","['Restrooms', 'Information Desk', 'Restaurant', 'Souvenir Shop', 'First Aid Station', 'Luggage Storage', 'Pet-friendly', 'pet water stations', 'Pet rest area', 'Food markets', 'tasting tours', 'parking']"
63,Vitória,Brazil,Theme Park/Amusement Park,Vitória Velocity Vortex,"Vitória Velocity Vortex is a theme park in Vitória, Brazil, popular for its memorable experiences. Entry fee is 49.0 USD. Recommended visit: 7 hours. Discover Vitória Velocity Vortex, a notable theme park in Vitória, Brazil, ideal for visitors. Open 09:00-21:00, entry 49.0 USD.",49.0,09:00-21:00,7 hours,3.75,"No. 456, Riverside Park, Vitória",-20.2463058878734,-40.31991844956578,"['couples trip', 'elderly travelers', 'road trip']","['Restrooms', 'Information Desk', 'Restaurant', 'Souvenir Shop', 'First Aid Station', 'Luggage Storage', 'scenic spots', 'sunset cruises', 'special couples experiences', 'wheelchair rental', 'benches/rest areas', 'parking']"
64,Vitória,Brazil,Theme Park/Amusement Park,Luz da Costa Adventure Port,"Luz da Costa Adventure Port is a theme park in Vitória, Brazil, popular for its memorable experiences. Entry fee is 22.09 USD. Recommended visit: 7 hours. Discover Luz da Costa Adventure Port, a notable theme park in Vitória, Brazil, ideal for visitors. Open 09:00-17:30, entry 22.09 USD.",22.09,09:00-17:30,7 hours,3.75,"613 Gwanghwamun Street, Jongno-gu, Vitória",-20.24060835977265,-40.32135355271283,"['solo women', 'luxury travelers', 'road trip']","['Restrooms', 'Information Desk', 'Restaurant', 'Souvenir Shop', 'First Aid Station', 'Luggage Storage', 'group tours', 'security', 'private tours', 'skip the line passes', 'VIP exclusive events', 'parking']"
65,Vitória,Brazil,Theme Park/Amusement Park,Tropical Quest Adventure Pass,"Tropical Quest Adventure Pass is a theme park in Vitória, Brazil, popular for its memorable experiences. Entry fee is 11.89 USD. Recommended visit: 7 hours. Discover Tropical Quest Adventure Pass, a notable theme park in Vitória, Brazil, ideal for visitors. Open 10:00-22:00, entry 11.89 USD.",11.89,10:00-22:00,7 hours,3.75,"895 Shibuya Crossing Street, Vitória",-20.26514831507188,-40.2465307968801,"['with children', 'couples trip', 'disabled traveler']","['Restrooms', 'Information Desk', 'Restaurant', 'Souvenir Shop', 'First Aid Station', 'Luggage Storage', 'family restrooms', 'Nursing facilities', 'scenic spots', 'sunset cruises', 'special couples experiences', 'ramps', 'elevators', 'wheelchair rentals', 'accessible restrooms']"
66,Vitória,Brazil,Theme Park/Amusement Park,Luminara Adventure Hub,"Luminara Adventure Hub is a theme park in Vitória, Brazil, popular for its memorable experiences. Entry fee is 0.37 USD. Recommended visit: 8 hours. Discover Luminara Adventure Hub, a notable theme park in Vitória, Brazil, ideal for visitors. Open 10:00-22:00, entry 0.37 USD.",0.37,10:00-22:00,8 hours,3.75,"256 Victoria Harbour Promenade, Vitória",-20.51585486345761,-29.319067241359583,"['photography', 'disabled traveler', 'business travelers']","['Restrooms', 'Information Desk', 'Restaurant', 'Souvenir Shop', 'First Aid Station', 'Luggage Storage', 'photo spots', 'guided photo tours', 'charging stations', 'ramps', 'elevators', 'wheelchair rentals', 'accessible restrooms', 'High speed WiFi']"
67,Vitória,Brazil,Theme Park/Amusement Park,Vitória Vortex: Echoes of the Future,"Vitória Vortex: Echoes of the Future is a theme park in Vitória, Brazil, popular for its memorable experiences. Entry fee is 41.86 USD. Recommended visit: 6 hours. Discover Vitória Vortex: Echoes of the Future, a notable theme park in Vitória, Brazil, ideal for visitors. Open 08:30-19:00, entry 41.86 USD.",41.86,08:30-19:00,6 hours,3.75,"968 Hibikino Street, Vitória",-20.287438792550805,-40.330894156489215,"['luxury travelers', 'elderly travelers', 'business travelers']","['Restrooms', 'Information Desk', 'Restaurant', 'Souvenir Shop', 'First Aid Station', 'Luggage Storage', 'private tours', 'skip the line passes', 'VIP exclusive events', 'wheelchair rental', 'benches/rest areas', 'High speed WiFi']"
68,Vitória,Brazil,Theme Park/Amusement Park,Vitória Wave Quest,"Vitória Wave Quest is a theme park in Vitória, Brazil, popular for its memorable experiences. Entry fee is 14.0 USD. Recommended visit: 7 hours. Discover Vitória Wave Quest, a notable theme park in Vitória, Brazil, ideal for visitors. Open 09:00-18:00, entry 14.0 USD.",14.0,09:00-18:00,7 hours,3.75,"771 Sathorn Road, Sathorn District, Vitória",-20.24683174407061,-40.29270927593074,"['nightlife enthusiast', 'solo women', 'disabled traveler']","['Restrooms', 'Information Desk', 'Restaurant', 'Souvenir Shop', 'First Aid Station', 'Luggage Storage', 'night markets', 'bars', 'evening shows', 'group tours', 'security', 'ramps', 'elevators', 'wheelchair rentals', 'accessible restrooms']"
69,Vitória,Brazil,Theme Park/Amusement Park,Vitória Wilds: Jungle Encounter Adventure,"Vitória Wilds: Jungle Encounter Adventure is a theme park in Vitória, Brazil, popular for its memorable experiences. Entry fee is 18.98 USD. Recommended visit: 8 hours. Discover Vitória Wilds: Jungle Encounter Adventure, a notable theme park in Vitória, Brazil, ideal for visitors. Open 09:00-17:30, entry 18.98 USD.",18.98,09:00-17:30,8 hours,3.75,"576 Sakura Street, Vitória",-20.313797388061342,-40.35963464384911,"['nightlife enthusiast', 'luxury travelers', 'business travelers']","['Restrooms', 'Information Desk', 'Restaurant', 'Souvenir Shop', 'First Aid Station', 'Luggage Storage', 'night markets', 'bars', 'evening shows', 'private tours', 'skip the line passes', 'VIP exclusive events', 'High speed WiFi']"
70,Vitória,Brazil,Theme Park/Amusement Park,Tropical Escape Velocity,"Tropical Escape Velocity is a theme park in Vitória, Brazil, popular for its memorable experiences. Entry fee is 24.66 USD. Recommended visit: 8 hours. Discover Tropical Escape Velocity, a notable theme park in Vitória, Brazil, ideal for visitors. Open 09:00-17:30, entry 24.66 USD.",24.66,09:00-17:30,8 hours,3.75,"843 Phra Singh Road, Vitória",-20.23970139153376,-40.30861267178782,"['with children', 'fast-paced budget travel', 'disabled traveler']","['Restrooms', 'Information Desk', 'Restaurant', 'Souvenir Shop', 'First Aid Station', 'Luggage Storage', 'family restrooms', 'Nursing facilities', 'city passes', 'luggage storage', 'self-guided tours', 'ramps', 'elevators', 'wheelchair rentals', 'accessible restrooms']"
71,Vitória,Brazil,Theme Park/Amusement Park,Luz da Praia Adventure Park,"Luz da Praia Adventure Park is a theme park in Vitória, Brazil, popular for its memorable experiences. Entry fee is 9.28 USD. Recommended visit: 6 hours. Discover Luz da Praia Adventure Park, a notable theme park in Vitória, Brazil, ideal for visitors. Open 08:00-22:00, entry 9.28 USD.",9.28,08:00-22:00,6 hours,3.75,"373 Sakura Street, Naka Ward, Vitória",-20.326305564594648,-40.29099936921561,"['fast-paced budget travel', 'solo women', 'photography']","['Restrooms', 'Information Desk', 'Restaurant', 'Souvenir Shop', 'First Aid Station', 'Luggage Storage', 'city passes', 'luggage storage', 'self-guided tours', 'group tours', 'security', 'photo spots', 'guided photo tours', 'charging stations']"
72,Vitória,Brazil,Theme Park/Amusement Park,Luz da Serra Adventure,"Luz da Serra Adventure is a theme park in Vitória, Brazil, popular for its memorable experiences. Entry fee is 171.36 USD. Recommended visit: 7 hours. Discover Luz da Serra Adventure, a notable theme park in Vitória, Brazil, ideal for visitors. Open 09:30-17:00, entry 171.36 USD.",171.36,09:30-17:00,7 hours,3.75,"No. 456, Cultural Avenue, Wuhou District, Vitória",-20.25503186976278,-40.2596293284811,['disabled traveler'],"['Restrooms', 'Information Desk', 'Restaurant', 'Souvenir Shop', 'First Aid Station', 'Luggage Storage', 'ramps', 'elevators', 'wheelchair rentals', 'accessible restrooms']"
73,Vitória,Brazil,Theme Park/Amusement Park,Luz e Ritmo Entertainment Hub,"Luz e Ritmo Entertainment Hub is a theme park in Vitória, Brazil, popular for its memorable experiences. Entry fee is 6.56 USD. Recommended visit: 8 hours. Discover Luz e Ritmo Entertainment Hub, a notable theme park in Vitória, Brazil, ideal for visitors. Open 20:00-05:00, entry 6.56 USD.",6.56,20:00-05:00,8 hours,3.75,"No. 48, Taiping Road, Vitória",-20.51650635943068,-29.305691134293653,"['nightlife enthusiast', 'foodie', 'disabled traveler']","['Restrooms', 'Information Desk', 'Restaurant', 'Souvenir Shop', 'First Aid Station', 'Luggage Storage', 'night markets', 'bars', 'evening shows', 'Food markets', 'tasting tours', 'ramps', 'elevators', 'wheelchair rentals', 'accessible restrooms']"
74,Vitória,Brazil,Theme Park/Amusement Park,Tropical Escape Haven,"Tropical Escape Haven is a theme park in Vitória, Brazil, popular for its memorable experiences. Entry fee is 19.55 USD. Recommended visit: 6 hours. Discover Tropical Escape Haven, a notable theme park in Vitória, Brazil, ideal for visitors. Open 09:00-18:00, entry 19.55 USD.",19.55,09:00-18:00,6 hours,3.75,"732-8901 Nagoya City, Higashiyama Ward, Vitória",-20.312779025341325,-40.29412155628197,"['with children', 'disabled traveler', 'business travelers']","['Restrooms', 'Information Desk', 'Restaurant', 'Souvenir Shop', 'First Aid Station', 'Luggage Storage', 'family restrooms', 'Nursing facilities', 'ramps', 'elevators', 'wheelchair rentals', 'accessible restrooms', 'High speed WiFi']"
75,Vitória,Brazil,Theme Park/Amusement Park,Cidade Alta Adventure Loop,"Cidade Alta Adventure Loop is a theme park in Vitória, Brazil, popular for its memorable experiences. Entry fee is 37.52 USD. Recommended visit: 8 hours. Discover Cidade Alta Adventure Loop, a notable theme park in Vitória, Brazil, ideal for visitors. Open 08:00-22:00, entry 37.52 USD.",37.52,08:00-22:00,8 hours,3.75,"779 Sakura Street, Chuo-ku, Vitória",-20.249569501515843,-40.26024879810328,"['couples trip', 'luxury travelers', 'business travelers']","['Restrooms', 'Information Desk', 'Restaurant', 'Souvenir Shop', 'First Aid Station', 'Luggage Storage', 'scenic spots', 'sunset cruises', 'special couples experiences', 'private tours', 'skip the line passes', 'VIP exclusive events', 'High speed WiFi']"
76,Vitória,Brazil,Theme Park/Amusement Park,Vitória Velocity Adventure Park,"Vitória Velocity Adventure Park is a theme park in Vitória, Brazil, popular for its memorable experiences. Entry fee is 23.37 USD. Recommended visit: 7 hours. Discover Vitória Velocity Adventure Park, a notable theme park in Vitória, Brazil, ideal for visitors. Open 10:00-21:00, entry 23.37 USD.",23.37,10:00-21:00,7 hours,3.75,"604/2 Charoenkrung Road, Thonburi District, Vitória",-20.29168805887976,-40.34417640196606,"['luxury travelers', 'disabled traveler', 'road trip']","['Restrooms', 'Information Desk', 'Restaurant', 'Souvenir Shop', 'First Aid Station', 'Luggage Storage', 'private tours', 'skip the line passes', 'VIP exclusive events', 'ramps', 'elevators', 'wheelchair rentals', 'accessible restrooms', 'parking']"
77,Vitória,Brazil,Theme Park/Amusement Park,Luminous Echoes Park,"Luminous Echoes Park is a theme park in Vitória, Brazil, popular for its memorable experiences. Entry fee is 31.01 USD. Recommended visit: 6 hours. Discover Luminous Echoes Park, a notable theme park in Vitória, Brazil, ideal for visitors. Open 09:00-18:00, entry 31.01 USD.",31.01,09:00-18:00,6 hours,3.75,"393 Chalong Road, Vitória",-20.24374205610673,-40.283218489890885,"['nightlife enthusiast', 'fast-paced budget travel', 'with children']","['Restrooms', 'Information Desk', 'Restaurant', 'Souvenir Shop', 'First Aid Station', 'Luggage Storage', 'night markets', 'bars', 'evening shows', 'city passes', 'luggage storage', 'self-guided tours', 'family restrooms', 'Nursing facilities']"
78,Vitória,Brazil,Theme Park/Amusement Park,Vitória Sports Immersion Arena | Local Team Lower Level Infield Experience | Includes Official Team Fan Gear,"Vitória Sports Immersion Arena | Local Team Lower Level Infield Experience | Includes Official Team Fan Gear is a theme park in Vitória, Brazil, popular for its memorable experiences. Entry fee is 17.6 USD. Recommended visit: 8 hours. Discover Vitória Sports Immersion Arena | Local Team Lower Level Infield Experience | Includes Official Team Fan Gear, a notable theme park in Vitória, Brazil, ideal for visitors. Open 08:30-17:30, entry 17.6 USD.",17.6,08:30-17:30,8 hours,3.75,"328 Khlong Toei Road, Vitória",-20.255347948962253,-40.27644846894497,"['with pets', 'couples trip', 'foodie']","['Restrooms', 'Information Desk', 'Restaurant', 'Souvenir Shop', 'First Aid Station', 'Luggage Storage', 'Pet-friendly', 'pet water stations', 'Pet rest area', 'scenic spots', 'sunset cruises', 'special couples experiences', 'Food markets', 'tasting tours']"
79,Vitória,Brazil,Theme Park/Amusement Park,Serra Verde EcoQuest,"Serra Verde EcoQuest is a theme park in Vitória, Brazil, popular for its memorable experiences. Entry fee is 59.69 USD. Recommended visit: 7 hours. Discover Serra Verde EcoQuest, a notable theme park in Vitória, Brazil, ideal for visitors. Open 09:00-17:30, entry 59.69 USD.",59.69,09:00-17:30,7 hours,3.75,"338-456 Shinjuku 1-chome, Vitória",-20.27975979083673,-40.247763864966345,"['fast-paced budget travel', 'couples trip', 'disabled traveler']","['Restrooms', 'Information Desk', 'Restaurant', 'Souvenir Shop', 'First Aid Station', 'Luggage Storage', 'city passes', 'luggage storage', 'self-guided tours', 'scenic spots', 'sunset cruises', 'special couples experiences', 'ramps', 'elevators', 'wheelchair rentals', 'accessible restrooms']"
80,Vitória,Brazil,Theme Park/Amusement Park,Coralis Tideplay Zone,"Coralis Tideplay Zone is a theme park in Vitória, Brazil, popular for its memorable experiences. Entry fee is 10.15 USD. Recommended visit: 7 hours. Discover Coralis Tideplay Zone, a notable theme park in Vitória, Brazil, ideal for visitors. Open 09:00-17:30, entry 10.15 USD.",10.15,09:00-17:30,7 hours,3.75,"173 Shinsaibashi Street, Chuo Ward, Vitória",-20.31791916453184,-40.32233926106368,"['photography', 'couples trip', 'business travelers']","['Restrooms', 'Information Desk', 'Restaurant', 'Souvenir Shop', 'First Aid Station', 'Luggage Storage', 'photo spots', 'guided photo tours', 'charging stations', 'scenic spots', 'sunset cruises', 'special couples experiences', 'High speed WiFi']"
81,Vitória,Brazil,Theme Park/Amusement Park,Vitória Dreamscape: Echoes of the Future,"Vitória Dreamscape: Echoes of the Future is a theme park in Vitória, Brazil, popular for its memorable experiences. Entry fee is 15.24 USD. Recommended visit: 7 hours. Discover Vitória Dreamscape: Echoes of the Future, a notable theme park in Vitória, Brazil, ideal for visitors. Open 10:00-19:00, entry 15.24 USD.",15.24,10:00-19:00,7 hours,3.75,"No. 456 Cultural Square, Vitória",-20.32423655079779,-40.34504320946715,['solo women'],"['Restrooms', 'Information Desk', 'Restaurant', 'Souvenir Shop', 'First Aid Station', 'Luggage Storage', 'group tours', 'security']"
82,Vitória,Brazil,Theme Park/Amusement Park,Vitória Quest Adventure,"Vitória Quest Adventure is a theme park in Vitória, Brazil, popular for its memorable experiences. Entry fee is 32.62 USD. Recommended visit: 6 hours. Discover Vitória Quest Adventure, a notable theme park in Vitória, Brazil, ideal for visitors. Open 08:30-17:00, entry 32.62 USD.",32.62,08:30-17:00,6 hours,3.75,"759/10 Moo 5, Khao Lak Road, Pratu Thani, Muang District, Vitória",-20.2644647811462,-40.29439891785322,"['solo women', 'couples trip']","['Restrooms', 'Information Desk', 'Restaurant', 'Souvenir Shop', 'First Aid Station', 'Luggage Storage', 'group tours', 'security', 'scenic spots', 'sunset cruises', 'special couples experiences']"
83,Vitória,Brazil,Theme Park/Amusement Park,Lagoa dos Sonhos Adventure Park,"Lagoa dos Sonhos Adventure Park is a theme park in Vitória, Brazil, popular for its memorable experiences. Entry fee is 6.99 USD. Recommended visit: 8 hours. Discover Lagoa dos Sonhos Adventure Park, a notable theme park in Vitória, Brazil, ideal for visitors. Open 08:00-23:00, entry 6.99 USD.",6.99,08:00-23:00,8 hours,3.75,"527 Shimbashi Street, Vitória",-20.257386850430315,-40.28803578515648,"['foodie', 'photography', 'couples trip']","['Restrooms', 'Information Desk', 'Restaurant', 'Souvenir Shop', 'First Aid Station', 'Luggage Storage', 'Food markets', 'tasting tours', 'photo spots', 'guided photo tours', 'charging stations', 'scenic spots', 'sunset cruises', 'special couples experiences']"
84,Vitória,Brazil,Theme Park/Amusement Park,Serra Verde EcoQuest No.2,"Serra Verde EcoQuest is a theme park in Vitória, Brazil, popular for its memorable experiences. Entry fee is 15.98 USD. Recommended visit: 8 hours. Discover Serra Verde EcoQuest, a notable theme park in Vitória, Brazil, ideal for visitors. Open 10:00-22:00, entry 15.98 USD.",15.98,10:00-22:00,8 hours,3.75,"No. 456, Xishan Scenic Avenue, Vitória",-20.29753252534638,-40.33866452370078,"['fast-paced budget travel', 'disabled traveler', 'business travelers']","['Restrooms', 'Information Desk', 'Restaurant', 'Souvenir Shop', 'First Aid Station', 'Luggage Storage', 'city passes', 'luggage storage', 'self-guided tours', 'ramps', 'elevators', 'wheelchair rentals', 'accessible restrooms', 'High speed WiFi']"
85,Vitória,Brazil,Theme Park/Amusement Park,Vitória Harmony Vortex,"Vitória Harmony Vortex is a theme park in Vitória, Brazil, popular for its memorable experiences. Entry fee is 12.7 USD. Recommended visit: 8 hours. Discover Vitória Harmony Vortex, a notable theme park in Vitória, Brazil, ideal for visitors. Open 09:00-17:30, entry 12.7 USD.",12.7,09:00-17:30,8 hours,3.75,"309 Seogwipo Street, Vitória",-20.31335088045748,-40.34901430482931,"['solo women', 'with pets', 'couples trip']","['Restrooms', 'Information Desk', 'Restaurant', 'Souvenir Shop', 'First Aid Station', 'Luggage Storage', 'group tours', 'security', 'Pet-friendly', 'pet water stations', 'Pet rest area', 'scenic spots', 'sunset cruises', 'special couples experiences']"
86,Vitória,Brazil,Theme Park/Amusement Park,Vitória Skyline Adventure Zone,"Vitória Skyline Adventure Zone is a theme park in Vitória, Brazil, popular for its memorable experiences. Entry fee is 53.2 USD. Recommended visit: 8 hours. Discover Vitória Skyline Adventure Zone, a notable theme park in Vitória, Brazil, ideal for visitors. Open 09:00-17:00, entry 53.2 USD.",53.2,09:00-17:00,8 hours,3.75,"594-8523 Shibuya, Vitória",-20.28835936003159,-40.31392934140707,"['nightlife enthusiast', 'solo women', 'foodie']","['Restrooms', 'Information Desk', 'Restaurant', 'Souvenir Shop', 'First Aid Station', 'Luggage Storage', 'night markets', 'bars', 'evening shows', 'group tours', 'security', 'Food markets', 'tasting tours']"
87,Vitória,Brazil,Theme Park/Amusement Park,Vitória Dreamland,"Vitória Dreamland is a theme park in Vitória, Brazil, popular for its memorable experiences. Entry fee is 4.06 USD. Recommended visit: 7 hours. Discover Vitória Dreamland, a notable theme park in Vitória, Brazil, ideal for visitors. Open 10:00-22:00, entry 4.06 USD.",4.06,10:00-22:00,7 hours,3.75,"331-12, Samsung-ro 138-gil, Gangnam-gu, Vitória",-20.25627339877361,-40.29567363955741,"['nightlife enthusiast', 'fast-paced budget travel', 'foodie']","['Restrooms', 'Information Desk', 'Restaurant', 'Souvenir Shop', 'First Aid Station', 'Luggage Storage', 'night markets', 'bars', 'evening shows', 'city passes', 'luggage storage', 'self-guided tours', 'Food markets', 'tasting tours']"
88,Vitória,Brazil,Theme Park/Amusement Park,Casa dos Sonhos: Cultural Oasis,"Casa dos Sonhos: Cultural Oasis is a theme park in Vitória, Brazil, popular for its memorable experiences. Entry fee is 20.67 USD. Recommended visit: 7 hours. Discover Casa dos Sonhos: Cultural Oasis, a notable theme park in Vitória, Brazil, ideal for visitors. Open 08:00-22:00, entry 20.67 USD.",20.67,08:00-22:00,7 hours,3.75,"507 Seongsan-ro, Vitória",-20.26439473773665,-40.2487211878763,['with children'],"['Restrooms', 'Information Desk', 'Restaurant', 'Souvenir Shop', 'First Aid Station', 'Luggage Storage', 'family restrooms', 'Nursing facilities']"
89,Vitória,Brazil,Theme Park/Amusement Park,Luz do Atlântico Sky Adventure,"Luz do Atlântico Sky Adventure is a theme park in Vitória, Brazil, popular for its memorable experiences. Entry fee is 26.46 USD. Recommended visit: 7 hours. Discover Luz do Atlântico Sky Adventure, a notable theme park in Vitória, Brazil, ideal for visitors. Open 10:00-19:00, entry 26.46 USD.",26.46,10:00-19:00,7 hours,3.75,"943 Seocho-ro, Ssangmundong-gu, Vitória",-20.250638872970963,-40.315109074048834,['foodie'],"['Restrooms', 'Information Desk', 'Restaurant', 'Souvenir Shop', 'First Aid Station', 'Luggage Storage', 'Food markets', 'tasting tours']"
90,Vitória,Brazil,Theme Park/Amusement Park,Lagoa Fantasia Water Adventure,"Lagoa Fantasia Water Adventure is a theme park in Vitória, Brazil, popular for its memorable experiences. Entry fee is 7.4 USD. Recommended visit: 8 hours. Discover Lagoa Fantasia Water Adventure, a notable theme park in Vitória, Brazil, ideal for visitors. Open 09:00-18:00, entry 7.4 USD.",7.4,09:00-18:00,8 hours,3.75,"250 Sathorn Road, Vitória",-20.296925710293635,-40.31328652326112,"['fast-paced budget travel', 'elderly travelers', 'road trip']","['Restrooms', 'Information Desk', 'Restaurant', 'Souvenir Shop', 'First Aid Station', 'Luggage Storage', 'city passes', 'luggage storage', 'self-guided tours', 'wheelchair rental', 'benches/rest areas', 'parking']"
91,Vitória,Brazil,Historic Site/Landmark,Praia do Pontal SkyView,"Praia do Pontal SkyView is a historic site in Vitória, Brazil, popular for its memorable experiences. Entry fee is 78.46 USD. Recommended visit: 2 hours. Discover Praia do Pontal SkyView, a notable historic site in Vitória, Brazil, ideal for visitors. Open 08:30-17:30, entry 78.46 USD.",78.46,08:30-17:30,2 hours,3.5,"No. 456, Xuhui Park Road, Vitória",-20.263149185961485,-40.30291291264847,"['business travelers', 'luxury travelers', 'road trip']","['Restrooms', 'Information Desk', 'Restaurant', 'Souvenir Shop', 'First Aid Station', 'Luggage Storage', 'High speed WiFi', 'private tours', 'skip the line passes', 'VIP exclusive events', 'parking']"
92,Vitória,Brazil,Historic Site/Landmark,Cape Verde Coastal Heritage Center,"Cape Verde Coastal Heritage Center is a historic site in Vitória, Brazil, popular for its memorable experiences. Entry fee is 4.13 USD. Recommended visit: 2 hours. Discover Cape Verde Coastal Heritage Center, a notable historic site in Vitória, Brazil, ideal for visitors. Open 09:00-17:30, entry 4.13 USD.",4.13,09:00-17:30,2 hours,3.5,"No. 589, Xueyuan Road, Vitória",-20.492954458904645,-29.337270473884345,"['nightlife enthusiast', 'solo women', 'foodie']","['Restrooms', 'Information Desk', 'Restaurant', 'Souvenir Shop', 'First Aid Station', 'Luggage Storage', 'night markets', 'bars', 'evening shows', 'group tours', 'security', 'Food markets', 'tasting tours']"
93,Vitória,Brazil,Historic Site/Landmark,Casa dos Velhos Jardins,"Casa dos Velhos Jardins is a historic site in Vitória, Brazil, popular for its memorable experiences. Entry fee is 12.6 USD. Recommended visit: 2 hours. Discover Casa dos Velhos Jardins, a notable historic site in Vitória, Brazil, ideal for visitors. Open 09:00-17:30, entry 12.6 USD.",12.6,09:00-17:30,2 hours,3.5,"No. 456 Riverside Park, Vitória",-20.31246055807552,-40.35384548179458,['solo women'],"['Restrooms', 'Information Desk', 'Restaurant', 'Souvenir Shop', 'First Aid Station', 'Luggage Storage', 'group tours', 'security']"
94,Vitória,Brazil,Historic Site/Landmark,Legacy of the Marquis Heritage Tour,"Legacy of the Marquis Heritage Tour is a historic site in Vitória, Brazil, popular for its memorable experiences. Entry fee is 114.46 USD. Recommended visit: 2 hours. Discover Legacy of the Marquis Heritage Tour, a notable historic site in Vitória, Brazil, ideal for visitors. Open 08:30-20:00, entry 114.46 USD.",114.46,08:30-20:00,2 hours,3.5,"492 Shuri Street, Vitória",-20.25623954321049,-40.32746156359167,['nightlife enthusiast'],"['Restrooms', 'Information Desk', 'Restaurant', 'Souvenir Shop', 'First Aid Station', 'Luggage Storage', 'night markets', 'bars', 'evening shows']"
95,Vitória,Brazil,Historic Site/Landmark,Cape of Echoes Heritage Museum,"Cape of Echoes Heritage Museum is a historic site in Vitória, Brazil, popular for its memorable experiences. Entry fee is 16.97 USD. Recommended visit: 2 hours. Discover Cape of Echoes Heritage Museum, a notable historic site in Vitória, Brazil, ideal for visitors. Open 09:00-22:00, entry 16.97 USD.",16.97,09:00-22:00,2 hours,3.5,"391 Sakura Street, Naka-ku, Vitória",-20.285319316485943,-40.34165577787614,"['solo women', 'couples trip', 'luxury travelers']","['Restrooms', 'Information Desk', 'Restaurant', 'Souvenir Shop', 'First Aid Station', 'Luggage Storage', 'group tours', 'security', 'scenic spots', 'sunset cruises', 'special couples experiences', 'private tours', 'skip the line passes', 'VIP exclusive events']"
96,Vitória,Brazil,Historic Site/Landmark,Legacy of the Coastal Horizon,"Legacy of the Coastal Horizon is a historic site in Vitória, Brazil, popular for its memorable experiences. Entry fee is 42.0 USD. Recommended visit: 2 hours. Discover Legacy of the Coastal Horizon, a notable historic site in Vitória, Brazil, ideal for visitors. Open 08:30-17:30, entry 42.0 USD.",42.0,08:30-17:30,2 hours,3.5,"No. 58, Jiangbeilu, Yuzhong District, Vitória",-20.272711771976887,-40.2440646176476,"['nightlife enthusiast', 'with children', 'with pets']","['Restrooms', 'Information Desk', 'Restaurant', 'Souvenir Shop', 'First Aid Station', 'Luggage Storage', 'night markets', 'bars', 'evening shows', 'family restrooms', 'Nursing facilities', 'Pet-friendly', 'pet water stations', 'Pet rest area']"
97,Vitória,Brazil,Historic Site/Landmark,Cerro do Sol Heritage Trail,"Cerro do Sol Heritage Trail is a historic site in Vitória, Brazil, popular for its memorable experiences. Entry fee is 248.4 USD. Recommended visit: 2 hours. Discover Cerro do Sol Heritage Trail, a notable historic site in Vitória, Brazil, ideal for visitors. Open 09:30-17:00, entry 248.4 USD.",248.4,09:30-17:00,2 hours,3.5,"855-89 Kitahiroshima, Vitória",-20.28684053940044,-40.29813447210816,"['fast-paced budget travel', 'luxury travelers', 'elderly travelers']","['Restrooms', 'Information Desk', 'Restaurant', 'Souvenir Shop', 'First Aid Station', 'Luggage Storage', 'city passes', 'luggage storage', 'self-guided tours', 'private tours', 'skip the line passes', 'VIP exclusive events', 'wheelchair rental', 'benches/rest areas']"
98,Vitória,Brazil,Historic Site/Landmark,Horizon Spire,"Horizon Spire is a historic site in Vitória, Brazil, popular for its memorable experiences. Entry fee is 0.0 USD. Recommended visit: 2 hours. Discover Horizon Spire, a notable historic site in Vitória, Brazil, ideal for visitors. Open 09:00-18:00, entry 0.0 USD.",0.0,09:00-18:00,2 hours,3.5,"127A Queen's Road East, Vitória",-20.24073035409313,-40.27789185293782,"['with children', 'couples trip', 'luxury travelers']","['Restrooms', 'Information Desk', 'Restaurant', 'Souvenir Shop', 'First Aid Station', 'Luggage Storage', 'family restrooms', 'Nursing facilities', 'scenic spots', 'sunset cruises', 'special couples experiences', 'private tours', 'skip the line passes', 'VIP exclusive events']"
99,Vitória,Brazil,Historic Site/Landmark,Vitória Skyline Heritage Circuit,"Vitória Skyline Heritage Circuit is a historic site in Vitória, Brazil, popular for its memorable experiences. Entry fee is 160.64 USD. Recommended visit: 2 hours. Discover Vitória Skyline Heritage Circuit, a notable historic site in Vitória, Brazil, ideal for visitors. Open 10:00-22:00, entry 160.64 USD.",160.64,10:00-22:00,2 hours,3.5,"730 Sathorn Road, Vitória",-20.244703346375903,-40.23620483089324,"['fast-paced budget travel', 'photography', 'luxury travelers']","['Restrooms', 'Information Desk', 'Restaurant', 'Souvenir Shop', 'First Aid Station', 'Luggage Storage', 'city passes', 'luggage storage', 'self-guided tours', 'photo spots', 'guided photo tours', 'charging stations', 'private tours', 'skip the line passes', 'VIP exclusive events']"
100,Vitória,Brazil,Historic Site/Landmark,Cape Verde Panorama Tower,"Cape Verde Panorama Tower is a historic site in Vitória, Brazil, popular for its memorable experiences. Entry fee is 474.46 USD. Recommended visit: 2 hours. Discover Cape Verde Panorama Tower, a notable historic site in Vitória, Brazil, ideal for visitors. Open 09:00-17:30, entry 474.46 USD.",474.46,09:00-17:30,2 hours,3.5,"No. 567, Qujiang New District, Vitória",-20.49815232832341,-29.32751375176988,['luxury travelers'],"['Restrooms', 'Information Desk', 'Restaurant', 'Souvenir Shop', 'First Aid Station', 'Luggage Storage', 'private tours', 'skip the line passes', 'VIP exclusive events']"
101,Vitória,Brazil,Historic Site/Landmark,Cape Verde Skyline Monument,"Cape Verde Skyline Monument is a historic site in Vitória, Brazil, popular for its memorable experiences. Entry fee is 7.84 USD. Recommended visit: 2 hours. Discover Cape Verde Skyline Monument, a notable historic site in Vitória, Brazil, ideal for visitors. Open 09:00-17:30, entry 7.84 USD.",7.84,09:00-17:30,2 hours,3.5,"212 Shiroiwa Street, Vitória",-20.238965679251827,-40.22835680994325,['solo women'],"['Restrooms', 'Information Desk', 'Restaurant', 'Souvenir Shop', 'First Aid Station', 'Luggage Storage', 'group tours', 'security']"
102,Vitória,Brazil,Historic Site/Landmark,Casa das Memórias do Mar,"Casa das Memórias do Mar is a historic site in Vitória, Brazil, popular for its memorable experiences. Entry fee is 50.54 USD. Recommended visit: 2 hours. Discover Casa das Memórias do Mar, a notable historic site in Vitória, Brazil, ideal for visitors. Open 09:00-17:00, entry 50.54 USD.",50.54,09:00-17:00,2 hours,3.5,"781 Jurong East Street 21, Vitória",-20.287206365281577,-40.34028979908215,"['with children', 'solo women', 'road trip']","['Restrooms', 'Information Desk', 'Restaurant', 'Souvenir Shop', 'First Aid Station', 'Luggage Storage', 'family restrooms', 'Nursing facilities', 'group tours', 'security', 'parking']"
103,Vitória,Brazil,Historic Site/Landmark,Cape of Eternal Echoes,"Cape of Eternal Echoes is a historic site in Vitória, Brazil, popular for its memorable experiences. Entry fee is 16.52 USD. Recommended visit: 2 hours. Discover Cape of Eternal Echoes, a notable historic site in Vitória, Brazil, ideal for visitors. Open 08:30-17:30, entry 16.52 USD.",16.52,08:30-17:30,2 hours,3.5,"999 Suthep Road, Vitória",-20.30146140625853,-40.321205880515,"['nightlife enthusiast', 'couples trip', 'disabled traveler']","['Restrooms', 'Information Desk', 'Restaurant', 'Souvenir Shop', 'First Aid Station', 'Luggage Storage', 'night markets', 'bars', 'evening shows', 'scenic spots', 'sunset cruises', 'special couples experiences', 'ramps', 'elevators', 'wheelchair rentals', 'accessible restrooms']"
104,Vitória,Brazil,Historic Site/Landmark,Cerro do Sol Heritage Gym,"Cerro do Sol Heritage Gym is a historic site in Vitória, Brazil, popular for its memorable experiences. Entry fee is 11.68 USD. Recommended visit: 2 hours. Discover Cerro do Sol Heritage Gym, a notable historic site in Vitória, Brazil, ideal for visitors. Open 09:00-18:00, entry 11.68 USD.",11.68,09:00-18:00,2 hours,3.5,"865 Marina Bay Sands, Vitória",-20.300118803221345,-40.300227943889446,"['with children', 'photography', 'elderly travelers']","['Restrooms', 'Information Desk', 'Restaurant', 'Souvenir Shop', 'First Aid Station', 'Luggage Storage', 'family restrooms', 'Nursing facilities', 'photo spots', 'guided photo tours', 'charging stations', 'wheelchair rental', 'benches/rest areas']"
105,Vitória,Brazil,Historic Site/Landmark,Cape of Eternal Dawn Heritage Trail,"Cape of Eternal Dawn Heritage Trail is a historic site in Vitória, Brazil, popular for its memorable experiences. Entry fee is 29.19 USD. Recommended visit: 2 hours. Discover Cape of Eternal Dawn Heritage Trail, a notable historic site in Vitória, Brazil, ideal for visitors. Open 08:00-18:00, entry 29.19 USD.",29.19,08:00-18:00,2 hours,3.5,"568-890 Nishi 1-chome, Vitória",-20.26703701082364,-40.295692143510834,"['couples trip', 'with pets', 'luxury travelers']","['Restrooms', 'Information Desk', 'Restaurant', 'Souvenir Shop', 'First Aid Station', 'Luggage Storage', 'scenic spots', 'sunset cruises', 'special couples experiences', 'Pet-friendly', 'pet water stations', 'Pet rest area', 'private tours', 'skip the line passes', 'VIP exclusive events']"
106,Vitória,Brazil,Historic Site/Landmark,Cape Verde Heritage Center,"Cape Verde Heritage Center is a historic site in Vitória, Brazil, popular for its memorable experiences. Entry fee is 4.2 USD. Recommended visit: 2 hours. Discover Cape Verde Heritage Center, a notable historic site in Vitória, Brazil, ideal for visitors. Open 08:30-17:30, entry 4.2 USD.",4.2,08:30-17:30,2 hours,3.5,"580 Siam Road, Vitória",-20.25390680295711,-40.23477901770477,"['solo women', 'foodie', 'disabled traveler']","['Restrooms', 'Information Desk', 'Restaurant', 'Souvenir Shop', 'First Aid Station', 'Luggage Storage', 'group tours', 'security', 'Food markets', 'tasting tours', 'ramps', 'elevators', 'wheelchair rentals', 'accessible restrooms']"
107,Vitória,Brazil,Historic Site/Landmark,Horizon's Edge Observation Tower,"Horizon's Edge Observation Tower is a historic site in Vitória, Brazil, popular for its memorable experiences. Entry fee is 21.77 USD. Recommended visit: 2 hours. Discover Horizon's Edge Observation Tower, a notable historic site in Vitória, Brazil, ideal for visitors. Open 08:30-17:00, entry 21.77 USD.",21.77,08:30-17:00,2 hours,3.5,"598-13-5 Shibuya, Shibuya City, Vitória",-20.25334599036676,-40.27026012020087,"['nightlife enthusiast', 'with pets', 'foodie']","['Restrooms', 'Information Desk', 'Restaurant', 'Souvenir Shop', 'First Aid Station', 'Luggage Storage', 'night markets', 'bars', 'evening shows', 'Pet-friendly', 'pet water stations', 'Pet rest area', 'Food markets', 'tasting tours']"
108,Vitória,Brazil,Historic Site/Landmark,Casa do Velho Mar,"Casa do Velho Mar is a historic site in Vitória, Brazil, popular for its memorable experiences. Entry fee is 2.79 USD. Recommended visit: 2 hours. Discover Casa do Velho Mar, a notable historic site in Vitória, Brazil, ideal for visitors. Open 10:00-19:00, entry 2.79 USD.",2.79,10:00-19:00,2 hours,3.5,"374-11-15 Shibuya, Shibuya City, Vitória",-20.25943089868193,-40.26396187147351,['luxury travelers'],"['Restrooms', 'Information Desk', 'Restaurant', 'Souvenir Shop', 'First Aid Station', 'Luggage Storage', 'private tours', 'skip the line passes', 'VIP exclusive events']"
109,Vitória,Brazil,Historic Site/Landmark,Skyward Vista Observatory,"Skyward Vista Observatory is a historic site in Vitória, Brazil, popular for its memorable experiences. Entry fee is 36.54 USD. Recommended visit: 2 hours. Discover Skyward Vista Observatory, a notable historic site in Vitória, Brazil, ideal for visitors. Open 10:00-18:00, entry 36.54 USD.",36.54,10:00-18:00,2 hours,3.5,"709 Sakura Street, Chuo Ward, Vitória",-20.275661663883906,-40.32320067464768,"['couples trip', 'disabled traveler', 'business travelers']","['Restrooms', 'Information Desk', 'Restaurant', 'Souvenir Shop', 'First Aid Station', 'Luggage Storage', 'scenic spots', 'sunset cruises', 'special couples experiences', 'ramps', 'elevators', 'wheelchair rentals', 'accessible restrooms', 'High speed WiFi']"
110,Vitória,Brazil,Historic Site/Landmark,Celestial Gate Heritage Walk,"Celestial Gate Heritage Walk is a historic site in Vitória, Brazil, popular for its memorable experiences. Entry fee is 15.16 USD. Recommended visit: 2 hours. Discover Celestial Gate Heritage Walk, a notable historic site in Vitória, Brazil, ideal for visitors. Open 10:00-22:00, entry 15.16 USD.",15.16,10:00-22:00,2 hours,3.5,"539 Jeongdongjin-ro, Suyeong-gu, Vitória",-20.501438486993656,-29.343843042746272,"['nightlife enthusiast', 'with pets', 'business travelers']","['Restrooms', 'Information Desk', 'Restaurant', 'Souvenir Shop', 'First Aid Station', 'Luggage Storage', 'night markets', 'bars', 'evening shows', 'Pet-friendly', 'pet water stations', 'Pet rest area', 'High speed WiFi']"
111,Vitória,Brazil,Historic Site/Landmark,Cerro do Sol Heritage Bathhouse,"Cerro do Sol Heritage Bathhouse is a historic site in Vitória, Brazil, popular for its memorable experiences. Entry fee is 24.92 USD. Recommended visit: 2 hours. Discover Cerro do Sol Heritage Bathhouse, a notable historic site in Vitória, Brazil, ideal for visitors. Open 09:00-17:00, entry 24.92 USD.",24.92,09:00-17:00,2 hours,3.5,"373 Chalong Road, Vitória",-20.2527021296609,-40.31719652260374,"['nightlife enthusiast', 'with pets', 'photography']","['Restrooms', 'Information Desk', 'Restaurant', 'Souvenir Shop', 'First Aid Station', 'Luggage Storage', 'night markets', 'bars', 'evening shows', 'Pet-friendly', 'pet water stations', 'Pet rest area', 'photo spots', 'guided photo tours', 'charging stations']"
112,Vitória,Brazil,Historic Site/Landmark,Echoes of the Sea,"Echoes of the Sea is a historic site in Vitória, Brazil, popular for its memorable experiences. Entry fee is 1.4 USD. Recommended visit: 2 hours. Discover Echoes of the Sea, a notable historic site in Vitória, Brazil, ideal for visitors. Open 08:30-17:00, entry 1.4 USD.",1.4,08:30-17:00,2 hours,3.5,"882 Beachside Lane, Vitória",-20.308384510667263,-40.34961462554705,"['foodie', 'elderly travelers', 'business travelers']","['Restrooms', 'Information Desk', 'Restaurant', 'Souvenir Shop', 'First Aid Station', 'Luggage Storage', 'Food markets', 'tasting tours', 'wheelchair rental', 'benches/rest areas', 'High speed WiFi']"
113,Vitória,Brazil,Historic Site/Landmark,Cidade Velha Fortifications and Academy Ruins,"Cidade Velha Fortifications and Academy Ruins is a historic site in Vitória, Brazil, popular for its memorable experiences. Entry fee is 6.23 USD. Recommended visit: 2 hours. Discover Cidade Velha Fortifications and Academy Ruins, a notable historic site in Vitória, Brazil, ideal for visitors. Open 09:00-21:00, entry 6.23 USD.",6.23,09:00-21:00,2 hours,3.5,"479 Seoul Cultural Street, Vitória",-20.29688232645848,-40.32857096757929,"['with pets', 'photography', 'disabled traveler']","['Restrooms', 'Information Desk', 'Restaurant', 'Souvenir Shop', 'First Aid Station', 'Luggage Storage', 'Pet-friendly', 'pet water stations', 'Pet rest area', 'photo spots', 'guided photo tours', 'charging stations', 'ramps', 'elevators', 'wheelchair rentals', 'accessible restrooms']"
114,Vitória,Brazil,Historic Site/Landmark,Cerro do Sol Martial Arts Hall,"Cerro do Sol Martial Arts Hall is a historic site in Vitória, Brazil, popular for its memorable experiences. Entry fee is 6.85 USD. Recommended visit: 2 hours. Discover Cerro do Sol Martial Arts Hall, a notable historic site in Vitória, Brazil, ideal for visitors. Open 19:30-22:30, entry 6.85 USD.",6.85,19:30-22:30,2 hours,3.5,"No. 123, Xicheng Science Park, Vitória",-20.509718373115923,-29.333852320645818,"['with children', 'fast-paced budget travel', 'foodie']","['Restrooms', 'Information Desk', 'Restaurant', 'Souvenir Shop', 'First Aid Station', 'Luggage Storage', 'family restrooms', 'Nursing facilities', 'city passes', 'luggage storage', 'self-guided tours', 'Food markets', 'tasting tours']"
115,Vitória,Brazil,Historic Site/Landmark,Cidade Velha Cultural Theater,"Cidade Velha Cultural Theater is a historic site in Vitória, Brazil, popular for its memorable experiences. Entry fee is 9.73 USD. Recommended visit: 2 hours. Discover Cidade Velha Cultural Theater, a notable historic site in Vitória, Brazil, ideal for visitors. Open 06:00-18:00, entry 9.73 USD.",9.73,06:00-18:00,2 hours,3.5,"123 Canton Road, Vitória",-20.26584953868876,-40.25497885038872,"['with pets', 'luxury travelers', 'elderly travelers']","['Restrooms', 'Information Desk', 'Restaurant', 'Souvenir Shop', 'First Aid Station', 'Luggage Storage', 'Pet-friendly', 'pet water stations', 'Pet rest area', 'private tours', 'skip the line passes', 'VIP exclusive events', 'wheelchair rental', 'benches/rest areas']"
116,Vitória,Brazil,Historic Site/Landmark,Cerro da Mina Heritage Walk,"Cerro da Mina Heritage Walk is a historic site in Vitória, Brazil, popular for its memorable experiences. Entry fee is 7.0 USD. Recommended visit: 2 hours. Discover Cerro da Mina Heritage Walk, a notable historic site in Vitória, Brazil, ideal for visitors. Open 08:30-17:00, entry 7.0 USD.",7.0,08:30-17:00,2 hours,3.5,"140 Suthep Road, Vitória",-20.30067475740437,-40.34574609598001,"['fast-paced budget travel', 'photography']","['Restrooms', 'Information Desk', 'Restaurant', 'Souvenir Shop', 'First Aid Station', 'Luggage Storage', 'city passes', 'luggage storage', 'self-guided tours', 'photo spots', 'guided photo tours', 'charging stations']"
117,Vitória,Brazil,Historic Site/Landmark,Echoes of the Revolution Museum,"Echoes of the Revolution Museum is a historic site in Vitória, Brazil, popular for its memorable experiences. Entry fee is 26.79 USD. Recommended visit: 2 hours. Discover Echoes of the Revolution Museum, a notable historic site in Vitória, Brazil, ideal for visitors. Open 08:30-17:00, entry 26.79 USD.",26.79,08:30-17:00,2 hours,3.5,"No. 456, Xueyin Road, Vitória",-20.28525475007064,-40.327930800161646,"['elderly travelers', 'road trip']","['Restrooms', 'Information Desk', 'Restaurant', 'Souvenir Shop', 'First Aid Station', 'Luggage Storage', 'wheelchair rental', 'benches/rest areas', 'parking']"
118,Vitória,Brazil,Historic Site/Landmark,Echoes of the Old Quarter,"Echoes of the Old Quarter is a historic site in Vitória, Brazil, popular for its memorable experiences. Entry fee is 5.6 USD. Recommended visit: 2 hours. Discover Echoes of the Old Quarter, a notable historic site in Vitória, Brazil, ideal for visitors. Open 09:00-21:00, entry 5.6 USD.",5.6,09:00-21:00,2 hours,3.5,"412 Jurong East Avenue 6, Vitória",-20.28899736803269,-40.3301516819399,"['solo women', 'luxury travelers', 'elderly travelers']","['Restrooms', 'Information Desk', 'Restaurant', 'Souvenir Shop', 'First Aid Station', 'Luggage Storage', 'group tours', 'security', 'private tours', 'skip the line passes', 'VIP exclusive events', 'wheelchair rental', 'benches/rest areas']"
119,Vitória,Brazil,Historic Site/Landmark,Casa do Mar e dos Reis,"Casa do Mar e dos Reis is a historic site in Vitória, Brazil, popular for its memorable experiences. Entry fee is 13.36 USD. Recommended visit: 2 hours. Discover Casa do Mar e dos Reis, a notable historic site in Vitória, Brazil, ideal for visitors. Open 10:00-20:00, entry 13.36 USD.",13.36,10:00-20:00,2 hours,3.5,"591 Sakura Street, Vitória",-20.239316040056444,-40.25784938038579,"['nightlife enthusiast', 'solo women', 'luxury travelers']","['Restrooms', 'Information Desk', 'Restaurant', 'Souvenir Shop', 'First Aid Station', 'Luggage Storage', 'night markets', 'bars', 'evening shows', 'group tours', 'security', 'private tours', 'skip the line passes', 'VIP exclusive events']"
120,Vitória,Brazil,Historic Site/Landmark,Cape of the Moonlight Watchers,"Cape of the Moonlight Watchers is a historic site in Vitória, Brazil, popular for its memorable experiences. Entry fee is 10.59 USD. Recommended visit: 2 hours. Discover Cape of the Moonlight Watchers, a notable historic site in Vitória, Brazil, ideal for visitors. Open 09:00-17:00, entry 10.59 USD.",10.59,09:00-17:00,2 hours,3.5,"524-12, Gwangalli-dong, Vitória",-20.30430560886188,-40.34754713259622,"['nightlife enthusiast', 'couples trip', 'foodie']","['Restrooms', 'Information Desk', 'Restaurant', 'Souvenir Shop', 'First Aid Station', 'Luggage Storage', 'night markets', 'bars', 'evening shows', 'scenic spots', 'sunset cruises', 'special couples experiences', 'Food markets', 'tasting tours']"
121,Vitória,Brazil,Historic Site/Landmark,Echoing Stone Hall,"Echoing Stone Hall is a historic site in Vitória, Brazil, popular for its memorable experiences. Entry fee is 5.38 USD. Recommended visit: 2 hours. Discover Echoing Stone Hall, a notable historic site in Vitória, Brazil, ideal for visitors. Open 08:30-19:00, entry 5.38 USD.",5.38,08:30-19:00,2 hours,3.5,"256 Victoria Harbour Promenade, Central, Vitória",-20.27497202483802,-40.30081669957442,"['fast-paced budget travel', 'luxury travelers', 'road trip']","['Restrooms', 'Information Desk', 'Restaurant', 'Souvenir Shop', 'First Aid Station', 'Luggage Storage', 'city passes', 'luggage storage', 'self-guided tours', 'private tours', 'skip the line passes', 'VIP exclusive events', 'parking']"
122,Vitória,Brazil,Museum/Art Gallery,Luz e Forma Gallery,"Luz e Forma Gallery is a museum in Vitória, Brazil, popular for its unique collections and exhibitions. Entry fee is 14.47 USD. Recommended visit: 2 hours. Discover Luz e Forma Gallery, a renowned museum in Vitória, Brazil, ideal for art lovers. Open 09:00-18:00, entry 14.47 USD.",14.47,09:00-18:00,2 hours,4.0,"154 Shinkawa Street, Naka-ku, Vitória",-20.308010107887537,-40.31612124588571,"['with pets', 'luxury travelers', 'disabled traveler']","['Restrooms', 'Information Desk', 'Restaurant', 'Souvenir Shop', 'First Aid Station', 'Luggage Storage', 'Pet-friendly', 'pet water stations', 'Pet rest area', 'private tours', 'skip the line passes', 'VIP exclusive events', 'ramps', 'elevators', 'wheelchair rentals', 'accessible restrooms']"
123,Vitória,Brazil,Museum/Art Gallery,Echoes of the Past,"Echoes of the Past is a museum in Vitória, Brazil, popular for its unique collections and exhibitions. Entry fee is 2.77 USD. Recommended visit: 2 hours. Discover Echoes of the Past, a renowned museum in Vitória, Brazil, ideal for art lovers. Open 08:30-17:00, entry 2.77 USD.",2.77,08:30-17:00,2 hours,4.0,"No. 456, Xueyuan Road, Vitória",-20.24405224711857,-40.245946601287415,"['fast-paced budget travel', 'foodie']","['Restrooms', 'Information Desk', 'Restaurant', 'Souvenir Shop', 'First Aid Station', 'Luggage Storage', 'city passes', 'luggage storage', 'self-guided tours', 'Food markets', 'tasting tours']"
124,Vitória,Brazil,Museum/Art Gallery,Luz do Atlântico Cultural Hub,"Luz do Atlântico Cultural Hub is a museum in Vitória, Brazil, popular for its unique collections and exhibitions. Entry fee is 4.35 USD. Recommended visit: 2 hours. Discover Luz do Atlântico Cultural Hub, a renowned museum in Vitória, Brazil, ideal for art lovers. Open 09:00-17:00, entry 4.35 USD.",4.35,09:00-17:00,2 hours,4.0,"647 Gwangalli Beach Road, Vitória",-20.28561563068378,-40.335840257480456,"['nightlife enthusiast', 'photography', 'business travelers']","['Restrooms', 'Information Desk', 'Restaurant', 'Souvenir Shop', 'First Aid Station', 'Luggage Storage', 'night markets', 'bars', 'evening shows', 'photo spots', 'guided photo tours', 'charging stations', 'High speed WiFi']"
125,Vitória,Brazil,Museum/Art Gallery,Luz e Forma Contemporary Museum,"Luz e Forma Contemporary Museum is a museum in Vitória, Brazil, popular for its unique collections and exhibitions. Entry fee is 52.55 USD. Recommended visit: 2 hours. Discover Luz e Forma Contemporary Museum, a renowned museum in Vitória, Brazil, ideal for art lovers. Open 10:00-22:00, entry 52.55 USD.",52.55,10:00-22:00,2 hours,4.0,"558-12-8 Shibuya, Vitória",-20.262801207032467,-40.32717729009755,"['solo women', 'with pets']","['Restrooms', 'Information Desk', 'Restaurant', 'Souvenir Shop', 'First Aid Station', 'Luggage Storage', 'group tours', 'security', 'Pet-friendly', 'pet water stations', 'Pet rest area']"
126,Vitória,Brazil,Museum/Art Gallery,Café das Cores,"Café das Cores is a museum in Vitória, Brazil, popular for its unique collections and exhibitions. Entry fee is 9.52 USD. Recommended visit: 2 hours. Discover Café das Cores, a renowned museum in Vitória, Brazil, ideal for art lovers. Open 09:00-17:30, entry 9.52 USD.",9.52,09:00-17:30,2 hours,4.0,"873 Seocho-ro, Ssangmundong-gu, Vitória",-20.25726223261894,-40.28214955602996,"['fast-paced budget travel', 'disabled traveler', 'road trip']","['Restrooms', 'Information Desk', 'Restaurant', 'Souvenir Shop', 'First Aid Station', 'Luggage Storage', 'city passes', 'luggage storage', 'self-guided tours', 'ramps', 'elevators', 'wheelchair rentals', 'accessible restrooms', 'parking']"
127,Vitória,Brazil,Museum/Art Gallery,Luminous Grove of Vitória,"Luminous Grove of Vitória is a museum in Vitória, Brazil, popular for its unique collections and exhibitions. Entry fee is 15.12 USD. Recommended visit: 2 hours. Discover Luminous Grove of Vitória, a renowned museum in Vitória, Brazil, ideal for art lovers. Open 10:00-18:00, entry 15.12 USD.",15.12,10:00-18:00,2 hours,4.0,"101 Suthep Road, Vitória",-20.24009066181229,-40.31575296648476,"['nightlife enthusiast', 'luxury travelers', 'business travelers']","['Restrooms', 'Information Desk', 'Restaurant', 'Souvenir Shop', 'First Aid Station', 'Luggage Storage', 'night markets', 'bars', 'evening shows', 'private tours', 'skip the line passes', 'VIP exclusive events', 'High speed WiFi']"
128,Vitória,Brazil,Museum/Art Gallery,Legacy of the Luminous Flame,"Legacy of the Luminous Flame is a museum in Vitória, Brazil, popular for its unique collections and exhibitions. Entry fee is 286.14 USD. Recommended visit: 2 hours. Discover Legacy of the Luminous Flame, a renowned museum in Vitória, Brazil, ideal for art lovers. Open 09:00-17:30, entry 286.14 USD.",286.14,09:00-17:30,2 hours,4.0,"907 Suthep Road, Vitória",-20.26431411164561,-40.24060943124746,"['luxury travelers', 'couples trip', 'road trip']","['Restrooms', 'Information Desk', 'Restaurant', 'Souvenir Shop', 'First Aid Station', 'Luggage Storage', 'private tours', 'skip the line passes', 'VIP exclusive events', 'scenic spots', 'sunset cruises', 'special couples experiences', 'parking']"
129,Vitória,Brazil,Museum/Art Gallery,Luz do Atlântico Modern Art Center,"Luz do Atlântico Modern Art Center is a museum in Vitória, Brazil, popular for its unique collections and exhibitions. Entry fee is 12.28 USD. Recommended visit: 2 hours. Discover Luz do Atlântico Modern Art Center, a renowned museum in Vitória, Brazil, ideal for art lovers. Open 09:00-21:00, entry 12.28 USD.",12.28,09:00-21:00,2 hours,4.0,"989 Sakura Street, Chuo Ward, Vitória",-20.28646492297949,-40.34695264092846,"['with children', 'couples trip', 'elderly travelers']","['Restrooms', 'Information Desk', 'Restaurant', 'Souvenir Shop', 'First Aid Station', 'Luggage Storage', 'family restrooms', 'Nursing facilities', 'scenic spots', 'sunset cruises', 'special couples experiences', 'wheelchair rental', 'benches/rest areas']"
130,Vitória,Brazil,Museum/Art Gallery,Lusitanian Legacy Museum,"Lusitanian Legacy Museum is a museum in Vitória, Brazil, popular for its unique collections and exhibitions. Entry fee is 7.79 USD. Recommended visit: 2 hours. Discover Lusitanian Legacy Museum, a renowned museum in Vitória, Brazil, ideal for art lovers. Open 19:00-22:00, entry 7.79 USD.",7.79,19:00-22:00,2 hours,4.0,"285 Shinko Street, Chuo Ward, Vitória",-20.274522299739186,-40.31398167707395,"['photography', 'elderly travelers', 'business travelers']","['Restrooms', 'Information Desk', 'Restaurant', 'Souvenir Shop', 'First Aid Station', 'Luggage Storage', 'photo spots', 'guided photo tours', 'charging stations', 'wheelchair rental', 'benches/rest areas', 'High speed WiFi']"
131,Vitória,Brazil,Museum/Art Gallery,CacaoCraft Heritage Studio,"CacaoCraft Heritage Studio is a museum in Vitória, Brazil, popular for its unique collections and exhibitions. Entry fee is 9.17 USD. Recommended visit: 2 hours. Discover CacaoCraft Heritage Studio, a renowned museum in Vitória, Brazil, ideal for art lovers. Open 10:00-22:00, entry 9.17 USD.",9.17,10:00-22:00,2 hours,4.0,"951 Shinjuku Garden Street, Shinjuku, Vitória",-20.255301879234395,-40.25479866846375,"['nightlife enthusiast', 'with children', 'with pets']","['Restrooms', 'Information Desk', 'Restaurant', 'Souvenir Shop', 'First Aid Station', 'Luggage Storage', 'night markets', 'bars', 'evening shows', 'family restrooms', 'Nursing facilities', 'Pet-friendly', 'pet water stations', 'Pet rest area']"
132,Vitória,Brazil,Museum/Art Gallery,Shadowplay Gallery,"Shadowplay Gallery is a museum in Vitória, Brazil, popular for its unique collections and exhibitions. Entry fee is 86.45 USD. Recommended visit: 2 hours. Discover Shadowplay Gallery, a renowned museum in Vitória, Brazil, ideal for art lovers. Open 10:00-17:30, entry 86.45 USD.",86.45,10:00-17:30,2 hours,4.0,"828 Jurong East Ave 6, Vitória",-20.24900285305449,-40.31790374727216,"['business travelers', 'elderly travelers', 'road trip']","['Restrooms', 'Information Desk', 'Restaurant', 'Souvenir Shop', 'First Aid Station', 'Luggage Storage', 'High speed WiFi', 'wheelchair rental', 'benches/rest areas', 'parking']"
133,Vitória,Brazil,Museum/Art Gallery,Abyssal Tides Art Gallery,"Abyssal Tides Art Gallery is a museum in Vitória, Brazil, popular for its unique collections and exhibitions. Entry fee is 8.63 USD. Recommended visit: 2 hours. Discover Abyssal Tides Art Gallery, a renowned museum in Vitória, Brazil, ideal for art lovers. Open 10:00-19:00, entry 8.63 USD.",8.63,10:00-19:00,2 hours,4.0,"587 Shinsaibashi Dori, Chuo Ward, Vitória",-20.50739346104905,-29.32682292205021,"['with children', 'with pets', 'road trip']","['Restrooms', 'Information Desk', 'Restaurant', 'Souvenir Shop', 'First Aid Station', 'Luggage Storage', 'family restrooms', 'Nursing facilities', 'Pet-friendly', 'pet water stations', 'Pet rest area', 'parking']"
134,Vitória,Brazil,Museum/Art Gallery,Echoes of the Coast,"Echoes of the Coast is a museum in Vitória, Brazil, popular for its unique collections and exhibitions. Entry fee is 7.0 USD. Recommended visit: 2 hours. Discover Echoes of the Coast, a renowned museum in Vitória, Brazil, ideal for art lovers. Open 09:30-17:00, entry 7.0 USD.",7.0,09:30-17:00,2 hours,4.0,"No. 456, Xiamen Cultural Arts Center, Vitória",-20.318384089278727,-40.35584326289987,"['fast-paced budget travel', 'photography', 'luxury travelers']","['Restrooms', 'Information Desk', 'Restaurant', 'Souvenir Shop', 'First Aid Station', 'Luggage Storage', 'city passes', 'luggage storage', 'self-guided tours', 'photo spots', 'guided photo tours', 'charging stations', 'private tours', 'skip the line passes', 'VIP exclusive events']"
135,Vitória,Brazil,Museum/Art Gallery,Luz e Cor Gallery Walk,"Luz e Cor Gallery Walk is a museum in Vitória, Brazil, popular for its unique collections and exhibitions. Entry fee is 0.0 USD. Recommended visit: 2 hours. Discover Luz e Cor Gallery Walk, a renowned museum in Vitória, Brazil, ideal for art lovers. Open 09:00-17:30, entry 0.0 USD.",0.0,09:00-17:30,2 hours,4.0,"661 Sukhumvit Road, Khlong Toei District, Vitória",-20.5037937918484,-29.33480811818798,"['with children', 'with pets', 'couples trip']","['Restrooms', 'Information Desk', 'Restaurant', 'Souvenir Shop', 'First Aid Station', 'Luggage Storage', 'family restrooms', 'Nursing facilities', 'Pet-friendly', 'pet water stations', 'Pet rest area', 'scenic spots', 'sunset cruises', 'special couples experiences']"
136,Vitória,Brazil,Museum/Art Gallery,Echoes of the Coast No.2,"Echoes of the Coast is a museum in Vitória, Brazil, popular for its unique collections and exhibitions. Entry fee is 3.78 USD. Recommended visit: 2 hours. Discover Echoes of the Coast, a renowned museum in Vitória, Brazil, ideal for art lovers. Open 09:00-17:30, entry 3.78 USD.",3.78,09:00-17:30,2 hours,4.0,"No. 456, Cultural Avenue, Haizhu District, Vitória",-20.30437213804067,-40.35136276939746,"['photography', 'couples trip', 'elderly travelers']","['Restrooms', 'Information Desk', 'Restaurant', 'Souvenir Shop', 'First Aid Station', 'Luggage Storage', 'photo spots', 'guided photo tours', 'charging stations', 'scenic spots', 'sunset cruises', 'special couples experiences', 'wheelchair rental', 'benches/rest areas']"
137,Vitória,Brazil,Museum/Art Gallery,Cultural Fusion Gallery of Vitória,"Cultural Fusion Gallery of Vitória is a museum in Vitória, Brazil, popular for its unique collections and exhibitions. Entry fee is 28.12 USD. Recommended visit: 2 hours. Discover Cultural Fusion Gallery of Vitória, a renowned museum in Vitória, Brazil, ideal for art lovers. Open 10:00-21:00, entry 28.12 USD.",28.12,10:00-21:00,2 hours,4.0,"992-8-11 Asakusa 1-chome, Taito City, Vitória",-20.274861880404103,-40.3092594086804,"['fast-paced budget travel', 'photography', 'road trip']","['Restrooms', 'Information Desk', 'Restaurant', 'Souvenir Shop', 'First Aid Station', 'Luggage Storage', 'city passes', 'luggage storage', 'self-guided tours', 'photo spots', 'guided photo tours', 'charging stations', 'parking']"
138,Vitória,Brazil,Museum/Art Gallery,Luminous Heritage Pavilion,"Luminous Heritage Pavilion is a museum in Vitória, Brazil, popular for its unique collections and exhibitions. Entry fee is 19.51 USD. Recommended visit: 2 hours. Discover Luminous Heritage Pavilion, a renowned museum in Vitória, Brazil, ideal for art lovers. Open 09:00-18:00, entry 19.51 USD.",19.51,09:00-18:00,2 hours,4.0,"No. 88 West Lake Scenic Area, Vitória",-20.275946633529458,-40.3083053273586,"['with pets', 'elderly travelers']","['Restrooms', 'Information Desk', 'Restaurant', 'Souvenir Shop', 'First Aid Station', 'Luggage Storage', 'Pet-friendly', 'pet water stations', 'Pet rest area', 'wheelchair rental', 'benches/rest areas']"
139,Vitória,Brazil,Museum/Art Gallery,Luminous Heritage Gallery,"Luminous Heritage Gallery is a museum in Vitória, Brazil, popular for its unique collections and exhibitions. Entry fee is 6.37 USD. Recommended visit: 2 hours. Discover Luminous Heritage Gallery, a renowned museum in Vitória, Brazil, ideal for art lovers. Open 10:00-20:00, entry 6.37 USD.",6.37,10:00-20:00,2 hours,4.0,"No. 45, Qianmen Street, Vitória",-20.299500708311843,-40.29454657861295,"['solo women', 'luxury travelers', 'disabled traveler']","['Restrooms', 'Information Desk', 'Restaurant', 'Souvenir Shop', 'First Aid Station', 'Luggage Storage', 'group tours', 'security', 'private tours', 'skip the line passes', 'VIP exclusive events', 'ramps', 'elevators', 'wheelchair rentals', 'accessible restrooms']"
140,Vitória,Brazil,Museum/Art Gallery,Luz e Sombras Vitória,"Luz e Sombras Vitória is a museum in Vitória, Brazil, popular for its unique collections and exhibitions. Entry fee is 24.92 USD. Recommended visit: 2 hours. Discover Luz e Sombras Vitória, a renowned museum in Vitória, Brazil, ideal for art lovers. Open 09:00-17:30, entry 24.92 USD.",24.92,09:00-17:30,2 hours,4.0,"788 Suthep Road, Vitória",-20.292091497229784,-40.35276158785491,"['road trip', 'fast-paced budget travel', 'business travelers']","['Restrooms', 'Information Desk', 'Restaurant', 'Souvenir Shop', 'First Aid Station', 'Luggage Storage', 'parking', 'city passes', 'luggage storage', 'self-guided tours', 'High speed WiFi']"
141,Vitória,Brazil,Museum/Art Gallery,Vitória Combat Arts Legacy,"Vitória Combat Arts Legacy is a museum in Vitória, Brazil, popular for its unique collections and exhibitions. Entry fee is 15.9 USD. Recommended visit: 2 hours. Discover Vitória Combat Arts Legacy, a renowned museum in Vitória, Brazil, ideal for art lovers. Open 10:00-17:00, entry 15.9 USD.",15.9,10:00-17:00,2 hours,4.0,"156 Queen's Road Central, Vitória",-20.307935973557672,-40.31058062575016,"['photography', 'luxury travelers', 'disabled traveler']","['Restrooms', 'Information Desk', 'Restaurant', 'Souvenir Shop', 'First Aid Station', 'Luggage Storage', 'photo spots', 'guided photo tours', 'charging stations', 'private tours', 'skip the line passes', 'VIP exclusive events', 'ramps', 'elevators', 'wheelchair rentals', 'accessible restrooms']"
142,Vitória,Brazil,Museum/Art Gallery,Luz e Litoral Cultural Center,"Luz e Litoral Cultural Center is a museum in Vitória, Brazil, popular for its unique collections and exhibitions. Entry fee is 5.61 USD. Recommended visit: 2 hours. Discover Luz e Litoral Cultural Center, a renowned museum in Vitória, Brazil, ideal for art lovers. Open 09:30-17:00, entry 5.61 USD.",5.61,09:30-17:00,2 hours,4.0,"661 Sukhumvit Road, Khlong Toei District, Vitória",-20.24594880259125,-40.29412045497152,['fast-paced budget travel'],"['Restrooms', 'Information Desk', 'Restaurant', 'Souvenir Shop', 'First Aid Station', 'Luggage Storage', 'city passes', 'luggage storage', 'self-guided tours']"
143,Vitória,Brazil,Museum/Art Gallery,Luz do Atlântico Art Center,"Luz do Atlântico Art Center is a museum in Vitória, Brazil, popular for its unique collections and exhibitions. Entry fee is 4.57 USD. Recommended visit: 2 hours. Discover Luz do Atlântico Art Center, a renowned museum in Vitória, Brazil, ideal for art lovers. Open 10:00-20:00, entry 4.57 USD.",4.57,10:00-20:00,2 hours,4.0,"691 Sairee Road, Vitória",-20.24903080531301,-40.27461318766882,"['with children', 'solo women', 'disabled traveler']","['Restrooms', 'Information Desk', 'Restaurant', 'Souvenir Shop', 'First Aid Station', 'Luggage Storage', 'family restrooms', 'Nursing facilities', 'group tours', 'security', 'ramps', 'elevators', 'wheelchair rentals', 'accessible restrooms']"
144,Vitória,Brazil,Museum/Art Gallery,Vitória Soundscapes Gallery,"Vitória Soundscapes Gallery is a museum in Vitória, Brazil, popular for its unique collections and exhibitions. Entry fee is 6.2 USD. Recommended visit: 2 hours. Discover Vitória Soundscapes Gallery, a renowned museum in Vitória, Brazil, ideal for art lovers. Open 08:30-17:30, entry 6.2 USD.",6.2,08:30-17:30,2 hours,4.0,"441 Nakanoshima-dori, Kita-ku, Vitória",-20.27059454016565,-40.24056395807,"['nightlife enthusiast', 'photography', 'elderly travelers']","['Restrooms', 'Information Desk', 'Restaurant', 'Souvenir Shop', 'First Aid Station', 'Luggage Storage', 'night markets', 'bars', 'evening shows', 'photo spots', 'guided photo tours', 'charging stations', 'wheelchair rental', 'benches/rest areas']"
145,Vitória,Brazil,Museum/Art Gallery,Marine Visions and Artifacts Gallery,"Marine Visions and Artifacts Gallery is a museum in Vitória, Brazil, popular for its unique collections and exhibitions. Entry fee is 7.46 USD. Recommended visit: 2 hours. Discover Marine Visions and Artifacts Gallery, a renowned museum in Vitória, Brazil, ideal for art lovers. Open 09:30-17:00, entry 7.46 USD.",7.46,09:30-17:00,2 hours,4.0,"No. 45, Qianmen Street, Vitória",-20.30003166818264,-40.33125003735949,"['with children', 'foodie', 'luxury travelers']","['Restrooms', 'Information Desk', 'Restaurant', 'Souvenir Shop', 'First Aid Station', 'Luggage Storage', 'family restrooms', 'Nursing facilities', 'Food markets', 'tasting tours', 'private tours', 'skip the line passes', 'VIP exclusive events']"
146,Vitória,Brazil,Museum/Art Gallery,Harmonic Strings Cultural Hub,"Harmonic Strings Cultural Hub is a museum in Vitória, Brazil, popular for its unique collections and exhibitions. Entry fee is 16.33 USD. Recommended visit: 2 hours. Discover Harmonic Strings Cultural Hub, a renowned museum in Vitória, Brazil, ideal for art lovers. Open 11:00-21:00, entry 16.33 USD.",16.33,11:00-21:00,2 hours,4.0,"No. 500, Century Avenue, Vitória",-20.260574784245907,-40.2834125116991,"['solo women', 'photography', 'elderly travelers']","['Restrooms', 'Information Desk', 'Restaurant', 'Souvenir Shop', 'First Aid Station', 'Luggage Storage', 'group tours', 'security', 'photo spots', 'guided photo tours', 'charging stations', 'wheelchair rental', 'benches/rest areas']"
147,Vitória,Brazil,Museum/Art Gallery,Echoes of the Coastal Craft,"Echoes of the Coastal Craft is a museum in Vitória, Brazil, popular for its unique collections and exhibitions. Entry fee is 11.22 USD. Recommended visit: 2 hours. Discover Echoes of the Coastal Craft, a renowned museum in Vitória, Brazil, ideal for art lovers. Open 09:00-17:30, entry 11.22 USD.",11.22,09:00-17:30,2 hours,4.0,"798-8523, 3-12-8 Shibuya, Shibuya City, Vitória",-20.254546409998465,-40.23513053335597,"['fast-paced budget travel', 'with pets', 'business travelers']","['Restrooms', 'Information Desk', 'Restaurant', 'Souvenir Shop', 'First Aid Station', 'Luggage Storage', 'city passes', 'luggage storage', 'self-guided tours', 'Pet-friendly', 'pet water stations', 'Pet rest area', 'High speed WiFi']"
148,Vitória,Brazil,Museum/Art Gallery,Luz do Mar Interactive Art Nexus,"Luz do Mar Interactive Art Nexus is a museum in Vitória, Brazil, popular for its unique collections and exhibitions. Entry fee is 8.31 USD. Recommended visit: 2 hours. Discover Luz do Mar Interactive Art Nexus, a renowned museum in Vitória, Brazil, ideal for art lovers. Open 10:00-19:00, entry 8.31 USD.",8.31,10:00-19:00,2 hours,4.0,"765 Gwangjang Market St, Jongno-gu, Vitória",-20.321509222866148,-40.29626430869268,"['with children', 'solo women', 'elderly travelers']","['Restrooms', 'Information Desk', 'Restaurant', 'Souvenir Shop', 'First Aid Station', 'Luggage Storage', 'family restrooms', 'Nursing facilities', 'group tours', 'security', 'wheelchair rental', 'benches/rest areas']"
149,Vitória,Brazil,Museum/Art Gallery,Echoes of the Forgotten Realm,"Echoes of the Forgotten Realm is a museum in Vitória, Brazil, popular for its unique collections and exhibitions. Entry fee is 10.4 USD. Recommended visit: 2 hours. Discover Echoes of the Forgotten Realm, a renowned museum in Vitória, Brazil, ideal for art lovers. Open 09:00-17:30, entry 10.4 USD.",10.4,09:00-17:30,2 hours,4.0,"347 Shinsaibashi Dori, Chuo Ward, Vitória",-20.239505798555463,-40.3101048251454,"['couples trip', 'elderly travelers']","['Restrooms', 'Information Desk', 'Restaurant', 'Souvenir Shop', 'First Aid Station', 'Luggage Storage', 'scenic spots', 'sunset cruises', 'special couples experiences', 'wheelchair rental', 'benches/rest areas']"
150,Vitória,Brazil,Museum/Art Gallery,Luz do Mar Cultural Hub,"Luz do Mar Cultural Hub is a museum in Vitória, Brazil, popular for its unique collections and exhibitions. Entry fee is 37.37 USD. Recommended visit: 2 hours. Discover Luz do Mar Cultural Hub, a renowned museum in Vitória, Brazil, ideal for art lovers. Open 09:30-17:00, entry 37.37 USD.",37.37,09:30-17:00,2 hours,4.0,"682 Seogwipo Street, Vitória",-20.26970098770116,-40.24978665683805,['photography'],"['Restrooms', 'Information Desk', 'Restaurant', 'Souvenir Shop', 'First Aid Station', 'Luggage Storage', 'photo spots', 'guided photo tours', 'charging stations']"
