hotel_id,city_name,country,name,about,address,longitude,latitude,amenities_group,amenities,price,rating,star,rate_of_restaurant
1,Antalya,Turkey,Antalya Central Hotel 1,"Antalya Central Hotel 1 is a 5-star hotel in Antalya, Turkey, offering Wi-Fi, Luggage storage, Air conditioning, Room cleaning service, Safety deposit box, Television, Scenic rooms, Sunrise calls, Photography services/packages, Free Wi-Fi, Communal kitchens, Laundry, Lockers, Pet-friendly, Pet rest area, Pet beds, Durable floors. Average price is 148.0 USD per night. Enjoy comfortable stays with a rating of 9.0/5. The on-site restaurant is rated 5/5.","996 Shinkawa Street, Chuo Ward, Antalya",31.59605759541057,37.11464389740748,"['photography', 'fast-paced budget travel', 'with pets']","['Wi-Fi', 'Luggage storage', 'Air conditioning', 'Room cleaning service', 'Safety deposit box', 'Television', 'Scenic rooms', 'Sunrise calls', 'Photography services/packages', 'Free Wi-Fi', 'Communal kitchens', 'Laundry', 'Lockers', 'Pet-friendly', 'Pet rest area', 'Pet beds', 'Durable floors']",148.0,9.0,5.0,5
2,Antalya,Turkey,Seaside Harmony Resort & Villas,"Seaside Harmony Resort & Villas is a 3-star hotel in Antalya, Turkey, offering Wi-Fi, Luggage storage, Air conditioning, Room cleaning service, Safety deposit box, Television, Women-only floors/rooms, Privacy-conscious check-in, 24-hour security, Surveillance cameras, Double locks on doors, Parking, 24-hour front desk, EV charging for electric vehicles, Free Wi-Fi, Communal kitchens, Laundry, Lockers. Average price is 53.0 USD per night. Enjoy comfortable stays with a rating of 8.0/5. The on-site restaurant is rated 5/5.","No. 588, Jing'an Road, Jing'an District, Antalya",31.57087313193276,36.15245114540453,"['solo women', 'road trip', 'fast-paced budget travel']","['Wi-Fi', 'Luggage storage', 'Air conditioning', 'Room cleaning service', 'Safety deposit box', 'Television', 'Women-only floors/rooms', 'Privacy-conscious check-in', '24-hour security', 'Surveillance cameras', 'Double locks on doors', 'Parking', '24-hour front desk', 'EV charging for electric vehicles', 'Free Wi-Fi', 'Communal kitchens', 'Laundry', 'Lockers']",53.0,8.0,3.0,5
3,Antalya,Turkey,Antalya Central Hotel 2,"Antalya Central Hotel 2 is a 3-star hotel in Antalya, Turkey, offering Wi-Fi, Luggage storage, Air conditioning, Room cleaning service, Safety deposit box, Television, Women-only floors/rooms, Privacy-conscious check-in, 24-hour security, Surveillance cameras, Double locks on doors, Parking, 24-hour front desk, EV charging for electric vehicles, Bathtubs/jacuzzis, Scenic rooms/villas, Spa. Average price is 85.0 USD per night. Enjoy comfortable stays with a rating of 8.0/5. The on-site restaurant is rated 1/5.","272 Shinsaibashi Dori, Chuo Ward, Antalya",30.8207201607619,37.30001366236587,"['solo women', 'road trip', 'couples trip']","['Wi-Fi', 'Luggage storage', 'Air conditioning', 'Room cleaning service', 'Safety deposit box', 'Television', 'Women-only floors/rooms', 'Privacy-conscious check-in', '24-hour security', 'Surveillance cameras', 'Double locks on doors', 'Parking', '24-hour front desk', 'EV charging for electric vehicles', 'Bathtubs/jacuzzis', 'Scenic rooms/villas', 'Spa']",85.0,8.0,3.0,1
4,Antalya,Turkey,Antalya Central Inn 3,"Antalya Central Inn 3 is a 3-star hotel in Antalya, Turkey, offering Wi-Fi, Luggage storage, Air conditioning, Room cleaning service, Safety deposit box, Television, Women-only floors/rooms, Privacy-conscious check-in, 24-hour security, Surveillance cameras, Double locks on doors, Scenic rooms, Sunrise calls, Photography services/packages, Elevators, Bathroom grab bars, Medical contacts, Breakfast with dietary options. Average price is 115.0 USD per night. Enjoy comfortable stays with a rating of 8.4/5. The on-site restaurant is rated 5/5.","No. 456, Huafeng Road, Antalya",31.71526626558422,36.61056715903052,"['solo women', 'photography', 'elderly travelers']","['Wi-Fi', 'Luggage storage', 'Air conditioning', 'Room cleaning service', 'Safety deposit box', 'Television', 'Women-only floors/rooms', 'Privacy-conscious check-in', '24-hour security', 'Surveillance cameras', 'Double locks on doors', 'Scenic rooms', 'Sunrise calls', 'Photography services/packages', 'Elevators', 'Bathroom grab bars', 'Medical contacts', 'Breakfast with dietary options']",115.0,8.4,3.0,5
5,Antalya,Turkey,Sunny Beachside Resort,"Sunny Beachside Resort is a 2-star hotel in Antalya, Turkey, offering Wi-Fi, Luggage storage, Air conditioning, Room cleaning service, Safety deposit box, Television, Women-only floors/rooms, Privacy-conscious check-in, 24-hour security, Surveillance cameras, Double locks on doors, 24-hour front desk, Late room service, On-site bars, Rooftop lounges/nightclubs, Elevators, Bathroom grab bars, Medical contacts, Breakfast with dietary options. Average price is 100.0 USD per night. Enjoy comfortable stays with a rating of 5.0/5. The on-site restaurant is rated 4/5.","No. 456, Cultural Arts Avenue, Beilin District, Antalya",31.87806979868296,37.15556337895444,"['solo women', 'nightlife enthusiast', 'elderly travelers']","['Wi-Fi', 'Luggage storage', 'Air conditioning', 'Room cleaning service', 'Safety deposit box', 'Television', 'Women-only floors/rooms', 'Privacy-conscious check-in', '24-hour security', 'Surveillance cameras', 'Double locks on doors', '24-hour front desk', 'Late room service', 'On-site bars', 'Rooftop lounges/nightclubs', 'Elevators', 'Bathroom grab bars', 'Medical contacts', 'Breakfast with dietary options']",100.0,5.0,2.0,4
6,Antalya,Turkey,Antalya Garden Suites 4,"Antalya Garden Suites 4 is a 2-star hotel in Antalya, Turkey, offering Wi-Fi, Luggage storage, Air conditioning, Room cleaning service, Safety deposit box, Television, Accessible entrances, Ramps/lifts, Accessible rooms/bathrooms, Braille/raised signage, Free Wi-Fi, Communal kitchens, Laundry, Lockers, Spa, Gym, Premium bedding, Bar. Average price is 11.0 USD per night. Enjoy comfortable stays with a rating of 10.0/5. The on-site restaurant is rated 1/5.","139 Sathorn Road, Watthana District, Antalya",32.180644488295655,36.33923869399528,"['disabled traveler', 'fast-paced budget travel', 'luxury travelers']","['Wi-Fi', 'Luggage storage', 'Air conditioning', 'Room cleaning service', 'Safety deposit box', 'Television', 'Accessible entrances', 'Ramps/lifts', 'Accessible rooms/bathrooms', 'Braille/raised signage', 'Free Wi-Fi', 'Communal kitchens', 'Laundry', 'Lockers', 'Spa', 'Gym', 'Premium bedding', 'Bar']",11.0,10.0,2.0,1
7,Antalya,Turkey,Antalya Sunrise Resort 5,"Antalya Sunrise Resort 5 is a 5-star hotel in Antalya, Turkey, offering Wi-Fi, Luggage storage, Air conditioning, Room cleaning service, Safety deposit box, Television, 24-hour front desk, Late room service, On-site bars, Rooftop lounges/nightclubs, Free Wi-Fi, Communal kitchens, Laundry, Lockers, Elevators, Bathroom grab bars, Medical contacts, Breakfast with dietary options. Average price is 257.0 USD per night. Enjoy comfortable stays with a rating of 9.0/5. The on-site restaurant is rated 5/5.","No. 456, Riverside Avenue, Yuzhong District, Antalya",30.874166493316817,37.019570015701305,"['nightlife enthusiast', 'fast-paced budget travel', 'elderly travelers']","['Wi-Fi', 'Luggage storage', 'Air conditioning', 'Room cleaning service', 'Safety deposit box', 'Television', '24-hour front desk', 'Late room service', 'On-site bars', 'Rooftop lounges/nightclubs', 'Free Wi-Fi', 'Communal kitchens', 'Laundry', 'Lockers', 'Elevators', 'Bathroom grab bars', 'Medical contacts', 'Breakfast with dietary options']",257.0,9.0,5.0,5
8,Antalya,Turkey,Sunny Bay Coastal Resort,"Sunny Bay Coastal Resort is a 4-star hotel in Antalya, Turkey, offering Wi-Fi, Luggage storage, Air conditioning, Room cleaning service, Safety deposit box, Television, Child-friendly rooms, Baby cots, Stroller storage, Diaper changing tables, Nursing rooms, 24-hour front desk, Late room service, On-site bars, Rooftop lounges/nightclubs, Parking, EV charging for electric vehicles. Average price is 58.0 USD per night. Enjoy comfortable stays with a rating of 8.8/5. The on-site restaurant is rated 3/5.","833 Shinsaibashi Dori, Chuo Ward, Antalya",30.83352219413206,37.1796121038003,"['with children', 'nightlife enthusiast', 'road trip']","['Wi-Fi', 'Luggage storage', 'Air conditioning', 'Room cleaning service', 'Safety deposit box', 'Television', 'Child-friendly rooms', 'Baby cots', 'Stroller storage', 'Diaper changing tables', 'Nursing rooms', '24-hour front desk', 'Late room service', 'On-site bars', 'Rooftop lounges/nightclubs', 'Parking', 'EV charging for electric vehicles']",58.0,8.8,4.0,3
9,Antalya,Turkey,Antalya Inn Resort 6,"Antalya Inn Resort 6 is a 3-star hotel in Antalya, Turkey, offering Wi-Fi, Luggage storage, Air conditioning, Room cleaning service, Safety deposit box, Television, Child-friendly rooms, Baby cots, Stroller storage, Diaper changing tables, Nursing rooms, Scenic rooms, Sunrise calls, Photography services/packages, Spa, Gym, Premium bedding, Bar. Average price is 216.0 USD per night. Enjoy comfortable stays with a rating of 8.4/5. The on-site restaurant is rated 5/5.","960/17 Charoenkrung Road, Samphanthawong District, Antalya",31.608216111639187,36.94486405161088,"['with children', 'photography', 'luxury travelers']","['Wi-Fi', 'Luggage storage', 'Air conditioning', 'Room cleaning service', 'Safety deposit box', 'Television', 'Child-friendly rooms', 'Baby cots', 'Stroller storage', 'Diaper changing tables', 'Nursing rooms', 'Scenic rooms', 'Sunrise calls', 'Photography services/packages', 'Spa', 'Gym', 'Premium bedding', 'Bar']",216.0,8.4,3.0,5
10,Antalya,Turkey,Antalya Palace Resort 7,"Antalya Palace Resort 7 is a 4-star hotel in Antalya, Turkey, offering Wi-Fi, Luggage storage, Air conditioning, Room cleaning service, Safety deposit box, Television, Free Wi-Fi, Communal kitchens, Laundry, Lockers, Elevators, Bathroom grab bars, Medical contacts, Breakfast with dietary options, High speed WiFi, Business center, Meeting rooms, Laundry service, Print machine. Average price is 115.0 USD per night. Enjoy comfortable stays with a rating of 9.2/5. The on-site restaurant is rated 5/5.","No. 88, Xingye Road, Antalya",30.412746897670075,36.832931254995,"['fast-paced budget travel', 'elderly travelers', 'business travelers']","['Wi-Fi', 'Luggage storage', 'Air conditioning', 'Room cleaning service', 'Safety deposit box', 'Television', 'Free Wi-Fi', 'Communal kitchens', 'Laundry', 'Lockers', 'Elevators', 'Bathroom grab bars', 'Medical contacts', 'Breakfast with dietary options', 'High speed WiFi', 'Business center', 'Meeting rooms', 'Laundry service', 'Print machine']",115.0,9.2,4.0,5
11,Antalya,Turkey,Antalya View Resort 8,"Antalya View Resort 8 is a 3-star hotel in Antalya, Turkey, offering Wi-Fi, Luggage storage, Air conditioning, Room cleaning service, Safety deposit box, Television, 24-hour front desk, Late room service, On-site bars, Rooftop lounges/nightclubs, Free Wi-Fi, Communal kitchens, Laundry, Lockers, Spa, Gym, Premium bedding, Bar. Average price is 61.0 USD per night. Enjoy comfortable stays with a rating of 10.0/5. The on-site restaurant is rated 5/5.","508 Bukit Timah Road, Antalya",32.38698916252894,36.983026791497736,"['nightlife enthusiast', 'fast-paced budget travel', 'luxury travelers']","['Wi-Fi', 'Luggage storage', 'Air conditioning', 'Room cleaning service', 'Safety deposit box', 'Television', '24-hour front desk', 'Late room service', 'On-site bars', 'Rooftop lounges/nightclubs', 'Free Wi-Fi', 'Communal kitchens', 'Laundry', 'Lockers', 'Spa', 'Gym', 'Premium bedding', 'Bar']",61.0,10.0,3.5,5
12,Antalya,Turkey,Antalya Grand Resort 9,"Antalya Grand Resort 9 is a 3-star hotel in Antalya, Turkey, offering Wi-Fi, Luggage storage, Air conditioning, Room cleaning service, Safety deposit box, Television, Parking, 24-hour front desk, EV charging for electric vehicles, Elevators, Bathroom grab bars, Medical contacts, Breakfast with dietary options, High speed WiFi, Business center, Meeting rooms, Laundry service, Print machine. Average price is 33.0 USD per night. Enjoy comfortable stays with a rating of 9.0/5. The on-site restaurant is rated 5/5.","110 Seogwipo Road, Antalya",31.79216065668172,37.38449252682156,"['road trip', 'elderly travelers', 'business travelers']","['Wi-Fi', 'Luggage storage', 'Air conditioning', 'Room cleaning service', 'Safety deposit box', 'Television', 'Parking', '24-hour front desk', 'EV charging for electric vehicles', 'Elevators', 'Bathroom grab bars', 'Medical contacts', 'Breakfast with dietary options', 'High speed WiFi', 'Business center', 'Meeting rooms', 'Laundry service', 'Print machine']",33.0,9.0,3.0,5
13,Antalya,Turkey,Antalya Suites Resort 10,"Antalya Suites Resort 10 is a 3-star hotel in Antalya, Turkey, offering Wi-Fi, Luggage storage, Air conditioning, Room cleaning service, Safety deposit box, Television, Child-friendly rooms, Baby cots, Stroller storage, Diaper changing tables, Nursing rooms, Scenic rooms, Sunrise calls, Photography services/packages, Accessible entrances, Ramps/lifts, Accessible rooms/bathrooms, Braille/raised signage. Average price is 65.0 USD per night. Enjoy comfortable stays with a rating of 10.0/5. The on-site restaurant is rated 3/5.","426 Sakura Street, Naka Ward, Antalya",29.890904237429623,36.25152049932469,"['with children', 'photography', 'disabled traveler']","['Wi-Fi', 'Luggage storage', 'Air conditioning', 'Room cleaning service', 'Safety deposit box', 'Television', 'Child-friendly rooms', 'Baby cots', 'Stroller storage', 'Diaper changing tables', 'Nursing rooms', 'Scenic rooms', 'Sunrise calls', 'Photography services/packages', 'Accessible entrances', 'Ramps/lifts', 'Accessible rooms/bathrooms', 'Braille/raised signage']",65.0,10.0,3.0,3
14,Antalya,Turkey,Antalya Plaza Suites 11,"Antalya Plaza Suites 11 is a 4-star hotel in Antalya, Turkey, offering Wi-Fi, Luggage storage, Air conditioning, Room cleaning service, Safety deposit box, Television, Women-only floors/rooms, Privacy-conscious check-in, 24-hour security, Surveillance cameras, Double locks on doors, Parking, 24-hour front desk, EV charging for electric vehicles, Elevators, Bathroom grab bars, Medical contacts, Breakfast with dietary options. Average price is 114.0 USD per night. Enjoy comfortable stays with a rating of 8.4/5. The on-site restaurant is rated 5/5.","846 Nakanoshima Dori, Chuo Ward, Antalya",31.36603745017205,36.92895261557221,"['solo women', 'road trip', 'elderly travelers']","['Wi-Fi', 'Luggage storage', 'Air conditioning', 'Room cleaning service', 'Safety deposit box', 'Television', 'Women-only floors/rooms', 'Privacy-conscious check-in', '24-hour security', 'Surveillance cameras', 'Double locks on doors', 'Parking', '24-hour front desk', 'EV charging for electric vehicles', 'Elevators', 'Bathroom grab bars', 'Medical contacts', 'Breakfast with dietary options']",114.0,8.4,4.0,5
15,Antalya,Turkey,Antalya Central Hotel 12,"Antalya Central Hotel 12 is a 4-star hotel in Antalya, Turkey, offering Wi-Fi, Luggage storage, Air conditioning, Room cleaning service, Safety deposit box, Television, Accessible entrances, Ramps/lifts, Accessible rooms/bathrooms, Braille/raised signage, Free Wi-Fi, Communal kitchens, Laundry, Lockers, Pet-friendly, Pet rest area, Pet beds, Durable floors. Average price is 77.0 USD per night. Enjoy comfortable stays with a rating of 7.6/5. The on-site restaurant is rated 5/5.","875 Sakura Street, Chuo Ward, Antalya",29.71959181700628,36.34658609034519,"['disabled traveler', 'fast-paced budget travel', 'with pets']","['Wi-Fi', 'Luggage storage', 'Air conditioning', 'Room cleaning service', 'Safety deposit box', 'Television', 'Accessible entrances', 'Ramps/lifts', 'Accessible rooms/bathrooms', 'Braille/raised signage', 'Free Wi-Fi', 'Communal kitchens', 'Laundry', 'Lockers', 'Pet-friendly', 'Pet rest area', 'Pet beds', 'Durable floors']",77.0,7.6,4.0,5
16,Antalya,Turkey,Azure Sky Coastal Retreat,"Azure Sky Coastal Retreat is a 2-star hotel in Antalya, Turkey, offering Wi-Fi, Luggage storage, Air conditioning, Room cleaning service, Safety deposit box, Television, Women-only floors/rooms, Privacy-conscious check-in, 24-hour security, Surveillance cameras, Double locks on doors, 24-hour front desk, Late room service, On-site bars, Rooftop lounges/nightclubs, Accessible entrances, Ramps/lifts, Accessible rooms/bathrooms, Braille/raised signage. Average price is 39.0 USD per night. Enjoy comfortable stays with a rating of 6.4/5. The on-site restaurant is rated 5/5.","979-1-2 Nakanoshima, Kita-ku, Antalya",29.95506502098314,37.09801383360848,"['solo women', 'nightlife enthusiast', 'disabled traveler']","['Wi-Fi', 'Luggage storage', 'Air conditioning', 'Room cleaning service', 'Safety deposit box', 'Television', 'Women-only floors/rooms', 'Privacy-conscious check-in', '24-hour security', 'Surveillance cameras', 'Double locks on doors', '24-hour front desk', 'Late room service', 'On-site bars', 'Rooftop lounges/nightclubs', 'Accessible entrances', 'Ramps/lifts', 'Accessible rooms/bathrooms', 'Braille/raised signage']",39.0,6.4,2.5,5
17,Antalya,Turkey,Antalya Garden Resort 13,"Antalya Garden Resort 13 is a 3-star hotel in Antalya, Turkey, offering Wi-Fi, Luggage storage, Air conditioning, Room cleaning service, Safety deposit box, Television, Women-only floors/rooms, Privacy-conscious check-in, 24-hour security, Surveillance cameras, Double locks on doors, Parking, 24-hour front desk, EV charging for electric vehicles, High speed WiFi, Business center, Meeting rooms, Laundry service, Print machine. Average price is 36.0 USD per night. Enjoy comfortable stays with a rating of 7.6/5. The on-site restaurant is rated 1/5.","291 Shimbashi Street, Shinjuku Ward, Antalya",29.957202989253176,37.3039742305559,"['solo women', 'road trip', 'business travelers']","['Wi-Fi', 'Luggage storage', 'Air conditioning', 'Room cleaning service', 'Safety deposit box', 'Television', 'Women-only floors/rooms', 'Privacy-conscious check-in', '24-hour security', 'Surveillance cameras', 'Double locks on doors', 'Parking', '24-hour front desk', 'EV charging for electric vehicles', 'High speed WiFi', 'Business center', 'Meeting rooms', 'Laundry service', 'Print machine']",36.0,7.6,3.0,1
18,Antalya,Turkey,Antalya Sunrise Resort 14,"Antalya Sunrise Resort 14 is a 4-star hotel in Antalya, Turkey, offering Wi-Fi, Luggage storage, Air conditioning, Room cleaning service, Safety deposit box, Television, Parking, 24-hour front desk, EV charging for electric vehicles, Late room service, On-site bars, Rooftop lounges/nightclubs, High speed WiFi, Business center, Meeting rooms, Laundry service, Print machine. Average price is 122.0 USD per night. Enjoy comfortable stays with a rating of 9.6/5. The on-site restaurant is rated 5/5.","233 Sakura Street, Nishi-ku, Antalya",30.58230847384436,37.023390246264064,"['road trip', 'nightlife enthusiast', 'business travelers']","['Wi-Fi', 'Luggage storage', 'Air conditioning', 'Room cleaning service', 'Safety deposit box', 'Television', 'Parking', '24-hour front desk', 'EV charging for electric vehicles', 'Late room service', 'On-site bars', 'Rooftop lounges/nightclubs', 'High speed WiFi', 'Business center', 'Meeting rooms', 'Laundry service', 'Print machine']",122.0,9.6,4.0,5
19,Antalya,Turkey,Babadağ Sunset Resort,"Babadağ Sunset Resort is a 3-star hotel in Antalya, Turkey, offering Wi-Fi, Luggage storage, Air conditioning, Room cleaning service, Safety deposit box, Television, Child-friendly rooms, Baby cots, Stroller storage, Diaper changing tables, Nursing rooms, High speed WiFi, Business center, Meeting rooms, Laundry service, Print machine, Spa, Gym, Premium bedding, Bar. Average price is 116.0 USD per night. Enjoy comfortable stays with a rating of 9.4/5. The on-site restaurant is rated 4/5.","327/18 Phra Arthit Road, Antalya",30.032113675395724,36.70078434546956,"['with children', 'business travelers', 'luxury travelers']","['Wi-Fi', 'Luggage storage', 'Air conditioning', 'Room cleaning service', 'Safety deposit box', 'Television', 'Child-friendly rooms', 'Baby cots', 'Stroller storage', 'Diaper changing tables', 'Nursing rooms', 'High speed WiFi', 'Business center', 'Meeting rooms', 'Laundry service', 'Print machine', 'Spa', 'Gym', 'Premium bedding', 'Bar']",116.0,9.4,3.5,4
20,Antalya,Turkey,Antalya Suites Inn 15,"Antalya Suites Inn 15 is a 3-star hotel in Antalya, Turkey, offering Wi-Fi, Luggage storage, Air conditioning, Room cleaning service, Safety deposit box, Television, 24-hour front desk, Late room service, On-site bars, Rooftop lounges/nightclubs, Free Wi-Fi, Communal kitchens, Laundry, Lockers, Elevators, Bathroom grab bars, Medical contacts, Breakfast with dietary options. Average price is 95.0 USD per night. Enjoy comfortable stays with a rating of 8.2/5. The on-site restaurant is rated 1/5.","288 Ocean Park Road, Antalya",32.54104663096599,36.28721046417093,"['nightlife enthusiast', 'fast-paced budget travel', 'elderly travelers']","['Wi-Fi', 'Luggage storage', 'Air conditioning', 'Room cleaning service', 'Safety deposit box', 'Television', '24-hour front desk', 'Late room service', 'On-site bars', 'Rooftop lounges/nightclubs', 'Free Wi-Fi', 'Communal kitchens', 'Laundry', 'Lockers', 'Elevators', 'Bathroom grab bars', 'Medical contacts', 'Breakfast with dietary options']",95.0,8.2,3.5,1
21,Antalya,Turkey,Olympus Skyline Resort,"Olympus Skyline Resort is a 3-star hotel in Antalya, Turkey, offering Wi-Fi, Luggage storage, Air conditioning, Room cleaning service, Safety deposit box, Television, Scenic rooms, Sunrise calls, Photography services/packages, High speed WiFi, Business center, Meeting rooms, Laundry service, Print machine, Accessible entrances, Ramps/lifts, Accessible rooms/bathrooms, Braille/raised signage. Average price is 25.0 USD per night. Enjoy comfortable stays with a rating of 8.6/5. The on-site restaurant is rated 5/5.","No. 456, Xinglin Road, Antalya",30.229218517979213,36.76928453937532,"['photography', 'business travelers', 'disabled traveler']","['Wi-Fi', 'Luggage storage', 'Air conditioning', 'Room cleaning service', 'Safety deposit box', 'Television', 'Scenic rooms', 'Sunrise calls', 'Photography services/packages', 'High speed WiFi', 'Business center', 'Meeting rooms', 'Laundry service', 'Print machine', 'Accessible entrances', 'Ramps/lifts', 'Accessible rooms/bathrooms', 'Braille/raised signage']",25.0,8.6,3.5,5
22,Antalya,Turkey,Sunset Bay Resort Villas,"Sunset Bay Resort Villas is a 5-star hotel in Antalya, Turkey, offering Wi-Fi, Luggage storage, Air conditioning, Room cleaning service, Safety deposit box, Television, Women-only floors/rooms, Privacy-conscious check-in, 24-hour security, Surveillance cameras, Double locks on doors, Bathtubs/jacuzzis, Scenic rooms/villas, Spa, Pet-friendly, Pet rest area, Pet beds, Durable floors. Average price is 235.0 USD per night. Enjoy comfortable stays with a rating of 8.8/5. The on-site restaurant is rated 5/5.","238 Seogwipo Road, Antalya",29.890904237429623,37.05560626132751,"['solo women', 'couples trip', 'with pets']","['Wi-Fi', 'Luggage storage', 'Air conditioning', 'Room cleaning service', 'Safety deposit box', 'Television', 'Women-only floors/rooms', 'Privacy-conscious check-in', '24-hour security', 'Surveillance cameras', 'Double locks on doors', 'Bathtubs/jacuzzis', 'Scenic rooms/villas', 'Spa', 'Pet-friendly', 'Pet rest area', 'Pet beds', 'Durable floors']",235.0,8.8,5.0,5
23,Antalya,Turkey,Antalya Sky Inn 16,"Antalya Sky Inn 16 is a 3-star hotel in Antalya, Turkey, offering Wi-Fi, Luggage storage, Air conditioning, Room cleaning service, Safety deposit box, Television, Child-friendly rooms, Baby cots, Stroller storage, Diaper changing tables, Nursing rooms, 24-hour front desk, Late room service, On-site bars, Rooftop lounges/nightclubs, Elevators, Bathroom grab bars, Medical contacts, Breakfast with dietary options. Average price is 106.0 USD per night. Enjoy comfortable stays with a rating of 8.0/5. The on-site restaurant is rated 1/5.","321 Harbour View Road, Antalya",30.120895470362644,36.5852650403064,"['with children', 'nightlife enthusiast', 'elderly travelers']","['Wi-Fi', 'Luggage storage', 'Air conditioning', 'Room cleaning service', 'Safety deposit box', 'Television', 'Child-friendly rooms', 'Baby cots', 'Stroller storage', 'Diaper changing tables', 'Nursing rooms', '24-hour front desk', 'Late room service', 'On-site bars', 'Rooftop lounges/nightclubs', 'Elevators', 'Bathroom grab bars', 'Medical contacts', 'Breakfast with dietary options']",106.0,8.0,3.0,1
24,Antalya,Turkey,Antalya Royal Resort 17,"Antalya Royal Resort 17 is a 5-star hotel in Antalya, Turkey, offering Wi-Fi, Luggage storage, Air conditioning, Room cleaning service, Safety deposit box, Television, Scenic rooms, Sunrise calls, Photography services/packages, Free Wi-Fi, Communal kitchens, Laundry, Lockers, Pet-friendly, Pet rest area, Pet beds, Durable floors. Average price is 1779.0 USD per night. Enjoy comfortable stays with a rating of 10.0/5. The on-site restaurant is rated 5/5.","756 Kitahirokawa, Antalya",29.564860432370907,37.05115063804145,"['photography', 'fast-paced budget travel', 'with pets']","['Wi-Fi', 'Luggage storage', 'Air conditioning', 'Room cleaning service', 'Safety deposit box', 'Television', 'Scenic rooms', 'Sunrise calls', 'Photography services/packages', 'Free Wi-Fi', 'Communal kitchens', 'Laundry', 'Lockers', 'Pet-friendly', 'Pet rest area', 'Pet beds', 'Durable floors']",1779.0,10.0,5.0,5
25,Antalya,Turkey,Antalya View Resort 18,"Antalya View Resort 18 is a 2-star hotel in Antalya, Turkey, offering Wi-Fi, Luggage storage, Air conditioning, Room cleaning service, Safety deposit box, Television, Parking, 24-hour front desk, EV charging for electric vehicles, High speed WiFi, Business center, Meeting rooms, Laundry service, Print machine, Spa, Gym, Premium bedding, Bar. Average price is 69.0 USD per night. Enjoy comfortable stays with a rating of 7.2/5. The on-site restaurant is rated 4/5.","996 Shinkawa Street, Chuo Ward, Antalya",30.306630635033365,36.72671206059482,"['road trip', 'business travelers', 'luxury travelers']","['Wi-Fi', 'Luggage storage', 'Air conditioning', 'Room cleaning service', 'Safety deposit box', 'Television', 'Parking', '24-hour front desk', 'EV charging for electric vehicles', 'High speed WiFi', 'Business center', 'Meeting rooms', 'Laundry service', 'Print machine', 'Spa', 'Gym', 'Premium bedding', 'Bar']",69.0,7.2,2.0,4
26,Antalya,Turkey,Antalya Boutique Hotel 19,"Antalya Boutique Hotel 19 is a 4-star hotel in Antalya, Turkey, offering Wi-Fi, Luggage storage, Air conditioning, Room cleaning service, Safety deposit box, Television, Parking, 24-hour front desk, EV charging for electric vehicles, Bathtubs/jacuzzis, Scenic rooms/villas, Spa, Pet-friendly, Pet rest area, Pet beds, Durable floors. Average price is 69.0 USD per night. Enjoy comfortable stays with a rating of 10.0/5. The on-site restaurant is rated 5/5.","156 Queen's Road Central, Antalya",30.40834899337216,36.682680669712525,"['road trip', 'couples trip', 'with pets']","['Wi-Fi', 'Luggage storage', 'Air conditioning', 'Room cleaning service', 'Safety deposit box', 'Television', 'Parking', '24-hour front desk', 'EV charging for electric vehicles', 'Bathtubs/jacuzzis', 'Scenic rooms/villas', 'Spa', 'Pet-friendly', 'Pet rest area', 'Pet beds', 'Durable floors']",69.0,10.0,4.0,5
27,Antalya,Turkey,Antalya Garden Resort 20,"Antalya Garden Resort 20 is a 4-star hotel in Antalya, Turkey, offering Wi-Fi, Luggage storage, Air conditioning, Room cleaning service, Safety deposit box, Television, Parking, 24-hour front desk, EV charging for electric vehicles, Bathtubs/jacuzzis, Scenic rooms/villas, Spa, Gym, Premium bedding, Bar. Average price is 70.0 USD per night. Enjoy comfortable stays with a rating of 9.4/5. The on-site restaurant is rated 5/5.","375 Shibuya Crossing Street, Shibuya Ward, Antalya",31.80088341005259,36.44015035381422,"['road trip', 'couples trip', 'luxury travelers']","['Wi-Fi', 'Luggage storage', 'Air conditioning', 'Room cleaning service', 'Safety deposit box', 'Television', 'Parking', '24-hour front desk', 'EV charging for electric vehicles', 'Bathtubs/jacuzzis', 'Scenic rooms/villas', 'Spa', 'Gym', 'Premium bedding', 'Bar']",70.0,9.4,4.5,5
28,Antalya,Turkey,Antalya Sunrise Resort 21,"Antalya Sunrise Resort 21 is a 4-star hotel in Antalya, Turkey, offering Wi-Fi, Luggage storage, Air conditioning, Room cleaning service, Safety deposit box, Television, Child-friendly rooms, Baby cots, Stroller storage, Diaper changing tables, Nursing rooms, 24-hour front desk, Late room service, On-site bars, Rooftop lounges/nightclubs, High speed WiFi, Business center, Meeting rooms, Laundry service, Print machine. Average price is 93.0 USD per night. Enjoy comfortable stays with a rating of 8.8/5. The on-site restaurant is rated 5/5.","No. 456, Zhangzhou Road, Antalya",31.66632883150844,37.01605912214214,"['with children', 'nightlife enthusiast', 'business travelers']","['Wi-Fi', 'Luggage storage', 'Air conditioning', 'Room cleaning service', 'Safety deposit box', 'Television', 'Child-friendly rooms', 'Baby cots', 'Stroller storage', 'Diaper changing tables', 'Nursing rooms', '24-hour front desk', 'Late room service', 'On-site bars', 'Rooftop lounges/nightclubs', 'High speed WiFi', 'Business center', 'Meeting rooms', 'Laundry service', 'Print machine']",93.0,8.8,4.5,5
29,Antalya,Turkey,Antalya Garden Inn 22,"Antalya Garden Inn 22 is a 3-star hotel in Antalya, Turkey, offering Wi-Fi, Luggage storage, Air conditioning, Room cleaning service, Safety deposit box, Television, Child-friendly rooms, Baby cots, Stroller storage, Diaper changing tables, Nursing rooms, Bathtubs/jacuzzis, Scenic rooms/villas, Spa, Pet-friendly, Pet rest area, Pet beds, Durable floors. Average price is 59.0 USD per night. Enjoy comfortable stays with a rating of 8.2/5. The on-site restaurant is rated 2/5.","No. 456, Huafeng Road, Antalya",31.79216065668172,36.683506224267006,"['with children', 'couples trip', 'with pets']","['Wi-Fi', 'Luggage storage', 'Air conditioning', 'Room cleaning service', 'Safety deposit box', 'Television', 'Child-friendly rooms', 'Baby cots', 'Stroller storage', 'Diaper changing tables', 'Nursing rooms', 'Bathtubs/jacuzzis', 'Scenic rooms/villas', 'Spa', 'Pet-friendly', 'Pet rest area', 'Pet beds', 'Durable floors']",59.0,8.2,3.0,2
30,Antalya,Turkey,Antalya Deluxe Hotel 23,"Antalya Deluxe Hotel 23 is a 3-star hotel in Antalya, Turkey, offering Wi-Fi, Luggage storage, Air conditioning, Room cleaning service, Safety deposit box, Television, Accessible entrances, Ramps/lifts, Accessible rooms/bathrooms, Braille/raised signage, Free Wi-Fi, Communal kitchens, Laundry, Lockers, Pet-friendly, Pet rest area, Pet beds, Durable floors. Average price is 76.0 USD per night. Enjoy comfortable stays with a rating of 9.0/5. The on-site restaurant is rated 2/5.","976 Sakura Street, Naka-ku, Antalya",31.57087313193276,37.30001366236587,"['disabled traveler', 'fast-paced budget travel', 'with pets']","['Wi-Fi', 'Luggage storage', 'Air conditioning', 'Room cleaning service', 'Safety deposit box', 'Television', 'Accessible entrances', 'Ramps/lifts', 'Accessible rooms/bathrooms', 'Braille/raised signage', 'Free Wi-Fi', 'Communal kitchens', 'Laundry', 'Lockers', 'Pet-friendly', 'Pet rest area', 'Pet beds', 'Durable floors']",76.0,9.0,3.0,2
31,Antalya,Turkey,Sunny Beach Resort & Spa,"Sunny Beach Resort & Spa is a 3-star hotel in Antalya, Turkey, offering Wi-Fi, Luggage storage, Air conditioning, Room cleaning service, Safety deposit box, Television, Child-friendly rooms, Baby cots, Stroller storage, Diaper changing tables, Nursing rooms, Bathtubs/jacuzzis, Scenic rooms/villas, Spa, Pet-friendly, Pet rest area, Pet beds, Durable floors. Average price is 43.0 USD per night. Enjoy comfortable stays with a rating of 7.6/5. The on-site restaurant is rated 4/5.","687-345 Seaside Promenade, Antalya",29.890904237429623,36.73626475357182,"['with children', 'couples trip', 'with pets']","['Wi-Fi', 'Luggage storage', 'Air conditioning', 'Room cleaning service', 'Safety deposit box', 'Television', 'Child-friendly rooms', 'Baby cots', 'Stroller storage', 'Diaper changing tables', 'Nursing rooms', 'Bathtubs/jacuzzis', 'Scenic rooms/villas', 'Spa', 'Pet-friendly', 'Pet rest area', 'Pet beds', 'Durable floors']",43.0,7.6,3.0,4
32,Antalya,Turkey,Antalya Grand Suites 24,"Antalya Grand Suites 24 is a 4-star hotel in Antalya, Turkey, offering Wi-Fi, Luggage storage, Air conditioning, Room cleaning service, Safety deposit box, Television, 24-hour front desk, Late room service, On-site bars, Rooftop lounges/nightclubs, Bathtubs/jacuzzis, Scenic rooms/villas, Spa, Gym, Premium bedding, Bar. Average price is 63.0 USD per night. Enjoy comfortable stays with a rating of 8.2/5. The on-site restaurant is rated 1/5.","489 Shinjuku Gyoen, Shinjuku, Antalya",30.150070947989416,36.58832262393523,"['nightlife enthusiast', 'couples trip', 'luxury travelers']","['Wi-Fi', 'Luggage storage', 'Air conditioning', 'Room cleaning service', 'Safety deposit box', 'Television', '24-hour front desk', 'Late room service', 'On-site bars', 'Rooftop lounges/nightclubs', 'Bathtubs/jacuzzis', 'Scenic rooms/villas', 'Spa', 'Gym', 'Premium bedding', 'Bar']",63.0,8.2,4.0,1
33,Antalya,Turkey,Antalya Resort Hotel 25,"Antalya Resort Hotel 25 is a 4-star hotel in Antalya, Turkey, offering Wi-Fi, Luggage storage, Air conditioning, Room cleaning service, Safety deposit box, Television, Accessible entrances, Ramps/lifts, Accessible rooms/bathrooms, Braille/raised signage, Elevators, Bathroom grab bars, Medical contacts, Breakfast with dietary options, Pet-friendly, Pet rest area, Pet beds, Durable floors. Average price is 405.0 USD per night. Enjoy comfortable stays with a rating of 8.6/5. The on-site restaurant is rated 5/5.","426 Sakura Street, Naka Ward, Antalya",30.24594617310993,36.94566438053731,"['disabled traveler', 'elderly travelers', 'with pets']","['Wi-Fi', 'Luggage storage', 'Air conditioning', 'Room cleaning service', 'Safety deposit box', 'Television', 'Accessible entrances', 'Ramps/lifts', 'Accessible rooms/bathrooms', 'Braille/raised signage', 'Elevators', 'Bathroom grab bars', 'Medical contacts', 'Breakfast with dietary options', 'Pet-friendly', 'Pet rest area', 'Pet beds', 'Durable floors']",405.0,8.6,4.5,5
34,Antalya,Turkey,Antalya Inn Hotel 26,"Antalya Inn Hotel 26 is a 3-star hotel in Antalya, Turkey, offering Wi-Fi, Luggage storage, Air conditioning, Room cleaning service, Safety deposit box, Television, Child-friendly rooms, Baby cots, Stroller storage, Diaper changing tables, Nursing rooms, Bathtubs/jacuzzis, Scenic rooms/villas, Spa, Gym, Premium bedding, Bar. Average price is 49.0 USD per night. Enjoy comfortable stays with a rating of 8.0/5. The on-site restaurant is rated 5/5.","No. 456, Huafeng Road, Antalya",31.251566534561213,37.34823543614167,"['with children', 'couples trip', 'luxury travelers']","['Wi-Fi', 'Luggage storage', 'Air conditioning', 'Room cleaning service', 'Safety deposit box', 'Television', 'Child-friendly rooms', 'Baby cots', 'Stroller storage', 'Diaper changing tables', 'Nursing rooms', 'Bathtubs/jacuzzis', 'Scenic rooms/villas', 'Spa', 'Gym', 'Premium bedding', 'Bar']",49.0,8.0,3.5,5
35,Antalya,Turkey,Antalya Grand Suites 27,"Antalya Grand Suites 27 is a 2-star hotel in Antalya, Turkey, offering Wi-Fi, Luggage storage, Air conditioning, Room cleaning service, Safety deposit box, Television, Parking, 24-hour front desk, EV charging for electric vehicles, Free Wi-Fi, Communal kitchens, Laundry, Lockers, Pet-friendly, Pet rest area, Pet beds, Durable floors. Average price is 43.0 USD per night. Enjoy comfortable stays with a rating of 8.0/5. The on-site restaurant is rated 4/5.","977 Seongsan-ro, Antalya",30.306630635033365,36.99155073401343,"['road trip', 'fast-paced budget travel', 'with pets']","['Wi-Fi', 'Luggage storage', 'Air conditioning', 'Room cleaning service', 'Safety deposit box', 'Television', 'Parking', '24-hour front desk', 'EV charging for electric vehicles', 'Free Wi-Fi', 'Communal kitchens', 'Laundry', 'Lockers', 'Pet-friendly', 'Pet rest area', 'Pet beds', 'Durable floors']",43.0,8.0,2.0,4
36,Antalya,Turkey,Antalya View Hotel 28,"Antalya View Hotel 28 is a 3-star hotel in Antalya, Turkey, offering Wi-Fi, Luggage storage, Air conditioning, Room cleaning service, Safety deposit box, Television, 24-hour front desk, Late room service, On-site bars, Rooftop lounges/nightclubs, Elevators, Bathroom grab bars, Medical contacts, Breakfast with dietary options, Bathtubs/jacuzzis, Scenic rooms/villas, Spa. Average price is 44.0 USD per night. Enjoy comfortable stays with a rating of 7.0/5. The on-site restaurant is rated 4/5.","No. 567, Xingqing West Road, Antalya",32.46720838256292,36.39448999557323,"['nightlife enthusiast', 'elderly travelers', 'couples trip']","['Wi-Fi', 'Luggage storage', 'Air conditioning', 'Room cleaning service', 'Safety deposit box', 'Television', '24-hour front desk', 'Late room service', 'On-site bars', 'Rooftop lounges/nightclubs', 'Elevators', 'Bathroom grab bars', 'Medical contacts', 'Breakfast with dietary options', 'Bathtubs/jacuzzis', 'Scenic rooms/villas', 'Spa']",44.0,7.0,3.0,4
37,Antalya,Turkey,Sapphire Horizon Garden Resort,"Sapphire Horizon Garden Resort is a 4-star hotel in Antalya, Turkey, offering Wi-Fi, Luggage storage, Air conditioning, Room cleaning service, Safety deposit box, Television, Parking, 24-hour front desk, EV charging for electric vehicles, Free Wi-Fi, Communal kitchens, Laundry, Lockers, High speed WiFi, Business center, Meeting rooms, Laundry service, Print machine. Average price is 134.0 USD per night. Enjoy comfortable stays with a rating of 7.8/5. The on-site restaurant is rated 5/5.","927 Gwanghwamun-daero, Jongno-gu, Antalya",30.992057672807096,36.79759513702139,"['road trip', 'fast-paced budget travel', 'business travelers']","['Wi-Fi', 'Luggage storage', 'Air conditioning', 'Room cleaning service', 'Safety deposit box', 'Television', 'Parking', '24-hour front desk', 'EV charging for electric vehicles', 'Free Wi-Fi', 'Communal kitchens', 'Laundry', 'Lockers', 'High speed WiFi', 'Business center', 'Meeting rooms', 'Laundry service', 'Print machine']",134.0,7.8,4.0,5
38,Antalya,Turkey,Antalya Boutique Inn 29,"Antalya Boutique Inn 29 is a 3-star hotel in Antalya, Turkey, offering Wi-Fi, Luggage storage, Air conditioning, Room cleaning service, Safety deposit box, Television, Women-only floors/rooms, Privacy-conscious check-in, 24-hour security, Surveillance cameras, Double locks on doors, High speed WiFi, Business center, Meeting rooms, Laundry service, Print machine, Pet-friendly, Pet rest area, Pet beds, Durable floors. Average price is 79.0 USD per night. Enjoy comfortable stays with a rating of 7.8/5. The on-site restaurant is rated 1/5.","636 Sairee Beach Road, Antalya",30.86134696091893,36.94486405161088,"['solo women', 'business travelers', 'with pets']","['Wi-Fi', 'Luggage storage', 'Air conditioning', 'Room cleaning service', 'Safety deposit box', 'Television', 'Women-only floors/rooms', 'Privacy-conscious check-in', '24-hour security', 'Surveillance cameras', 'Double locks on doors', 'High speed WiFi', 'Business center', 'Meeting rooms', 'Laundry service', 'Print machine', 'Pet-friendly', 'Pet rest area', 'Pet beds', 'Durable floors']",79.0,7.8,3.0,1
39,Antalya,Turkey,Antalya Pearl Hotel 30,"Antalya Pearl Hotel 30 is a 2-star hotel in Antalya, Turkey, offering Wi-Fi, Luggage storage, Air conditioning, Room cleaning service, Safety deposit box, Television, Accessible entrances, Ramps/lifts, Accessible rooms/bathrooms, Braille/raised signage, Spa, Gym, Premium bedding, Bar, Pet-friendly, Pet rest area, Pet beds, Durable floors. Average price is 74.0 USD per night. Enjoy comfortable stays with a rating of 7.4/5. The on-site restaurant is rated 4/5.","468 Shinsaibashi Dori, Chuo Ward, Antalya",32.22154373805094,36.409764734090885,"['disabled traveler', 'luxury travelers', 'with pets']","['Wi-Fi', 'Luggage storage', 'Air conditioning', 'Room cleaning service', 'Safety deposit box', 'Television', 'Accessible entrances', 'Ramps/lifts', 'Accessible rooms/bathrooms', 'Braille/raised signage', 'Spa', 'Gym', 'Premium bedding', 'Bar', 'Pet-friendly', 'Pet rest area', 'Pet beds', 'Durable floors']",74.0,7.4,2.0,4
40,Antalya,Turkey,Antalya Suites Hotel 31,"Antalya Suites Hotel 31 is a 3-star hotel in Antalya, Turkey, offering Wi-Fi, Luggage storage, Air conditioning, Room cleaning service, Safety deposit box, Television, 24-hour front desk, Late room service, On-site bars, Rooftop lounges/nightclubs, Free Wi-Fi, Communal kitchens, Laundry, Lockers, High speed WiFi, Business center, Meeting rooms, Laundry service, Print machine. Average price is 66.0 USD per night. Enjoy comfortable stays with a rating of 8.2/5. The on-site restaurant is rated 5/5.","741-8623 Osaka-shi, Kita-ku, Antalya",29.95506502098314,37.38449252682156,"['nightlife enthusiast', 'fast-paced budget travel', 'business travelers']","['Wi-Fi', 'Luggage storage', 'Air conditioning', 'Room cleaning service', 'Safety deposit box', 'Television', '24-hour front desk', 'Late room service', 'On-site bars', 'Rooftop lounges/nightclubs', 'Free Wi-Fi', 'Communal kitchens', 'Laundry', 'Lockers', 'High speed WiFi', 'Business center', 'Meeting rooms', 'Laundry service', 'Print machine']",66.0,8.2,3.0,5
41,Antalya,Turkey,Antalya Palace Suites 32,"Antalya Palace Suites 32 is a 3-star hotel in Antalya, Turkey, offering Wi-Fi, Luggage storage, Air conditioning, Room cleaning service, Safety deposit box, Television, Spa, Gym, Premium bedding, Bar, Elevators, Bathroom grab bars, Medical contacts, Breakfast with dietary options, Accessible entrances, Ramps/lifts, Accessible rooms/bathrooms, Braille/raised signage. Average price is 54.0 USD per night. Enjoy comfortable stays with a rating of 8.0/5. The on-site restaurant is rated 4/5.","No. 588, Xinghai Avenue, Antalya",29.631907977046133,37.288435783592405,"['luxury travelers', 'elderly travelers', 'disabled traveler']","['Wi-Fi', 'Luggage storage', 'Air conditioning', 'Room cleaning service', 'Safety deposit box', 'Television', 'Spa', 'Gym', 'Premium bedding', 'Bar', 'Elevators', 'Bathroom grab bars', 'Medical contacts', 'Breakfast with dietary options', 'Accessible entrances', 'Ramps/lifts', 'Accessible rooms/bathrooms', 'Braille/raised signage']",54.0,8.0,3.5,4
42,Antalya,Turkey,Antalya Deluxe Resort 33,"Antalya Deluxe Resort 33 is a 3-star hotel in Antalya, Turkey, offering Wi-Fi, Luggage storage, Air conditioning, Room cleaning service, Safety deposit box, Television, Women-only floors/rooms, Privacy-conscious check-in, 24-hour security, Surveillance cameras, Double locks on doors, Bathtubs/jacuzzis, Scenic rooms/villas, Spa, Accessible entrances, Ramps/lifts, Accessible rooms/bathrooms, Braille/raised signage. Average price is 131.0 USD per night. Enjoy comfortable stays with a rating of 7.8/5. The on-site restaurant is rated 4/5.","No. 456, Zhongshan Road, Antalya",32.03949973077395,36.573439846613255,"['solo women', 'couples trip', 'disabled traveler']","['Wi-Fi', 'Luggage storage', 'Air conditioning', 'Room cleaning service', 'Safety deposit box', 'Television', 'Women-only floors/rooms', 'Privacy-conscious check-in', '24-hour security', 'Surveillance cameras', 'Double locks on doors', 'Bathtubs/jacuzzis', 'Scenic rooms/villas', 'Spa', 'Accessible entrances', 'Ramps/lifts', 'Accessible rooms/bathrooms', 'Braille/raised signage']",131.0,7.8,3.0,4
43,Antalya,Turkey,Golden Beach Resort Antalya,"Golden Beach Resort Antalya is a 2-star hotel in Antalya, Turkey, offering Wi-Fi, Luggage storage, Air conditioning, Room cleaning service, Safety deposit box, Television, Parking, 24-hour front desk, EV charging for electric vehicles, Free Wi-Fi, Communal kitchens, Laundry, Lockers, Accessible entrances, Ramps/lifts, Accessible rooms/bathrooms, Braille/raised signage. Average price is 100.0 USD per night. Enjoy comfortable stays with a rating of 5.0/5. The on-site restaurant is rated 4/5.","905-8654 Sapporo City, Antalya",29.91991273593369,36.25727268787829,"['road trip', 'fast-paced budget travel', 'disabled traveler']","['Wi-Fi', 'Luggage storage', 'Air conditioning', 'Room cleaning service', 'Safety deposit box', 'Television', 'Parking', '24-hour front desk', 'EV charging for electric vehicles', 'Free Wi-Fi', 'Communal kitchens', 'Laundry', 'Lockers', 'Accessible entrances', 'Ramps/lifts', 'Accessible rooms/bathrooms', 'Braille/raised signage']",100.0,5.0,2.0,4
44,Antalya,Turkey,Olympus Garden Resort Antalya,"Olympus Garden Resort Antalya is a 3-star hotel in Antalya, Turkey, offering Wi-Fi, Luggage storage, Air conditioning, Room cleaning service, Safety deposit box, Television, Child-friendly rooms, Baby cots, Stroller storage, Diaper changing tables, Nursing rooms, Women-only floors/rooms, Privacy-conscious check-in, 24-hour security, Surveillance cameras, Double locks on doors, Free Wi-Fi, Communal kitchens, Laundry, Lockers. Average price is 111.0 USD per night. Enjoy comfortable stays with a rating of 8.4/5. The on-site restaurant is rated 1/5.","238 Seogwipo Road, Antalya",31.40949182965645,36.83256112255848,"['with children', 'solo women', 'fast-paced budget travel']","['Wi-Fi', 'Luggage storage', 'Air conditioning', 'Room cleaning service', 'Safety deposit box', 'Television', 'Child-friendly rooms', 'Baby cots', 'Stroller storage', 'Diaper changing tables', 'Nursing rooms', 'Women-only floors/rooms', 'Privacy-conscious check-in', '24-hour security', 'Surveillance cameras', 'Double locks on doors', 'Free Wi-Fi', 'Communal kitchens', 'Laundry', 'Lockers']",111.0,8.4,3.0,1
45,Antalya,Turkey,Sunset Bay Resort and Garden,"Sunset Bay Resort and Garden is a 2-star hotel in Antalya, Turkey, offering Wi-Fi, Luggage storage, Air conditioning, Room cleaning service, Safety deposit box, Television, Child-friendly rooms, Baby cots, Stroller storage, Diaper changing tables, Nursing rooms, Spa, Gym, Premium bedding, Bar, Pet-friendly, Pet rest area, Pet beds, Durable floors. Average price is 93.0 USD per night. Enjoy comfortable stays with a rating of 10.0/5. The on-site restaurant is rated 4/5.","303 Sakura Street, Naka Ward, Antalya",31.94125232864231,36.96870135062429,"['with children', 'luxury travelers', 'with pets']","['Wi-Fi', 'Luggage storage', 'Air conditioning', 'Room cleaning service', 'Safety deposit box', 'Television', 'Child-friendly rooms', 'Baby cots', 'Stroller storage', 'Diaper changing tables', 'Nursing rooms', 'Spa', 'Gym', 'Premium bedding', 'Bar', 'Pet-friendly', 'Pet rest area', 'Pet beds', 'Durable floors']",93.0,10.0,2.0,4
46,Antalya,Turkey,Antalya Pearl Resort 34,"Antalya Pearl Resort 34 is a 4-star hotel in Antalya, Turkey, offering Wi-Fi, Luggage storage, Air conditioning, Room cleaning service, Safety deposit box, Television, Scenic rooms, Sunrise calls, Photography services/packages, Elevators, Bathroom grab bars, Medical contacts, Breakfast with dietary options, Pet-friendly, Pet rest area, Pet beds, Durable floors. Average price is 77.0 USD per night. Enjoy comfortable stays with a rating of 8.8/5. The on-site restaurant is rated 5/5.","110 Seogwipo Road, Antalya",30.10595139665719,37.3039742305559,"['photography', 'elderly travelers', 'with pets']","['Wi-Fi', 'Luggage storage', 'Air conditioning', 'Room cleaning service', 'Safety deposit box', 'Television', 'Scenic rooms', 'Sunrise calls', 'Photography services/packages', 'Elevators', 'Bathroom grab bars', 'Medical contacts', 'Breakfast with dietary options', 'Pet-friendly', 'Pet rest area', 'Pet beds', 'Durable floors']",77.0,8.8,4.0,5
47,Antalya,Turkey,Lemnos Bay Garden Resort,"Lemnos Bay Garden Resort is a 4-star hotel in Antalya, Turkey, offering Wi-Fi, Luggage storage, Air conditioning, Room cleaning service, Safety deposit box, Television, 24-hour front desk, Late room service, On-site bars, Rooftop lounges/nightclubs, Scenic rooms, Sunrise calls, Photography services/packages, Bathtubs/jacuzzis, Scenic rooms/villas, Spa. Average price is 239.0 USD per night. Enjoy comfortable stays with a rating of 8.6/5. The on-site restaurant is rated 5/5.","No. 588, Xinjiang Road, Antalya",29.95506502098314,36.76656253580417,"['nightlife enthusiast', 'photography', 'couples trip']","['Wi-Fi', 'Luggage storage', 'Air conditioning', 'Room cleaning service', 'Safety deposit box', 'Television', '24-hour front desk', 'Late room service', 'On-site bars', 'Rooftop lounges/nightclubs', 'Scenic rooms', 'Sunrise calls', 'Photography services/packages', 'Bathtubs/jacuzzis', 'Scenic rooms/villas', 'Spa']",239.0,8.6,4.0,5
48,Antalya,Turkey,Antalya Grand Resort 35,"Antalya Grand Resort 35 is a 2-star hotel in Antalya, Turkey, offering Wi-Fi, Luggage storage, Air conditioning, Room cleaning service, Safety deposit box, Television, Child-friendly rooms, Baby cots, Stroller storage, Diaper changing tables, Nursing rooms, 24-hour front desk, Late room service, On-site bars, Rooftop lounges/nightclubs, Elevators, Bathroom grab bars, Medical contacts, Breakfast with dietary options. Average price is 110.0 USD per night. Enjoy comfortable stays with a rating of 8.4/5. The on-site restaurant is rated 4/5.","No. 88, Huangpu River Promenade, Antalya",31.201893993406053,36.83256112255848,"['with children', 'nightlife enthusiast', 'elderly travelers']","['Wi-Fi', 'Luggage storage', 'Air conditioning', 'Room cleaning service', 'Safety deposit box', 'Television', 'Child-friendly rooms', 'Baby cots', 'Stroller storage', 'Diaper changing tables', 'Nursing rooms', '24-hour front desk', 'Late room service', 'On-site bars', 'Rooftop lounges/nightclubs', 'Elevators', 'Bathroom grab bars', 'Medical contacts', 'Breakfast with dietary options']",110.0,8.4,2.0,4
49,Antalya,Turkey,Bayside Coastal Palace Resort,"Bayside Coastal Palace Resort is a 3-star hotel in Antalya, Turkey, offering Wi-Fi, Luggage storage, Air conditioning, Room cleaning service, Safety deposit box, Television, Child-friendly rooms, Baby cots, Stroller storage, Diaper changing tables, Nursing rooms, Parking, 24-hour front desk, EV charging for electric vehicles, Pet-friendly, Pet rest area, Pet beds, Durable floors. Average price is 76.0 USD per night. Enjoy comfortable stays with a rating of 8.2/5. The on-site restaurant is rated 4/5.","321 Harbour View Road, Antalya",31.76656740345522,36.380850366909215,"['with children', 'road trip', 'with pets']","['Wi-Fi', 'Luggage storage', 'Air conditioning', 'Room cleaning service', 'Safety deposit box', 'Television', 'Child-friendly rooms', 'Baby cots', 'Stroller storage', 'Diaper changing tables', 'Nursing rooms', 'Parking', '24-hour front desk', 'EV charging for electric vehicles', 'Pet-friendly', 'Pet rest area', 'Pet beds', 'Durable floors']",76.0,8.2,3.0,4
50,Antalya,Turkey,Antalya Pearl Suites 36,"Antalya Pearl Suites 36 is a 3-star hotel in Antalya, Turkey, offering Wi-Fi, Luggage storage, Air conditioning, Room cleaning service, Safety deposit box, Television, Parking, 24-hour front desk, EV charging for electric vehicles, Bathtubs/jacuzzis, Scenic rooms/villas, Spa, Gym, Premium bedding, Bar. Average price is 61.0 USD per night. Enjoy comfortable stays with a rating of 10.0/5. The on-site restaurant is rated 5/5.","531 Chalong Road, Antalya",30.321274739600064,36.72123903746233,"['road trip', 'couples trip', 'luxury travelers']","['Wi-Fi', 'Luggage storage', 'Air conditioning', 'Room cleaning service', 'Safety deposit box', 'Television', 'Parking', '24-hour front desk', 'EV charging for electric vehicles', 'Bathtubs/jacuzzis', 'Scenic rooms/villas', 'Spa', 'Gym', 'Premium bedding', 'Bar']",61.0,10.0,3.5,5
51,Antalya,Turkey,Antalya Central Inn 37,"Antalya Central Inn 37 is a 3-star hotel in Antalya, Turkey, offering Wi-Fi, Luggage storage, Air conditioning, Room cleaning service, Safety deposit box, Television, 24-hour front desk, Late room service, On-site bars, Rooftop lounges/nightclubs, Free Wi-Fi, Communal kitchens, Laundry, Lockers, Bathtubs/jacuzzis, Scenic rooms/villas, Spa. Average price is 33.0 USD per night. Enjoy comfortable stays with a rating of 9.8/5. The on-site restaurant is rated 2/5.","856 Gwangmyeong-ro, Gwangmyeong-gu, Antalya",29.85082870403076,37.25056432142108,"['nightlife enthusiast', 'fast-paced budget travel', 'couples trip']","['Wi-Fi', 'Luggage storage', 'Air conditioning', 'Room cleaning service', 'Safety deposit box', 'Television', '24-hour front desk', 'Late room service', 'On-site bars', 'Rooftop lounges/nightclubs', 'Free Wi-Fi', 'Communal kitchens', 'Laundry', 'Lockers', 'Bathtubs/jacuzzis', 'Scenic rooms/villas', 'Spa']",33.0,9.8,3.0,2
52,Antalya,Turkey,Antalya Sunrise Suites 38,"Antalya Sunrise Suites 38 is a 4-star hotel in Antalya, Turkey, offering Wi-Fi, Luggage storage, Air conditioning, Room cleaning service, Safety deposit box, Television, Child-friendly rooms, Baby cots, Stroller storage, Diaper changing tables, Nursing rooms, Free Wi-Fi, Communal kitchens, Laundry, Lockers, Spa, Gym, Premium bedding, Bar. Average price is 517.0 USD per night. Enjoy comfortable stays with a rating of 9.0/5. The on-site restaurant is rated 5/5.","261 Gwanghwamun Street, Jongno-gu, Antalya",29.866332495323288,36.94486405161088,"['with children', 'fast-paced budget travel', 'luxury travelers']","['Wi-Fi', 'Luggage storage', 'Air conditioning', 'Room cleaning service', 'Safety deposit box', 'Television', 'Child-friendly rooms', 'Baby cots', 'Stroller storage', 'Diaper changing tables', 'Nursing rooms', 'Free Wi-Fi', 'Communal kitchens', 'Laundry', 'Lockers', 'Spa', 'Gym', 'Premium bedding', 'Bar']",517.0,9.0,4.5,5
53,Antalya,Turkey,Antalya Garden Suites 39,"Antalya Garden Suites 39 is a 3-star hotel in Antalya, Turkey, offering Wi-Fi, Luggage storage, Air conditioning, Room cleaning service, Safety deposit box, Television, Parking, 24-hour front desk, EV charging for electric vehicles, Free Wi-Fi, Communal kitchens, Laundry, Lockers, Accessible entrances, Ramps/lifts, Accessible rooms/bathrooms, Braille/raised signage. Average price is 59.0 USD per night. Enjoy comfortable stays with a rating of 8.0/5. The on-site restaurant is rated 5/5.","No. 456, Huafeng Road, Antalya",31.32759244025776,36.40015545343575,"['road trip', 'fast-paced budget travel', 'disabled traveler']","['Wi-Fi', 'Luggage storage', 'Air conditioning', 'Room cleaning service', 'Safety deposit box', 'Television', 'Parking', '24-hour front desk', 'EV charging for electric vehicles', 'Free Wi-Fi', 'Communal kitchens', 'Laundry', 'Lockers', 'Accessible entrances', 'Ramps/lifts', 'Accessible rooms/bathrooms', 'Braille/raised signage']",59.0,8.0,3.0,5
54,Antalya,Turkey,Seaside Harmony Resort,"Seaside Harmony Resort is a 3-star hotel in Antalya, Turkey, offering Wi-Fi, Luggage storage, Air conditioning, Room cleaning service, Safety deposit box, Television, Women-only floors/rooms, Privacy-conscious check-in, 24-hour security, Surveillance cameras, Double locks on doors, Accessible entrances, Ramps/lifts, Accessible rooms/bathrooms, Braille/raised signage, Spa, Gym, Premium bedding, Bar. Average price is 96.0 USD per night. Enjoy comfortable stays with a rating of 6.8/5. The on-site restaurant is rated 5/5.","945 Shinsaibashi Street, Chuo Ward, Antalya",30.680148318452336,37.185753964557534,"['solo women', 'disabled traveler', 'luxury travelers']","['Wi-Fi', 'Luggage storage', 'Air conditioning', 'Room cleaning service', 'Safety deposit box', 'Television', 'Women-only floors/rooms', 'Privacy-conscious check-in', '24-hour security', 'Surveillance cameras', 'Double locks on doors', 'Accessible entrances', 'Ramps/lifts', 'Accessible rooms/bathrooms', 'Braille/raised signage', 'Spa', 'Gym', 'Premium bedding', 'Bar']",96.0,6.8,3.5,5
55,Antalya,Turkey,Antalya Garden Resort 40,"Antalya Garden Resort 40 is a 4-star hotel in Antalya, Turkey, offering Wi-Fi, Luggage storage, Air conditioning, Room cleaning service, Safety deposit box, Television, High speed WiFi, Business center, Meeting rooms, Laundry service, Print machine, Bathtubs/jacuzzis, Scenic rooms/villas, Spa, Accessible entrances, Ramps/lifts, Accessible rooms/bathrooms, Braille/raised signage. Average price is 137.0 USD per night. Enjoy comfortable stays with a rating of 9.0/5. The on-site restaurant is rated 5/5.","204 Kaminokawa Street, Antalya",30.96640348158086,36.64005185475391,"['business travelers', 'couples trip', 'disabled traveler']","['Wi-Fi', 'Luggage storage', 'Air conditioning', 'Room cleaning service', 'Safety deposit box', 'Television', 'High speed WiFi', 'Business center', 'Meeting rooms', 'Laundry service', 'Print machine', 'Bathtubs/jacuzzis', 'Scenic rooms/villas', 'Spa', 'Accessible entrances', 'Ramps/lifts', 'Accessible rooms/bathrooms', 'Braille/raised signage']",137.0,9.0,4.0,5
56,Antalya,Turkey,Olympic Bay Palace Resort,"Olympic Bay Palace Resort is a 2-star hotel in Antalya, Turkey, offering Wi-Fi, Luggage storage, Air conditioning, Room cleaning service, Safety deposit box, Television, Women-only floors/rooms, Privacy-conscious check-in, 24-hour security, Surveillance cameras, Double locks on doors, Scenic rooms, Sunrise calls, Photography services/packages, Free Wi-Fi, Communal kitchens, Laundry, Lockers. Average price is 49.0 USD per night. Enjoy comfortable stays with a rating of 8.4/5. The on-site restaurant is rated 4/5.","741-8623 Osaka-shi, Kita-ku, Antalya",29.96036476625289,36.27200335627233,"['solo women', 'photography', 'fast-paced budget travel']","['Wi-Fi', 'Luggage storage', 'Air conditioning', 'Room cleaning service', 'Safety deposit box', 'Television', 'Women-only floors/rooms', 'Privacy-conscious check-in', '24-hour security', 'Surveillance cameras', 'Double locks on doors', 'Scenic rooms', 'Sunrise calls', 'Photography services/packages', 'Free Wi-Fi', 'Communal kitchens', 'Laundry', 'Lockers']",49.0,8.4,2.0,4
57,Antalya,Turkey,Antalya Garden Inn 41,"Antalya Garden Inn 41 is a 5-star hotel in Antalya, Turkey, offering Wi-Fi, Luggage storage, Air conditioning, Room cleaning service, Safety deposit box, Television, 24-hour front desk, Late room service, On-site bars, Rooftop lounges/nightclubs, Scenic rooms, Sunrise calls, Photography services/packages, High speed WiFi, Business center, Meeting rooms, Laundry service, Print machine. Average price is 192.0 USD per night. Enjoy comfortable stays with a rating of 7.0/5. The on-site restaurant is rated 5/5.","552 Shinsaibashi Dori, Chuo Ward, Antalya",29.85788746558213,36.293693019666,"['nightlife enthusiast', 'photography', 'business travelers']","['Wi-Fi', 'Luggage storage', 'Air conditioning', 'Room cleaning service', 'Safety deposit box', 'Television', '24-hour front desk', 'Late room service', 'On-site bars', 'Rooftop lounges/nightclubs', 'Scenic rooms', 'Sunrise calls', 'Photography services/packages', 'High speed WiFi', 'Business center', 'Meeting rooms', 'Laundry service', 'Print machine']",192.0,7.0,5.0,5
58,Antalya,Turkey,Antalya Pearl Inn 42,"Antalya Pearl Inn 42 is a 3-star hotel in Antalya, Turkey, offering Wi-Fi, Luggage storage, Air conditioning, Room cleaning service, Safety deposit box, Television, Child-friendly rooms, Baby cots, Stroller storage, Diaper changing tables, Nursing rooms, Scenic rooms, Sunrise calls, Photography services/packages, Elevators, Bathroom grab bars, Medical contacts, Breakfast with dietary options. Average price is 110.0 USD per night. Enjoy comfortable stays with a rating of 9.2/5. The on-site restaurant is rated 5/5.","No. 88, Huangpu River Promenade, Antalya",30.091402310672567,36.7649569884047,"['with children', 'photography', 'elderly travelers']","['Wi-Fi', 'Luggage storage', 'Air conditioning', 'Room cleaning service', 'Safety deposit box', 'Television', 'Child-friendly rooms', 'Baby cots', 'Stroller storage', 'Diaper changing tables', 'Nursing rooms', 'Scenic rooms', 'Sunrise calls', 'Photography services/packages', 'Elevators', 'Bathroom grab bars', 'Medical contacts', 'Breakfast with dietary options']",110.0,9.2,3.0,5
59,Antalya,Turkey,Sunny Beach Resort Antalya,"Sunny Beach Resort Antalya is a 2-star hotel in Antalya, Turkey, offering Wi-Fi, Luggage storage, Air conditioning, Room cleaning service, Safety deposit box, Television, Scenic rooms, Sunrise calls, Photography services/packages, Bathtubs/jacuzzis, Scenic rooms/villas, Spa, Accessible entrances, Ramps/lifts, Accessible rooms/bathrooms, Braille/raised signage. Average price is 92.0 USD per night. Enjoy comfortable stays with a rating of 9.0/5. The on-site restaurant is rated 4/5.","227 Sakura Street, Antalya",29.84940411537421,37.031431593569,"['photography', 'couples trip', 'disabled traveler']","['Wi-Fi', 'Luggage storage', 'Air conditioning', 'Room cleaning service', 'Safety deposit box', 'Television', 'Scenic rooms', 'Sunrise calls', 'Photography services/packages', 'Bathtubs/jacuzzis', 'Scenic rooms/villas', 'Spa', 'Accessible entrances', 'Ramps/lifts', 'Accessible rooms/bathrooms', 'Braille/raised signage']",92.0,9.0,2.5,4
60,Antalya,Turkey,Antalya Royal Suites 43,"Antalya Royal Suites 43 is a 4-star hotel in Antalya, Turkey, offering Wi-Fi, Luggage storage, Air conditioning, Room cleaning service, Safety deposit box, Television, Accessible entrances, Ramps/lifts, Accessible rooms/bathrooms, Braille/raised signage, Scenic rooms, Sunrise calls, Photography services/packages, Spa, Gym, Premium bedding, Bar. Average price is 162.0 USD per night. Enjoy comfortable stays with a rating of 8.6/5. The on-site restaurant is rated 5/5.","321 Harbour View Road, Antalya",31.87806979868296,36.83802349648627,"['disabled traveler', 'photography', 'luxury travelers']","['Wi-Fi', 'Luggage storage', 'Air conditioning', 'Room cleaning service', 'Safety deposit box', 'Television', 'Accessible entrances', 'Ramps/lifts', 'Accessible rooms/bathrooms', 'Braille/raised signage', 'Scenic rooms', 'Sunrise calls', 'Photography services/packages', 'Spa', 'Gym', 'Premium bedding', 'Bar']",162.0,8.6,4.0,5
61,Antalya,Turkey,Antalya Sunrise Resort 44,"Antalya Sunrise Resort 44 is a 4-star hotel in Antalya, Turkey, offering Wi-Fi, Luggage storage, Air conditioning, Room cleaning service, Safety deposit box, Television, Parking, 24-hour front desk, EV charging for electric vehicles, High speed WiFi, Business center, Meeting rooms, Laundry service, Print machine, Pet-friendly, Pet rest area, Pet beds, Durable floors. Average price is 90.0 USD per night. Enjoy comfortable stays with a rating of 8.4/5. The on-site restaurant is rated 4/5.","356 Sakura Street, Naka-ku, Antalya",31.743723222830905,36.59886659029694,"['road trip', 'business travelers', 'with pets']","['Wi-Fi', 'Luggage storage', 'Air conditioning', 'Room cleaning service', 'Safety deposit box', 'Television', 'Parking', '24-hour front desk', 'EV charging for electric vehicles', 'High speed WiFi', 'Business center', 'Meeting rooms', 'Laundry service', 'Print machine', 'Pet-friendly', 'Pet rest area', 'Pet beds', 'Durable floors']",90.0,8.4,4.0,4
62,Antalya,Turkey,Antalya Sunrise Resort 45,"Antalya Sunrise Resort 45 is a 3-star hotel in Antalya, Turkey, offering Wi-Fi, Luggage storage, Air conditioning, Room cleaning service, Safety deposit box, Television, Women-only floors/rooms, Privacy-conscious check-in, 24-hour security, Surveillance cameras, Double locks on doors, Parking, 24-hour front desk, EV charging for electric vehicles, Bathtubs/jacuzzis, Scenic rooms/villas, Spa. Average price is 32.0 USD per night. Enjoy comfortable stays with a rating of 8.2/5. The on-site restaurant is rated 4/5.","No. 567, Xingyun Road, Antalya",29.957202989253176,36.92164532658664,"['solo women', 'road trip', 'couples trip']","['Wi-Fi', 'Luggage storage', 'Air conditioning', 'Room cleaning service', 'Safety deposit box', 'Television', 'Women-only floors/rooms', 'Privacy-conscious check-in', '24-hour security', 'Surveillance cameras', 'Double locks on doors', 'Parking', '24-hour front desk', 'EV charging for electric vehicles', 'Bathtubs/jacuzzis', 'Scenic rooms/villas', 'Spa']",32.0,8.2,3.0,4
63,Antalya,Turkey,Antalya Plaza Resort 46,"Antalya Plaza Resort 46 is a 5-star hotel in Antalya, Turkey, offering Wi-Fi, Luggage storage, Air conditioning, Room cleaning service, Safety deposit box, Television, Child-friendly rooms, Baby cots, Stroller storage, Diaper changing tables, Nursing rooms, Women-only floors/rooms, Privacy-conscious check-in, 24-hour security, Surveillance cameras, Double locks on doors, 24-hour front desk, Late room service, On-site bars, Rooftop lounges/nightclubs. Average price is 380.0 USD per night. Enjoy comfortable stays with a rating of 9.4/5. The on-site restaurant is rated 5/5.","727 Maha Chai Road, Antalya",31.59605759541057,36.409764734090885,"['with children', 'solo women', 'nightlife enthusiast']","['Wi-Fi', 'Luggage storage', 'Air conditioning', 'Room cleaning service', 'Safety deposit box', 'Television', 'Child-friendly rooms', 'Baby cots', 'Stroller storage', 'Diaper changing tables', 'Nursing rooms', 'Women-only floors/rooms', 'Privacy-conscious check-in', '24-hour security', 'Surveillance cameras', 'Double locks on doors', '24-hour front desk', 'Late room service', 'On-site bars', 'Rooftop lounges/nightclubs']",380.0,9.4,5.0,5
64,Antalya,Turkey,Antalya Pearl Hotel 47,"Antalya Pearl Hotel 47 is a 2-star hotel in Antalya, Turkey, offering Wi-Fi, Luggage storage, Air conditioning, Room cleaning service, Safety deposit box, Television, Parking, 24-hour front desk, EV charging for electric vehicles, Elevators, Bathroom grab bars, Medical contacts, Breakfast with dietary options, Women-only floors/rooms, Privacy-conscious check-in, 24-hour security, Surveillance cameras, Double locks on doors. Average price is 89.0 USD per night. Enjoy comfortable stays with a rating of 10.0/5. The on-site restaurant is rated 5/5.","156 Queen's Road Central, Antalya",30.93321289637956,36.72123903746233,"['road trip', 'elderly travelers', 'solo women']","['Wi-Fi', 'Luggage storage', 'Air conditioning', 'Room cleaning service', 'Safety deposit box', 'Television', 'Parking', '24-hour front desk', 'EV charging for electric vehicles', 'Elevators', 'Bathroom grab bars', 'Medical contacts', 'Breakfast with dietary options', 'Women-only floors/rooms', 'Privacy-conscious check-in', '24-hour security', 'Surveillance cameras', 'Double locks on doors']",89.0,10.0,2.5,5
65,Antalya,Turkey,Antalya Sunrise Resort 48,"Antalya Sunrise Resort 48 is a 4-star hotel in Antalya, Turkey, offering Wi-Fi, Luggage storage, Air conditioning, Room cleaning service, Safety deposit box, Television, Parking, 24-hour front desk, EV charging for electric vehicles, Scenic rooms, Sunrise calls, Photography services/packages, Accessible entrances, Ramps/lifts, Accessible rooms/bathrooms, Braille/raised signage. Average price is 90.0 USD per night. Enjoy comfortable stays with a rating of 8.4/5. The on-site restaurant is rated 5/5.","No. 456, Guangzhou Cultural Square, Antalya",32.011602286772934,37.36636234661656,"['road trip', 'photography', 'disabled traveler']","['Wi-Fi', 'Luggage storage', 'Air conditioning', 'Room cleaning service', 'Safety deposit box', 'Television', 'Parking', '24-hour front desk', 'EV charging for electric vehicles', 'Scenic rooms', 'Sunrise calls', 'Photography services/packages', 'Accessible entrances', 'Ramps/lifts', 'Accessible rooms/bathrooms', 'Braille/raised signage']",90.0,8.4,4.0,5
66,Antalya,Turkey,Azure Skyview Resort & Spa,"Azure Skyview Resort & Spa is a 2-star hotel in Antalya, Turkey, offering Wi-Fi, Luggage storage, Air conditioning, Room cleaning service, Safety deposit box, Television, 24-hour front desk, Late room service, On-site bars, Rooftop lounges/nightclubs, Scenic rooms, Sunrise calls, Photography services/packages, High speed WiFi, Business center, Meeting rooms, Laundry service, Print machine. Average price is 119.0 USD per night. Enjoy comfortable stays with a rating of 8.6/5. The on-site restaurant is rated 1/5.","893 Seibei-cho, Antalya",29.84516747897856,36.45365866326799,"['nightlife enthusiast', 'photography', 'business travelers']","['Wi-Fi', 'Luggage storage', 'Air conditioning', 'Room cleaning service', 'Safety deposit box', 'Television', '24-hour front desk', 'Late room service', 'On-site bars', 'Rooftop lounges/nightclubs', 'Scenic rooms', 'Sunrise calls', 'Photography services/packages', 'High speed WiFi', 'Business center', 'Meeting rooms', 'Laundry service', 'Print machine']",119.0,8.6,2.0,1
67,Antalya,Turkey,Seaside Horizon Garden Resort,"Seaside Horizon Garden Resort is a 4-star hotel in Antalya, Turkey, offering Wi-Fi, Luggage storage, Air conditioning, Room cleaning service, Safety deposit box, Television, Child-friendly rooms, Baby cots, Stroller storage, Diaper changing tables, Nursing rooms, Free Wi-Fi, Communal kitchens, Laundry, Lockers, Bathtubs/jacuzzis, Scenic rooms/villas, Spa. Average price is 108.0 USD per night. Enjoy comfortable stays with a rating of 8.8/5. The on-site restaurant is rated 5/5.","235-12-8 Shibuya, Shibuya City, Antalya",29.75989650456605,36.95496681980232,"['with children', 'fast-paced budget travel', 'couples trip']","['Wi-Fi', 'Luggage storage', 'Air conditioning', 'Room cleaning service', 'Safety deposit box', 'Television', 'Child-friendly rooms', 'Baby cots', 'Stroller storage', 'Diaper changing tables', 'Nursing rooms', 'Free Wi-Fi', 'Communal kitchens', 'Laundry', 'Lockers', 'Bathtubs/jacuzzis', 'Scenic rooms/villas', 'Spa']",108.0,8.8,4.5,5
68,Antalya,Turkey,Antalya Pearl Suites 49,"Antalya Pearl Suites 49 is a 3-star hotel in Antalya, Turkey, offering Wi-Fi, Luggage storage, Air conditioning, Room cleaning service, Safety deposit box, Television, Child-friendly rooms, Baby cots, Stroller storage, Diaper changing tables, Nursing rooms, High speed WiFi, Business center, Meeting rooms, Laundry service, Print machine, Pet-friendly, Pet rest area, Pet beds, Durable floors. Average price is 63.0 USD per night. Enjoy comfortable stays with a rating of 7.4/5. The on-site restaurant is rated 5/5.","289 Bayfront Avenue, Antalya",31.49198570173065,36.41655523369387,"['with children', 'business travelers', 'with pets']","['Wi-Fi', 'Luggage storage', 'Air conditioning', 'Room cleaning service', 'Safety deposit box', 'Television', 'Child-friendly rooms', 'Baby cots', 'Stroller storage', 'Diaper changing tables', 'Nursing rooms', 'High speed WiFi', 'Business center', 'Meeting rooms', 'Laundry service', 'Print machine', 'Pet-friendly', 'Pet rest area', 'Pet beds', 'Durable floors']",63.0,7.4,3.5,5
69,Antalya,Turkey,Antalya Central Resort 50,"Antalya Central Resort 50 is a 4-star hotel in Antalya, Turkey, offering Wi-Fi, Luggage storage, Air conditioning, Room cleaning service, Safety deposit box, Television, High speed WiFi, Business center, Meeting rooms, Laundry service, Print machine, Bathtubs/jacuzzis, Scenic rooms/villas, Spa, Pet-friendly, Pet rest area, Pet beds, Durable floors. Average price is 122.0 USD per night. Enjoy comfortable stays with a rating of 9.0/5. The on-site restaurant is rated 1/5.","No. 456, Xinghai Road, Futian District, Antalya",31.73713021854708,37.36636234661656,"['business travelers', 'couples trip', 'with pets']","['Wi-Fi', 'Luggage storage', 'Air conditioning', 'Room cleaning service', 'Safety deposit box', 'Television', 'High speed WiFi', 'Business center', 'Meeting rooms', 'Laundry service', 'Print machine', 'Bathtubs/jacuzzis', 'Scenic rooms/villas', 'Spa', 'Pet-friendly', 'Pet rest area', 'Pet beds', 'Durable floors']",122.0,9.0,4.0,1
70,Antalya,Turkey,Sapphire Bay Resort Villas,"Sapphire Bay Resort Villas is a 2-star hotel in Antalya, Turkey, offering Wi-Fi, Luggage storage, Air conditioning, Room cleaning service, Safety deposit box, Television, Scenic rooms, Sunrise calls, Photography services/packages, Free Wi-Fi, Communal kitchens, Laundry, Lockers, Elevators, Bathroom grab bars, Medical contacts, Breakfast with dietary options. Average price is 51.0 USD per night. Enjoy comfortable stays with a rating of 10.0/5. The on-site restaurant is rated 4/5.","531 Chalong Road, Antalya",30.91890487110164,36.92580760869031,"['photography', 'fast-paced budget travel', 'elderly travelers']","['Wi-Fi', 'Luggage storage', 'Air conditioning', 'Room cleaning service', 'Safety deposit box', 'Television', 'Scenic rooms', 'Sunrise calls', 'Photography services/packages', 'Free Wi-Fi', 'Communal kitchens', 'Laundry', 'Lockers', 'Elevators', 'Bathroom grab bars', 'Medical contacts', 'Breakfast with dietary options']",51.0,10.0,2.0,4
71,Antalya,Turkey,Antalya Royal Inn 51,"Antalya Royal Inn 51 is a 5-star hotel in Antalya, Turkey, offering Wi-Fi, Luggage storage, Air conditioning, Room cleaning service, Safety deposit box, Television, Parking, 24-hour front desk, EV charging for electric vehicles, Women-only floors/rooms, Privacy-conscious check-in, 24-hour security, Surveillance cameras, Double locks on doors, Pet-friendly, Pet rest area, Pet beds, Durable floors. Average price is 222.0 USD per night. Enjoy comfortable stays with a rating of 9.6/5. The on-site restaurant is rated 5/5.","No. 456, Ocean Avenue, Antalya",31.94125232864231,36.61074558086231,"['road trip', 'solo women', 'with pets']","['Wi-Fi', 'Luggage storage', 'Air conditioning', 'Room cleaning service', 'Safety deposit box', 'Television', 'Parking', '24-hour front desk', 'EV charging for electric vehicles', 'Women-only floors/rooms', 'Privacy-conscious check-in', '24-hour security', 'Surveillance cameras', 'Double locks on doors', 'Pet-friendly', 'Pet rest area', 'Pet beds', 'Durable floors']",222.0,9.6,5.0,5
72,Antalya,Turkey,Antalya Suites Hotel 52,"Antalya Suites Hotel 52 is a 4-star hotel in Antalya, Turkey, offering Wi-Fi, Luggage storage, Air conditioning, Room cleaning service, Safety deposit box, Television, High speed WiFi, Business center, Meeting rooms, Laundry service, Print machine, Child-friendly rooms, Baby cots, Stroller storage, Diaper changing tables, Nursing rooms, Bathtubs/jacuzzis, Scenic rooms/villas, Spa. Average price is 58.0 USD per night. Enjoy comfortable stays with a rating of 8.2/5. The on-site restaurant is rated 5/5.","No. 456, Xinghai Road, Futian District, Antalya",30.66040541574082,36.21571375957714,"['business travelers', 'with children', 'couples trip']","['Wi-Fi', 'Luggage storage', 'Air conditioning', 'Room cleaning service', 'Safety deposit box', 'Television', 'High speed WiFi', 'Business center', 'Meeting rooms', 'Laundry service', 'Print machine', 'Child-friendly rooms', 'Baby cots', 'Stroller storage', 'Diaper changing tables', 'Nursing rooms', 'Bathtubs/jacuzzis', 'Scenic rooms/villas', 'Spa']",58.0,8.2,4.5,5
73,Antalya,Turkey,Antalya Sunrise Inn 53,"Antalya Sunrise Inn 53 is a 5-star hotel in Antalya, Turkey, offering Wi-Fi, Luggage storage, Air conditioning, Room cleaning service, Safety deposit box, Television, Women-only floors/rooms, Privacy-conscious check-in, 24-hour security, Surveillance cameras, Double locks on doors, Parking, 24-hour front desk, EV charging for electric vehicles, Accessible entrances, Ramps/lifts, Accessible rooms/bathrooms, Braille/raised signage. Average price is 139.0 USD per night. Enjoy comfortable stays with a rating of 9.0/5. The on-site restaurant is rated 5/5.","320 Science Avenue, Antalya",30.8207201607619,36.64005185475391,"['solo women', 'road trip', 'disabled traveler']","['Wi-Fi', 'Luggage storage', 'Air conditioning', 'Room cleaning service', 'Safety deposit box', 'Television', 'Women-only floors/rooms', 'Privacy-conscious check-in', '24-hour security', 'Surveillance cameras', 'Double locks on doors', 'Parking', '24-hour front desk', 'EV charging for electric vehicles', 'Accessible entrances', 'Ramps/lifts', 'Accessible rooms/bathrooms', 'Braille/raised signage']",139.0,9.0,5.0,5
74,Antalya,Turkey,Antalya Inn Resort 54,"Antalya Inn Resort 54 is a 4-star hotel in Antalya, Turkey, offering Wi-Fi, Luggage storage, Air conditioning, Room cleaning service, Safety deposit box, Television, Parking, 24-hour front desk, EV charging for electric vehicles, Scenic rooms, Sunrise calls, Photography services/packages, Free Wi-Fi, Communal kitchens, Laundry, Lockers. Average price is 248.0 USD per night. Enjoy comfortable stays with a rating of 9.4/5. The on-site restaurant is rated 5/5.","No. 123, Xicheng Science Park, Antalya",30.120895470362644,36.79759513702139,"['road trip', 'photography', 'fast-paced budget travel']","['Wi-Fi', 'Luggage storage', 'Air conditioning', 'Room cleaning service', 'Safety deposit box', 'Television', 'Parking', '24-hour front desk', 'EV charging for electric vehicles', 'Scenic rooms', 'Sunrise calls', 'Photography services/packages', 'Free Wi-Fi', 'Communal kitchens', 'Laundry', 'Lockers']",248.0,9.4,4.0,5
75,Antalya,Turkey,Antalya Palace Hotel 55,"Antalya Palace Hotel 55 is a 3-star hotel in Antalya, Turkey, offering Wi-Fi, Luggage storage, Air conditioning, Room cleaning service, Safety deposit box, Television, Child-friendly rooms, Baby cots, Stroller storage, Diaper changing tables, Nursing rooms, 24-hour front desk, Late room service, On-site bars, Rooftop lounges/nightclubs, Free Wi-Fi, Communal kitchens, Laundry, Lockers. Average price is 54.0 USD per night. Enjoy comfortable stays with a rating of 8.4/5. The on-site restaurant is rated 4/5.","976 Sakura Street, Naka-ku, Antalya",31.80088341005259,36.68537074844657,"['with children', 'nightlife enthusiast', 'fast-paced budget travel']","['Wi-Fi', 'Luggage storage', 'Air conditioning', 'Room cleaning service', 'Safety deposit box', 'Television', 'Child-friendly rooms', 'Baby cots', 'Stroller storage', 'Diaper changing tables', 'Nursing rooms', '24-hour front desk', 'Late room service', 'On-site bars', 'Rooftop lounges/nightclubs', 'Free Wi-Fi', 'Communal kitchens', 'Laundry', 'Lockers']",54.0,8.4,3.5,4
76,Antalya,Turkey,Antalya Boutique Inn 56,"Antalya Boutique Inn 56 is a 4-star hotel in Antalya, Turkey, offering Wi-Fi, Luggage storage, Air conditioning, Room cleaning service, Safety deposit box, Television, Scenic rooms, Sunrise calls, Photography services/packages, Elevators, Bathroom grab bars, Medical contacts, Breakfast with dietary options, High speed WiFi, Business center, Meeting rooms, Laundry service, Print machine. Average price is 114.0 USD per night. Enjoy comfortable stays with a rating of 9.2/5. The on-site restaurant is rated 5/5.","303 Sakura Street, Naka Ward, Antalya",29.82671929218013,37.1796121038003,"['photography', 'elderly travelers', 'business travelers']","['Wi-Fi', 'Luggage storage', 'Air conditioning', 'Room cleaning service', 'Safety deposit box', 'Television', 'Scenic rooms', 'Sunrise calls', 'Photography services/packages', 'Elevators', 'Bathroom grab bars', 'Medical contacts', 'Breakfast with dietary options', 'High speed WiFi', 'Business center', 'Meeting rooms', 'Laundry service', 'Print machine']",114.0,9.2,4.5,5
77,Antalya,Turkey,Antalya View Suites 57,"Antalya View Suites 57 is a 5-star hotel in Antalya, Turkey, offering Wi-Fi, Luggage storage, Air conditioning, Room cleaning service, Safety deposit box, Television, Scenic rooms, Sunrise calls, Photography services/packages, Spa, Gym, Premium bedding, Bar, Pet-friendly, Pet rest area, Pet beds, Durable floors. Average price is 143.0 USD per night. Enjoy comfortable stays with a rating of 9.8/5. The on-site restaurant is rated 5/5.","821-8523, 3-12-8 Asakusa, Taito City, Antalya",32.21711267572156,36.99155073401343,"['photography', 'luxury travelers', 'with pets']","['Wi-Fi', 'Luggage storage', 'Air conditioning', 'Room cleaning service', 'Safety deposit box', 'Television', 'Scenic rooms', 'Sunrise calls', 'Photography services/packages', 'Spa', 'Gym', 'Premium bedding', 'Bar', 'Pet-friendly', 'Pet rest area', 'Pet beds', 'Durable floors']",143.0,9.8,5.0,5
78,Antalya,Turkey,Antalya Sky Hotel 58,"Antalya Sky Hotel 58 is a 2-star hotel in Antalya, Turkey, offering Wi-Fi, Luggage storage, Air conditioning, Room cleaning service, Safety deposit box, Television, Child-friendly rooms, Baby cots, Stroller storage, Diaper changing tables, Nursing rooms, Scenic rooms, Sunrise calls, Photography services/packages, Bathtubs/jacuzzis, Scenic rooms/villas, Spa. Average price is 69.0 USD per night. Enjoy comfortable stays with a rating of 8.4/5. The on-site restaurant is rated 1/5.","No. 188 Beijing Road, Antalya",30.498220710381304,36.734161378718525,"['with children', 'photography', 'couples trip']","['Wi-Fi', 'Luggage storage', 'Air conditioning', 'Room cleaning service', 'Safety deposit box', 'Television', 'Child-friendly rooms', 'Baby cots', 'Stroller storage', 'Diaper changing tables', 'Nursing rooms', 'Scenic rooms', 'Sunrise calls', 'Photography services/packages', 'Bathtubs/jacuzzis', 'Scenic rooms/villas', 'Spa']",69.0,8.4,2.0,1
79,Antalya,Turkey,Azure Horizon Coastal Resort,"Azure Horizon Coastal Resort is a 5-star hotel in Antalya, Turkey, offering Wi-Fi, Luggage storage, Air conditioning, Room cleaning service, Safety deposit box, Television, Women-only floors/rooms, Privacy-conscious check-in, 24-hour security, Surveillance cameras, Double locks on doors, Scenic rooms, Sunrise calls, Photography services/packages, Accessible entrances, Ramps/lifts, Accessible rooms/bathrooms, Braille/raised signage. Average price is 116.0 USD per night. Enjoy comfortable stays with a rating of 9.2/5. The on-site restaurant is rated 5/5.","272 Shinsaibashi Dori, Chuo Ward, Antalya",30.27654127023264,36.420616569576914,"['solo women', 'photography', 'disabled traveler']","['Wi-Fi', 'Luggage storage', 'Air conditioning', 'Room cleaning service', 'Safety deposit box', 'Television', 'Women-only floors/rooms', 'Privacy-conscious check-in', '24-hour security', 'Surveillance cameras', 'Double locks on doors', 'Scenic rooms', 'Sunrise calls', 'Photography services/packages', 'Accessible entrances', 'Ramps/lifts', 'Accessible rooms/bathrooms', 'Braille/raised signage']",116.0,9.2,5.0,5
80,Antalya,Turkey,Lemnos Bay Resort and Garden,"Lemnos Bay Resort and Garden is a 3-star hotel in Antalya, Turkey, offering Wi-Fi, Luggage storage, Air conditioning, Room cleaning service, Safety deposit box, Television, Scenic rooms, Sunrise calls, Photography services/packages, High speed WiFi, Business center, Meeting rooms, Laundry service, Print machine, Accessible entrances, Ramps/lifts, Accessible rooms/bathrooms, Braille/raised signage. Average price is 69.0 USD per night. Enjoy comfortable stays with a rating of 7.8/5. The on-site restaurant is rated 5/5.","737 Jurong East Ave 6, Antalya",30.66040541574082,36.40060657698811,"['photography', 'business travelers', 'disabled traveler']","['Wi-Fi', 'Luggage storage', 'Air conditioning', 'Room cleaning service', 'Safety deposit box', 'Television', 'Scenic rooms', 'Sunrise calls', 'Photography services/packages', 'High speed WiFi', 'Business center', 'Meeting rooms', 'Laundry service', 'Print machine', 'Accessible entrances', 'Ramps/lifts', 'Accessible rooms/bathrooms', 'Braille/raised signage']",69.0,7.8,3.0,5
81,Antalya,Turkey,Antalya Sunrise Resort 59,"Antalya Sunrise Resort 59 is a 4-star hotel in Antalya, Turkey, offering Wi-Fi, Luggage storage, Air conditioning, Room cleaning service, Safety deposit box, Television, Bathtubs/jacuzzis, Scenic rooms/villas, Spa, High speed WiFi, Business center, Meeting rooms, Laundry service, Print machine, Pet-friendly, Pet rest area, Pet beds, Durable floors. Average price is 62.0 USD per night. Enjoy comfortable stays with a rating of 8.2/5. The on-site restaurant is rated 5/5.","No. 588, Jing'an Road, Jing'an District, Antalya",31.03482980476757,37.023390246264064,"['couples trip', 'business travelers', 'with pets']","['Wi-Fi', 'Luggage storage', 'Air conditioning', 'Room cleaning service', 'Safety deposit box', 'Television', 'Bathtubs/jacuzzis', 'Scenic rooms/villas', 'Spa', 'High speed WiFi', 'Business center', 'Meeting rooms', 'Laundry service', 'Print machine', 'Pet-friendly', 'Pet rest area', 'Pet beds', 'Durable floors']",62.0,8.2,4.0,5
82,Antalya,Turkey,Antalya Deluxe Hotel 60,"Antalya Deluxe Hotel 60 is a 2-star hotel in Antalya, Turkey, offering Wi-Fi, Luggage storage, Air conditioning, Room cleaning service, Safety deposit box, Television, Women-only floors/rooms, Privacy-conscious check-in, 24-hour security, Surveillance cameras, Double locks on doors, Elevators, Bathroom grab bars, Medical contacts, Breakfast with dietary options, Accessible entrances, Ramps/lifts, Accessible rooms/bathrooms, Braille/raised signage. Average price is 111.0 USD per night. Enjoy comfortable stays with a rating of 9.0/5. The on-site restaurant is rated 5/5.","No. 456, Xinghai Road, Futian District, Antalya",31.79216065668172,37.11564404930538,"['solo women', 'elderly travelers', 'disabled traveler']","['Wi-Fi', 'Luggage storage', 'Air conditioning', 'Room cleaning service', 'Safety deposit box', 'Television', 'Women-only floors/rooms', 'Privacy-conscious check-in', '24-hour security', 'Surveillance cameras', 'Double locks on doors', 'Elevators', 'Bathroom grab bars', 'Medical contacts', 'Breakfast with dietary options', 'Accessible entrances', 'Ramps/lifts', 'Accessible rooms/bathrooms', 'Braille/raised signage']",111.0,9.0,2.5,5
83,Antalya,Turkey,Antalya Boutique Inn 61,"Antalya Boutique Inn 61 is a 3-star hotel in Antalya, Turkey, offering Wi-Fi, Luggage storage, Air conditioning, Room cleaning service, Safety deposit box, Television, 24-hour front desk, Late room service, On-site bars, Rooftop lounges/nightclubs, High speed WiFi, Business center, Meeting rooms, Laundry service, Print machine, Accessible entrances, Ramps/lifts, Accessible rooms/bathrooms, Braille/raised signage. Average price is 51.0 USD per night. Enjoy comfortable stays with a rating of 9.2/5. The on-site restaurant is rated 2/5.","562-8 Shibuya 1-chome, Shibuya City, Antalya",31.87806979868296,36.390419983556455,"['nightlife enthusiast', 'business travelers', 'disabled traveler']","['Wi-Fi', 'Luggage storage', 'Air conditioning', 'Room cleaning service', 'Safety deposit box', 'Television', '24-hour front desk', 'Late room service', 'On-site bars', 'Rooftop lounges/nightclubs', 'High speed WiFi', 'Business center', 'Meeting rooms', 'Laundry service', 'Print machine', 'Accessible entrances', 'Ramps/lifts', 'Accessible rooms/bathrooms', 'Braille/raised signage']",51.0,9.2,3.5,2
84,Antalya,Turkey,Antalya Sunrise Suites 62,"Antalya Sunrise Suites 62 is a 4-star hotel in Antalya, Turkey, offering Wi-Fi, Luggage storage, Air conditioning, Room cleaning service, Safety deposit box, Television, Scenic rooms, Sunrise calls, Photography services/packages, High speed WiFi, Business center, Meeting rooms, Laundry service, Print machine, Spa, Gym, Premium bedding, Bar. Average price is 95.0 USD per night. Enjoy comfortable stays with a rating of 9.2/5. The on-site restaurant is rated 5/5.","604 Beach Road, Antalya",30.874166493316817,36.21571375957714,"['photography', 'business travelers', 'luxury travelers']","['Wi-Fi', 'Luggage storage', 'Air conditioning', 'Room cleaning service', 'Safety deposit box', 'Television', 'Scenic rooms', 'Sunrise calls', 'Photography services/packages', 'High speed WiFi', 'Business center', 'Meeting rooms', 'Laundry service', 'Print machine', 'Spa', 'Gym', 'Premium bedding', 'Bar']",95.0,9.2,4.5,5
85,Antalya,Turkey,Antalya Sky Inn 63,"Antalya Sky Inn 63 is a 2-star hotel in Antalya, Turkey, offering Wi-Fi, Luggage storage, Air conditioning, Room cleaning service, Safety deposit box, Television, 24-hour front desk, Late room service, On-site bars, Rooftop lounges/nightclubs, Elevators, Bathroom grab bars, Medical contacts, Breakfast with dietary options, Pet-friendly, Pet rest area, Pet beds, Durable floors. Average price is 63.0 USD per night. Enjoy comfortable stays with a rating of 6.0/5. The on-site restaurant is rated 5/5.","No. 567, Xingqing West Road, Antalya",29.65233258726349,36.59886659029694,"['nightlife enthusiast', 'elderly travelers', 'with pets']","['Wi-Fi', 'Luggage storage', 'Air conditioning', 'Room cleaning service', 'Safety deposit box', 'Television', '24-hour front desk', 'Late room service', 'On-site bars', 'Rooftop lounges/nightclubs', 'Elevators', 'Bathroom grab bars', 'Medical contacts', 'Breakfast with dietary options', 'Pet-friendly', 'Pet rest area', 'Pet beds', 'Durable floors']",63.0,6.0,2.0,5
86,Antalya,Turkey,Antalya Suites Resort 64,"Antalya Suites Resort 64 is a 5-star hotel in Antalya, Turkey, offering Wi-Fi, Luggage storage, Air conditioning, Room cleaning service, Safety deposit box, Television, Child-friendly rooms, Baby cots, Stroller storage, Diaper changing tables, Nursing rooms, Bathtubs/jacuzzis, Scenic rooms/villas, Spa, Gym, Premium bedding, Bar. Average price is 191.0 USD per night. Enjoy comfortable stays with a rating of 9.6/5. The on-site restaurant is rated 5/5.","531 Chalong Road, Antalya",30.928658551541925,37.09801383360848,"['with children', 'couples trip', 'luxury travelers']","['Wi-Fi', 'Luggage storage', 'Air conditioning', 'Room cleaning service', 'Safety deposit box', 'Television', 'Child-friendly rooms', 'Baby cots', 'Stroller storage', 'Diaper changing tables', 'Nursing rooms', 'Bathtubs/jacuzzis', 'Scenic rooms/villas', 'Spa', 'Gym', 'Premium bedding', 'Bar']",191.0,9.6,5.0,5
87,Antalya,Turkey,Antalya Sky Suites 65,"Antalya Sky Suites 65 is a 3-star hotel in Antalya, Turkey, offering Wi-Fi, Luggage storage, Air conditioning, Room cleaning service, Safety deposit box, Television, Scenic rooms, Sunrise calls, Photography services/packages, Free Wi-Fi, Communal kitchens, Laundry, Lockers, Pet-friendly, Pet rest area, Pet beds, Durable floors. Average price is 122.0 USD per night. Enjoy comfortable stays with a rating of 9.0/5. The on-site restaurant is rated 5/5.","No. 15, Yuyuantan Road, Antalya",30.485536125494843,36.45365866326799,"['photography', 'fast-paced budget travel', 'with pets']","['Wi-Fi', 'Luggage storage', 'Air conditioning', 'Room cleaning service', 'Safety deposit box', 'Television', 'Scenic rooms', 'Sunrise calls', 'Photography services/packages', 'Free Wi-Fi', 'Communal kitchens', 'Laundry', 'Lockers', 'Pet-friendly', 'Pet rest area', 'Pet beds', 'Durable floors']",122.0,9.0,3.5,5
88,Antalya,Turkey,Olympus Sun Garden Resort,"Olympus Sun Garden Resort is a 2-star hotel in Antalya, Turkey, offering Wi-Fi, Luggage storage, Air conditioning, Room cleaning service, Safety deposit box, Television, Child-friendly rooms, Baby cots, Stroller storage, Diaper changing tables, Nursing rooms, Scenic rooms, Sunrise calls, Photography services/packages, Spa, Gym, Premium bedding, Bar. Average price is 51.0 USD per night. Enjoy comfortable stays with a rating of 10.0/5. The on-site restaurant is rated 4/5.","543 Seomyeon-ro, Busanjin-gu, Antalya",29.65233258726349,37.288435783592405,"['with children', 'photography', 'luxury travelers']","['Wi-Fi', 'Luggage storage', 'Air conditioning', 'Room cleaning service', 'Safety deposit box', 'Television', 'Child-friendly rooms', 'Baby cots', 'Stroller storage', 'Diaper changing tables', 'Nursing rooms', 'Scenic rooms', 'Sunrise calls', 'Photography services/packages', 'Spa', 'Gym', 'Premium bedding', 'Bar']",51.0,10.0,2.0,4
89,Antalya,Turkey,Antalya Boutique Inn 66,"Antalya Boutique Inn 66 is a 3-star hotel in Antalya, Turkey, offering Wi-Fi, Luggage storage, Air conditioning, Room cleaning service, Safety deposit box, Television, Elevators, Bathroom grab bars, Medical contacts, Breakfast with dietary options, High speed WiFi, Business center, Meeting rooms, Laundry service, Print machine, Spa, Gym, Premium bedding, Bar. Average price is 68.0 USD per night. Enjoy comfortable stays with a rating of 7.8/5. The on-site restaurant is rated 5/5.","No. 567, Xingqing West Road, Antalya",31.80629350294265,36.44128440459868,"['elderly travelers', 'business travelers', 'luxury travelers']","['Wi-Fi', 'Luggage storage', 'Air conditioning', 'Room cleaning service', 'Safety deposit box', 'Television', 'Elevators', 'Bathroom grab bars', 'Medical contacts', 'Breakfast with dietary options', 'High speed WiFi', 'Business center', 'Meeting rooms', 'Laundry service', 'Print machine', 'Spa', 'Gym', 'Premium bedding', 'Bar']",68.0,7.8,3.0,5
90,Antalya,Turkey,Antalya Deluxe Suites 67,"Antalya Deluxe Suites 67 is a 4-star hotel in Antalya, Turkey, offering Wi-Fi, Luggage storage, Air conditioning, Room cleaning service, Safety deposit box, Television, Child-friendly rooms, Baby cots, Stroller storage, Diaper changing tables, Nursing rooms, 24-hour front desk, Late room service, On-site bars, Rooftop lounges/nightclubs, Accessible entrances, Ramps/lifts, Accessible rooms/bathrooms, Braille/raised signage. Average price is 120.0 USD per night. Enjoy comfortable stays with a rating of 8.6/5. The on-site restaurant is rated 5/5.","117-8901, 3-11-5 Nishi-Shinjuku, Shinjuku City, Antalya",31.71526626558422,36.939884619278615,"['with children', 'nightlife enthusiast', 'disabled traveler']","['Wi-Fi', 'Luggage storage', 'Air conditioning', 'Room cleaning service', 'Safety deposit box', 'Television', 'Child-friendly rooms', 'Baby cots', 'Stroller storage', 'Diaper changing tables', 'Nursing rooms', '24-hour front desk', 'Late room service', 'On-site bars', 'Rooftop lounges/nightclubs', 'Accessible entrances', 'Ramps/lifts', 'Accessible rooms/bathrooms', 'Braille/raised signage']",120.0,8.6,4.5,5
91,Antalya,Turkey,Seaside Harmony Resort & Spa,"Seaside Harmony Resort & Spa is a 3-star hotel in Antalya, Turkey, offering Wi-Fi, Luggage storage, Air conditioning, Room cleaning service, Safety deposit box, Television, Parking, 24-hour front desk, EV charging for electric vehicles, High speed WiFi, Business center, Meeting rooms, Laundry service, Print machine, Spa, Gym, Premium bedding, Bar. Average price is 78.0 USD per night. Enjoy comfortable stays with a rating of 7.2/5. The on-site restaurant is rated 1/5.","166 Sukhumvit Road, Khlong Toei District, Antalya",31.40949182965645,37.104210723284325,"['road trip', 'business travelers', 'luxury travelers']","['Wi-Fi', 'Luggage storage', 'Air conditioning', 'Room cleaning service', 'Safety deposit box', 'Television', 'Parking', '24-hour front desk', 'EV charging for electric vehicles', 'High speed WiFi', 'Business center', 'Meeting rooms', 'Laundry service', 'Print machine', 'Spa', 'Gym', 'Premium bedding', 'Bar']",78.0,7.2,3.0,1
92,Antalya,Turkey,Antalya Pearl Hotel 68,"Antalya Pearl Hotel 68 is a 5-star hotel in Antalya, Turkey, offering Wi-Fi, Luggage storage, Air conditioning, Room cleaning service, Safety deposit box, Television, Child-friendly rooms, Baby cots, Stroller storage, Diaper changing tables, Nursing rooms, 24-hour front desk, Late room service, On-site bars, Rooftop lounges/nightclubs, Elevators, Bathroom grab bars, Medical contacts, Breakfast with dietary options. Average price is 370.0 USD per night. Enjoy comfortable stays with a rating of 9.4/5. The on-site restaurant is rated 5/5.","No. 123, Xicheng Science Park, Antalya",30.185949206833826,36.95496681980232,"['with children', 'nightlife enthusiast', 'elderly travelers']","['Wi-Fi', 'Luggage storage', 'Air conditioning', 'Room cleaning service', 'Safety deposit box', 'Television', 'Child-friendly rooms', 'Baby cots', 'Stroller storage', 'Diaper changing tables', 'Nursing rooms', '24-hour front desk', 'Late room service', 'On-site bars', 'Rooftop lounges/nightclubs', 'Elevators', 'Bathroom grab bars', 'Medical contacts', 'Breakfast with dietary options']",370.0,9.4,5.0,5
93,Antalya,Turkey,Antalya View Resort 69,"Antalya View Resort 69 is a 3-star hotel in Antalya, Turkey, offering Wi-Fi, Luggage storage, Air conditioning, Room cleaning service, Safety deposit box, Television, Pet-friendly, Pet rest area, Pet beds, Durable floors, Spa, Gym, Premium bedding, Bar, Accessible entrances, Ramps/lifts, Accessible rooms/bathrooms, Braille/raised signage. Average price is 33.0 USD per night. Enjoy comfortable stays with a rating of 9.0/5. The on-site restaurant is rated 5/5.","468 Shinsaibashi Dori, Chuo Ward, Antalya",30.10595139665719,36.99155073401343,"['with pets', 'luxury travelers', 'disabled traveler']","['Wi-Fi', 'Luggage storage', 'Air conditioning', 'Room cleaning service', 'Safety deposit box', 'Television', 'Pet-friendly', 'Pet rest area', 'Pet beds', 'Durable floors', 'Spa', 'Gym', 'Premium bedding', 'Bar', 'Accessible entrances', 'Ramps/lifts', 'Accessible rooms/bathrooms', 'Braille/raised signage']",33.0,9.0,3.0,5
94,Antalya,Turkey,Sunny Coast Resort Garden,"Sunny Coast Resort Garden is a 3-star hotel in Antalya, Turkey, offering Wi-Fi, Luggage storage, Air conditioning, Room cleaning service, Safety deposit box, Television, Women-only floors/rooms, Privacy-conscious check-in, 24-hour security, Surveillance cameras, Double locks on doors, Scenic rooms, Sunrise calls, Photography services/packages, Free Wi-Fi, Communal kitchens, Laundry, Lockers. Average price is 209.0 USD per night. Enjoy comfortable stays with a rating of 10.0/5. The on-site restaurant is rated 5/5.","362/20 Rachadaphisek Road, Antalya",31.22815497307663,37.04925461388363,"['solo women', 'photography', 'fast-paced budget travel']","['Wi-Fi', 'Luggage storage', 'Air conditioning', 'Room cleaning service', 'Safety deposit box', 'Television', 'Women-only floors/rooms', 'Privacy-conscious check-in', '24-hour security', 'Surveillance cameras', 'Double locks on doors', 'Scenic rooms', 'Sunrise calls', 'Photography services/packages', 'Free Wi-Fi', 'Communal kitchens', 'Laundry', 'Lockers']",209.0,10.0,3.0,5
95,Antalya,Turkey,Antalya Palace Hotel 70,"Antalya Palace Hotel 70 is a 2-star hotel in Antalya, Turkey, offering Wi-Fi, Luggage storage, Air conditioning, Room cleaning service, Safety deposit box, Television, Parking, 24-hour front desk, EV charging for electric vehicles, Free Wi-Fi, Communal kitchens, Laundry, Lockers, Women-only floors/rooms, Privacy-conscious check-in, 24-hour security, Surveillance cameras, Double locks on doors. Average price is 44.0 USD per night. Enjoy comfortable stays with a rating of 8.2/5. The on-site restaurant is rated 3/5.","No. 456, Xinglin Road, Antalya",30.229218517979213,37.15211162129869,"['road trip', 'fast-paced budget travel', 'solo women']","['Wi-Fi', 'Luggage storage', 'Air conditioning', 'Room cleaning service', 'Safety deposit box', 'Television', 'Parking', '24-hour front desk', 'EV charging for electric vehicles', 'Free Wi-Fi', 'Communal kitchens', 'Laundry', 'Lockers', 'Women-only floors/rooms', 'Privacy-conscious check-in', '24-hour security', 'Surveillance cameras', 'Double locks on doors']",44.0,8.2,2.5,3
96,Antalya,Turkey,Antalya Resort Resort 71,"Antalya Resort Resort 71 is a 3-star hotel in Antalya, Turkey, offering Wi-Fi, Luggage storage, Air conditioning, Room cleaning service, Safety deposit box, Television, Women-only floors/rooms, Privacy-conscious check-in, 24-hour security, Surveillance cameras, Double locks on doors, Parking, 24-hour front desk, EV charging for electric vehicles, Bathtubs/jacuzzis, Scenic rooms/villas, Spa. Average price is 74.0 USD per night. Enjoy comfortable stays with a rating of 8.0/5. The on-site restaurant is rated 5/5.","No. 456, Innovation Avenue, Futian District, Antalya",31.87806979868296,37.023390246264064,"['solo women', 'road trip', 'couples trip']","['Wi-Fi', 'Luggage storage', 'Air conditioning', 'Room cleaning service', 'Safety deposit box', 'Television', 'Women-only floors/rooms', 'Privacy-conscious check-in', '24-hour security', 'Surveillance cameras', 'Double locks on doors', 'Parking', '24-hour front desk', 'EV charging for electric vehicles', 'Bathtubs/jacuzzis', 'Scenic rooms/villas', 'Spa']",74.0,8.0,3.0,5
97,Antalya,Turkey,Golden Sands Beach Resort,"Golden Sands Beach Resort is a 4-star hotel in Antalya, Turkey, offering Wi-Fi, Luggage storage, Air conditioning, Room cleaning service, Safety deposit box, Television, Women-only floors/rooms, Privacy-conscious check-in, 24-hour security, Surveillance cameras, Double locks on doors, Scenic rooms, Sunrise calls, Photography services/packages, Elevators, Bathroom grab bars, Medical contacts, Breakfast with dietary options. Average price is 83.0 USD per night. Enjoy comfortable stays with a rating of 8.8/5. The on-site restaurant is rated 1/5.","No. 456, Xinghai Road, Futian District, Antalya",32.229281661498206,36.7284684821355,"['solo women', 'photography', 'elderly travelers']","['Wi-Fi', 'Luggage storage', 'Air conditioning', 'Room cleaning service', 'Safety deposit box', 'Television', 'Women-only floors/rooms', 'Privacy-conscious check-in', '24-hour security', 'Surveillance cameras', 'Double locks on doors', 'Scenic rooms', 'Sunrise calls', 'Photography services/packages', 'Elevators', 'Bathroom grab bars', 'Medical contacts', 'Breakfast with dietary options']",83.0,8.8,4.0,1
98,Antalya,Turkey,Antalya Pearl Suites 72,"Antalya Pearl Suites 72 is a 2-star hotel in Antalya, Turkey, offering Wi-Fi, Luggage storage, Air conditioning, Room cleaning service, Safety deposit box, Television, Women-only floors/rooms, Privacy-conscious check-in, 24-hour security, Surveillance cameras, Double locks on doors, 24-hour front desk, Late room service, On-site bars, Rooftop lounges/nightclubs, Elevators, Bathroom grab bars, Medical contacts, Breakfast with dietary options. Average price is 57.0 USD per night. Enjoy comfortable stays with a rating of 7.8/5. The on-site restaurant is rated 5/5.","651 Silom Road, Antalya",32.57511212091217,36.832931254995,"['solo women', 'nightlife enthusiast', 'elderly travelers']","['Wi-Fi', 'Luggage storage', 'Air conditioning', 'Room cleaning service', 'Safety deposit box', 'Television', 'Women-only floors/rooms', 'Privacy-conscious check-in', '24-hour security', 'Surveillance cameras', 'Double locks on doors', '24-hour front desk', 'Late room service', 'On-site bars', 'Rooftop lounges/nightclubs', 'Elevators', 'Bathroom grab bars', 'Medical contacts', 'Breakfast with dietary options']",57.0,7.8,2.5,5
99,Antalya,Turkey,Babylon Bay Garden Resort,"Babylon Bay Garden Resort is a 2-star hotel in Antalya, Turkey, offering Wi-Fi, Luggage storage, Air conditioning, Room cleaning service, Safety deposit box, Television, Accessible entrances, Ramps/lifts, Accessible rooms/bathrooms, Braille/raised signage, Free Wi-Fi, Communal kitchens, Laundry, Lockers, Spa, Gym, Premium bedding, Bar. Average price is 19.0 USD per night. Enjoy comfortable stays with a rating of 10.0/5. The on-site restaurant is rated 1/5.","387 Castle Peak Road, Antalya",30.24623377764648,37.25056432142108,"['disabled traveler', 'fast-paced budget travel', 'luxury travelers']","['Wi-Fi', 'Luggage storage', 'Air conditioning', 'Room cleaning service', 'Safety deposit box', 'Television', 'Accessible entrances', 'Ramps/lifts', 'Accessible rooms/bathrooms', 'Braille/raised signage', 'Free Wi-Fi', 'Communal kitchens', 'Laundry', 'Lockers', 'Spa', 'Gym', 'Premium bedding', 'Bar']",19.0,10.0,2.5,1
100,Antalya,Turkey,Antalya Grand Suites 73,"Antalya Grand Suites 73 is a 3-star hotel in Antalya, Turkey, offering Wi-Fi, Luggage storage, Air conditioning, Room cleaning service, Safety deposit box, Television, 24-hour front desk, Late room service, On-site bars, Rooftop lounges/nightclubs, Free Wi-Fi, Communal kitchens, Laundry, Lockers, Elevators, Bathroom grab bars, Medical contacts, Breakfast with dietary options. Average price is 123.0 USD per night. Enjoy comfortable stays with a rating of 8.2/5. The on-site restaurant is rated 5/5.","354 Seongsan Road, Antalya",30.8207201607619,37.3039742305559,"['nightlife enthusiast', 'fast-paced budget travel', 'elderly travelers']","['Wi-Fi', 'Luggage storage', 'Air conditioning', 'Room cleaning service', 'Safety deposit box', 'Television', '24-hour front desk', 'Late room service', 'On-site bars', 'Rooftop lounges/nightclubs', 'Free Wi-Fi', 'Communal kitchens', 'Laundry', 'Lockers', 'Elevators', 'Bathroom grab bars', 'Medical contacts', 'Breakfast with dietary options']",123.0,8.2,3.0,5
