hotel_id,city_name,country,name,about,address,longitude,latitude,amenities_group,amenities,price,rating,star,rate_of_restaurant
1,Louisville,United States,Louisville Garden Suites 1,"Louisville Garden Suites 1 is a 2-star hotel in Louisville, United States, offering Wi-Fi, Luggage storage, Air conditioning, Room cleaning service, Safety deposit box, Television, Parking, 24-hour front desk, EV charging for electric vehicles, Late room service, On-site bars, Rooftop lounges/nightclubs, Elevators, Bathroom grab bars, Medical contacts, Breakfast with dietary options. Average price is 115.0 USD per night. Enjoy comfortable stays with a rating of 9.0/5. The on-site restaurant is rated 4/5.","No. 567, Guangming Road, Louisville",-85.82582787060905,38.23557513514758,"['road trip', 'nightlife enthusiast', 'elderly travelers']","['Wi-Fi', 'Luggage storage', 'Air conditioning', 'Room cleaning service', 'Safety deposit box', 'Television', 'Parking', '24-hour front desk', 'EV charging for electric vehicles', 'Late room service', 'On-site bars', 'Rooftop lounges/nightclubs', 'Elevators', 'Bathroom grab bars', 'Medical contacts', 'Breakfast with dietary options']",115.0,9.0,2.0,4
2,Louisville,United States,Louisville Deluxe Resort 2,"Louisville Deluxe Resort 2 is a 4-star hotel in Louisville, United States, offering Wi-Fi, Luggage storage, Air conditioning, Room cleaning service, Safety deposit box, Television, 24-hour front desk, Late room service, On-site bars, Rooftop lounges/nightclubs, Elevators, Bathroom grab bars, Medical contacts, Breakfast with dietary options, Spa, Gym, Premium bedding, Bar. Average price is 164.0 USD per night. Enjoy comfortable stays with a rating of 9.0/5. The on-site restaurant is rated 5/5.","826 Gukje-ro, Seo-gu, Louisville",-85.87316965139831,38.31334113852257,"['nightlife enthusiast', 'elderly travelers', 'luxury travelers']","['Wi-Fi', 'Luggage storage', 'Air conditioning', 'Room cleaning service', 'Safety deposit box', 'Television', '24-hour front desk', 'Late room service', 'On-site bars', 'Rooftop lounges/nightclubs', 'Elevators', 'Bathroom grab bars', 'Medical contacts', 'Breakfast with dietary options', 'Spa', 'Gym', 'Premium bedding', 'Bar']",164.0,9.0,4.5,5
3,Louisville,United States,Louisville Garden Resort 3,"Louisville Garden Resort 3 is a 4-star hotel in Louisville, United States, offering Wi-Fi, Luggage storage, Air conditioning, Room cleaning service, Safety deposit box, Television, Free Wi-Fi, Communal kitchens, Laundry, Lockers, Bathtubs/jacuzzis, Scenic rooms/villas, Spa, Gym, Premium bedding, Bar. Average price is 91.0 USD per night. Enjoy comfortable stays with a rating of 9.2/5. The on-site restaurant is rated 5/5.","502 Sathorn Unique Tower, Silom Road, Louisville",-85.81880932863513,38.1726859738848,"['fast-paced budget travel', 'couples trip', 'luxury travelers']","['Wi-Fi', 'Luggage storage', 'Air conditioning', 'Room cleaning service', 'Safety deposit box', 'Television', 'Free Wi-Fi', 'Communal kitchens', 'Laundry', 'Lockers', 'Bathtubs/jacuzzis', 'Scenic rooms/villas', 'Spa', 'Gym', 'Premium bedding', 'Bar']",91.0,9.2,4.0,5
4,Louisville,United States,Cypress Creek River Resort,"Cypress Creek River Resort is a 5-star hotel in Louisville, United States, offering Wi-Fi, Luggage storage, Air conditioning, Room cleaning service, Safety deposit box, Television, Scenic rooms, Sunrise calls, Photography services/packages, Free Wi-Fi, Communal kitchens, Laundry, Lockers, Elevators, Bathroom grab bars, Medical contacts, Breakfast with dietary options. Average price is 274.0 USD per night. Enjoy comfortable stays with a rating of 9.6/5. The on-site restaurant is rated 5/5.","935 Shibuya Street, Shibuya Ward, Louisville",-85.68710809498894,38.09237434559744,"['photography', 'fast-paced budget travel', 'elderly travelers']","['Wi-Fi', 'Luggage storage', 'Air conditioning', 'Room cleaning service', 'Safety deposit box', 'Television', 'Scenic rooms', 'Sunrise calls', 'Photography services/packages', 'Free Wi-Fi', 'Communal kitchens', 'Laundry', 'Lockers', 'Elevators', 'Bathroom grab bars', 'Medical contacts', 'Breakfast with dietary options']",274.0,9.6,5.0,5
5,Louisville,United States,Louisville Royal Resort 4,"Louisville Royal Resort 4 is a 3-star hotel in Louisville, United States, offering Wi-Fi, Luggage storage, Air conditioning, Room cleaning service, Safety deposit box, Television, Child-friendly rooms, Baby cots, Stroller storage, Diaper changing tables, Nursing rooms, Elevators, Bathroom grab bars, Medical contacts, Breakfast with dietary options, Accessible entrances, Ramps/lifts, Accessible rooms/bathrooms, Braille/raised signage. Average price is 88.0 USD per night. Enjoy comfortable stays with a rating of 9.8/5. The on-site restaurant is rated 4/5.","622 Gukje-ro, Gangnam-gu, Louisville",-85.79940224264985,38.15464817377711,"['with children', 'elderly travelers', 'disabled traveler']","['Wi-Fi', 'Luggage storage', 'Air conditioning', 'Room cleaning service', 'Safety deposit box', 'Television', 'Child-friendly rooms', 'Baby cots', 'Stroller storage', 'Diaper changing tables', 'Nursing rooms', 'Elevators', 'Bathroom grab bars', 'Medical contacts', 'Breakfast with dietary options', 'Accessible entrances', 'Ramps/lifts', 'Accessible rooms/bathrooms', 'Braille/raised signage']",88.0,9.8,3.0,4
6,Louisville,United States,Louisville Deluxe Resort 5,"Louisville Deluxe Resort 5 is a 4-star hotel in Louisville, United States, offering Wi-Fi, Luggage storage, Air conditioning, Room cleaning service, Safety deposit box, Television, Women-only floors/rooms, Privacy-conscious check-in, 24-hour security, Surveillance cameras, Double locks on doors, Parking, 24-hour front desk, EV charging for electric vehicles, High speed WiFi, Business center, Meeting rooms, Laundry service, Print machine. Average price is 144.0 USD per night. Enjoy comfortable stays with a rating of 9.4/5. The on-site restaurant is rated 4/5.","842 Seaside Promenade, Louisville",-85.81607344552773,38.12530036992571,"['solo women', 'road trip', 'business travelers']","['Wi-Fi', 'Luggage storage', 'Air conditioning', 'Room cleaning service', 'Safety deposit box', 'Television', 'Women-only floors/rooms', 'Privacy-conscious check-in', '24-hour security', 'Surveillance cameras', 'Double locks on doors', 'Parking', '24-hour front desk', 'EV charging for electric vehicles', 'High speed WiFi', 'Business center', 'Meeting rooms', 'Laundry service', 'Print machine']",144.0,9.4,4.0,4
7,Louisville,United States,Louisville Inn Inn 6,"Louisville Inn Inn 6 is a 5-star hotel in Louisville, United States, offering Wi-Fi, Luggage storage, Air conditioning, Room cleaning service, Safety deposit box, Television, Scenic rooms, Sunrise calls, Photography services/packages, Pet-friendly, Pet rest area, Pet beds, Durable floors, Spa, Gym, Premium bedding, Bar. Average price is 181.0 USD per night. Enjoy comfortable stays with a rating of 9.2/5. The on-site restaurant is rated 5/5.","No. 456, Hui'an Road, Louisville",-85.81017209331982,38.08523867849628,"['photography', 'with pets', 'luxury travelers']","['Wi-Fi', 'Luggage storage', 'Air conditioning', 'Room cleaning service', 'Safety deposit box', 'Television', 'Scenic rooms', 'Sunrise calls', 'Photography services/packages', 'Pet-friendly', 'Pet rest area', 'Pet beds', 'Durable floors', 'Spa', 'Gym', 'Premium bedding', 'Bar']",181.0,9.2,5.0,5
8,Louisville,United States,Kentucky River Garden Inn,"Kentucky River Garden Inn is a 4-star hotel in Louisville, United States, offering Wi-Fi, Luggage storage, Air conditioning, Room cleaning service, Safety deposit box, Television, High speed WiFi, Business center, Meeting rooms, Laundry service, Print machine, Bathtubs/jacuzzis, Scenic rooms/villas, Spa, Pet-friendly, Pet rest area, Pet beds, Durable floors. Average price is 202.0 USD per night. Enjoy comfortable stays with a rating of 9.2/5. The on-site restaurant is rated 5/5.","No. 128, Xingyun Road, Louisville",-85.84764821962872,38.08865176539075,"['business travelers', 'couples trip', 'with pets']","['Wi-Fi', 'Luggage storage', 'Air conditioning', 'Room cleaning service', 'Safety deposit box', 'Television', 'High speed WiFi', 'Business center', 'Meeting rooms', 'Laundry service', 'Print machine', 'Bathtubs/jacuzzis', 'Scenic rooms/villas', 'Spa', 'Pet-friendly', 'Pet rest area', 'Pet beds', 'Durable floors']",202.0,9.2,4.5,5
9,Louisville,United States,Riverfront Heritage Garden Resort,"Riverfront Heritage Garden Resort is a 5-star hotel in Louisville, United States, offering Wi-Fi, Luggage storage, Air conditioning, Room cleaning service, Safety deposit box, Television, Elevators, Bathroom grab bars, Medical contacts, Breakfast with dietary options, Bathtubs/jacuzzis, Scenic rooms/villas, Spa, Accessible entrances, Ramps/lifts, Accessible rooms/bathrooms, Braille/raised signage. Average price is 417.0 USD per night. Enjoy comfortable stays with a rating of 8.8/5. The on-site restaurant is rated 5/5.","471 Sakura Street, Louisville",-85.79940224264985,38.16898229684164,"['elderly travelers', 'couples trip', 'disabled traveler']","['Wi-Fi', 'Luggage storage', 'Air conditioning', 'Room cleaning service', 'Safety deposit box', 'Television', 'Elevators', 'Bathroom grab bars', 'Medical contacts', 'Breakfast with dietary options', 'Bathtubs/jacuzzis', 'Scenic rooms/villas', 'Spa', 'Accessible entrances', 'Ramps/lifts', 'Accessible rooms/bathrooms', 'Braille/raised signage']",417.0,8.8,5.0,5
10,Louisville,United States,Louisville Deluxe Hotel 7,"Louisville Deluxe Hotel 7 is a 4-star hotel in Louisville, United States, offering Wi-Fi, Luggage storage, Air conditioning, Room cleaning service, Safety deposit box, Television, Parking, 24-hour front desk, EV charging for electric vehicles, Free Wi-Fi, Communal kitchens, Laundry, Lockers, Spa, Gym, Premium bedding, Bar. Average price is 208.0 USD per night. Enjoy comfortable stays with a rating of 8.4/5. The on-site restaurant is rated 5/5.","546 Suthep Road, Louisville",-85.83470811912716,38.15464817377711,"['road trip', 'fast-paced budget travel', 'luxury travelers']","['Wi-Fi', 'Luggage storage', 'Air conditioning', 'Room cleaning service', 'Safety deposit box', 'Television', 'Parking', '24-hour front desk', 'EV charging for electric vehicles', 'Free Wi-Fi', 'Communal kitchens', 'Laundry', 'Lockers', 'Spa', 'Gym', 'Premium bedding', 'Bar']",208.0,8.4,4.5,5
11,Louisville,United States,Willow Creek River Retreat,"Willow Creek River Retreat is a 2-star hotel in Louisville, United States, offering Wi-Fi, Luggage storage, Air conditioning, Room cleaning service, Safety deposit box, Television, Women-only floors/rooms, Privacy-conscious check-in, 24-hour security, Surveillance cameras, Double locks on doors, Elevators, Bathroom grab bars, Medical contacts, Breakfast with dietary options, High speed WiFi, Business center, Meeting rooms, Laundry service, Print machine. Average price is 71.0 USD per night. Enjoy comfortable stays with a rating of 7.2/5. The on-site restaurant is rated 1/5.","829-8543 Sapporo City, Nishi 1-chome, Louisville",-85.62290166327574,38.1726859738848,"['solo women', 'elderly travelers', 'business travelers']","['Wi-Fi', 'Luggage storage', 'Air conditioning', 'Room cleaning service', 'Safety deposit box', 'Television', 'Women-only floors/rooms', 'Privacy-conscious check-in', '24-hour security', 'Surveillance cameras', 'Double locks on doors', 'Elevators', 'Bathroom grab bars', 'Medical contacts', 'Breakfast with dietary options', 'High speed WiFi', 'Business center', 'Meeting rooms', 'Laundry service', 'Print machine']",71.0,7.2,2.5,1
12,Louisville,United States,Louisville Suites Resort 8,"Louisville Suites Resort 8 is a 3-star hotel in Louisville, United States, offering Wi-Fi, Luggage storage, Air conditioning, Room cleaning service, Safety deposit box, Television, Women-only floors/rooms, Privacy-conscious check-in, 24-hour security, Surveillance cameras, Double locks on doors, Bathtubs/jacuzzis, Scenic rooms/villas, Spa, High speed WiFi, Business center, Meeting rooms, Laundry service, Print machine. Average price is 105.0 USD per night. Enjoy comfortable stays with a rating of 8.8/5. The on-site restaurant is rated 5/5.","572 Suthep Road, Louisville",-85.45823364839228,38.2005742821458,"['solo women', 'couples trip', 'business travelers']","['Wi-Fi', 'Luggage storage', 'Air conditioning', 'Room cleaning service', 'Safety deposit box', 'Television', 'Women-only floors/rooms', 'Privacy-conscious check-in', '24-hour security', 'Surveillance cameras', 'Double locks on doors', 'Bathtubs/jacuzzis', 'Scenic rooms/villas', 'Spa', 'High speed WiFi', 'Business center', 'Meeting rooms', 'Laundry service', 'Print machine']",105.0,8.8,3.0,5
13,Louisville,United States,Kentucky Skyline River Resort,"Kentucky Skyline River Resort is a 4-star hotel in Louisville, United States, offering Wi-Fi, Luggage storage, Air conditioning, Room cleaning service, Safety deposit box, Television, 24-hour front desk, Late room service, On-site bars, Rooftop lounges/nightclubs, Pet-friendly, Pet rest area, Pet beds, Durable floors, Spa, Gym, Premium bedding, Bar. Average price is 92.0 USD per night. Enjoy comfortable stays with a rating of 8.8/5. The on-site restaurant is rated 5/5.","716 Beach Road, Louisville",-85.81607344552773,38.12530036992571,"['nightlife enthusiast', 'with pets', 'luxury travelers']","['Wi-Fi', 'Luggage storage', 'Air conditioning', 'Room cleaning service', 'Safety deposit box', 'Television', '24-hour front desk', 'Late room service', 'On-site bars', 'Rooftop lounges/nightclubs', 'Pet-friendly', 'Pet rest area', 'Pet beds', 'Durable floors', 'Spa', 'Gym', 'Premium bedding', 'Bar']",92.0,8.8,4.5,5
14,Louisville,United States,Louisville Plaza Suites 9,"Louisville Plaza Suites 9 is a 2-star hotel in Louisville, United States, offering Wi-Fi, Luggage storage, Air conditioning, Room cleaning service, Safety deposit box, Television, Parking, 24-hour front desk, EV charging for electric vehicles, High speed WiFi, Business center, Meeting rooms, Laundry service, Print machine, Spa, Gym, Premium bedding, Bar. Average price is 148.0 USD per night. Enjoy comfortable stays with a rating of 9.6/5. The on-site restaurant is rated 3/5.","599 Sumo Street, Louisville",-85.77328648044336,38.08695735688684,"['road trip', 'business travelers', 'luxury travelers']","['Wi-Fi', 'Luggage storage', 'Air conditioning', 'Room cleaning service', 'Safety deposit box', 'Television', 'Parking', '24-hour front desk', 'EV charging for electric vehicles', 'High speed WiFi', 'Business center', 'Meeting rooms', 'Laundry service', 'Print machine', 'Spa', 'Gym', 'Premium bedding', 'Bar']",148.0,9.6,2.0,3
15,Louisville,United States,Riverfront Lakeside Resort,"Riverfront Lakeside Resort is a 2-star hotel in Louisville, United States, offering Wi-Fi, Luggage storage, Air conditioning, Room cleaning service, Safety deposit box, Television, Free Wi-Fi, Communal kitchens, Laundry, Lockers, High speed WiFi, Business center, Meeting rooms, Laundry service, Print machine, Spa, Gym, Premium bedding, Bar. Average price is 37.0 USD per night. Enjoy comfortable stays with a rating of 7.8/5. The on-site restaurant is rated 1/5.","No. 456 Jing'an Road, Huangpu District, Louisville",-85.81880932863513,38.08379902583186,"['fast-paced budget travel', 'business travelers', 'luxury travelers']","['Wi-Fi', 'Luggage storage', 'Air conditioning', 'Room cleaning service', 'Safety deposit box', 'Television', 'Free Wi-Fi', 'Communal kitchens', 'Laundry', 'Lockers', 'High speed WiFi', 'Business center', 'Meeting rooms', 'Laundry service', 'Print machine', 'Spa', 'Gym', 'Premium bedding', 'Bar']",37.0,7.8,2.5,1
16,Louisville,United States,Louisville Deluxe Hotel 10,"Louisville Deluxe Hotel 10 is a 4-star hotel in Louisville, United States, offering Wi-Fi, Luggage storage, Air conditioning, Room cleaning service, Safety deposit box, Television, Women-only floors/rooms, Privacy-conscious check-in, 24-hour security, Surveillance cameras, Double locks on doors, Elevators, Bathroom grab bars, Medical contacts, Breakfast with dietary options, Bathtubs/jacuzzis, Scenic rooms/villas, Spa. Average price is 251.0 USD per night. Enjoy comfortable stays with a rating of 9.4/5. The on-site restaurant is rated 5/5.","705 Shuri Street, Louisville",-85.77250799019178,38.27274183868768,"['solo women', 'elderly travelers', 'couples trip']","['Wi-Fi', 'Luggage storage', 'Air conditioning', 'Room cleaning service', 'Safety deposit box', 'Television', 'Women-only floors/rooms', 'Privacy-conscious check-in', '24-hour security', 'Surveillance cameras', 'Double locks on doors', 'Elevators', 'Bathroom grab bars', 'Medical contacts', 'Breakfast with dietary options', 'Bathtubs/jacuzzis', 'Scenic rooms/villas', 'Spa']",251.0,9.4,4.5,5
17,Louisville,United States,Louisville Garden Inn 11,"Louisville Garden Inn 11 is a 2-star hotel in Louisville, United States, offering Wi-Fi, Luggage storage, Air conditioning, Room cleaning service, Safety deposit box, Television, Scenic rooms, Sunrise calls, Photography services/packages, Pet-friendly, Pet rest area, Pet beds, Durable floors, Accessible entrances, Ramps/lifts, Accessible rooms/bathrooms, Braille/raised signage. Average price is 53.0 USD per night. Enjoy comfortable stays with a rating of 8.0/5. The on-site restaurant is rated 5/5.","484 Shimbashi Street, Shibuya, Louisville",-85.63655656122378,38.23143131311087,"['photography', 'with pets', 'disabled traveler']","['Wi-Fi', 'Luggage storage', 'Air conditioning', 'Room cleaning service', 'Safety deposit box', 'Television', 'Scenic rooms', 'Sunrise calls', 'Photography services/packages', 'Pet-friendly', 'Pet rest area', 'Pet beds', 'Durable floors', 'Accessible entrances', 'Ramps/lifts', 'Accessible rooms/bathrooms', 'Braille/raised signage']",53.0,8.0,2.5,5
18,Louisville,United States,Riverfront Garden Suites Louisville,"Riverfront Garden Suites Louisville is a 5-star hotel in Louisville, United States, offering Wi-Fi, Luggage storage, Air conditioning, Room cleaning service, Safety deposit box, Television, Child-friendly rooms, Baby cots, Stroller storage, Diaper changing tables, Nursing rooms, Women-only floors/rooms, Privacy-conscious check-in, 24-hour security, Surveillance cameras, Double locks on doors, Free Wi-Fi, Communal kitchens, Laundry, Lockers. Average price is 341.0 USD per night. Enjoy comfortable stays with a rating of 9.4/5. The on-site restaurant is rated 5/5.","No. 10 Jiuxianqiao Road, Louisville",-85.54668941927578,38.205613011625424,"['with children', 'solo women', 'fast-paced budget travel']","['Wi-Fi', 'Luggage storage', 'Air conditioning', 'Room cleaning service', 'Safety deposit box', 'Television', 'Child-friendly rooms', 'Baby cots', 'Stroller storage', 'Diaper changing tables', 'Nursing rooms', 'Women-only floors/rooms', 'Privacy-conscious check-in', '24-hour security', 'Surveillance cameras', 'Double locks on doors', 'Free Wi-Fi', 'Communal kitchens', 'Laundry', 'Lockers']",341.0,9.4,5.0,5
19,Louisville,United States,Kentucky River Garden Manor,"Kentucky River Garden Manor is a 4-star hotel in Louisville, United States, offering Wi-Fi, Luggage storage, Air conditioning, Room cleaning service, Safety deposit box, Television, Accessible entrances, Ramps/lifts, Accessible rooms/bathrooms, Braille/raised signage, High speed WiFi, Business center, Meeting rooms, Laundry service, Print machine, Pet-friendly, Pet rest area, Pet beds, Durable floors. Average price is 166.0 USD per night. Enjoy comfortable stays with a rating of 8.2/5. The on-site restaurant is rated 5/5.","No. 18, Zhongguancun South Street, Louisville",-85.69007479904997,38.239097168896045,"['disabled traveler', 'business travelers', 'with pets']","['Wi-Fi', 'Luggage storage', 'Air conditioning', 'Room cleaning service', 'Safety deposit box', 'Television', 'Accessible entrances', 'Ramps/lifts', 'Accessible rooms/bathrooms', 'Braille/raised signage', 'High speed WiFi', 'Business center', 'Meeting rooms', 'Laundry service', 'Print machine', 'Pet-friendly', 'Pet rest area', 'Pet beds', 'Durable floors']",166.0,8.2,4.0,5
20,Louisville,United States,Louisville Garden Suites 12,"Louisville Garden Suites 12 is a 5-star hotel in Louisville, United States, offering Wi-Fi, Luggage storage, Air conditioning, Room cleaning service, Safety deposit box, Television, Scenic rooms, Sunrise calls, Photography services/packages, Free Wi-Fi, Communal kitchens, Laundry, Lockers, Accessible entrances, Ramps/lifts, Accessible rooms/bathrooms, Braille/raised signage. Average price is 101.0 USD per night. Enjoy comfortable stays with a rating of 8.6/5. The on-site restaurant is rated 5/5.","869 Sakura Street, Nakamura Ward, Louisville",-85.52492789021233,38.215295519759245,"['photography', 'fast-paced budget travel', 'disabled traveler']","['Wi-Fi', 'Luggage storage', 'Air conditioning', 'Room cleaning service', 'Safety deposit box', 'Television', 'Scenic rooms', 'Sunrise calls', 'Photography services/packages', 'Free Wi-Fi', 'Communal kitchens', 'Laundry', 'Lockers', 'Accessible entrances', 'Ramps/lifts', 'Accessible rooms/bathrooms', 'Braille/raised signage']",101.0,8.6,5.0,5
21,Louisville,United States,Louisville Central Resort 13,"Louisville Central Resort 13 is a 3-star hotel in Louisville, United States, offering Wi-Fi, Luggage storage, Air conditioning, Room cleaning service, Safety deposit box, Television, 24-hour front desk, Late room service, On-site bars, Rooftop lounges/nightclubs, Bathtubs/jacuzzis, Scenic rooms/villas, Spa, Gym, Premium bedding, Bar. Average price is 123.0 USD per night. Enjoy comfortable stays with a rating of 9.6/5. The on-site restaurant is rated 5/5.","No. 456, Cultural Square, Louisville",-85.45306712500246,38.33976560032705,"['nightlife enthusiast', 'couples trip', 'luxury travelers']","['Wi-Fi', 'Luggage storage', 'Air conditioning', 'Room cleaning service', 'Safety deposit box', 'Television', '24-hour front desk', 'Late room service', 'On-site bars', 'Rooftop lounges/nightclubs', 'Bathtubs/jacuzzis', 'Scenic rooms/villas', 'Spa', 'Gym', 'Premium bedding', 'Bar']",123.0,9.6,3.0,5
22,Louisville,United States,Louisville Boutique Resort 14,"Louisville Boutique Resort 14 is a 3-star hotel in Louisville, United States, offering Wi-Fi, Luggage storage, Air conditioning, Room cleaning service, Safety deposit box, Television, Women-only floors/rooms, Privacy-conscious check-in, 24-hour security, Surveillance cameras, Double locks on doors, Scenic rooms, Sunrise calls, Photography services/packages, Pet-friendly, Pet rest area, Pet beds, Durable floors. Average price is 197.0 USD per night. Enjoy comfortable stays with a rating of 9.0/5. The on-site restaurant is rated 3/5.","No. 456, Cultural Square, Louisville",-85.8259093284585,38.17693298398233,"['solo women', 'photography', 'with pets']","['Wi-Fi', 'Luggage storage', 'Air conditioning', 'Room cleaning service', 'Safety deposit box', 'Television', 'Women-only floors/rooms', 'Privacy-conscious check-in', '24-hour security', 'Surveillance cameras', 'Double locks on doors', 'Scenic rooms', 'Sunrise calls', 'Photography services/packages', 'Pet-friendly', 'Pet rest area', 'Pet beds', 'Durable floors']",197.0,9.0,3.0,3
23,Louisville,United States,Louisville Sky Hotel 15,"Louisville Sky Hotel 15 is a 5-star hotel in Louisville, United States, offering Wi-Fi, Luggage storage, Air conditioning, Room cleaning service, Safety deposit box, Television, Free Wi-Fi, Communal kitchens, Laundry, Lockers, Elevators, Bathroom grab bars, Medical contacts, Breakfast with dietary options, Bathtubs/jacuzzis, Scenic rooms/villas, Spa. Average price is 225.0 USD per night. Enjoy comfortable stays with a rating of 10.0/5. The on-site restaurant is rated 5/5.","952-678 Nishi 1-chome, Louisville",-85.46902965527306,38.31101054125762,"['fast-paced budget travel', 'elderly travelers', 'couples trip']","['Wi-Fi', 'Luggage storage', 'Air conditioning', 'Room cleaning service', 'Safety deposit box', 'Television', 'Free Wi-Fi', 'Communal kitchens', 'Laundry', 'Lockers', 'Elevators', 'Bathroom grab bars', 'Medical contacts', 'Breakfast with dietary options', 'Bathtubs/jacuzzis', 'Scenic rooms/villas', 'Spa']",225.0,10.0,5.0,5
24,Louisville,United States,Louisville Garden Resort 16,"Louisville Garden Resort 16 is a 5-star hotel in Louisville, United States, offering Wi-Fi, Luggage storage, Air conditioning, Room cleaning service, Safety deposit box, Television, Women-only floors/rooms, Privacy-conscious check-in, 24-hour security, Surveillance cameras, Double locks on doors, 24-hour front desk, Late room service, On-site bars, Rooftop lounges/nightclubs, Elevators, Bathroom grab bars, Medical contacts, Breakfast with dietary options. Average price is 189.0 USD per night. Enjoy comfortable stays with a rating of 9.4/5. The on-site restaurant is rated 5/5.","No. 1288, Zhangjiang Science Park, Louisville",-85.63280826910054,38.09720739400596,"['solo women', 'nightlife enthusiast', 'elderly travelers']","['Wi-Fi', 'Luggage storage', 'Air conditioning', 'Room cleaning service', 'Safety deposit box', 'Television', 'Women-only floors/rooms', 'Privacy-conscious check-in', '24-hour security', 'Surveillance cameras', 'Double locks on doors', '24-hour front desk', 'Late room service', 'On-site bars', 'Rooftop lounges/nightclubs', 'Elevators', 'Bathroom grab bars', 'Medical contacts', 'Breakfast with dietary options']",189.0,9.4,5.0,5
25,Louisville,United States,Louisville Pearl Suites 17,"Louisville Pearl Suites 17 is a 3-star hotel in Louisville, United States, offering Wi-Fi, Luggage storage, Air conditioning, Room cleaning service, Safety deposit box, Television, Parking, 24-hour front desk, EV charging for electric vehicles, Scenic rooms, Sunrise calls, Photography services/packages, Accessible entrances, Ramps/lifts, Accessible rooms/bathrooms, Braille/raised signage. Average price is 115.0 USD per night. Enjoy comfortable stays with a rating of 8.0/5. The on-site restaurant is rated 5/5.","306 Shinsaibashi Dori, Chuo Ward, Louisville",-85.53161907475581,38.34327851251426,"['road trip', 'photography', 'disabled traveler']","['Wi-Fi', 'Luggage storage', 'Air conditioning', 'Room cleaning service', 'Safety deposit box', 'Television', 'Parking', '24-hour front desk', 'EV charging for electric vehicles', 'Scenic rooms', 'Sunrise calls', 'Photography services/packages', 'Accessible entrances', 'Ramps/lifts', 'Accessible rooms/bathrooms', 'Braille/raised signage']",115.0,8.0,3.0,5
26,Louisville,United States,Cypress Creek River Retreat,"Cypress Creek River Retreat is a 3-star hotel in Louisville, United States, offering Wi-Fi, Luggage storage, Air conditioning, Room cleaning service, Safety deposit box, Television, 24-hour front desk, Late room service, On-site bars, Rooftop lounges/nightclubs, Bathtubs/jacuzzis, Scenic rooms/villas, Spa, Accessible entrances, Ramps/lifts, Accessible rooms/bathrooms, Braille/raised signage. Average price is 106.0 USD per night. Enjoy comfortable stays with a rating of 9.0/5. The on-site restaurant is rated 5/5.","No. 456, Zhongshan Road, Louisville",-85.79940224264985,38.21854792449473,"['nightlife enthusiast', 'couples trip', 'disabled traveler']","['Wi-Fi', 'Luggage storage', 'Air conditioning', 'Room cleaning service', 'Safety deposit box', 'Television', '24-hour front desk', 'Late room service', 'On-site bars', 'Rooftop lounges/nightclubs', 'Bathtubs/jacuzzis', 'Scenic rooms/villas', 'Spa', 'Accessible entrances', 'Ramps/lifts', 'Accessible rooms/bathrooms', 'Braille/raised signage']",106.0,9.0,3.0,5
27,Louisville,United States,Riverfront Heights Garden Resort,"Riverfront Heights Garden Resort is a 4-star hotel in Louisville, United States, offering Wi-Fi, Luggage storage, Air conditioning, Room cleaning service, Safety deposit box, Television, 24-hour front desk, Late room service, On-site bars, Rooftop lounges/nightclubs, Bathtubs/jacuzzis, Scenic rooms/villas, Spa, Gym, Premium bedding, Bar. Average price is 99.0 USD per night. Enjoy comfortable stays with a rating of 7.6/5. The on-site restaurant is rated 5/5.","542 Seogwipo Street, Louisville",-85.82928502028135,38.16199507484939,"['nightlife enthusiast', 'couples trip', 'luxury travelers']","['Wi-Fi', 'Luggage storage', 'Air conditioning', 'Room cleaning service', 'Safety deposit box', 'Television', '24-hour front desk', 'Late room service', 'On-site bars', 'Rooftop lounges/nightclubs', 'Bathtubs/jacuzzis', 'Scenic rooms/villas', 'Spa', 'Gym', 'Premium bedding', 'Bar']",99.0,7.6,4.5,5
28,Louisville,United States,Louisville Inn Resort 18,"Louisville Inn Resort 18 is a 4-star hotel in Louisville, United States, offering Wi-Fi, Luggage storage, Air conditioning, Room cleaning service, Safety deposit box, Television, Scenic rooms, Sunrise calls, Photography services/packages, Elevators, Bathroom grab bars, Medical contacts, Breakfast with dietary options, Bathtubs/jacuzzis, Scenic rooms/villas, Spa. Average price is 106.0 USD per night. Enjoy comfortable stays with a rating of 9.0/5. The on-site restaurant is rated 5/5.","967 Shinsaibashi Dori, Chuo Ward, Louisville",-85.88230773195384,38.11862912932828,"['photography', 'elderly travelers', 'couples trip']","['Wi-Fi', 'Luggage storage', 'Air conditioning', 'Room cleaning service', 'Safety deposit box', 'Television', 'Scenic rooms', 'Sunrise calls', 'Photography services/packages', 'Elevators', 'Bathroom grab bars', 'Medical contacts', 'Breakfast with dietary options', 'Bathtubs/jacuzzis', 'Scenic rooms/villas', 'Spa']",106.0,9.0,4.5,5
29,Louisville,United States,Louisville Pearl Hotel 19,"Louisville Pearl Hotel 19 is a 2-star hotel in Louisville, United States, offering Wi-Fi, Luggage storage, Air conditioning, Room cleaning service, Safety deposit box, Television, Parking, 24-hour front desk, EV charging for electric vehicles, Free Wi-Fi, Communal kitchens, Laundry, Lockers, Spa, Gym, Premium bedding, Bar. Average price is 62.0 USD per night. Enjoy comfortable stays with a rating of 7.8/5. The on-site restaurant is rated 5/5.","741 Sakura Street, Chuo Ward, Louisville",-85.84482916494086,38.15572674239627,"['road trip', 'fast-paced budget travel', 'luxury travelers']","['Wi-Fi', 'Luggage storage', 'Air conditioning', 'Room cleaning service', 'Safety deposit box', 'Television', 'Parking', '24-hour front desk', 'EV charging for electric vehicles', 'Free Wi-Fi', 'Communal kitchens', 'Laundry', 'Lockers', 'Spa', 'Gym', 'Premium bedding', 'Bar']",62.0,7.8,2.5,5
30,Louisville,United States,Louisville Grand Hotel 20,"Louisville Grand Hotel 20 is a 2-star hotel in Louisville, United States, offering Wi-Fi, Luggage storage, Air conditioning, Room cleaning service, Safety deposit box, Television, Parking, 24-hour front desk, EV charging for electric vehicles, Late room service, On-site bars, Rooftop lounges/nightclubs, High speed WiFi, Business center, Meeting rooms, Laundry service, Print machine. Average price is 103.0 USD per night. Enjoy comfortable stays with a rating of 9.6/5. The on-site restaurant is rated 5/5.","No. 123, Xishui Road, Louisville",-85.55432014545983,38.09720739400596,"['road trip', 'nightlife enthusiast', 'business travelers']","['Wi-Fi', 'Luggage storage', 'Air conditioning', 'Room cleaning service', 'Safety deposit box', 'Television', 'Parking', '24-hour front desk', 'EV charging for electric vehicles', 'Late room service', 'On-site bars', 'Rooftop lounges/nightclubs', 'High speed WiFi', 'Business center', 'Meeting rooms', 'Laundry service', 'Print machine']",103.0,9.6,2.5,5
31,Louisville,United States,Louisville Garden Inn 21,"Louisville Garden Inn 21 is a 2-star hotel in Louisville, United States, offering Wi-Fi, Luggage storage, Air conditioning, Room cleaning service, Safety deposit box, Television, Parking, 24-hour front desk, EV charging for electric vehicles, Late room service, On-site bars, Rooftop lounges/nightclubs, Women-only floors/rooms, Privacy-conscious check-in, 24-hour security, Surveillance cameras, Double locks on doors. Average price is 56.0 USD per night. Enjoy comfortable stays with a rating of 10.0/5. The on-site restaurant is rated 3/5.","No. 1288, Zhangjiang Science Park, Louisville",-85.61384323463855,38.27257935283572,"['road trip', 'nightlife enthusiast', 'solo women']","['Wi-Fi', 'Luggage storage', 'Air conditioning', 'Room cleaning service', 'Safety deposit box', 'Television', 'Parking', '24-hour front desk', 'EV charging for electric vehicles', 'Late room service', 'On-site bars', 'Rooftop lounges/nightclubs', 'Women-only floors/rooms', 'Privacy-conscious check-in', '24-hour security', 'Surveillance cameras', 'Double locks on doors']",56.0,10.0,2.0,3
32,Louisville,United States,Louisville Sky Suites 22,"Louisville Sky Suites 22 is a 3-star hotel in Louisville, United States, offering Wi-Fi, Luggage storage, Air conditioning, Room cleaning service, Safety deposit box, Television, Child-friendly rooms, Baby cots, Stroller storage, Diaper changing tables, Nursing rooms, Women-only floors/rooms, Privacy-conscious check-in, 24-hour security, Surveillance cameras, Double locks on doors, Free Wi-Fi, Communal kitchens, Laundry, Lockers. Average price is 74.0 USD per night. Enjoy comfortable stays with a rating of 7.8/5. The on-site restaurant is rated 5/5.","622 Gukje-ro, Gangnam-gu, Louisville",-85.84764821962872,38.1185717660522,"['with children', 'solo women', 'fast-paced budget travel']","['Wi-Fi', 'Luggage storage', 'Air conditioning', 'Room cleaning service', 'Safety deposit box', 'Television', 'Child-friendly rooms', 'Baby cots', 'Stroller storage', 'Diaper changing tables', 'Nursing rooms', 'Women-only floors/rooms', 'Privacy-conscious check-in', '24-hour security', 'Surveillance cameras', 'Double locks on doors', 'Free Wi-Fi', 'Communal kitchens', 'Laundry', 'Lockers']",74.0,7.8,3.0,5
33,Louisville,United States,Louisville Deluxe Hotel 23,"Louisville Deluxe Hotel 23 is a 1-star hotel in Louisville, United States, offering Wi-Fi, Luggage storage, Air conditioning, Room cleaning service, Safety deposit box, Television, Child-friendly rooms, Baby cots, Stroller storage, Diaper changing tables, Nursing rooms, High speed WiFi, Business center, Meeting rooms, Laundry service, Print machine, Accessible entrances, Ramps/lifts, Accessible rooms/bathrooms, Braille/raised signage. Average price is 77.0 USD per night. Enjoy comfortable stays with a rating of 8.0/5. The on-site restaurant is rated 4/5.","156A Nathan Road, Louisville",-85.83870267484755,38.119966922721055,"['with children', 'business travelers', 'disabled traveler']","['Wi-Fi', 'Luggage storage', 'Air conditioning', 'Room cleaning service', 'Safety deposit box', 'Television', 'Child-friendly rooms', 'Baby cots', 'Stroller storage', 'Diaper changing tables', 'Nursing rooms', 'High speed WiFi', 'Business center', 'Meeting rooms', 'Laundry service', 'Print machine', 'Accessible entrances', 'Ramps/lifts', 'Accessible rooms/bathrooms', 'Braille/raised signage']",77.0,8.0,1.0,4
34,Louisville,United States,Riverfront Heritage Suites,"Riverfront Heritage Suites is a 4-star hotel in Louisville, United States, offering Wi-Fi, Luggage storage, Air conditioning, Room cleaning service, Safety deposit box, Television, Parking, 24-hour front desk, EV charging for electric vehicles, Elevators, Bathroom grab bars, Medical contacts, Breakfast with dietary options, Pet-friendly, Pet rest area, Pet beds, Durable floors. Average price is 26.0 USD per night. Enjoy comfortable stays with a rating of 8.0/5. The on-site restaurant is rated 3/5.","268 Sakura Street, Nishi-Nakamichi, Louisville",-85.77328648044336,38.16649091892189,"['road trip', 'elderly travelers', 'with pets']","['Wi-Fi', 'Luggage storage', 'Air conditioning', 'Room cleaning service', 'Safety deposit box', 'Television', 'Parking', '24-hour front desk', 'EV charging for electric vehicles', 'Elevators', 'Bathroom grab bars', 'Medical contacts', 'Breakfast with dietary options', 'Pet-friendly', 'Pet rest area', 'Pet beds', 'Durable floors']",26.0,8.0,4.0,3
35,Louisville,United States,Louisville Central Suites 24,"Louisville Central Suites 24 is a 4-star hotel in Louisville, United States, offering Wi-Fi, Luggage storage, Air conditioning, Room cleaning service, Safety deposit box, Television, Scenic rooms, Sunrise calls, Photography services/packages, Bathtubs/jacuzzis, Scenic rooms/villas, Spa, Accessible entrances, Ramps/lifts, Accessible rooms/bathrooms, Braille/raised signage. Average price is 49.0 USD per night. Enjoy comfortable stays with a rating of 8.0/5. The on-site restaurant is rated 3/5.","826 Gukje-ro, Seo-gu, Louisville",-85.64483529216997,38.11862912932828,"['photography', 'couples trip', 'disabled traveler']","['Wi-Fi', 'Luggage storage', 'Air conditioning', 'Room cleaning service', 'Safety deposit box', 'Television', 'Scenic rooms', 'Sunrise calls', 'Photography services/packages', 'Bathtubs/jacuzzis', 'Scenic rooms/villas', 'Spa', 'Accessible entrances', 'Ramps/lifts', 'Accessible rooms/bathrooms', 'Braille/raised signage']",49.0,8.0,4.0,3
36,Louisville,United States,Louisville Palace Inn 25,"Louisville Palace Inn 25 is a 4-star hotel in Louisville, United States, offering Wi-Fi, Luggage storage, Air conditioning, Room cleaning service, Safety deposit box, Television, 24-hour front desk, Late room service, On-site bars, Rooftop lounges/nightclubs, Scenic rooms, Sunrise calls, Photography services/packages, Pet-friendly, Pet rest area, Pet beds, Durable floors. Average price is 69.0 USD per night. Enjoy comfortable stays with a rating of 8.2/5. The on-site restaurant is rated 5/5.","No. 10 Jiuxianqiao Road, Louisville",-85.8564802908571,38.08982392154563,"['nightlife enthusiast', 'photography', 'with pets']","['Wi-Fi', 'Luggage storage', 'Air conditioning', 'Room cleaning service', 'Safety deposit box', 'Television', '24-hour front desk', 'Late room service', 'On-site bars', 'Rooftop lounges/nightclubs', 'Scenic rooms', 'Sunrise calls', 'Photography services/packages', 'Pet-friendly', 'Pet rest area', 'Pet beds', 'Durable floors']",69.0,8.2,4.5,5
37,Louisville,United States,Louisville Palace Suites 26,"Louisville Palace Suites 26 is a 5-star hotel in Louisville, United States, offering Wi-Fi, Luggage storage, Air conditioning, Room cleaning service, Safety deposit box, Television, Child-friendly rooms, Baby cots, Stroller storage, Diaper changing tables, Nursing rooms, Scenic rooms, Sunrise calls, Photography services/packages, Bathtubs/jacuzzis, Scenic rooms/villas, Spa. Average price is 110.0 USD per night. Enjoy comfortable stays with a rating of 9.0/5. The on-site restaurant is rated 5/5.","559 Thaweewong Road, Louisville",-85.5597082313568,38.17007745110053,"['with children', 'photography', 'couples trip']","['Wi-Fi', 'Luggage storage', 'Air conditioning', 'Room cleaning service', 'Safety deposit box', 'Television', 'Child-friendly rooms', 'Baby cots', 'Stroller storage', 'Diaper changing tables', 'Nursing rooms', 'Scenic rooms', 'Sunrise calls', 'Photography services/packages', 'Bathtubs/jacuzzis', 'Scenic rooms/villas', 'Spa']",110.0,9.0,5.0,5
38,Louisville,United States,Louisville Plaza Inn 27,"Louisville Plaza Inn 27 is a 3-star hotel in Louisville, United States, offering Wi-Fi, Luggage storage, Air conditioning, Room cleaning service, Safety deposit box, Television, Women-only floors/rooms, Privacy-conscious check-in, 24-hour security, Surveillance cameras, Double locks on doors, High speed WiFi, Business center, Meeting rooms, Laundry service, Print machine, Accessible entrances, Ramps/lifts, Accessible rooms/bathrooms, Braille/raised signage. Average price is 25.0 USD per night. Enjoy comfortable stays with a rating of 9.6/5. The on-site restaurant is rated 5/5.","868 Suthep Road, Louisville",-85.77250799019178,38.16834915390299,"['solo women', 'business travelers', 'disabled traveler']","['Wi-Fi', 'Luggage storage', 'Air conditioning', 'Room cleaning service', 'Safety deposit box', 'Television', 'Women-only floors/rooms', 'Privacy-conscious check-in', '24-hour security', 'Surveillance cameras', 'Double locks on doors', 'High speed WiFi', 'Business center', 'Meeting rooms', 'Laundry service', 'Print machine', 'Accessible entrances', 'Ramps/lifts', 'Accessible rooms/bathrooms', 'Braille/raised signage']",25.0,9.6,3.0,5
39,Louisville,United States,Louisville Royal Hotel 28,"Louisville Royal Hotel 28 is a 3-star hotel in Louisville, United States, offering Wi-Fi, Luggage storage, Air conditioning, Room cleaning service, Safety deposit box, Television, 24-hour front desk, Late room service, On-site bars, Rooftop lounges/nightclubs, Scenic rooms, Sunrise calls, Photography services/packages, Spa, Gym, Premium bedding, Bar. Average price is 60.0 USD per night. Enjoy comfortable stays with a rating of 9.4/5. The on-site restaurant is rated 3/5.","786 Jurong West Street 61, Louisville",-85.72885824386876,38.14833970515789,"['nightlife enthusiast', 'photography', 'luxury travelers']","['Wi-Fi', 'Luggage storage', 'Air conditioning', 'Room cleaning service', 'Safety deposit box', 'Television', '24-hour front desk', 'Late room service', 'On-site bars', 'Rooftop lounges/nightclubs', 'Scenic rooms', 'Sunrise calls', 'Photography services/packages', 'Spa', 'Gym', 'Premium bedding', 'Bar']",60.0,9.4,3.5,3
40,Louisville,United States,Louisville Inn Inn 29,"Louisville Inn Inn 29 is a 2-star hotel in Louisville, United States, offering Wi-Fi, Luggage storage, Air conditioning, Room cleaning service, Safety deposit box, Television, Parking, 24-hour front desk, EV charging for electric vehicles, Scenic rooms, Sunrise calls, Photography services/packages, Accessible entrances, Ramps/lifts, Accessible rooms/bathrooms, Braille/raised signage. Average price is 125.0 USD per night. Enjoy comfortable stays with a rating of 9.0/5. The on-site restaurant is rated 5/5.","488 Shinkawa Street, Louisville",-85.90454668672486,38.19870678895409,"['road trip', 'photography', 'disabled traveler']","['Wi-Fi', 'Luggage storage', 'Air conditioning', 'Room cleaning service', 'Safety deposit box', 'Television', 'Parking', '24-hour front desk', 'EV charging for electric vehicles', 'Scenic rooms', 'Sunrise calls', 'Photography services/packages', 'Accessible entrances', 'Ramps/lifts', 'Accessible rooms/bathrooms', 'Braille/raised signage']",125.0,9.0,2.5,5
41,Louisville,United States,Louisville Plaza Inn 30,"Louisville Plaza Inn 30 is a 2-star hotel in Louisville, United States, offering Wi-Fi, Luggage storage, Air conditioning, Room cleaning service, Safety deposit box, Television, Child-friendly rooms, Baby cots, Stroller storage, Diaper changing tables, Nursing rooms, 24-hour front desk, Late room service, On-site bars, Rooftop lounges/nightclubs, Parking, EV charging for electric vehicles. Average price is 78.0 USD per night. Enjoy comfortable stays with a rating of 7.2/5. The on-site restaurant is rated 1/5.","192 Sakura Street, Louisville",-85.43058891892291,38.16898229684164,"['with children', 'nightlife enthusiast', 'road trip']","['Wi-Fi', 'Luggage storage', 'Air conditioning', 'Room cleaning service', 'Safety deposit box', 'Television', 'Child-friendly rooms', 'Baby cots', 'Stroller storage', 'Diaper changing tables', 'Nursing rooms', '24-hour front desk', 'Late room service', 'On-site bars', 'Rooftop lounges/nightclubs', 'Parking', 'EV charging for electric vehicles']",78.0,7.2,2.0,1
42,Louisville,United States,Crescent Riverfront Resort,"Crescent Riverfront Resort is a 3-star hotel in Louisville, United States, offering Wi-Fi, Luggage storage, Air conditioning, Room cleaning service, Safety deposit box, Television, Women-only floors/rooms, Privacy-conscious check-in, 24-hour security, Surveillance cameras, Double locks on doors, Free Wi-Fi, Communal kitchens, Laundry, Lockers, High speed WiFi, Business center, Meeting rooms, Laundry service, Print machine. Average price is 62.0 USD per night. Enjoy comfortable stays with a rating of 8.6/5. The on-site restaurant is rated 5/5.","452 Gwangjang Street, Louisville",-85.88325078592466,38.18404476977162,"['solo women', 'fast-paced budget travel', 'business travelers']","['Wi-Fi', 'Luggage storage', 'Air conditioning', 'Room cleaning service', 'Safety deposit box', 'Television', 'Women-only floors/rooms', 'Privacy-conscious check-in', '24-hour security', 'Surveillance cameras', 'Double locks on doors', 'Free Wi-Fi', 'Communal kitchens', 'Laundry', 'Lockers', 'High speed WiFi', 'Business center', 'Meeting rooms', 'Laundry service', 'Print machine']",62.0,8.6,3.5,5
43,Louisville,United States,Louisville Central Inn 31,"Louisville Central Inn 31 is a 2-star hotel in Louisville, United States, offering Wi-Fi, Luggage storage, Air conditioning, Room cleaning service, Safety deposit box, Television, Women-only floors/rooms, Privacy-conscious check-in, 24-hour security, Surveillance cameras, Double locks on doors, Parking, 24-hour front desk, EV charging for electric vehicles, Elevators, Bathroom grab bars, Medical contacts, Breakfast with dietary options. Average price is 58.0 USD per night. Enjoy comfortable stays with a rating of 9.0/5. The on-site restaurant is rated 5/5.","No. 19, Dongdan Street, Louisville",-85.53168884234373,38.114835826607056,"['solo women', 'road trip', 'elderly travelers']","['Wi-Fi', 'Luggage storage', 'Air conditioning', 'Room cleaning service', 'Safety deposit box', 'Television', 'Women-only floors/rooms', 'Privacy-conscious check-in', '24-hour security', 'Surveillance cameras', 'Double locks on doors', 'Parking', '24-hour front desk', 'EV charging for electric vehicles', 'Elevators', 'Bathroom grab bars', 'Medical contacts', 'Breakfast with dietary options']",58.0,9.0,2.5,5
44,Louisville,United States,Louisville Suites Suites 32,"Louisville Suites Suites 32 is a 4-star hotel in Louisville, United States, offering Wi-Fi, Luggage storage, Air conditioning, Room cleaning service, Safety deposit box, Television, Spa, Gym, Premium bedding, Bar, High speed WiFi, Business center, Meeting rooms, Laundry service, Print machine, Pet-friendly, Pet rest area, Pet beds, Durable floors. Average price is 97.0 USD per night. Enjoy comfortable stays with a rating of 9.6/5. The on-site restaurant is rated 5/5.","220 Chao Phraya Road, Louisville",-85.44644767511679,38.17824340519972,"['luxury travelers', 'business travelers', 'with pets']","['Wi-Fi', 'Luggage storage', 'Air conditioning', 'Room cleaning service', 'Safety deposit box', 'Television', 'Spa', 'Gym', 'Premium bedding', 'Bar', 'High speed WiFi', 'Business center', 'Meeting rooms', 'Laundry service', 'Print machine', 'Pet-friendly', 'Pet rest area', 'Pet beds', 'Durable floors']",97.0,9.6,4.0,5
45,Louisville,United States,Louisville Suites Resort 33,"Louisville Suites Resort 33 is a 3-star hotel in Louisville, United States, offering Wi-Fi, Luggage storage, Air conditioning, Room cleaning service, Safety deposit box, Television, Women-only floors/rooms, Privacy-conscious check-in, 24-hour security, Surveillance cameras, Double locks on doors, Elevators, Bathroom grab bars, Medical contacts, Breakfast with dietary options, Bathtubs/jacuzzis, Scenic rooms/villas, Spa. Average price is 130.0 USD per night. Enjoy comfortable stays with a rating of 9.2/5. The on-site restaurant is rated 5/5.","888 Sakura Street, Louisville",-85.72885824386876,38.232363896558894,"['solo women', 'elderly travelers', 'couples trip']","['Wi-Fi', 'Luggage storage', 'Air conditioning', 'Room cleaning service', 'Safety deposit box', 'Television', 'Women-only floors/rooms', 'Privacy-conscious check-in', '24-hour security', 'Surveillance cameras', 'Double locks on doors', 'Elevators', 'Bathroom grab bars', 'Medical contacts', 'Breakfast with dietary options', 'Bathtubs/jacuzzis', 'Scenic rooms/villas', 'Spa']",130.0,9.2,3.0,5
46,Louisville,United States,Louisville Sky Inn 34,"Louisville Sky Inn 34 is a 4-star hotel in Louisville, United States, offering Wi-Fi, Luggage storage, Air conditioning, Room cleaning service, Safety deposit box, Television, Parking, 24-hour front desk, EV charging for electric vehicles, Free Wi-Fi, Communal kitchens, Laundry, Lockers, Bathtubs/jacuzzis, Scenic rooms/villas, Spa. Average price is 82.0 USD per night. Enjoy comfortable stays with a rating of 8.4/5. The on-site restaurant is rated 1/5.","214 Nakanoshima-dori, Chuo-ku, Louisville",-85.90454668672486,38.21997505024896,"['road trip', 'fast-paced budget travel', 'couples trip']","['Wi-Fi', 'Luggage storage', 'Air conditioning', 'Room cleaning service', 'Safety deposit box', 'Television', 'Parking', '24-hour front desk', 'EV charging for electric vehicles', 'Free Wi-Fi', 'Communal kitchens', 'Laundry', 'Lockers', 'Bathtubs/jacuzzis', 'Scenic rooms/villas', 'Spa']",82.0,8.4,4.0,1
47,Louisville,United States,Louisville Plaza Hotel 35,"Louisville Plaza Hotel 35 is a 2-star hotel in Louisville, United States, offering Wi-Fi, Luggage storage, Air conditioning, Room cleaning service, Safety deposit box, Television, High speed WiFi, Business center, Meeting rooms, Laundry service, Print machine, Scenic rooms, Sunrise calls, Photography services/packages, Bathtubs/jacuzzis, Scenic rooms/villas, Spa. Average price is 85.0 USD per night. Enjoy comfortable stays with a rating of 6.8/5. The on-site restaurant is rated 5/5.","842 Seaside Promenade, Louisville",-85.5994809904521,38.16115417617736,"['business travelers', 'photography', 'couples trip']","['Wi-Fi', 'Luggage storage', 'Air conditioning', 'Room cleaning service', 'Safety deposit box', 'Television', 'High speed WiFi', 'Business center', 'Meeting rooms', 'Laundry service', 'Print machine', 'Scenic rooms', 'Sunrise calls', 'Photography services/packages', 'Bathtubs/jacuzzis', 'Scenic rooms/villas', 'Spa']",85.0,6.8,2.5,5
48,Louisville,United States,Louisville Deluxe Hotel 36,"Louisville Deluxe Hotel 36 is a 3-star hotel in Louisville, United States, offering Wi-Fi, Luggage storage, Air conditioning, Room cleaning service, Safety deposit box, Television, Parking, 24-hour front desk, EV charging for electric vehicles, Elevators, Bathroom grab bars, Medical contacts, Breakfast with dietary options, Accessible entrances, Ramps/lifts, Accessible rooms/bathrooms, Braille/raised signage. Average price is 76.0 USD per night. Enjoy comfortable stays with a rating of 8.8/5. The on-site restaurant is rated 5/5.","716 Beach Road, Louisville",-85.61384323463855,38.12530036992571,"['road trip', 'elderly travelers', 'disabled traveler']","['Wi-Fi', 'Luggage storage', 'Air conditioning', 'Room cleaning service', 'Safety deposit box', 'Television', 'Parking', '24-hour front desk', 'EV charging for electric vehicles', 'Elevators', 'Bathroom grab bars', 'Medical contacts', 'Breakfast with dietary options', 'Accessible entrances', 'Ramps/lifts', 'Accessible rooms/bathrooms', 'Braille/raised signage']",76.0,8.8,3.0,5
49,Louisville,United States,Louisville Royal Resort 37,"Louisville Royal Resort 37 is a 4-star hotel in Louisville, United States, offering Wi-Fi, Luggage storage, Air conditioning, Room cleaning service, Safety deposit box, Television, Scenic rooms, Sunrise calls, Photography services/packages, High speed WiFi, Business center, Meeting rooms, Laundry service, Print machine, Spa, Gym, Premium bedding, Bar. Average price is 128.0 USD per night. Enjoy comfortable stays with a rating of 9.2/5. The on-site restaurant is rated 5/5.","No. 1288, Zhangjiang Science Park, Louisville",-85.74968662851705,38.27274183868768,"['photography', 'business travelers', 'luxury travelers']","['Wi-Fi', 'Luggage storage', 'Air conditioning', 'Room cleaning service', 'Safety deposit box', 'Television', 'Scenic rooms', 'Sunrise calls', 'Photography services/packages', 'High speed WiFi', 'Business center', 'Meeting rooms', 'Laundry service', 'Print machine', 'Spa', 'Gym', 'Premium bedding', 'Bar']",128.0,9.2,4.5,5
50,Louisville,United States,Louisville Central Suites 38,"Louisville Central Suites 38 is a 3-star hotel in Louisville, United States, offering Wi-Fi, Luggage storage, Air conditioning, Room cleaning service, Safety deposit box, Television, 24-hour front desk, Late room service, On-site bars, Rooftop lounges/nightclubs, Parking, EV charging for electric vehicles, Scenic rooms, Sunrise calls, Photography services/packages. Average price is 93.0 USD per night. Enjoy comfortable stays with a rating of 8.4/5. The on-site restaurant is rated 2/5.","622 Gukje-ro, Gangnam-gu, Louisville",-85.8259093284585,38.31334113852257,"['nightlife enthusiast', 'road trip', 'photography']","['Wi-Fi', 'Luggage storage', 'Air conditioning', 'Room cleaning service', 'Safety deposit box', 'Television', '24-hour front desk', 'Late room service', 'On-site bars', 'Rooftop lounges/nightclubs', 'Parking', 'EV charging for electric vehicles', 'Scenic rooms', 'Sunrise calls', 'Photography services/packages']",93.0,8.4,3.0,2
51,Louisville,United States,Louisville Resort Suites 39,"Louisville Resort Suites 39 is a 2-star hotel in Louisville, United States, offering Wi-Fi, Luggage storage, Air conditioning, Room cleaning service, Safety deposit box, Television, Elevators, Bathroom grab bars, Medical contacts, Breakfast with dietary options, High speed WiFi, Business center, Meeting rooms, Laundry service, Print machine, Accessible entrances, Ramps/lifts, Accessible rooms/bathrooms, Braille/raised signage. Average price is 50.0 USD per night. Enjoy comfortable stays with a rating of 6.2/5. The on-site restaurant is rated 5/5.","192 Sakura Street, Louisville",-85.52186017157018,38.14993226160493,"['elderly travelers', 'business travelers', 'disabled traveler']","['Wi-Fi', 'Luggage storage', 'Air conditioning', 'Room cleaning service', 'Safety deposit box', 'Television', 'Elevators', 'Bathroom grab bars', 'Medical contacts', 'Breakfast with dietary options', 'High speed WiFi', 'Business center', 'Meeting rooms', 'Laundry service', 'Print machine', 'Accessible entrances', 'Ramps/lifts', 'Accessible rooms/bathrooms', 'Braille/raised signage']",50.0,6.2,2.5,5
52,Louisville,United States,Louisville Palace Hotel 40,"Louisville Palace Hotel 40 is a 3-star hotel in Louisville, United States, offering Wi-Fi, Luggage storage, Air conditioning, Room cleaning service, Safety deposit box, Television, Women-only floors/rooms, Privacy-conscious check-in, 24-hour security, Surveillance cameras, Double locks on doors, Elevators, Bathroom grab bars, Medical contacts, Breakfast with dietary options, Spa, Gym, Premium bedding, Bar. Average price is 17.0 USD per night. Enjoy comfortable stays with a rating of 8.0/5. The on-site restaurant is rated 1/5.","235 Seobu-ro, Suyeong-gu, Louisville",-85.66245549906694,38.14893619349096,"['solo women', 'elderly travelers', 'luxury travelers']","['Wi-Fi', 'Luggage storage', 'Air conditioning', 'Room cleaning service', 'Safety deposit box', 'Television', 'Women-only floors/rooms', 'Privacy-conscious check-in', '24-hour security', 'Surveillance cameras', 'Double locks on doors', 'Elevators', 'Bathroom grab bars', 'Medical contacts', 'Breakfast with dietary options', 'Spa', 'Gym', 'Premium bedding', 'Bar']",17.0,8.0,3.0,1
53,Louisville,United States,Louisville Boutique Hotel 41,"Louisville Boutique Hotel 41 is a 5-star hotel in Louisville, United States, offering Wi-Fi, Luggage storage, Air conditioning, Room cleaning service, Safety deposit box, Television, Spa, Gym, Premium bedding, Bar, Elevators, Bathroom grab bars, Medical contacts, Breakfast with dietary options, Pet-friendly, Pet rest area, Pet beds, Durable floors. Average price is 289.0 USD per night. Enjoy comfortable stays with a rating of 9.2/5. The on-site restaurant is rated 5/5.","937 Siam Road, Louisville",-85.62285655419184,38.08695735688684,"['luxury travelers', 'elderly travelers', 'with pets']","['Wi-Fi', 'Luggage storage', 'Air conditioning', 'Room cleaning service', 'Safety deposit box', 'Television', 'Spa', 'Gym', 'Premium bedding', 'Bar', 'Elevators', 'Bathroom grab bars', 'Medical contacts', 'Breakfast with dietary options', 'Pet-friendly', 'Pet rest area', 'Pet beds', 'Durable floors']",289.0,9.2,5.0,5
54,Louisville,United States,Crescent Bayview Resort,"Crescent Bayview Resort is a 3-star hotel in Louisville, United States, offering Wi-Fi, Luggage storage, Air conditioning, Room cleaning service, Safety deposit box, Television, Child-friendly rooms, Baby cots, Stroller storage, Diaper changing tables, Nursing rooms, Free Wi-Fi, Communal kitchens, Laundry, Lockers, Elevators, Bathroom grab bars, Medical contacts, Breakfast with dietary options. Average price is 202.0 USD per night. Enjoy comfortable stays with a rating of 10.0/5. The on-site restaurant is rated 5/5.","215-8 Shirokane 4-chome, Louisville",-85.54668941927578,38.169495819948224,"['with children', 'fast-paced budget travel', 'elderly travelers']","['Wi-Fi', 'Luggage storage', 'Air conditioning', 'Room cleaning service', 'Safety deposit box', 'Television', 'Child-friendly rooms', 'Baby cots', 'Stroller storage', 'Diaper changing tables', 'Nursing rooms', 'Free Wi-Fi', 'Communal kitchens', 'Laundry', 'Lockers', 'Elevators', 'Bathroom grab bars', 'Medical contacts', 'Breakfast with dietary options']",202.0,10.0,3.0,5
55,Louisville,United States,Louisville Resort Suites 42,"Louisville Resort Suites 42 is a 3-star hotel in Louisville, United States, offering Wi-Fi, Luggage storage, Air conditioning, Room cleaning service, Safety deposit box, Television, Accessible entrances, Ramps/lifts, Accessible rooms/bathrooms, Braille/raised signage, 24-hour front desk, Late room service, On-site bars, Rooftop lounges/nightclubs, Pet-friendly, Pet rest area, Pet beds, Durable floors. Average price is 88.0 USD per night. Enjoy comfortable stays with a rating of 9.0/5. The on-site restaurant is rated 5/5.","No. 456 Riverside Lane, Louisville",-85.70334528267456,38.25211109007445,"['disabled traveler', 'nightlife enthusiast', 'with pets']","['Wi-Fi', 'Luggage storage', 'Air conditioning', 'Room cleaning service', 'Safety deposit box', 'Television', 'Accessible entrances', 'Ramps/lifts', 'Accessible rooms/bathrooms', 'Braille/raised signage', '24-hour front desk', 'Late room service', 'On-site bars', 'Rooftop lounges/nightclubs', 'Pet-friendly', 'Pet rest area', 'Pet beds', 'Durable floors']",88.0,9.0,3.0,5
56,Louisville,United States,Louisville Pearl Inn 43,"Louisville Pearl Inn 43 is a 4-star hotel in Louisville, United States, offering Wi-Fi, Luggage storage, Air conditioning, Room cleaning service, Safety deposit box, Television, Child-friendly rooms, Baby cots, Stroller storage, Diaper changing tables, Nursing rooms, Parking, 24-hour front desk, EV charging for electric vehicles, Scenic rooms, Sunrise calls, Photography services/packages. Average price is 234.0 USD per night. Enjoy comfortable stays with a rating of 8.4/5. The on-site restaurant is rated 5/5.","349 Marine Beach Road, Louisville",-85.89785430639827,38.16605769431592,"['with children', 'road trip', 'photography']","['Wi-Fi', 'Luggage storage', 'Air conditioning', 'Room cleaning service', 'Safety deposit box', 'Television', 'Child-friendly rooms', 'Baby cots', 'Stroller storage', 'Diaper changing tables', 'Nursing rooms', 'Parking', '24-hour front desk', 'EV charging for electric vehicles', 'Scenic rooms', 'Sunrise calls', 'Photography services/packages']",234.0,8.4,4.5,5
57,Louisville,United States,Louisville Grand Suites 44,"Louisville Grand Suites 44 is a 4-star hotel in Louisville, United States, offering Wi-Fi, Luggage storage, Air conditioning, Room cleaning service, Safety deposit box, Television, Child-friendly rooms, Baby cots, Stroller storage, Diaper changing tables, Nursing rooms, Elevators, Bathroom grab bars, Medical contacts, Breakfast with dietary options, Pet-friendly, Pet rest area, Pet beds, Durable floors. Average price is 167.0 USD per night. Enjoy comfortable stays with a rating of 9.2/5. The on-site restaurant is rated 5/5.","No. 567, Xingqing West Road, Louisville",-85.69111126114448,38.16887542540533,"['with children', 'elderly travelers', 'with pets']","['Wi-Fi', 'Luggage storage', 'Air conditioning', 'Room cleaning service', 'Safety deposit box', 'Television', 'Child-friendly rooms', 'Baby cots', 'Stroller storage', 'Diaper changing tables', 'Nursing rooms', 'Elevators', 'Bathroom grab bars', 'Medical contacts', 'Breakfast with dietary options', 'Pet-friendly', 'Pet rest area', 'Pet beds', 'Durable floors']",167.0,9.2,4.5,5
58,Louisville,United States,Riverfront Garden Inn Louisville,"Riverfront Garden Inn Louisville is a 2-star hotel in Louisville, United States, offering Wi-Fi, Luggage storage, Air conditioning, Room cleaning service, Safety deposit box, Television, 24-hour front desk, Late room service, On-site bars, Rooftop lounges/nightclubs, High speed WiFi, Business center, Meeting rooms, Laundry service, Print machine, Accessible entrances, Ramps/lifts, Accessible rooms/bathrooms, Braille/raised signage. Average price is 97.0 USD per night. Enjoy comfortable stays with a rating of 6.4/5. The on-site restaurant is rated 1/5.","138/18 Charoenkrung Road, Samphanthawong District, Louisville",-85.75030272808321,38.16902064564914,"['nightlife enthusiast', 'business travelers', 'disabled traveler']","['Wi-Fi', 'Luggage storage', 'Air conditioning', 'Room cleaning service', 'Safety deposit box', 'Television', '24-hour front desk', 'Late room service', 'On-site bars', 'Rooftop lounges/nightclubs', 'High speed WiFi', 'Business center', 'Meeting rooms', 'Laundry service', 'Print machine', 'Accessible entrances', 'Ramps/lifts', 'Accessible rooms/bathrooms', 'Braille/raised signage']",97.0,6.4,2.0,1
59,Louisville,United States,Louisville Boutique Inn 45,"Louisville Boutique Inn 45 is a 2-star hotel in Louisville, United States, offering Wi-Fi, Luggage storage, Air conditioning, Room cleaning service, Safety deposit box, Television, Accessible entrances, Ramps/lifts, Accessible rooms/bathrooms, Braille/raised signage, Pet-friendly, Pet rest area, Pet beds, Durable floors, Spa, Gym, Premium bedding, Bar. Average price is 121.0 USD per night. Enjoy comfortable stays with a rating of 7.8/5. The on-site restaurant is rated 3/5.","558-12-8 Shibuya, Louisville",-85.65268638003671,38.27926784239754,"['disabled traveler', 'with pets', 'luxury travelers']","['Wi-Fi', 'Luggage storage', 'Air conditioning', 'Room cleaning service', 'Safety deposit box', 'Television', 'Accessible entrances', 'Ramps/lifts', 'Accessible rooms/bathrooms', 'Braille/raised signage', 'Pet-friendly', 'Pet rest area', 'Pet beds', 'Durable floors', 'Spa', 'Gym', 'Premium bedding', 'Bar']",121.0,7.8,2.0,3
60,Louisville,United States,Riverwalk Artisan Suites,"Riverwalk Artisan Suites is a 4-star hotel in Louisville, United States, offering Wi-Fi, Luggage storage, Air conditioning, Room cleaning service, Safety deposit box, Television, Women-only floors/rooms, Privacy-conscious check-in, 24-hour security, Surveillance cameras, Double locks on doors, 24-hour front desk, Late room service, On-site bars, Rooftop lounges/nightclubs, Spa, Gym, Premium bedding, Bar. Average price is 148.0 USD per night. Enjoy comfortable stays with a rating of 9.0/5. The on-site restaurant is rated 5/5.","452 Gwangjang Street, Louisville",-85.67253490153985,38.21854792449473,"['solo women', 'nightlife enthusiast', 'luxury travelers']","['Wi-Fi', 'Luggage storage', 'Air conditioning', 'Room cleaning service', 'Safety deposit box', 'Television', 'Women-only floors/rooms', 'Privacy-conscious check-in', '24-hour security', 'Surveillance cameras', 'Double locks on doors', '24-hour front desk', 'Late room service', 'On-site bars', 'Rooftop lounges/nightclubs', 'Spa', 'Gym', 'Premium bedding', 'Bar']",148.0,9.0,4.0,5
61,Louisville,United States,Louisville Royal Inn 46,"Louisville Royal Inn 46 is a 3-star hotel in Louisville, United States, offering Wi-Fi, Luggage storage, Air conditioning, Room cleaning service, Safety deposit box, Television, Child-friendly rooms, Baby cots, Stroller storage, Diaper changing tables, Nursing rooms, Women-only floors/rooms, Privacy-conscious check-in, 24-hour security, Surveillance cameras, Double locks on doors, Pet-friendly, Pet rest area, Pet beds, Durable floors. Average price is 80.0 USD per night. Enjoy comfortable stays with a rating of 7.6/5. The on-site restaurant is rated 5/5.","No. 19, Dongdan Street, Louisville",-85.49196236853513,38.119966922721055,"['with children', 'solo women', 'with pets']","['Wi-Fi', 'Luggage storage', 'Air conditioning', 'Room cleaning service', 'Safety deposit box', 'Television', 'Child-friendly rooms', 'Baby cots', 'Stroller storage', 'Diaper changing tables', 'Nursing rooms', 'Women-only floors/rooms', 'Privacy-conscious check-in', '24-hour security', 'Surveillance cameras', 'Double locks on doors', 'Pet-friendly', 'Pet rest area', 'Pet beds', 'Durable floors']",80.0,7.6,3.5,5
62,Louisville,United States,Creekside Heritage Manor,"Creekside Heritage Manor is a 3-star hotel in Louisville, United States, offering Wi-Fi, Luggage storage, Air conditioning, Room cleaning service, Safety deposit box, Television, Scenic rooms, Sunrise calls, Photography services/packages, Free Wi-Fi, Communal kitchens, Laundry, Lockers, Spa, Gym, Premium bedding, Bar. Average price is 88.0 USD per night. Enjoy comfortable stays with a rating of 7.8/5. The on-site restaurant is rated 3/5.","338 Orchard Road, Louisville",-85.75982618164454,38.114368502365686,"['photography', 'fast-paced budget travel', 'luxury travelers']","['Wi-Fi', 'Luggage storage', 'Air conditioning', 'Room cleaning service', 'Safety deposit box', 'Television', 'Scenic rooms', 'Sunrise calls', 'Photography services/packages', 'Free Wi-Fi', 'Communal kitchens', 'Laundry', 'Lockers', 'Spa', 'Gym', 'Premium bedding', 'Bar']",88.0,7.8,3.0,3
63,Louisville,United States,Crescent Hill Riverfront Resort,"Crescent Hill Riverfront Resort is a 3-star hotel in Louisville, United States, offering Wi-Fi, Luggage storage, Air conditioning, Room cleaning service, Safety deposit box, Television, Women-only floors/rooms, Privacy-conscious check-in, 24-hour security, Surveillance cameras, Double locks on doors, 24-hour front desk, Late room service, On-site bars, Rooftop lounges/nightclubs, Accessible entrances, Ramps/lifts, Accessible rooms/bathrooms, Braille/raised signage. Average price is 60.0 USD per night. Enjoy comfortable stays with a rating of 6.4/5. The on-site restaurant is rated 5/5.","497 Shiroiwa Street, Chuo Ward, Louisville",-85.44882275465893,38.28791714419395,"['solo women', 'nightlife enthusiast', 'disabled traveler']","['Wi-Fi', 'Luggage storage', 'Air conditioning', 'Room cleaning service', 'Safety deposit box', 'Television', 'Women-only floors/rooms', 'Privacy-conscious check-in', '24-hour security', 'Surveillance cameras', 'Double locks on doors', '24-hour front desk', 'Late room service', 'On-site bars', 'Rooftop lounges/nightclubs', 'Accessible entrances', 'Ramps/lifts', 'Accessible rooms/bathrooms', 'Braille/raised signage']",60.0,6.4,3.0,5
64,Louisville,United States,Louisville View Suites 47,"Louisville View Suites 47 is a 5-star hotel in Louisville, United States, offering Wi-Fi, Luggage storage, Air conditioning, Room cleaning service, Safety deposit box, Television, High speed WiFi, Business center, Meeting rooms, Laundry service, Print machine, Free Wi-Fi, Communal kitchens, Laundry, Lockers, Bathtubs/jacuzzis, Scenic rooms/villas, Spa. Average price is 85.0 USD per night. Enjoy comfortable stays with a rating of 8.6/5. The on-site restaurant is rated 5/5.","No. 456, Zhangzhou Road, Louisville",-85.45589749408289,38.07377410461127,"['business travelers', 'fast-paced budget travel', 'couples trip']","['Wi-Fi', 'Luggage storage', 'Air conditioning', 'Room cleaning service', 'Safety deposit box', 'Television', 'High speed WiFi', 'Business center', 'Meeting rooms', 'Laundry service', 'Print machine', 'Free Wi-Fi', 'Communal kitchens', 'Laundry', 'Lockers', 'Bathtubs/jacuzzis', 'Scenic rooms/villas', 'Spa']",85.0,8.6,5.0,5
65,Louisville,United States,Riverside Garden Manor Louisville,"Riverside Garden Manor Louisville is a 4-star hotel in Louisville, United States, offering Wi-Fi, Luggage storage, Air conditioning, Room cleaning service, Safety deposit box, Television, Parking, 24-hour front desk, EV charging for electric vehicles, Scenic rooms, Sunrise calls, Photography services/packages, Accessible entrances, Ramps/lifts, Accessible rooms/bathrooms, Braille/raised signage. Average price is 103.0 USD per night. Enjoy comfortable stays with a rating of 9.6/5. The on-site restaurant is rated 5/5.","559 Thaweewong Road, Louisville",-85.69509543484853,38.08865176539075,"['road trip', 'photography', 'disabled traveler']","['Wi-Fi', 'Luggage storage', 'Air conditioning', 'Room cleaning service', 'Safety deposit box', 'Television', 'Parking', '24-hour front desk', 'EV charging for electric vehicles', 'Scenic rooms', 'Sunrise calls', 'Photography services/packages', 'Accessible entrances', 'Ramps/lifts', 'Accessible rooms/bathrooms', 'Braille/raised signage']",103.0,9.6,4.5,5
66,Louisville,United States,Kentucky River Manor Resort,"Kentucky River Manor Resort is a 5-star hotel in Louisville, United States, offering Wi-Fi, Luggage storage, Air conditioning, Room cleaning service, Safety deposit box, Television, Child-friendly rooms, Baby cots, Stroller storage, Diaper changing tables, Nursing rooms, Bathtubs/jacuzzis, Scenic rooms/villas, Spa, Pet-friendly, Pet rest area, Pet beds, Durable floors. Average price is 763.0 USD per night. Enjoy comfortable stays with a rating of 9.8/5. The on-site restaurant is rated 5/5.","138/18 Charoenkrung Road, Samphanthawong District, Louisville",-85.63473209044179,38.205613011625424,"['with children', 'couples trip', 'with pets']","['Wi-Fi', 'Luggage storage', 'Air conditioning', 'Room cleaning service', 'Safety deposit box', 'Television', 'Child-friendly rooms', 'Baby cots', 'Stroller storage', 'Diaper changing tables', 'Nursing rooms', 'Bathtubs/jacuzzis', 'Scenic rooms/villas', 'Spa', 'Pet-friendly', 'Pet rest area', 'Pet beds', 'Durable floors']",763.0,9.8,5.0,5
67,Louisville,United States,Harborview Riverside Resort,"Harborview Riverside Resort is a 4-star hotel in Louisville, United States, offering Wi-Fi, Luggage storage, Air conditioning, Room cleaning service, Safety deposit box, Television, Women-only floors/rooms, Privacy-conscious check-in, 24-hour security, Surveillance cameras, Double locks on doors, 24-hour front desk, Late room service, On-site bars, Rooftop lounges/nightclubs, Spa, Gym, Premium bedding, Bar. Average price is 234.0 USD per night. Enjoy comfortable stays with a rating of 8.4/5. The on-site restaurant is rated 5/5.","245 Sakura Street, Louisville",-85.8191734365459,38.239097168896045,"['solo women', 'nightlife enthusiast', 'luxury travelers']","['Wi-Fi', 'Luggage storage', 'Air conditioning', 'Room cleaning service', 'Safety deposit box', 'Television', 'Women-only floors/rooms', 'Privacy-conscious check-in', '24-hour security', 'Surveillance cameras', 'Double locks on doors', '24-hour front desk', 'Late room service', 'On-site bars', 'Rooftop lounges/nightclubs', 'Spa', 'Gym', 'Premium bedding', 'Bar']",234.0,8.4,4.5,5
68,Louisville,United States,Louisville Resort Suites 48,"Louisville Resort Suites 48 is a 3-star hotel in Louisville, United States, offering Wi-Fi, Luggage storage, Air conditioning, Room cleaning service, Safety deposit box, Television, Parking, 24-hour front desk, EV charging for electric vehicles, High speed WiFi, Business center, Meeting rooms, Laundry service, Print machine, Spa, Gym, Premium bedding, Bar. Average price is 294.0 USD per night. Enjoy comfortable stays with a rating of 10.0/5. The on-site restaurant is rated 4/5.","952-678 Nishi 1-chome, Louisville",-85.58794855441204,38.08865176539075,"['road trip', 'business travelers', 'luxury travelers']","['Wi-Fi', 'Luggage storage', 'Air conditioning', 'Room cleaning service', 'Safety deposit box', 'Television', 'Parking', '24-hour front desk', 'EV charging for electric vehicles', 'High speed WiFi', 'Business center', 'Meeting rooms', 'Laundry service', 'Print machine', 'Spa', 'Gym', 'Premium bedding', 'Bar']",294.0,10.0,3.0,4
69,Louisville,United States,Louisville Plaza Hotel 49,"Louisville Plaza Hotel 49 is a 4-star hotel in Louisville, United States, offering Wi-Fi, Luggage storage, Air conditioning, Room cleaning service, Safety deposit box, Television, Child-friendly rooms, Baby cots, Stroller storage, Diaper changing tables, Nursing rooms, Parking, 24-hour front desk, EV charging for electric vehicles, Free Wi-Fi, Communal kitchens, Laundry, Lockers. Average price is 50.0 USD per night. Enjoy comfortable stays with a rating of 8.8/5. The on-site restaurant is rated 5/5.","858 Naha Main Street, Louisville",-85.88230773195384,38.215933277224345,"['with children', 'road trip', 'fast-paced budget travel']","['Wi-Fi', 'Luggage storage', 'Air conditioning', 'Room cleaning service', 'Safety deposit box', 'Television', 'Child-friendly rooms', 'Baby cots', 'Stroller storage', 'Diaper changing tables', 'Nursing rooms', 'Parking', '24-hour front desk', 'EV charging for electric vehicles', 'Free Wi-Fi', 'Communal kitchens', 'Laundry', 'Lockers']",50.0,8.8,4.5,5
70,Louisville,United States,Louisville Boutique Inn 50,"Louisville Boutique Inn 50 is a 3-star hotel in Louisville, United States, offering Wi-Fi, Luggage storage, Air conditioning, Room cleaning service, Safety deposit box, Television, Child-friendly rooms, Baby cots, Stroller storage, Diaper changing tables, Nursing rooms, Women-only floors/rooms, Privacy-conscious check-in, 24-hour security, Surveillance cameras, Double locks on doors, Accessible entrances, Ramps/lifts, Accessible rooms/bathrooms, Braille/raised signage. Average price is 94.0 USD per night. Enjoy comfortable stays with a rating of 9.0/5. The on-site restaurant is rated 5/5.","No. 456, Innovation Avenue, Louisville",-85.55714374181794,38.08934234196373,"['with children', 'solo women', 'disabled traveler']","['Wi-Fi', 'Luggage storage', 'Air conditioning', 'Room cleaning service', 'Safety deposit box', 'Television', 'Child-friendly rooms', 'Baby cots', 'Stroller storage', 'Diaper changing tables', 'Nursing rooms', 'Women-only floors/rooms', 'Privacy-conscious check-in', '24-hour security', 'Surveillance cameras', 'Double locks on doors', 'Accessible entrances', 'Ramps/lifts', 'Accessible rooms/bathrooms', 'Braille/raised signage']",94.0,9.0,3.5,5
71,Louisville,United States,Louisville Grand Hotel 51,"Louisville Grand Hotel 51 is a 2-star hotel in Louisville, United States, offering Wi-Fi, Luggage storage, Air conditioning, Room cleaning service, Safety deposit box, Television, Free Wi-Fi, Communal kitchens, Laundry, Lockers, Elevators, Bathroom grab bars, Medical contacts, Breakfast with dietary options, Spa, Gym, Premium bedding, Bar. Average price is 233.0 USD per night. Enjoy comfortable stays with a rating of 8.6/5. The on-site restaurant is rated 5/5.","496 Gwanghwamun Street, Louisville",-85.63473209044179,38.239097168896045,"['fast-paced budget travel', 'elderly travelers', 'luxury travelers']","['Wi-Fi', 'Luggage storage', 'Air conditioning', 'Room cleaning service', 'Safety deposit box', 'Television', 'Free Wi-Fi', 'Communal kitchens', 'Laundry', 'Lockers', 'Elevators', 'Bathroom grab bars', 'Medical contacts', 'Breakfast with dietary options', 'Spa', 'Gym', 'Premium bedding', 'Bar']",233.0,8.6,2.5,5
72,Louisville,United States,Willow Creek Garden Resort,"Willow Creek Garden Resort is a 3-star hotel in Louisville, United States, offering Wi-Fi, Luggage storage, Air conditioning, Room cleaning service, Safety deposit box, Television, High speed WiFi, Business center, Meeting rooms, Laundry service, Print machine, Women-only floors/rooms, Privacy-conscious check-in, 24-hour security, Surveillance cameras, Double locks on doors, Bathtubs/jacuzzis, Scenic rooms/villas, Spa. Average price is 126.0 USD per night. Enjoy comfortable stays with a rating of 8.8/5. The on-site restaurant is rated 5/5.","No. 456, Xueyuan Road, Yuzhong District, Louisville",-85.44882275465893,38.308299136544576,"['business travelers', 'solo women', 'couples trip']","['Wi-Fi', 'Luggage storage', 'Air conditioning', 'Room cleaning service', 'Safety deposit box', 'Television', 'High speed WiFi', 'Business center', 'Meeting rooms', 'Laundry service', 'Print machine', 'Women-only floors/rooms', 'Privacy-conscious check-in', '24-hour security', 'Surveillance cameras', 'Double locks on doors', 'Bathtubs/jacuzzis', 'Scenic rooms/villas', 'Spa']",126.0,8.8,3.0,5
73,Louisville,United States,Louisville Resort Resort 52,"Louisville Resort Resort 52 is a 2-star hotel in Louisville, United States, offering Wi-Fi, Luggage storage, Air conditioning, Room cleaning service, Safety deposit box, Television, Child-friendly rooms, Baby cots, Stroller storage, Diaper changing tables, Nursing rooms, Free Wi-Fi, Communal kitchens, Laundry, Lockers, High speed WiFi, Business center, Meeting rooms, Laundry service, Print machine. Average price is 90.0 USD per night. Enjoy comfortable stays with a rating of 7.6/5. The on-site restaurant is rated 5/5.","952-678 Nishi 1-chome, Louisville",-85.66296488718895,38.11862912932828,"['with children', 'fast-paced budget travel', 'business travelers']","['Wi-Fi', 'Luggage storage', 'Air conditioning', 'Room cleaning service', 'Safety deposit box', 'Television', 'Child-friendly rooms', 'Baby cots', 'Stroller storage', 'Diaper changing tables', 'Nursing rooms', 'Free Wi-Fi', 'Communal kitchens', 'Laundry', 'Lockers', 'High speed WiFi', 'Business center', 'Meeting rooms', 'Laundry service', 'Print machine']",90.0,7.6,2.5,5
74,Louisville,United States,Louisville Palace Inn 53,"Louisville Palace Inn 53 is a 3-star hotel in Louisville, United States, offering Wi-Fi, Luggage storage, Air conditioning, Room cleaning service, Safety deposit box, Television, Women-only floors/rooms, Privacy-conscious check-in, 24-hour security, Surveillance cameras, Double locks on doors, 24-hour front desk, Late room service, On-site bars, Rooftop lounges/nightclubs, Elevators, Bathroom grab bars, Medical contacts, Breakfast with dietary options. Average price is 101.0 USD per night. Enjoy comfortable stays with a rating of 8.8/5. The on-site restaurant is rated 5/5.","958-8 Shinsaibashi, Chuo Ward, Louisville",-85.44908139401267,38.17824340519972,"['solo women', 'nightlife enthusiast', 'elderly travelers']","['Wi-Fi', 'Luggage storage', 'Air conditioning', 'Room cleaning service', 'Safety deposit box', 'Television', 'Women-only floors/rooms', 'Privacy-conscious check-in', '24-hour security', 'Surveillance cameras', 'Double locks on doors', '24-hour front desk', 'Late room service', 'On-site bars', 'Rooftop lounges/nightclubs', 'Elevators', 'Bathroom grab bars', 'Medical contacts', 'Breakfast with dietary options']",101.0,8.8,3.0,5
75,Louisville,United States,Riverfront Heritage Suites Louisville,"Riverfront Heritage Suites Louisville is a 4-star hotel in Louisville, United States, offering Wi-Fi, Luggage storage, Air conditioning, Room cleaning service, Safety deposit box, Television, Child-friendly rooms, Baby cots, Stroller storage, Diaper changing tables, Nursing rooms, 24-hour front desk, Late room service, On-site bars, Rooftop lounges/nightclubs, Accessible entrances, Ramps/lifts, Accessible rooms/bathrooms, Braille/raised signage. Average price is 87.0 USD per night. Enjoy comfortable stays with a rating of 9.2/5. The on-site restaurant is rated 5/5.","207 Shibuya Crossing Street, Shibuya Ward, Louisville",-85.66114898348104,38.2593791451535,"['with children', 'nightlife enthusiast', 'disabled traveler']","['Wi-Fi', 'Luggage storage', 'Air conditioning', 'Room cleaning service', 'Safety deposit box', 'Television', 'Child-friendly rooms', 'Baby cots', 'Stroller storage', 'Diaper changing tables', 'Nursing rooms', '24-hour front desk', 'Late room service', 'On-site bars', 'Rooftop lounges/nightclubs', 'Accessible entrances', 'Ramps/lifts', 'Accessible rooms/bathrooms', 'Braille/raised signage']",87.0,9.2,4.0,5
76,Louisville,United States,Louisville Grand Resort 54,"Louisville Grand Resort 54 is a 4-star hotel in Louisville, United States, offering Wi-Fi, Luggage storage, Air conditioning, Room cleaning service, Safety deposit box, Television, Elevators, Bathroom grab bars, Medical contacts, Breakfast with dietary options, High speed WiFi, Business center, Meeting rooms, Laundry service, Print machine, Pet-friendly, Pet rest area, Pet beds, Durable floors. Average price is 83.0 USD per night. Enjoy comfortable stays with a rating of 8.0/5. The on-site restaurant is rated 5/5.","133 Beach Road, Louisville",-85.77250799019178,38.08982392154563,"['elderly travelers', 'business travelers', 'with pets']","['Wi-Fi', 'Luggage storage', 'Air conditioning', 'Room cleaning service', 'Safety deposit box', 'Television', 'Elevators', 'Bathroom grab bars', 'Medical contacts', 'Breakfast with dietary options', 'High speed WiFi', 'Business center', 'Meeting rooms', 'Laundry service', 'Print machine', 'Pet-friendly', 'Pet rest area', 'Pet beds', 'Durable floors']",83.0,8.0,4.0,5
77,Louisville,United States,Riverfront Heights Resort,"Riverfront Heights Resort is a 3-star hotel in Louisville, United States, offering Wi-Fi, Luggage storage, Air conditioning, Room cleaning service, Safety deposit box, Television, Child-friendly rooms, Baby cots, Stroller storage, Diaper changing tables, Nursing rooms, High speed WiFi, Business center, Meeting rooms, Laundry service, Print machine, Spa, Gym, Premium bedding, Bar. Average price is 99.0 USD per night. Enjoy comfortable stays with a rating of 8.4/5. The on-site restaurant is rated 5/5.","No. 456, Xinghai Road, Futian District, Louisville",-85.56153448997591,38.12012811134471,"['with children', 'business travelers', 'luxury travelers']","['Wi-Fi', 'Luggage storage', 'Air conditioning', 'Room cleaning service', 'Safety deposit box', 'Television', 'Child-friendly rooms', 'Baby cots', 'Stroller storage', 'Diaper changing tables', 'Nursing rooms', 'High speed WiFi', 'Business center', 'Meeting rooms', 'Laundry service', 'Print machine', 'Spa', 'Gym', 'Premium bedding', 'Bar']",99.0,8.4,3.0,5
78,Louisville,United States,Louisville Palace Suites 55,"Louisville Palace Suites 55 is a 2-star hotel in Louisville, United States, offering Wi-Fi, Luggage storage, Air conditioning, Room cleaning service, Safety deposit box, Television, 24-hour front desk, Late room service, On-site bars, Rooftop lounges/nightclubs, Women-only floors/rooms, Privacy-conscious check-in, 24-hour security, Surveillance cameras, Double locks on doors, Scenic rooms, Sunrise calls, Photography services/packages. Average price is 46.0 USD per night. Enjoy comfortable stays with a rating of 9.4/5. The on-site restaurant is rated 5/5.","349 Marine Beach Road, Louisville",-85.65147278281424,38.164183437207775,"['nightlife enthusiast', 'solo women', 'photography']","['Wi-Fi', 'Luggage storage', 'Air conditioning', 'Room cleaning service', 'Safety deposit box', 'Television', '24-hour front desk', 'Late room service', 'On-site bars', 'Rooftop lounges/nightclubs', 'Women-only floors/rooms', 'Privacy-conscious check-in', '24-hour security', 'Surveillance cameras', 'Double locks on doors', 'Scenic rooms', 'Sunrise calls', 'Photography services/packages']",46.0,9.4,2.5,5
79,Louisville,United States,Louisville Plaza Suites 56,"Louisville Plaza Suites 56 is a 4-star hotel in Louisville, United States, offering Wi-Fi, Luggage storage, Air conditioning, Room cleaning service, Safety deposit box, Television, Parking, 24-hour front desk, EV charging for electric vehicles, Free Wi-Fi, Communal kitchens, Laundry, Lockers, High speed WiFi, Business center, Meeting rooms, Laundry service, Print machine. Average price is 97.0 USD per night. Enjoy comfortable stays with a rating of 8.0/5. The on-site restaurant is rated 5/5.","338 Orchard Road, Louisville",-85.8564802908571,38.28791714419395,"['road trip', 'fast-paced budget travel', 'business travelers']","['Wi-Fi', 'Luggage storage', 'Air conditioning', 'Room cleaning service', 'Safety deposit box', 'Television', 'Parking', '24-hour front desk', 'EV charging for electric vehicles', 'Free Wi-Fi', 'Communal kitchens', 'Laundry', 'Lockers', 'High speed WiFi', 'Business center', 'Meeting rooms', 'Laundry service', 'Print machine']",97.0,8.0,4.5,5
80,Louisville,United States,Crescent Riverfront Garden Inn,"Crescent Riverfront Garden Inn is a 3-star hotel in Louisville, United States, offering Wi-Fi, Luggage storage, Air conditioning, Room cleaning service, Safety deposit box, Television, Parking, 24-hour front desk, EV charging for electric vehicles, Women-only floors/rooms, Privacy-conscious check-in, 24-hour security, Surveillance cameras, Double locks on doors, Spa, Gym, Premium bedding, Bar. Average price is 107.0 USD per night. Enjoy comfortable stays with a rating of 9.2/5. The on-site restaurant is rated 5/5.","No. 456, Cultural Square, Futian District, Louisville",-85.8564802908571,38.22904151561679,"['road trip', 'solo women', 'luxury travelers']","['Wi-Fi', 'Luggage storage', 'Air conditioning', 'Room cleaning service', 'Safety deposit box', 'Television', 'Parking', '24-hour front desk', 'EV charging for electric vehicles', 'Women-only floors/rooms', 'Privacy-conscious check-in', '24-hour security', 'Surveillance cameras', 'Double locks on doors', 'Spa', 'Gym', 'Premium bedding', 'Bar']",107.0,9.2,3.5,5
81,Louisville,United States,Kentucky River Grand Resort,"Kentucky River Grand Resort is a 3-star hotel in Louisville, United States, offering Wi-Fi, Luggage storage, Air conditioning, Room cleaning service, Safety deposit box, Television, Child-friendly rooms, Baby cots, Stroller storage, Diaper changing tables, Nursing rooms, Accessible entrances, Ramps/lifts, Accessible rooms/bathrooms, Braille/raised signage, Spa, Gym, Premium bedding, Bar. Average price is 33.0 USD per night. Enjoy comfortable stays with a rating of 8.2/5. The on-site restaurant is rated 4/5.","No. 456, Xuefu Road, Louisville",-85.81880932863513,38.27274183868768,"['with children', 'disabled traveler', 'luxury travelers']","['Wi-Fi', 'Luggage storage', 'Air conditioning', 'Room cleaning service', 'Safety deposit box', 'Television', 'Child-friendly rooms', 'Baby cots', 'Stroller storage', 'Diaper changing tables', 'Nursing rooms', 'Accessible entrances', 'Ramps/lifts', 'Accessible rooms/bathrooms', 'Braille/raised signage', 'Spa', 'Gym', 'Premium bedding', 'Bar']",33.0,8.2,3.0,4
82,Louisville,United States,Louisville Pearl Inn 57,"Louisville Pearl Inn 57 is a 3-star hotel in Louisville, United States, offering Wi-Fi, Luggage storage, Air conditioning, Room cleaning service, Safety deposit box, Television, Child-friendly rooms, Baby cots, Stroller storage, Diaper changing tables, Nursing rooms, 24-hour front desk, Late room service, On-site bars, Rooftop lounges/nightclubs, Free Wi-Fi, Communal kitchens, Laundry, Lockers. Average price is 304.0 USD per night. Enjoy comfortable stays with a rating of 9.0/5. The on-site restaurant is rated 5/5.","No. 456, Cultural Square, Futian District, Louisville",-85.59098705079965,38.08695735688684,"['with children', 'nightlife enthusiast', 'fast-paced budget travel']","['Wi-Fi', 'Luggage storage', 'Air conditioning', 'Room cleaning service', 'Safety deposit box', 'Television', 'Child-friendly rooms', 'Baby cots', 'Stroller storage', 'Diaper changing tables', 'Nursing rooms', '24-hour front desk', 'Late room service', 'On-site bars', 'Rooftop lounges/nightclubs', 'Free Wi-Fi', 'Communal kitchens', 'Laundry', 'Lockers']",304.0,9.0,3.0,5
83,Louisville,United States,Louisville Sky Suites 58,"Louisville Sky Suites 58 is a 3-star hotel in Louisville, United States, offering Wi-Fi, Luggage storage, Air conditioning, Room cleaning service, Safety deposit box, Television, Child-friendly rooms, Baby cots, Stroller storage, Diaper changing tables, Nursing rooms, Scenic rooms, Sunrise calls, Photography services/packages, Pet-friendly, Pet rest area, Pet beds, Durable floors. Average price is 76.0 USD per night. Enjoy comfortable stays with a rating of 5.8/5. The on-site restaurant is rated 5/5.","209 Seaside Promenade, Louisville",-85.8357588434711,38.09720739400596,"['with children', 'photography', 'with pets']","['Wi-Fi', 'Luggage storage', 'Air conditioning', 'Room cleaning service', 'Safety deposit box', 'Television', 'Child-friendly rooms', 'Baby cots', 'Stroller storage', 'Diaper changing tables', 'Nursing rooms', 'Scenic rooms', 'Sunrise calls', 'Photography services/packages', 'Pet-friendly', 'Pet rest area', 'Pet beds', 'Durable floors']",76.0,5.8,3.0,5
84,Louisville,United States,Crescent Heights Riverfront Resort,"Crescent Heights Riverfront Resort is a 3-star hotel in Louisville, United States, offering Wi-Fi, Luggage storage, Air conditioning, Room cleaning service, Safety deposit box, Television, Child-friendly rooms, Baby cots, Stroller storage, Diaper changing tables, Nursing rooms, 24-hour front desk, Late room service, On-site bars, Rooftop lounges/nightclubs, High speed WiFi, Business center, Meeting rooms, Laundry service, Print machine. Average price is 78.0 USD per night. Enjoy comfortable stays with a rating of 8.2/5. The on-site restaurant is rated 5/5.","No. 456, Xuefu Road, Louisville",-85.56991290899663,38.15464817377711,"['with children', 'nightlife enthusiast', 'business travelers']","['Wi-Fi', 'Luggage storage', 'Air conditioning', 'Room cleaning service', 'Safety deposit box', 'Television', 'Child-friendly rooms', 'Baby cots', 'Stroller storage', 'Diaper changing tables', 'Nursing rooms', '24-hour front desk', 'Late room service', 'On-site bars', 'Rooftop lounges/nightclubs', 'High speed WiFi', 'Business center', 'Meeting rooms', 'Laundry service', 'Print machine']",78.0,8.2,3.0,5
85,Louisville,United States,Louisville Palace Inn 59,"Louisville Palace Inn 59 is a 4-star hotel in Louisville, United States, offering Wi-Fi, Luggage storage, Air conditioning, Room cleaning service, Safety deposit box, Television, Scenic rooms, Sunrise calls, Photography services/packages, Bathtubs/jacuzzis, Scenic rooms/villas, Spa, Pet-friendly, Pet rest area, Pet beds, Durable floors. Average price is 77.0 USD per night. Enjoy comfortable stays with a rating of 9.4/5. The on-site restaurant is rated 1/5.","654 Shinkawa Street, Naka Ward, Louisville",-85.79415387842602,38.27969964158743,"['photography', 'couples trip', 'with pets']","['Wi-Fi', 'Luggage storage', 'Air conditioning', 'Room cleaning service', 'Safety deposit box', 'Television', 'Scenic rooms', 'Sunrise calls', 'Photography services/packages', 'Bathtubs/jacuzzis', 'Scenic rooms/villas', 'Spa', 'Pet-friendly', 'Pet rest area', 'Pet beds', 'Durable floors']",77.0,9.4,4.0,1
86,Louisville,United States,Louisville Sunrise Hotel 60,"Louisville Sunrise Hotel 60 is a 3-star hotel in Louisville, United States, offering Wi-Fi, Luggage storage, Air conditioning, Room cleaning service, Safety deposit box, Television, Child-friendly rooms, Baby cots, Stroller storage, Diaper changing tables, Nursing rooms, 24-hour front desk, Late room service, On-site bars, Rooftop lounges/nightclubs, Bathtubs/jacuzzis, Scenic rooms/villas, Spa. Average price is 112.0 USD per night. Enjoy comfortable stays with a rating of 9.2/5. The on-site restaurant is rated 5/5.","243 Sakura Street, Louisville",-85.63721253611496,38.12012811134471,"['with children', 'nightlife enthusiast', 'couples trip']","['Wi-Fi', 'Luggage storage', 'Air conditioning', 'Room cleaning service', 'Safety deposit box', 'Television', 'Child-friendly rooms', 'Baby cots', 'Stroller storage', 'Diaper changing tables', 'Nursing rooms', '24-hour front desk', 'Late room service', 'On-site bars', 'Rooftop lounges/nightclubs', 'Bathtubs/jacuzzis', 'Scenic rooms/villas', 'Spa']",112.0,9.2,3.0,5
87,Louisville,United States,Riverside Garden Resort,"Riverside Garden Resort is a 2-star hotel in Louisville, United States, offering Wi-Fi, Luggage storage, Air conditioning, Room cleaning service, Safety deposit box, Television, Child-friendly rooms, Baby cots, Stroller storage, Diaper changing tables, Nursing rooms, Free Wi-Fi, Communal kitchens, Laundry, Lockers, Pet-friendly, Pet rest area, Pet beds, Durable floors. Average price is 55.0 USD per night. Enjoy comfortable stays with a rating of 8.6/5. The on-site restaurant is rated 5/5.","318/1 Sathorn Road, Louisville",-85.50316448285196,38.30422079598056,"['with children', 'fast-paced budget travel', 'with pets']","['Wi-Fi', 'Luggage storage', 'Air conditioning', 'Room cleaning service', 'Safety deposit box', 'Television', 'Child-friendly rooms', 'Baby cots', 'Stroller storage', 'Diaper changing tables', 'Nursing rooms', 'Free Wi-Fi', 'Communal kitchens', 'Laundry', 'Lockers', 'Pet-friendly', 'Pet rest area', 'Pet beds', 'Durable floors']",55.0,8.6,2.5,5
88,Louisville,United States,Louisville Grand Resort 61,"Louisville Grand Resort 61 is a 2-star hotel in Louisville, United States, offering Wi-Fi, Luggage storage, Air conditioning, Room cleaning service, Safety deposit box, Television, Child-friendly rooms, Baby cots, Stroller storage, Diaper changing tables, Nursing rooms, Elevators, Bathroom grab bars, Medical contacts, Breakfast with dietary options, Pet-friendly, Pet rest area, Pet beds, Durable floors. Average price is 57.0 USD per night. Enjoy comfortable stays with a rating of 7.8/5. The on-site restaurant is rated 5/5.","214 Nakanoshima-dori, Chuo-ku, Louisville",-85.62720387876897,38.27444648864058,"['with children', 'elderly travelers', 'with pets']","['Wi-Fi', 'Luggage storage', 'Air conditioning', 'Room cleaning service', 'Safety deposit box', 'Television', 'Child-friendly rooms', 'Baby cots', 'Stroller storage', 'Diaper changing tables', 'Nursing rooms', 'Elevators', 'Bathroom grab bars', 'Medical contacts', 'Breakfast with dietary options', 'Pet-friendly', 'Pet rest area', 'Pet beds', 'Durable floors']",57.0,7.8,2.5,5
89,Louisville,United States,Louisville Plaza Inn 62,"Louisville Plaza Inn 62 is a 2-star hotel in Louisville, United States, offering Wi-Fi, Luggage storage, Air conditioning, Room cleaning service, Safety deposit box, Television, Women-only floors/rooms, Privacy-conscious check-in, 24-hour security, Surveillance cameras, Double locks on doors, High speed WiFi, Business center, Meeting rooms, Laundry service, Print machine, Accessible entrances, Ramps/lifts, Accessible rooms/bathrooms, Braille/raised signage. Average price is 33.0 USD per night. Enjoy comfortable stays with a rating of 6.0/5. The on-site restaurant is rated 5/5.","513 Changi Airport Road, Louisville",-85.66114898348104,38.148031245718535,"['solo women', 'business travelers', 'disabled traveler']","['Wi-Fi', 'Luggage storage', 'Air conditioning', 'Room cleaning service', 'Safety deposit box', 'Television', 'Women-only floors/rooms', 'Privacy-conscious check-in', '24-hour security', 'Surveillance cameras', 'Double locks on doors', 'High speed WiFi', 'Business center', 'Meeting rooms', 'Laundry service', 'Print machine', 'Accessible entrances', 'Ramps/lifts', 'Accessible rooms/bathrooms', 'Braille/raised signage']",33.0,6.0,2.5,5
90,Louisville,United States,Kentucky Creek Riverfront Resort,"Kentucky Creek Riverfront Resort is a 3-star hotel in Louisville, United States, offering Wi-Fi, Luggage storage, Air conditioning, Room cleaning service, Safety deposit box, Television, Child-friendly rooms, Baby cots, Stroller storage, Diaper changing tables, Nursing rooms, Parking, 24-hour front desk, EV charging for electric vehicles, Elevators, Bathroom grab bars, Medical contacts, Breakfast with dietary options. Average price is 105.0 USD per night. Enjoy comfortable stays with a rating of 9.0/5. The on-site restaurant is rated 5/5.","868 Suthep Road, Louisville",-85.79825742309464,38.16898229684164,"['with children', 'road trip', 'elderly travelers']","['Wi-Fi', 'Luggage storage', 'Air conditioning', 'Room cleaning service', 'Safety deposit box', 'Television', 'Child-friendly rooms', 'Baby cots', 'Stroller storage', 'Diaper changing tables', 'Nursing rooms', 'Parking', '24-hour front desk', 'EV charging for electric vehicles', 'Elevators', 'Bathroom grab bars', 'Medical contacts', 'Breakfast with dietary options']",105.0,9.0,3.0,5
91,Louisville,United States,Riverfront Garden Resort Louisville,"Riverfront Garden Resort Louisville is a 3-star hotel in Louisville, United States, offering Wi-Fi, Luggage storage, Air conditioning, Room cleaning service, Safety deposit box, Television, 24-hour front desk, Late room service, On-site bars, Rooftop lounges/nightclubs, Free Wi-Fi, Communal kitchens, Laundry, Lockers, Bathtubs/jacuzzis, Scenic rooms/villas, Spa. Average price is 116.0 USD per night. Enjoy comfortable stays with a rating of 8.4/5. The on-site restaurant is rated 3/5.","719 Seogwipo Street, Louisville",-85.8259093284585,38.16902064564914,"['nightlife enthusiast', 'fast-paced budget travel', 'couples trip']","['Wi-Fi', 'Luggage storage', 'Air conditioning', 'Room cleaning service', 'Safety deposit box', 'Television', '24-hour front desk', 'Late room service', 'On-site bars', 'Rooftop lounges/nightclubs', 'Free Wi-Fi', 'Communal kitchens', 'Laundry', 'Lockers', 'Bathtubs/jacuzzis', 'Scenic rooms/villas', 'Spa']",116.0,8.4,3.0,3
92,Louisville,United States,Louisville View Hotel 63,"Louisville View Hotel 63 is a 5-star hotel in Louisville, United States, offering Wi-Fi, Luggage storage, Air conditioning, Room cleaning service, Safety deposit box, Television, Parking, 24-hour front desk, EV charging for electric vehicles, Bathtubs/jacuzzis, Scenic rooms/villas, Spa, Accessible entrances, Ramps/lifts, Accessible rooms/bathrooms, Braille/raised signage. Average price is 195.0 USD per night. Enjoy comfortable stays with a rating of 9.2/5. The on-site restaurant is rated 5/5.","518 Shinko Street, Louisville",-85.52492789021233,38.22107437682132,"['road trip', 'couples trip', 'disabled traveler']","['Wi-Fi', 'Luggage storage', 'Air conditioning', 'Room cleaning service', 'Safety deposit box', 'Television', 'Parking', '24-hour front desk', 'EV charging for electric vehicles', 'Bathtubs/jacuzzis', 'Scenic rooms/villas', 'Spa', 'Accessible entrances', 'Ramps/lifts', 'Accessible rooms/bathrooms', 'Braille/raised signage']",195.0,9.2,5.0,5
93,Louisville,United States,Riverfront Garden Resort,"Riverfront Garden Resort is a 5-star hotel in Louisville, United States, offering Wi-Fi, Luggage storage, Air conditioning, Room cleaning service, Safety deposit box, Television, Parking, 24-hour front desk, EV charging for electric vehicles, Late room service, On-site bars, Rooftop lounges/nightclubs, Elevators, Bathroom grab bars, Medical contacts, Breakfast with dietary options. Average price is 167.0 USD per night. Enjoy comfortable stays with a rating of 6.0/5. The on-site restaurant is rated 5/5.","349 Marine Beach Road, Louisville",-85.6534517297509,38.215933277224345,"['road trip', 'nightlife enthusiast', 'elderly travelers']","['Wi-Fi', 'Luggage storage', 'Air conditioning', 'Room cleaning service', 'Safety deposit box', 'Television', 'Parking', '24-hour front desk', 'EV charging for electric vehicles', 'Late room service', 'On-site bars', 'Rooftop lounges/nightclubs', 'Elevators', 'Bathroom grab bars', 'Medical contacts', 'Breakfast with dietary options']",167.0,6.0,5.0,5
94,Louisville,United States,Louisville Royal Inn 64,"Louisville Royal Inn 64 is a 3-star hotel in Louisville, United States, offering Wi-Fi, Luggage storage, Air conditioning, Room cleaning service, Safety deposit box, Television, 24-hour front desk, Late room service, On-site bars, Rooftop lounges/nightclubs, Elevators, Bathroom grab bars, Medical contacts, Breakfast with dietary options, Spa, Gym, Premium bedding, Bar. Average price is 54.0 USD per night. Enjoy comfortable stays with a rating of 8.6/5. The on-site restaurant is rated 5/5.","452 Thaweewong Road, Louisville",-85.65268638003671,38.114368502365686,"['nightlife enthusiast', 'elderly travelers', 'luxury travelers']","['Wi-Fi', 'Luggage storage', 'Air conditioning', 'Room cleaning service', 'Safety deposit box', 'Television', '24-hour front desk', 'Late room service', 'On-site bars', 'Rooftop lounges/nightclubs', 'Elevators', 'Bathroom grab bars', 'Medical contacts', 'Breakfast with dietary options', 'Spa', 'Gym', 'Premium bedding', 'Bar']",54.0,8.6,3.0,5
95,Louisville,United States,Louisville Plaza Suites 65,"Louisville Plaza Suites 65 is a 3-star hotel in Louisville, United States, offering Wi-Fi, Luggage storage, Air conditioning, Room cleaning service, Safety deposit box, Television, Free Wi-Fi, Communal kitchens, Laundry, Lockers, Bathtubs/jacuzzis, Scenic rooms/villas, Spa, Gym, Premium bedding, Bar. Average price is 42.0 USD per night. Enjoy comfortable stays with a rating of 9.0/5. The on-site restaurant is rated 1/5.","No. 456, Cultural Square, Futian District, Louisville",-85.82582787060905,38.21854792449473,"['fast-paced budget travel', 'couples trip', 'luxury travelers']","['Wi-Fi', 'Luggage storage', 'Air conditioning', 'Room cleaning service', 'Safety deposit box', 'Television', 'Free Wi-Fi', 'Communal kitchens', 'Laundry', 'Lockers', 'Bathtubs/jacuzzis', 'Scenic rooms/villas', 'Spa', 'Gym', 'Premium bedding', 'Bar']",42.0,9.0,3.0,1
96,Louisville,United States,Louisville Inn Hotel 66,"Louisville Inn Hotel 66 is a 2-star hotel in Louisville, United States, offering Wi-Fi, Luggage storage, Air conditioning, Room cleaning service, Safety deposit box, Television, Scenic rooms, Sunrise calls, Photography services/packages, Free Wi-Fi, Communal kitchens, Laundry, Lockers, Elevators, Bathroom grab bars, Medical contacts, Breakfast with dietary options. Average price is 39.0 USD per night. Enjoy comfortable stays with a rating of 8.4/5. The on-site restaurant is rated 5/5.","502 Sathorn Unique Tower, Silom Road, Louisville",-85.90192391473866,38.13746200733845,"['photography', 'fast-paced budget travel', 'elderly travelers']","['Wi-Fi', 'Luggage storage', 'Air conditioning', 'Room cleaning service', 'Safety deposit box', 'Television', 'Scenic rooms', 'Sunrise calls', 'Photography services/packages', 'Free Wi-Fi', 'Communal kitchens', 'Laundry', 'Lockers', 'Elevators', 'Bathroom grab bars', 'Medical contacts', 'Breakfast with dietary options']",39.0,8.4,2.5,5
97,Louisville,United States,Louisville Royal Suites 67,"Louisville Royal Suites 67 is a 4-star hotel in Louisville, United States, offering Wi-Fi, Luggage storage, Air conditioning, Room cleaning service, Safety deposit box, Television, Child-friendly rooms, Baby cots, Stroller storage, Diaper changing tables, Nursing rooms, Elevators, Bathroom grab bars, Medical contacts, Breakfast with dietary options, Accessible entrances, Ramps/lifts, Accessible rooms/bathrooms, Braille/raised signage. Average price is 88.0 USD per night. Enjoy comfortable stays with a rating of 9.6/5. The on-site restaurant is rated 5/5.","208 Shinko Street, Chuo Ward, Louisville",-85.8357588434711,38.25211109007445,"['with children', 'elderly travelers', 'disabled traveler']","['Wi-Fi', 'Luggage storage', 'Air conditioning', 'Room cleaning service', 'Safety deposit box', 'Television', 'Child-friendly rooms', 'Baby cots', 'Stroller storage', 'Diaper changing tables', 'Nursing rooms', 'Elevators', 'Bathroom grab bars', 'Medical contacts', 'Breakfast with dietary options', 'Accessible entrances', 'Ramps/lifts', 'Accessible rooms/bathrooms', 'Braille/raised signage']",88.0,9.6,4.0,5
98,Louisville,United States,Crescent Hill Garden Resort,"Crescent Hill Garden Resort is a 3-star hotel in Louisville, United States, offering Wi-Fi, Luggage storage, Air conditioning, Room cleaning service, Safety deposit box, Television, Women-only floors/rooms, Privacy-conscious check-in, 24-hour security, Surveillance cameras, Double locks on doors, Parking, 24-hour front desk, EV charging for electric vehicles, High speed WiFi, Business center, Meeting rooms, Laundry service, Print machine. Average price is 88.0 USD per night. Enjoy comfortable stays with a rating of 10.0/5. The on-site restaurant is rated 4/5.","572 Suthep Road, Louisville",-85.65147278281424,38.28791714419395,"['solo women', 'road trip', 'business travelers']","['Wi-Fi', 'Luggage storage', 'Air conditioning', 'Room cleaning service', 'Safety deposit box', 'Television', 'Women-only floors/rooms', 'Privacy-conscious check-in', '24-hour security', 'Surveillance cameras', 'Double locks on doors', 'Parking', '24-hour front desk', 'EV charging for electric vehicles', 'High speed WiFi', 'Business center', 'Meeting rooms', 'Laundry service', 'Print machine']",88.0,10.0,3.5,4
99,Louisville,United States,Kentucky Creek Garden Resort,"Kentucky Creek Garden Resort is a 4-star hotel in Louisville, United States, offering Wi-Fi, Luggage storage, Air conditioning, Room cleaning service, Safety deposit box, Television, Scenic rooms, Sunrise calls, Photography services/packages, Pet-friendly, Pet rest area, Pet beds, Durable floors, Spa, Gym, Premium bedding, Bar. Average price is 125.0 USD per night. Enjoy comfortable stays with a rating of 10.0/5. The on-site restaurant is rated 5/5.","No. 456, Xihu Road, Xihu District, Louisville",-85.48724031936722,38.08695735688684,"['photography', 'with pets', 'luxury travelers']","['Wi-Fi', 'Luggage storage', 'Air conditioning', 'Room cleaning service', 'Safety deposit box', 'Television', 'Scenic rooms', 'Sunrise calls', 'Photography services/packages', 'Pet-friendly', 'Pet rest area', 'Pet beds', 'Durable floors', 'Spa', 'Gym', 'Premium bedding', 'Bar']",125.0,10.0,4.0,5
100,Louisville,United States,Louisville Resort Resort 68,"Louisville Resort Resort 68 is a 4-star hotel in Louisville, United States, offering Wi-Fi, Luggage storage, Air conditioning, Room cleaning service, Safety deposit box, Television, High speed WiFi, Business center, Meeting rooms, Laundry service, Print machine, Bathtubs/jacuzzis, Scenic rooms/villas, Spa, Pet-friendly, Pet rest area, Pet beds, Durable floors. Average price is 111.0 USD per night. Enjoy comfortable stays with a rating of 6.8/5. The on-site restaurant is rated 5/5.","900 Ssangmundong-ro, Yongsan-gu, Louisville",-85.79825742309464,38.1769337114488,"['business travelers', 'couples trip', 'with pets']","['Wi-Fi', 'Luggage storage', 'Air conditioning', 'Room cleaning service', 'Safety deposit box', 'Television', 'High speed WiFi', 'Business center', 'Meeting rooms', 'Laundry service', 'Print machine', 'Bathtubs/jacuzzis', 'Scenic rooms/villas', 'Spa', 'Pet-friendly', 'Pet rest area', 'Pet beds', 'Durable floors']",111.0,6.8,4.0,5
