hotel_id,city_name,country,name,about,address,longitude,latitude,amenities_group,amenities,price,rating,star,rate_of_restaurant
1,Maiquetía,Venezuela,Maiquetía Inn Hotel 1,"Maiquetía Inn Hotel 1 is a 3-star hotel in Maiquetía, Venezuela, offering Wi-Fi, Luggage storage, Air conditioning, Room cleaning service, Safety deposit box, Television, High speed WiFi, Business center, Meeting rooms, Laundry service, Print machine, Bathtubs/jacuzzis, Scenic rooms/villas, Spa, Pet-friendly, Pet rest area, Pet beds, Durable floors. Average price is 169.0 USD per night. Enjoy comfortable stays with a rating of 9.8/5. The on-site restaurant is rated 5/5.","No. 88, Chang'an Avenue, Maiquetía",-66.91439509140386,10.553351894753511,"['business travelers', 'couples trip', 'with pets']","['Wi-Fi', 'Luggage storage', 'Air conditioning', 'Room cleaning service', 'Safety deposit box', 'Television', 'High speed WiFi', 'Business center', 'Meeting rooms', 'Laundry service', 'Print machine', 'Bathtubs/jacuzzis', 'Scenic rooms/villas', 'Spa', 'Pet-friendly', 'Pet rest area', 'Pet beds', 'Durable floors']",169.0,9.8,3.0,5
2,Maiquetía,Venezuela,Maiquetía Royal Suites 2,"Maiquetía Royal Suites 2 is a 4-star hotel in Maiquetía, Venezuela, offering Wi-Fi, Luggage storage, Air conditioning, Room cleaning service, Safety deposit box, Television, Parking, 24-hour front desk, EV charging for electric vehicles, Elevators, Bathroom grab bars, Medical contacts, Breakfast with dietary options, High speed WiFi, Business center, Meeting rooms, Laundry service, Print machine. Average price is 88.0 USD per night. Enjoy comfortable stays with a rating of 9.2/5. The on-site restaurant is rated 2/5.","108 Nishi-Umeda Street, Chuo Ward, Maiquetía",-66.92870887640828,10.55814515518455,"['road trip', 'elderly travelers', 'business travelers']","['Wi-Fi', 'Luggage storage', 'Air conditioning', 'Room cleaning service', 'Safety deposit box', 'Television', 'Parking', '24-hour front desk', 'EV charging for electric vehicles', 'Elevators', 'Bathroom grab bars', 'Medical contacts', 'Breakfast with dietary options', 'High speed WiFi', 'Business center', 'Meeting rooms', 'Laundry service', 'Print machine']",88.0,9.2,4.0,2
3,Maiquetía,Venezuela,Maiquetía Garden Inn 3,"Maiquetía Garden Inn 3 is a 2-star hotel in Maiquetía, Venezuela, offering Wi-Fi, Luggage storage, Air conditioning, Room cleaning service, Safety deposit box, Television, Scenic rooms, Sunrise calls, Photography services/packages, High speed WiFi, Business center, Meeting rooms, Laundry service, Print machine, Pet-friendly, Pet rest area, Pet beds, Durable floors. Average price is 315.0 USD per night. Enjoy comfortable stays with a rating of 8.8/5. The on-site restaurant is rated 5/5.","876 Sathorn Road, Pathum Wan, Maiquetía",-66.94797643668798,10.55130488791698,"['photography', 'business travelers', 'with pets']","['Wi-Fi', 'Luggage storage', 'Air conditioning', 'Room cleaning service', 'Safety deposit box', 'Television', 'Scenic rooms', 'Sunrise calls', 'Photography services/packages', 'High speed WiFi', 'Business center', 'Meeting rooms', 'Laundry service', 'Print machine', 'Pet-friendly', 'Pet rest area', 'Pet beds', 'Durable floors']",315.0,8.8,2.5,5
4,Maiquetía,Venezuela,Maiquetía Central Inn 4,"Maiquetía Central Inn 4 is a 3-star hotel in Maiquetía, Venezuela, offering Wi-Fi, Luggage storage, Air conditioning, Room cleaning service, Safety deposit box, Television, Women-only floors/rooms, Privacy-conscious check-in, 24-hour security, Surveillance cameras, Double locks on doors, 24-hour front desk, Late room service, On-site bars, Rooftop lounges/nightclubs, Pet-friendly, Pet rest area, Pet beds, Durable floors. Average price is 121.0 USD per night. Enjoy comfortable stays with a rating of 9.0/5. The on-site restaurant is rated 3/5.","No. 456, Cultural Street, Maiquetía",-66.96343991293043,10.596957066193491,"['solo women', 'nightlife enthusiast', 'with pets']","['Wi-Fi', 'Luggage storage', 'Air conditioning', 'Room cleaning service', 'Safety deposit box', 'Television', 'Women-only floors/rooms', 'Privacy-conscious check-in', '24-hour security', 'Surveillance cameras', 'Double locks on doors', '24-hour front desk', 'Late room service', 'On-site bars', 'Rooftop lounges/nightclubs', 'Pet-friendly', 'Pet rest area', 'Pet beds', 'Durable floors']",121.0,9.0,3.5,3
5,Maiquetía,Venezuela,Maiquetía Royal Suites 5,"Maiquetía Royal Suites 5 is a 3-star hotel in Maiquetía, Venezuela, offering Wi-Fi, Luggage storage, Air conditioning, Room cleaning service, Safety deposit box, Television, Scenic rooms, Sunrise calls, Photography services/packages, Bathtubs/jacuzzis, Scenic rooms/villas, Spa, Accessible entrances, Ramps/lifts, Accessible rooms/bathrooms, Braille/raised signage. Average price is 43.0 USD per night. Enjoy comfortable stays with a rating of 6.6/5. The on-site restaurant is rated 5/5.","959-12-8 Shibuya, Shibuya City, Maiquetía",-66.93404745354866,10.56981940507791,"['photography', 'couples trip', 'disabled traveler']","['Wi-Fi', 'Luggage storage', 'Air conditioning', 'Room cleaning service', 'Safety deposit box', 'Television', 'Scenic rooms', 'Sunrise calls', 'Photography services/packages', 'Bathtubs/jacuzzis', 'Scenic rooms/villas', 'Spa', 'Accessible entrances', 'Ramps/lifts', 'Accessible rooms/bathrooms', 'Braille/raised signage']",43.0,6.6,3.0,5
6,Maiquetía,Venezuela,Maiquetía Plaza Resort 6,"Maiquetía Plaza Resort 6 is a 4-star hotel in Maiquetía, Venezuela, offering Wi-Fi, Luggage storage, Air conditioning, Room cleaning service, Safety deposit box, Television, Child-friendly rooms, Baby cots, Stroller storage, Diaper changing tables, Nursing rooms, Women-only floors/rooms, Privacy-conscious check-in, 24-hour security, Surveillance cameras, Double locks on doors, Pet-friendly, Pet rest area, Pet beds, Durable floors. Average price is 390.0 USD per night. Enjoy comfortable stays with a rating of 9.4/5. The on-site restaurant is rated 5/5.","248 Beach Road, Maiquetía",-66.92870887640828,10.559617957156972,"['with children', 'solo women', 'with pets']","['Wi-Fi', 'Luggage storage', 'Air conditioning', 'Room cleaning service', 'Safety deposit box', 'Television', 'Child-friendly rooms', 'Baby cots', 'Stroller storage', 'Diaper changing tables', 'Nursing rooms', 'Women-only floors/rooms', 'Privacy-conscious check-in', '24-hour security', 'Surveillance cameras', 'Double locks on doors', 'Pet-friendly', 'Pet rest area', 'Pet beds', 'Durable floors']",390.0,9.4,4.5,5
7,Maiquetía,Venezuela,Maiquetía Central Hotel 7,"Maiquetía Central Hotel 7 is a 3-star hotel in Maiquetía, Venezuela, offering Wi-Fi, Luggage storage, Air conditioning, Room cleaning service, Safety deposit box, Television, Women-only floors/rooms, Privacy-conscious check-in, 24-hour security, Surveillance cameras, Double locks on doors, Parking, 24-hour front desk, EV charging for electric vehicles, Pet-friendly, Pet rest area, Pet beds, Durable floors. Average price is 158.0 USD per night. Enjoy comfortable stays with a rating of 8.8/5. The on-site restaurant is rated 5/5.","No. 456, Xingye Road, Tianhe District, Maiquetía",-66.96058469242274,10.605057635788691,"['solo women', 'road trip', 'with pets']","['Wi-Fi', 'Luggage storage', 'Air conditioning', 'Room cleaning service', 'Safety deposit box', 'Television', 'Women-only floors/rooms', 'Privacy-conscious check-in', '24-hour security', 'Surveillance cameras', 'Double locks on doors', 'Parking', '24-hour front desk', 'EV charging for electric vehicles', 'Pet-friendly', 'Pet rest area', 'Pet beds', 'Durable floors']",158.0,8.8,3.5,5
8,Maiquetía,Venezuela,Ocean View Sunset Resort,"Ocean View Sunset Resort is a 3-star hotel in Maiquetía, Venezuela, offering Wi-Fi, Luggage storage, Air conditioning, Room cleaning service, Safety deposit box, Television, Parking, 24-hour front desk, EV charging for electric vehicles, Bathtubs/jacuzzis, Scenic rooms/villas, Spa, Gym, Premium bedding, Bar. Average price is 151.0 USD per night. Enjoy comfortable stays with a rating of 7.6/5. The on-site restaurant is rated 1/5.","898 Sakura Street, Naka Ward, Maiquetía",-66.9398173241317,10.60000881576853,"['road trip', 'couples trip', 'luxury travelers']","['Wi-Fi', 'Luggage storage', 'Air conditioning', 'Room cleaning service', 'Safety deposit box', 'Television', 'Parking', '24-hour front desk', 'EV charging for electric vehicles', 'Bathtubs/jacuzzis', 'Scenic rooms/villas', 'Spa', 'Gym', 'Premium bedding', 'Bar']",151.0,7.6,3.0,1
9,Maiquetía,Venezuela,Maiquetía Sunrise Inn 8,"Maiquetía Sunrise Inn 8 is a 3-star hotel in Maiquetía, Venezuela, offering Wi-Fi, Luggage storage, Air conditioning, Room cleaning service, Safety deposit box, Television, Parking, 24-hour front desk, EV charging for electric vehicles, Free Wi-Fi, Communal kitchens, Laundry, Lockers, Elevators, Bathroom grab bars, Medical contacts, Breakfast with dietary options. Average price is 88.0 USD per night. Enjoy comfortable stays with a rating of 10.0/5. The on-site restaurant is rated 5/5.","937-456 Shibuya-dori, Shibuya City, Maiquetía",-66.9330860695919,10.590395411317242,"['road trip', 'fast-paced budget travel', 'elderly travelers']","['Wi-Fi', 'Luggage storage', 'Air conditioning', 'Room cleaning service', 'Safety deposit box', 'Television', 'Parking', '24-hour front desk', 'EV charging for electric vehicles', 'Free Wi-Fi', 'Communal kitchens', 'Laundry', 'Lockers', 'Elevators', 'Bathroom grab bars', 'Medical contacts', 'Breakfast with dietary options']",88.0,10.0,3.5,5
10,Maiquetía,Venezuela,Azure Vista Ocean Resort,"Azure Vista Ocean Resort is a 5-star hotel in Maiquetía, Venezuela, offering Wi-Fi, Luggage storage, Air conditioning, Room cleaning service, Safety deposit box, Television, Parking, 24-hour front desk, EV charging for electric vehicles, Elevators, Bathroom grab bars, Medical contacts, Breakfast with dietary options, Spa, Gym, Premium bedding, Bar. Average price is 796.0 USD per night. Enjoy comfortable stays with a rating of 9.8/5. The on-site restaurant is rated 5/5.","510-456 Shibuya-dori, Shibuya City, Maiquetía",-66.94138285700045,10.5558514247121,"['road trip', 'elderly travelers', 'luxury travelers']","['Wi-Fi', 'Luggage storage', 'Air conditioning', 'Room cleaning service', 'Safety deposit box', 'Television', 'Parking', '24-hour front desk', 'EV charging for electric vehicles', 'Elevators', 'Bathroom grab bars', 'Medical contacts', 'Breakfast with dietary options', 'Spa', 'Gym', 'Premium bedding', 'Bar']",796.0,9.8,5.0,5
11,Maiquetía,Venezuela,Azure Vista Resort Court,"Azure Vista Resort Court is a 3-star hotel in Maiquetía, Venezuela, offering Wi-Fi, Luggage storage, Air conditioning, Room cleaning service, Safety deposit box, Television, Parking, 24-hour front desk, EV charging for electric vehicles, Scenic rooms, Sunrise calls, Photography services/packages, Pet-friendly, Pet rest area, Pet beds, Durable floors. Average price is 117.0 USD per night. Enjoy comfortable stays with a rating of 6.2/5. The on-site restaurant is rated 1/5.","No. 456, West Lake Scenic Road, Maiquetía",-66.94437192336592,10.606413073028715,"['road trip', 'photography', 'with pets']","['Wi-Fi', 'Luggage storage', 'Air conditioning', 'Room cleaning service', 'Safety deposit box', 'Television', 'Parking', '24-hour front desk', 'EV charging for electric vehicles', 'Scenic rooms', 'Sunrise calls', 'Photography services/packages', 'Pet-friendly', 'Pet rest area', 'Pet beds', 'Durable floors']",117.0,6.2,3.0,1
12,Maiquetía,Venezuela,Maiquetía Royal Inn 9,"Maiquetía Royal Inn 9 is a 3-star hotel in Maiquetía, Venezuela, offering Wi-Fi, Luggage storage, Air conditioning, Room cleaning service, Safety deposit box, Television, 24-hour front desk, Late room service, On-site bars, Rooftop lounges/nightclubs, High speed WiFi, Business center, Meeting rooms, Laundry service, Print machine, Accessible entrances, Ramps/lifts, Accessible rooms/bathrooms, Braille/raised signage. Average price is 88.0 USD per night. Enjoy comfortable stays with a rating of 8.4/5. The on-site restaurant is rated 5/5.","835 Sakura Street, Chuo-ku, Maiquetía",-66.93404745354866,10.580660995952464,"['nightlife enthusiast', 'business travelers', 'disabled traveler']","['Wi-Fi', 'Luggage storage', 'Air conditioning', 'Room cleaning service', 'Safety deposit box', 'Television', '24-hour front desk', 'Late room service', 'On-site bars', 'Rooftop lounges/nightclubs', 'High speed WiFi', 'Business center', 'Meeting rooms', 'Laundry service', 'Print machine', 'Accessible entrances', 'Ramps/lifts', 'Accessible rooms/bathrooms', 'Braille/raised signage']",88.0,8.4,3.0,5
13,Maiquetía,Venezuela,Maiquetía Inn Suites 10,"Maiquetía Inn Suites 10 is a 2-star hotel in Maiquetía, Venezuela, offering Wi-Fi, Luggage storage, Air conditioning, Room cleaning service, Safety deposit box, Television, Women-only floors/rooms, Privacy-conscious check-in, 24-hour security, Surveillance cameras, Double locks on doors, Elevators, Bathroom grab bars, Medical contacts, Breakfast with dietary options, Bathtubs/jacuzzis, Scenic rooms/villas, Spa. Average price is 41.0 USD per night. Enjoy comfortable stays with a rating of 7.6/5. The on-site restaurant is rated 1/5.","604/2 Charoenkrung Road, Thonburi District, Maiquetía",-66.94513715859036,10.556951846039842,"['solo women', 'elderly travelers', 'couples trip']","['Wi-Fi', 'Luggage storage', 'Air conditioning', 'Room cleaning service', 'Safety deposit box', 'Television', 'Women-only floors/rooms', 'Privacy-conscious check-in', '24-hour security', 'Surveillance cameras', 'Double locks on doors', 'Elevators', 'Bathroom grab bars', 'Medical contacts', 'Breakfast with dietary options', 'Bathtubs/jacuzzis', 'Scenic rooms/villas', 'Spa']",41.0,7.6,2.5,1
14,Maiquetía,Venezuela,Maiquetía Garden Hotel 11,"Maiquetía Garden Hotel 11 is a 3-star hotel in Maiquetía, Venezuela, offering Wi-Fi, Luggage storage, Air conditioning, Room cleaning service, Safety deposit box, Television, 24-hour front desk, Late room service, On-site bars, Rooftop lounges/nightclubs, Bathtubs/jacuzzis, Scenic rooms/villas, Spa, Accessible entrances, Ramps/lifts, Accessible rooms/bathrooms, Braille/raised signage. Average price is 80.0 USD per night. Enjoy comfortable stays with a rating of 8.6/5. The on-site restaurant is rated 1/5.","No. 456 Riverside Avenue, Yuexiu District, Maiquetía",-66.96397580248653,10.560690637765674,"['nightlife enthusiast', 'couples trip', 'disabled traveler']","['Wi-Fi', 'Luggage storage', 'Air conditioning', 'Room cleaning service', 'Safety deposit box', 'Television', '24-hour front desk', 'Late room service', 'On-site bars', 'Rooftop lounges/nightclubs', 'Bathtubs/jacuzzis', 'Scenic rooms/villas', 'Spa', 'Accessible entrances', 'Ramps/lifts', 'Accessible rooms/bathrooms', 'Braille/raised signage']",80.0,8.6,3.0,1
15,Maiquetía,Venezuela,Maiquetía Sunrise Inn 12,"Maiquetía Sunrise Inn 12 is a 4-star hotel in Maiquetía, Venezuela, offering Wi-Fi, Luggage storage, Air conditioning, Room cleaning service, Safety deposit box, Television, 24-hour front desk, Late room service, On-site bars, Rooftop lounges/nightclubs, Bathtubs/jacuzzis, Scenic rooms/villas, Spa, Accessible entrances, Ramps/lifts, Accessible rooms/bathrooms, Braille/raised signage. Average price is 50.0 USD per night. Enjoy comfortable stays with a rating of 8.8/5. The on-site restaurant is rated 5/5.","No. 188, Guangming Road, Maiquetía",-66.93962244047582,10.54567760065386,"['nightlife enthusiast', 'couples trip', 'disabled traveler']","['Wi-Fi', 'Luggage storage', 'Air conditioning', 'Room cleaning service', 'Safety deposit box', 'Television', '24-hour front desk', 'Late room service', 'On-site bars', 'Rooftop lounges/nightclubs', 'Bathtubs/jacuzzis', 'Scenic rooms/villas', 'Spa', 'Accessible entrances', 'Ramps/lifts', 'Accessible rooms/bathrooms', 'Braille/raised signage']",50.0,8.8,4.5,5
16,Maiquetía,Venezuela,Maiquetía Resort Suites 13,"Maiquetía Resort Suites 13 is a 3-star hotel in Maiquetía, Venezuela, offering Wi-Fi, Luggage storage, Air conditioning, Room cleaning service, Safety deposit box, Television, Accessible entrances, Ramps/lifts, Accessible rooms/bathrooms, Braille/raised signage, High speed WiFi, Business center, Meeting rooms, Laundry service, Print machine, Spa, Gym, Premium bedding, Bar. Average price is 83.0 USD per night. Enjoy comfortable stays with a rating of 4.0/5. The on-site restaurant is rated 3/5.","826 Sukhumvit Road, Khlong Toei District, Maiquetía",-66.9422713374212,10.550793497688511,"['disabled traveler', 'business travelers', 'luxury travelers']","['Wi-Fi', 'Luggage storage', 'Air conditioning', 'Room cleaning service', 'Safety deposit box', 'Television', 'Accessible entrances', 'Ramps/lifts', 'Accessible rooms/bathrooms', 'Braille/raised signage', 'High speed WiFi', 'Business center', 'Meeting rooms', 'Laundry service', 'Print machine', 'Spa', 'Gym', 'Premium bedding', 'Bar']",83.0,4.0,3.0,3
17,Maiquetía,Venezuela,Maiquetía Inn Resort 14,"Maiquetía Inn Resort 14 is a 3-star hotel in Maiquetía, Venezuela, offering Wi-Fi, Luggage storage, Air conditioning, Room cleaning service, Safety deposit box, Television, Child-friendly rooms, Baby cots, Stroller storage, Diaper changing tables, Nursing rooms, Free Wi-Fi, Communal kitchens, Laundry, Lockers, Spa, Gym, Premium bedding, Bar. Average price is 111.0 USD per night. Enjoy comfortable stays with a rating of 8.6/5. The on-site restaurant is rated 1/5.","934 Sakura Street, Maiquetía",-66.93517901707581,10.5558514247121,"['with children', 'fast-paced budget travel', 'luxury travelers']","['Wi-Fi', 'Luggage storage', 'Air conditioning', 'Room cleaning service', 'Safety deposit box', 'Television', 'Child-friendly rooms', 'Baby cots', 'Stroller storage', 'Diaper changing tables', 'Nursing rooms', 'Free Wi-Fi', 'Communal kitchens', 'Laundry', 'Lockers', 'Spa', 'Gym', 'Premium bedding', 'Bar']",111.0,8.6,3.0,1
18,Maiquetía,Venezuela,Maiquetía Sunrise Resort 15,"Maiquetía Sunrise Resort 15 is a 5-star hotel in Maiquetía, Venezuela, offering Wi-Fi, Luggage storage, Air conditioning, Room cleaning service, Safety deposit box, Television, 24-hour front desk, Late room service, On-site bars, Rooftop lounges/nightclubs, Elevators, Bathroom grab bars, Medical contacts, Breakfast with dietary options, Spa, Gym, Premium bedding, Bar. Average price is 151.0 USD per night. Enjoy comfortable stays with a rating of 9.0/5. The on-site restaurant is rated 5/5.","345 Victoria Harbour Road, Maiquetía",-66.93640722649064,10.554539443313573,"['nightlife enthusiast', 'elderly travelers', 'luxury travelers']","['Wi-Fi', 'Luggage storage', 'Air conditioning', 'Room cleaning service', 'Safety deposit box', 'Television', '24-hour front desk', 'Late room service', 'On-site bars', 'Rooftop lounges/nightclubs', 'Elevators', 'Bathroom grab bars', 'Medical contacts', 'Breakfast with dietary options', 'Spa', 'Gym', 'Premium bedding', 'Bar']",151.0,9.0,5.0,5
19,Maiquetía,Venezuela,Sunset Bay Coastal Manor,"Sunset Bay Coastal Manor is a 3-star hotel in Maiquetía, Venezuela, offering Wi-Fi, Luggage storage, Air conditioning, Room cleaning service, Safety deposit box, Television, Child-friendly rooms, Baby cots, Stroller storage, Diaper changing tables, Nursing rooms, Parking, 24-hour front desk, EV charging for electric vehicles, High speed WiFi, Business center, Meeting rooms, Laundry service, Print machine. Average price is 98.0 USD per night. Enjoy comfortable stays with a rating of 8.8/5. The on-site restaurant is rated 4/5.","906 Jurong East Ave 6, Maiquetía",-66.96257046010705,10.56457415980557,"['with children', 'road trip', 'business travelers']","['Wi-Fi', 'Luggage storage', 'Air conditioning', 'Room cleaning service', 'Safety deposit box', 'Television', 'Child-friendly rooms', 'Baby cots', 'Stroller storage', 'Diaper changing tables', 'Nursing rooms', 'Parking', '24-hour front desk', 'EV charging for electric vehicles', 'High speed WiFi', 'Business center', 'Meeting rooms', 'Laundry service', 'Print machine']",98.0,8.8,3.0,4
20,Maiquetía,Venezuela,Azure Bay Coastal Resort,"Azure Bay Coastal Resort is a 2-star hotel in Maiquetía, Venezuela, offering Wi-Fi, Luggage storage, Air conditioning, Room cleaning service, Safety deposit box, Television, Accessible entrances, Ramps/lifts, Accessible rooms/bathrooms, Braille/raised signage, Free Wi-Fi, Communal kitchens, Laundry, Lockers, Pet-friendly, Pet rest area, Pet beds, Durable floors. Average price is 55.0 USD per night. Enjoy comfortable stays with a rating of 6.0/5. The on-site restaurant is rated 2/5.","880-12-8 Nakanoshima, Kita-ku, Maiquetía",-66.92685511686669,10.568191696075932,"['disabled traveler', 'fast-paced budget travel', 'with pets']","['Wi-Fi', 'Luggage storage', 'Air conditioning', 'Room cleaning service', 'Safety deposit box', 'Television', 'Accessible entrances', 'Ramps/lifts', 'Accessible rooms/bathrooms', 'Braille/raised signage', 'Free Wi-Fi', 'Communal kitchens', 'Laundry', 'Lockers', 'Pet-friendly', 'Pet rest area', 'Pet beds', 'Durable floors']",55.0,6.0,2.0,2
21,Maiquetía,Venezuela,Maiquetía Garden Hotel 16,"Maiquetía Garden Hotel 16 is a 3-star hotel in Maiquetía, Venezuela, offering Wi-Fi, Luggage storage, Air conditioning, Room cleaning service, Safety deposit box, Television, 24-hour front desk, Late room service, On-site bars, Rooftop lounges/nightclubs, Scenic rooms, Sunrise calls, Photography services/packages, Pet-friendly, Pet rest area, Pet beds, Durable floors. Average price is 63.0 USD per night. Enjoy comfortable stays with a rating of 8.2/5. The on-site restaurant is rated 5/5.","No. 88, Chang'an Avenue, Maiquetía",-66.95581510414274,10.599037078591644,"['nightlife enthusiast', 'photography', 'with pets']","['Wi-Fi', 'Luggage storage', 'Air conditioning', 'Room cleaning service', 'Safety deposit box', 'Television', '24-hour front desk', 'Late room service', 'On-site bars', 'Rooftop lounges/nightclubs', 'Scenic rooms', 'Sunrise calls', 'Photography services/packages', 'Pet-friendly', 'Pet rest area', 'Pet beds', 'Durable floors']",63.0,8.2,3.0,5
22,Maiquetía,Venezuela,Maiquetía View Resort 17,"Maiquetía View Resort 17 is a 2-star hotel in Maiquetía, Venezuela, offering Wi-Fi, Luggage storage, Air conditioning, Room cleaning service, Safety deposit box, Television, Free Wi-Fi, Communal kitchens, Laundry, Lockers, High speed WiFi, Business center, Meeting rooms, Laundry service, Print machine, Pet-friendly, Pet rest area, Pet beds, Durable floors. Average price is 138.0 USD per night. Enjoy comfortable stays with a rating of 8.0/5. The on-site restaurant is rated 2/5.","156-678 Nishi 1-chome, Maiquetía",-66.9407326061379,10.592875386389258,"['fast-paced budget travel', 'business travelers', 'with pets']","['Wi-Fi', 'Luggage storage', 'Air conditioning', 'Room cleaning service', 'Safety deposit box', 'Television', 'Free Wi-Fi', 'Communal kitchens', 'Laundry', 'Lockers', 'High speed WiFi', 'Business center', 'Meeting rooms', 'Laundry service', 'Print machine', 'Pet-friendly', 'Pet rest area', 'Pet beds', 'Durable floors']",138.0,8.0,2.0,2
23,Maiquetía,Venezuela,Maiquetía Garden Resort 18,"Maiquetía Garden Resort 18 is a 3-star hotel in Maiquetía, Venezuela, offering Wi-Fi, Luggage storage, Air conditioning, Room cleaning service, Safety deposit box, Television, 24-hour front desk, Late room service, On-site bars, Rooftop lounges/nightclubs, High speed WiFi, Business center, Meeting rooms, Laundry service, Print machine, Accessible entrances, Ramps/lifts, Accessible rooms/bathrooms, Braille/raised signage. Average price is 45.0 USD per night. Enjoy comfortable stays with a rating of 7.6/5. The on-site restaurant is rated 5/5.","561 Pasir Ris Avenue, Maiquetía",-66.9612101794518,10.569906211106035,"['nightlife enthusiast', 'business travelers', 'disabled traveler']","['Wi-Fi', 'Luggage storage', 'Air conditioning', 'Room cleaning service', 'Safety deposit box', 'Television', '24-hour front desk', 'Late room service', 'On-site bars', 'Rooftop lounges/nightclubs', 'High speed WiFi', 'Business center', 'Meeting rooms', 'Laundry service', 'Print machine', 'Accessible entrances', 'Ramps/lifts', 'Accessible rooms/bathrooms', 'Braille/raised signage']",45.0,7.6,3.0,5
24,Maiquetía,Venezuela,Maiquetía Boutique Suites 19,"Maiquetía Boutique Suites 19 is a 4-star hotel in Maiquetía, Venezuela, offering Wi-Fi, Luggage storage, Air conditioning, Room cleaning service, Safety deposit box, Television, Child-friendly rooms, Baby cots, Stroller storage, Diaper changing tables, Nursing rooms, 24-hour front desk, Late room service, On-site bars, Rooftop lounges/nightclubs, Scenic rooms, Sunrise calls, Photography services/packages. Average price is 140.0 USD per night. Enjoy comfortable stays with a rating of 9.8/5. The on-site restaurant is rated 5/5.","934 Sakura Street, Maiquetía",-66.9424683746454,10.552842830244726,"['with children', 'nightlife enthusiast', 'photography']","['Wi-Fi', 'Luggage storage', 'Air conditioning', 'Room cleaning service', 'Safety deposit box', 'Television', 'Child-friendly rooms', 'Baby cots', 'Stroller storage', 'Diaper changing tables', 'Nursing rooms', '24-hour front desk', 'Late room service', 'On-site bars', 'Rooftop lounges/nightclubs', 'Scenic rooms', 'Sunrise calls', 'Photography services/packages']",140.0,9.8,4.5,5
25,Maiquetía,Venezuela,Serenity Bay Resort and Garden,"Serenity Bay Resort and Garden is a 3-star hotel in Maiquetía, Venezuela, offering Wi-Fi, Luggage storage, Air conditioning, Room cleaning service, Safety deposit box, Television, Women-only floors/rooms, Privacy-conscious check-in, 24-hour security, Surveillance cameras, Double locks on doors, 24-hour front desk, Late room service, On-site bars, Rooftop lounges/nightclubs, Parking, EV charging for electric vehicles. Average price is 60.0 USD per night. Enjoy comfortable stays with a rating of 9.4/5. The on-site restaurant is rated 3/5.","No. 456, Xiamen Cultural Arts Center, Maiquetía",-66.92870887640828,10.598793109793109,"['solo women', 'nightlife enthusiast', 'road trip']","['Wi-Fi', 'Luggage storage', 'Air conditioning', 'Room cleaning service', 'Safety deposit box', 'Television', 'Women-only floors/rooms', 'Privacy-conscious check-in', '24-hour security', 'Surveillance cameras', 'Double locks on doors', '24-hour front desk', 'Late room service', 'On-site bars', 'Rooftop lounges/nightclubs', 'Parking', 'EV charging for electric vehicles']",60.0,9.4,3.5,3
26,Maiquetía,Venezuela,Azure Bay Sunset Resort,"Azure Bay Sunset Resort is a 3-star hotel in Maiquetía, Venezuela, offering Wi-Fi, Luggage storage, Air conditioning, Room cleaning service, Safety deposit box, Television, Parking, 24-hour front desk, EV charging for electric vehicles, Elevators, Bathroom grab bars, Medical contacts, Breakfast with dietary options, Spa, Gym, Premium bedding, Bar. Average price is 88.0 USD per night. Enjoy comfortable stays with a rating of 7.8/5. The on-site restaurant is rated 3/5.","616 Sakura Street, Maiquetía",-66.93045607369199,10.605225992715985,"['road trip', 'elderly travelers', 'luxury travelers']","['Wi-Fi', 'Luggage storage', 'Air conditioning', 'Room cleaning service', 'Safety deposit box', 'Television', 'Parking', '24-hour front desk', 'EV charging for electric vehicles', 'Elevators', 'Bathroom grab bars', 'Medical contacts', 'Breakfast with dietary options', 'Spa', 'Gym', 'Premium bedding', 'Bar']",88.0,7.8,3.0,3
27,Maiquetía,Venezuela,Maiquetía Grand Inn 20,"Maiquetía Grand Inn 20 is a 4-star hotel in Maiquetía, Venezuela, offering Wi-Fi, Luggage storage, Air conditioning, Room cleaning service, Safety deposit box, Television, 24-hour front desk, Late room service, On-site bars, Rooftop lounges/nightclubs, Bathtubs/jacuzzis, Scenic rooms/villas, Spa, Gym, Premium bedding, Bar. Average price is 134.0 USD per night. Enjoy comfortable stays with a rating of 9.2/5. The on-site restaurant is rated 5/5.","491-8521 Sapporo City, Nishi 12-chome, Maiquetía",-66.94442296350898,10.59384324781518,"['nightlife enthusiast', 'couples trip', 'luxury travelers']","['Wi-Fi', 'Luggage storage', 'Air conditioning', 'Room cleaning service', 'Safety deposit box', 'Television', '24-hour front desk', 'Late room service', 'On-site bars', 'Rooftop lounges/nightclubs', 'Bathtubs/jacuzzis', 'Scenic rooms/villas', 'Spa', 'Gym', 'Premium bedding', 'Bar']",134.0,9.2,4.5,5
28,Maiquetía,Venezuela,Maiquetía Sunrise Resort 21,"Maiquetía Sunrise Resort 21 is a 2-star hotel in Maiquetía, Venezuela, offering Wi-Fi, Luggage storage, Air conditioning, Room cleaning service, Safety deposit box, Television, Scenic rooms, Sunrise calls, Photography services/packages, Free Wi-Fi, Communal kitchens, Laundry, Lockers, Spa, Gym, Premium bedding, Bar. Average price is 74.0 USD per night. Enjoy comfortable stays with a rating of 7.6/5. The on-site restaurant is rated 1/5.","732-8901 Nagoya City, Higashiyama Ward, Maiquetía",-66.93055815279162,10.56423489159728,"['photography', 'fast-paced budget travel', 'luxury travelers']","['Wi-Fi', 'Luggage storage', 'Air conditioning', 'Room cleaning service', 'Safety deposit box', 'Television', 'Scenic rooms', 'Sunrise calls', 'Photography services/packages', 'Free Wi-Fi', 'Communal kitchens', 'Laundry', 'Lockers', 'Spa', 'Gym', 'Premium bedding', 'Bar']",74.0,7.6,2.0,1
29,Maiquetía,Venezuela,Maiquetía Royal Suites 22,"Maiquetía Royal Suites 22 is a 4-star hotel in Maiquetía, Venezuela, offering Wi-Fi, Luggage storage, Air conditioning, Room cleaning service, Safety deposit box, Television, Women-only floors/rooms, Privacy-conscious check-in, 24-hour security, Surveillance cameras, Double locks on doors, High speed WiFi, Business center, Meeting rooms, Laundry service, Print machine, Accessible entrances, Ramps/lifts, Accessible rooms/bathrooms, Braille/raised signage. Average price is 134.0 USD per night. Enjoy comfortable stays with a rating of 8.2/5. The on-site restaurant is rated 5/5.","496 Shuri Street, Maiquetía",-66.9389057006853,10.56812174920679,"['solo women', 'business travelers', 'disabled traveler']","['Wi-Fi', 'Luggage storage', 'Air conditioning', 'Room cleaning service', 'Safety deposit box', 'Television', 'Women-only floors/rooms', 'Privacy-conscious check-in', '24-hour security', 'Surveillance cameras', 'Double locks on doors', 'High speed WiFi', 'Business center', 'Meeting rooms', 'Laundry service', 'Print machine', 'Accessible entrances', 'Ramps/lifts', 'Accessible rooms/bathrooms', 'Braille/raised signage']",134.0,8.2,4.5,5
30,Maiquetía,Venezuela,Maiquetía Deluxe Inn 23,"Maiquetía Deluxe Inn 23 is a 3-star hotel in Maiquetía, Venezuela, offering Wi-Fi, Luggage storage, Air conditioning, Room cleaning service, Safety deposit box, Television, 24-hour front desk, Late room service, On-site bars, Rooftop lounges/nightclubs, Free Wi-Fi, Communal kitchens, Laundry, Lockers, Spa, Gym, Premium bedding, Bar. Average price is 33.0 USD per night. Enjoy comfortable stays with a rating of 6.0/5. The on-site restaurant is rated 4/5.","No. 456, Xinghai Avenue, Maiquetía",-66.91439509140386,10.5577106900074,"['nightlife enthusiast', 'fast-paced budget travel', 'luxury travelers']","['Wi-Fi', 'Luggage storage', 'Air conditioning', 'Room cleaning service', 'Safety deposit box', 'Television', '24-hour front desk', 'Late room service', 'On-site bars', 'Rooftop lounges/nightclubs', 'Free Wi-Fi', 'Communal kitchens', 'Laundry', 'Lockers', 'Spa', 'Gym', 'Premium bedding', 'Bar']",33.0,6.0,3.0,4
31,Maiquetía,Venezuela,Sunrise Bay Garden Resort,"Sunrise Bay Garden Resort is a 3-star hotel in Maiquetía, Venezuela, offering Wi-Fi, Luggage storage, Air conditioning, Room cleaning service, Safety deposit box, Television, Parking, 24-hour front desk, EV charging for electric vehicles, Late room service, On-site bars, Rooftop lounges/nightclubs, Elevators, Bathroom grab bars, Medical contacts, Breakfast with dietary options. Average price is 130.0 USD per night. Enjoy comfortable stays with a rating of 9.0/5. The on-site restaurant is rated 5/5.","No. 188, Shangwu Road, Maiquetía",-66.9479709562422,10.576591129008111,"['road trip', 'nightlife enthusiast', 'elderly travelers']","['Wi-Fi', 'Luggage storage', 'Air conditioning', 'Room cleaning service', 'Safety deposit box', 'Television', 'Parking', '24-hour front desk', 'EV charging for electric vehicles', 'Late room service', 'On-site bars', 'Rooftop lounges/nightclubs', 'Elevators', 'Bathroom grab bars', 'Medical contacts', 'Breakfast with dietary options']",130.0,9.0,3.0,5
32,Maiquetía,Venezuela,Maiquetía Garden Inn 24,"Maiquetía Garden Inn 24 is a 4-star hotel in Maiquetía, Venezuela, offering Wi-Fi, Luggage storage, Air conditioning, Room cleaning service, Safety deposit box, Television, Women-only floors/rooms, Privacy-conscious check-in, 24-hour security, Surveillance cameras, Double locks on doors, Free Wi-Fi, Communal kitchens, Laundry, Lockers, High speed WiFi, Business center, Meeting rooms, Laundry service, Print machine. Average price is 31.0 USD per night. Enjoy comfortable stays with a rating of 9.0/5. The on-site restaurant is rated 3/5.","565 Shibuya Street, Shibuya Ward, Maiquetía",-66.91383271319455,10.561300893674533,"['solo women', 'fast-paced budget travel', 'business travelers']","['Wi-Fi', 'Luggage storage', 'Air conditioning', 'Room cleaning service', 'Safety deposit box', 'Television', 'Women-only floors/rooms', 'Privacy-conscious check-in', '24-hour security', 'Surveillance cameras', 'Double locks on doors', 'Free Wi-Fi', 'Communal kitchens', 'Laundry', 'Lockers', 'High speed WiFi', 'Business center', 'Meeting rooms', 'Laundry service', 'Print machine']",31.0,9.0,4.0,3
33,Maiquetía,Venezuela,Caribbean Sunrise Garden Resort,"Caribbean Sunrise Garden Resort is a 5-star hotel in Maiquetía, Venezuela, offering Wi-Fi, Luggage storage, Air conditioning, Room cleaning service, Safety deposit box, Television, Parking, 24-hour front desk, EV charging for electric vehicles, Spa, Gym, Premium bedding, Bar, Pet-friendly, Pet rest area, Pet beds, Durable floors. Average price is 370.0 USD per night. Enjoy comfortable stays with a rating of 9.4/5. The on-site restaurant is rated 5/5.","724-8-11 Nippori, Taito City, Maiquetía",-66.96125830639866,10.552004604604544,"['road trip', 'luxury travelers', 'with pets']","['Wi-Fi', 'Luggage storage', 'Air conditioning', 'Room cleaning service', 'Safety deposit box', 'Television', 'Parking', '24-hour front desk', 'EV charging for electric vehicles', 'Spa', 'Gym', 'Premium bedding', 'Bar', 'Pet-friendly', 'Pet rest area', 'Pet beds', 'Durable floors']",370.0,9.4,5.0,5
34,Maiquetía,Venezuela,Maiquetía Garden Hotel 25,"Maiquetía Garden Hotel 25 is a 5-star hotel in Maiquetía, Venezuela, offering Wi-Fi, Luggage storage, Air conditioning, Room cleaning service, Safety deposit box, Television, High speed WiFi, Business center, Meeting rooms, Laundry service, Print machine, Parking, 24-hour front desk, EV charging for electric vehicles, Bathtubs/jacuzzis, Scenic rooms/villas, Spa. Average price is 246.0 USD per night. Enjoy comfortable stays with a rating of 8.6/5. The on-site restaurant is rated 5/5.","491-8521 Sapporo City, Nishi 12-chome, Maiquetía",-66.95968124422275,10.54628286952871,"['business travelers', 'road trip', 'couples trip']","['Wi-Fi', 'Luggage storage', 'Air conditioning', 'Room cleaning service', 'Safety deposit box', 'Television', 'High speed WiFi', 'Business center', 'Meeting rooms', 'Laundry service', 'Print machine', 'Parking', '24-hour front desk', 'EV charging for electric vehicles', 'Bathtubs/jacuzzis', 'Scenic rooms/villas', 'Spa']",246.0,8.6,5.0,5
35,Maiquetía,Venezuela,Maiquetía Palace Suites 26,"Maiquetía Palace Suites 26 is a 4-star hotel in Maiquetía, Venezuela, offering Wi-Fi, Luggage storage, Air conditioning, Room cleaning service, Safety deposit box, Television, Parking, 24-hour front desk, EV charging for electric vehicles, Scenic rooms, Sunrise calls, Photography services/packages, Pet-friendly, Pet rest area, Pet beds, Durable floors. Average price is 106.0 USD per night. Enjoy comfortable stays with a rating of 8.8/5. The on-site restaurant is rated 3/5.","No. 188, Shangwu Road, Maiquetía",-66.95164776538293,10.551937734025978,"['road trip', 'photography', 'with pets']","['Wi-Fi', 'Luggage storage', 'Air conditioning', 'Room cleaning service', 'Safety deposit box', 'Television', 'Parking', '24-hour front desk', 'EV charging for electric vehicles', 'Scenic rooms', 'Sunrise calls', 'Photography services/packages', 'Pet-friendly', 'Pet rest area', 'Pet beds', 'Durable floors']",106.0,8.8,4.0,3
36,Maiquetía,Venezuela,Maiquetía View Hotel 27,"Maiquetía View Hotel 27 is a 3-star hotel in Maiquetía, Venezuela, offering Wi-Fi, Luggage storage, Air conditioning, Room cleaning service, Safety deposit box, Television, Child-friendly rooms, Baby cots, Stroller storage, Diaper changing tables, Nursing rooms, Women-only floors/rooms, Privacy-conscious check-in, 24-hour security, Surveillance cameras, Double locks on doors, Bathtubs/jacuzzis, Scenic rooms/villas, Spa. Average price is 36.0 USD per night. Enjoy comfortable stays with a rating of 7.6/5. The on-site restaurant is rated 4/5.","724-8-11 Nippori, Taito City, Maiquetía",-66.95424958761372,10.547265015530712,"['with children', 'solo women', 'couples trip']","['Wi-Fi', 'Luggage storage', 'Air conditioning', 'Room cleaning service', 'Safety deposit box', 'Television', 'Child-friendly rooms', 'Baby cots', 'Stroller storage', 'Diaper changing tables', 'Nursing rooms', 'Women-only floors/rooms', 'Privacy-conscious check-in', '24-hour security', 'Surveillance cameras', 'Double locks on doors', 'Bathtubs/jacuzzis', 'Scenic rooms/villas', 'Spa']",36.0,7.6,3.0,4
37,Maiquetía,Venezuela,Maiquetía Pearl Suites 28,"Maiquetía Pearl Suites 28 is a 5-star hotel in Maiquetía, Venezuela, offering Wi-Fi, Luggage storage, Air conditioning, Room cleaning service, Safety deposit box, Television, Child-friendly rooms, Baby cots, Stroller storage, Diaper changing tables, Nursing rooms, Elevators, Bathroom grab bars, Medical contacts, Breakfast with dietary options, High speed WiFi, Business center, Meeting rooms, Laundry service, Print machine. Average price is 304.0 USD per night. Enjoy comfortable stays with a rating of 8.6/5. The on-site restaurant is rated 5/5.","616 Sakura Street, Maiquetía",-66.94138285700045,10.54964270347549,"['with children', 'elderly travelers', 'business travelers']","['Wi-Fi', 'Luggage storage', 'Air conditioning', 'Room cleaning service', 'Safety deposit box', 'Television', 'Child-friendly rooms', 'Baby cots', 'Stroller storage', 'Diaper changing tables', 'Nursing rooms', 'Elevators', 'Bathroom grab bars', 'Medical contacts', 'Breakfast with dietary options', 'High speed WiFi', 'Business center', 'Meeting rooms', 'Laundry service', 'Print machine']",304.0,8.6,5.0,5
38,Maiquetía,Venezuela,Maiquetía Grand Suites 29,"Maiquetía Grand Suites 29 is a 3-star hotel in Maiquetía, Venezuela, offering Wi-Fi, Luggage storage, Air conditioning, Room cleaning service, Safety deposit box, Television, Parking, 24-hour front desk, EV charging for electric vehicles, Scenic rooms, Sunrise calls, Photography services/packages, Free Wi-Fi, Communal kitchens, Laundry, Lockers. Average price is 112.0 USD per night. Enjoy comfortable stays with a rating of 8.8/5. The on-site restaurant is rated 5/5.","706, Gwangjangno, Jongno-gu, Maiquetía",-66.93267433316048,10.56457415980557,"['road trip', 'photography', 'fast-paced budget travel']","['Wi-Fi', 'Luggage storage', 'Air conditioning', 'Room cleaning service', 'Safety deposit box', 'Television', 'Parking', '24-hour front desk', 'EV charging for electric vehicles', 'Scenic rooms', 'Sunrise calls', 'Photography services/packages', 'Free Wi-Fi', 'Communal kitchens', 'Laundry', 'Lockers']",112.0,8.8,3.0,5
39,Maiquetía,Venezuela,Azure Bay Garden Resort,"Azure Bay Garden Resort is a 3-star hotel in Maiquetía, Venezuela, offering Wi-Fi, Luggage storage, Air conditioning, Room cleaning service, Safety deposit box, Television, Child-friendly rooms, Baby cots, Stroller storage, Diaper changing tables, Nursing rooms, 24-hour front desk, Late room service, On-site bars, Rooftop lounges/nightclubs, Free Wi-Fi, Communal kitchens, Laundry, Lockers. Average price is 155.0 USD per night. Enjoy comfortable stays with a rating of 9.2/5. The on-site restaurant is rated 1/5.","616 Sakura Street, Maiquetía",-66.93045607369199,10.60147527579641,"['with children', 'nightlife enthusiast', 'fast-paced budget travel']","['Wi-Fi', 'Luggage storage', 'Air conditioning', 'Room cleaning service', 'Safety deposit box', 'Television', 'Child-friendly rooms', 'Baby cots', 'Stroller storage', 'Diaper changing tables', 'Nursing rooms', '24-hour front desk', 'Late room service', 'On-site bars', 'Rooftop lounges/nightclubs', 'Free Wi-Fi', 'Communal kitchens', 'Laundry', 'Lockers']",155.0,9.2,3.0,1
40,Maiquetía,Venezuela,Coral Bay Sunset Resort,"Coral Bay Sunset Resort is a 2-star hotel in Maiquetía, Venezuela, offering Wi-Fi, Luggage storage, Air conditioning, Room cleaning service, Safety deposit box, Television, Scenic rooms, Sunrise calls, Photography services/packages, Pet-friendly, Pet rest area, Pet beds, Durable floors, Spa, Gym, Premium bedding, Bar. Average price is 31.0 USD per night. Enjoy comfortable stays with a rating of 4.8/5. The on-site restaurant is rated 1/5.","No. 456, Riverside Cultural Park, Maiquetía",-66.95974933972893,10.56848784393119,"['photography', 'with pets', 'luxury travelers']","['Wi-Fi', 'Luggage storage', 'Air conditioning', 'Room cleaning service', 'Safety deposit box', 'Television', 'Scenic rooms', 'Sunrise calls', 'Photography services/packages', 'Pet-friendly', 'Pet rest area', 'Pet beds', 'Durable floors', 'Spa', 'Gym', 'Premium bedding', 'Bar']",31.0,4.8,2.0,1
41,Maiquetía,Venezuela,Maiquetía Sky Hotel 30,"Maiquetía Sky Hotel 30 is a 5-star hotel in Maiquetía, Venezuela, offering Wi-Fi, Luggage storage, Air conditioning, Room cleaning service, Safety deposit box, Television, Child-friendly rooms, Baby cots, Stroller storage, Diaper changing tables, Nursing rooms, Elevators, Bathroom grab bars, Medical contacts, Breakfast with dietary options, High speed WiFi, Business center, Meeting rooms, Laundry service, Print machine. Average price is 211.0 USD per night. Enjoy comfortable stays with a rating of 9.2/5. The on-site restaurant is rated 5/5.","491-8521 Sapporo City, Nishi 12-chome, Maiquetía",-66.93478722276663,10.591848358166745,"['with children', 'elderly travelers', 'business travelers']","['Wi-Fi', 'Luggage storage', 'Air conditioning', 'Room cleaning service', 'Safety deposit box', 'Television', 'Child-friendly rooms', 'Baby cots', 'Stroller storage', 'Diaper changing tables', 'Nursing rooms', 'Elevators', 'Bathroom grab bars', 'Medical contacts', 'Breakfast with dietary options', 'High speed WiFi', 'Business center', 'Meeting rooms', 'Laundry service', 'Print machine']",211.0,9.2,5.0,5
42,Maiquetía,Venezuela,Maiquetía Royal Suites 31,"Maiquetía Royal Suites 31 is a 5-star hotel in Maiquetía, Venezuela, offering Wi-Fi, Luggage storage, Air conditioning, Room cleaning service, Safety deposit box, Television, 24-hour front desk, Late room service, On-site bars, Rooftop lounges/nightclubs, Free Wi-Fi, Communal kitchens, Laundry, Lockers, Accessible entrances, Ramps/lifts, Accessible rooms/bathrooms, Braille/raised signage. Average price is 98.0 USD per night. Enjoy comfortable stays with a rating of 9.2/5. The on-site restaurant is rated 5/5.","962 Seaside Promenade, Maiquetía",-66.93597147152343,10.56848784393119,"['nightlife enthusiast', 'fast-paced budget travel', 'disabled traveler']","['Wi-Fi', 'Luggage storage', 'Air conditioning', 'Room cleaning service', 'Safety deposit box', 'Television', '24-hour front desk', 'Late room service', 'On-site bars', 'Rooftop lounges/nightclubs', 'Free Wi-Fi', 'Communal kitchens', 'Laundry', 'Lockers', 'Accessible entrances', 'Ramps/lifts', 'Accessible rooms/bathrooms', 'Braille/raised signage']",98.0,9.2,5.0,5
43,Maiquetía,Venezuela,Coral Bay Oceanfront Resort,"Coral Bay Oceanfront Resort is a 3-star hotel in Maiquetía, Venezuela, offering Wi-Fi, Luggage storage, Air conditioning, Room cleaning service, Safety deposit box, Television, High speed WiFi, Business center, Meeting rooms, Laundry service, Print machine, Free Wi-Fi, Communal kitchens, Laundry, Lockers, Bathtubs/jacuzzis, Scenic rooms/villas, Spa. Average price is 76.0 USD per night. Enjoy comfortable stays with a rating of 8.0/5. The on-site restaurant is rated 5/5.","No. 456 Green Valley Road, Maiquetía",-66.9479709562422,10.592875386389258,"['business travelers', 'fast-paced budget travel', 'couples trip']","['Wi-Fi', 'Luggage storage', 'Air conditioning', 'Room cleaning service', 'Safety deposit box', 'Television', 'High speed WiFi', 'Business center', 'Meeting rooms', 'Laundry service', 'Print machine', 'Free Wi-Fi', 'Communal kitchens', 'Laundry', 'Lockers', 'Bathtubs/jacuzzis', 'Scenic rooms/villas', 'Spa']",76.0,8.0,3.5,5
44,Maiquetía,Venezuela,Maiquetía Garden Resort 32,"Maiquetía Garden Resort 32 is a 2-star hotel in Maiquetía, Venezuela, offering Wi-Fi, Luggage storage, Air conditioning, Room cleaning service, Safety deposit box, Television, Parking, 24-hour front desk, EV charging for electric vehicles, Elevators, Bathroom grab bars, Medical contacts, Breakfast with dietary options, Bathtubs/jacuzzis, Scenic rooms/villas, Spa. Average price is 64.0 USD per night. Enjoy comfortable stays with a rating of 6.2/5. The on-site restaurant is rated 3/5.","962 Seaside Promenade, Maiquetía",-66.94437192336592,10.567856339513218,"['road trip', 'elderly travelers', 'couples trip']","['Wi-Fi', 'Luggage storage', 'Air conditioning', 'Room cleaning service', 'Safety deposit box', 'Television', 'Parking', '24-hour front desk', 'EV charging for electric vehicles', 'Elevators', 'Bathroom grab bars', 'Medical contacts', 'Breakfast with dietary options', 'Bathtubs/jacuzzis', 'Scenic rooms/villas', 'Spa']",64.0,6.2,2.0,3
45,Maiquetía,Venezuela,Maiquetía View Hotel 33,"Maiquetía View Hotel 33 is a 3-star hotel in Maiquetía, Venezuela, offering Wi-Fi, Luggage storage, Air conditioning, Room cleaning service, Safety deposit box, Television, Child-friendly rooms, Baby cots, Stroller storage, Diaper changing tables, Nursing rooms, Women-only floors/rooms, Privacy-conscious check-in, 24-hour security, Surveillance cameras, Double locks on doors, Free Wi-Fi, Communal kitchens, Laundry, Lockers. Average price is 212.0 USD per night. Enjoy comfortable stays with a rating of 9.6/5. The on-site restaurant is rated 1/5.","345 Victoria Harbour Road, Maiquetía",-66.95400750276893,10.56393727973527,"['with children', 'solo women', 'fast-paced budget travel']","['Wi-Fi', 'Luggage storage', 'Air conditioning', 'Room cleaning service', 'Safety deposit box', 'Television', 'Child-friendly rooms', 'Baby cots', 'Stroller storage', 'Diaper changing tables', 'Nursing rooms', 'Women-only floors/rooms', 'Privacy-conscious check-in', '24-hour security', 'Surveillance cameras', 'Double locks on doors', 'Free Wi-Fi', 'Communal kitchens', 'Laundry', 'Lockers']",212.0,9.6,3.0,1
46,Maiquetía,Venezuela,Maiquetía Resort Inn 34,"Maiquetía Resort Inn 34 is a 3-star hotel in Maiquetía, Venezuela, offering Wi-Fi, Luggage storage, Air conditioning, Room cleaning service, Safety deposit box, Television, Free Wi-Fi, Communal kitchens, Laundry, Lockers, Pet-friendly, Pet rest area, Pet beds, Durable floors, Spa, Gym, Premium bedding, Bar. Average price is 83.0 USD per night. Enjoy comfortable stays with a rating of 8.8/5. The on-site restaurant is rated 5/5.","352 Silom Road, Maiquetía",-66.91439509140386,10.550597736276965,"['fast-paced budget travel', 'with pets', 'luxury travelers']","['Wi-Fi', 'Luggage storage', 'Air conditioning', 'Room cleaning service', 'Safety deposit box', 'Television', 'Free Wi-Fi', 'Communal kitchens', 'Laundry', 'Lockers', 'Pet-friendly', 'Pet rest area', 'Pet beds', 'Durable floors', 'Spa', 'Gym', 'Premium bedding', 'Bar']",83.0,8.8,3.0,5
47,Maiquetía,Venezuela,Maiquetía View Inn 35,"Maiquetía View Inn 35 is a 5-star hotel in Maiquetía, Venezuela, offering Wi-Fi, Luggage storage, Air conditioning, Room cleaning service, Safety deposit box, Television, Child-friendly rooms, Baby cots, Stroller storage, Diaper changing tables, Nursing rooms, Parking, 24-hour front desk, EV charging for electric vehicles, Pet-friendly, Pet rest area, Pet beds, Durable floors. Average price is 259.0 USD per night. Enjoy comfortable stays with a rating of 9.4/5. The on-site restaurant is rated 5/5.","657 Thomson Road, Maiquetía",-66.95690392328251,10.54964270347549,"['with children', 'road trip', 'with pets']","['Wi-Fi', 'Luggage storage', 'Air conditioning', 'Room cleaning service', 'Safety deposit box', 'Television', 'Child-friendly rooms', 'Baby cots', 'Stroller storage', 'Diaper changing tables', 'Nursing rooms', 'Parking', '24-hour front desk', 'EV charging for electric vehicles', 'Pet-friendly', 'Pet rest area', 'Pet beds', 'Durable floors']",259.0,9.4,5.0,5
48,Maiquetía,Venezuela,Maiquetía Suites Resort 36,"Maiquetía Suites Resort 36 is a 2-star hotel in Maiquetía, Venezuela, offering Wi-Fi, Luggage storage, Air conditioning, Room cleaning service, Safety deposit box, Television, Child-friendly rooms, Baby cots, Stroller storage, Diaper changing tables, Nursing rooms, 24-hour front desk, Late room service, On-site bars, Rooftop lounges/nightclubs, Pet-friendly, Pet rest area, Pet beds, Durable floors. Average price is 87.0 USD per night. Enjoy comfortable stays with a rating of 7.6/5. The on-site restaurant is rated 1/5.","571 Sumida River Promenade, Maiquetía",-66.92870887640828,10.55814515518455,"['with children', 'nightlife enthusiast', 'with pets']","['Wi-Fi', 'Luggage storage', 'Air conditioning', 'Room cleaning service', 'Safety deposit box', 'Television', 'Child-friendly rooms', 'Baby cots', 'Stroller storage', 'Diaper changing tables', 'Nursing rooms', '24-hour front desk', 'Late room service', 'On-site bars', 'Rooftop lounges/nightclubs', 'Pet-friendly', 'Pet rest area', 'Pet beds', 'Durable floors']",87.0,7.6,2.0,1
49,Maiquetía,Venezuela,Caribbean Coast Palace Resort,"Caribbean Coast Palace Resort is a 2-star hotel in Maiquetía, Venezuela, offering Wi-Fi, Luggage storage, Air conditioning, Room cleaning service, Safety deposit box, Television, Scenic rooms, Sunrise calls, Photography services/packages, Elevators, Bathroom grab bars, Medical contacts, Breakfast with dietary options, Spa, Gym, Premium bedding, Bar. Average price is 69.0 USD per night. Enjoy comfortable stays with a rating of 10.0/5. The on-site restaurant is rated 5/5.","131 Chalong Road, Maiquetía",-66.96154638737244,10.56015581394915,"['photography', 'elderly travelers', 'luxury travelers']","['Wi-Fi', 'Luggage storage', 'Air conditioning', 'Room cleaning service', 'Safety deposit box', 'Television', 'Scenic rooms', 'Sunrise calls', 'Photography services/packages', 'Elevators', 'Bathroom grab bars', 'Medical contacts', 'Breakfast with dietary options', 'Spa', 'Gym', 'Premium bedding', 'Bar']",69.0,10.0,2.5,5
50,Maiquetía,Venezuela,Maiquetía Palace Inn 37,"Maiquetía Palace Inn 37 is a 2-star hotel in Maiquetía, Venezuela, offering Wi-Fi, Luggage storage, Air conditioning, Room cleaning service, Safety deposit box, Television, Accessible entrances, Ramps/lifts, Accessible rooms/bathrooms, Braille/raised signage, Scenic rooms, Sunrise calls, Photography services/packages, Pet-friendly, Pet rest area, Pet beds, Durable floors. Average price is 25.0 USD per night. Enjoy comfortable stays with a rating of 7.4/5. The on-site restaurant is rated 5/5.","496 Shuri Street, Maiquetía",-66.95068293485234,10.553480068174256,"['disabled traveler', 'photography', 'with pets']","['Wi-Fi', 'Luggage storage', 'Air conditioning', 'Room cleaning service', 'Safety deposit box', 'Television', 'Accessible entrances', 'Ramps/lifts', 'Accessible rooms/bathrooms', 'Braille/raised signage', 'Scenic rooms', 'Sunrise calls', 'Photography services/packages', 'Pet-friendly', 'Pet rest area', 'Pet beds', 'Durable floors']",25.0,7.4,2.5,5
51,Maiquetía,Venezuela,Maiquetía Central Inn 38,"Maiquetía Central Inn 38 is a 4-star hotel in Maiquetía, Venezuela, offering Wi-Fi, Luggage storage, Air conditioning, Room cleaning service, Safety deposit box, Television, 24-hour front desk, Late room service, On-site bars, Rooftop lounges/nightclubs, Free Wi-Fi, Communal kitchens, Laundry, Lockers, Bathtubs/jacuzzis, Scenic rooms/villas, Spa. Average price is 83.0 USD per night. Enjoy comfortable stays with a rating of 9.0/5. The on-site restaurant is rated 5/5.","552 Shinsaibashi Dori, Chuo Ward, Maiquetía",-66.94513715859036,10.602191079055547,"['nightlife enthusiast', 'fast-paced budget travel', 'couples trip']","['Wi-Fi', 'Luggage storage', 'Air conditioning', 'Room cleaning service', 'Safety deposit box', 'Television', '24-hour front desk', 'Late room service', 'On-site bars', 'Rooftop lounges/nightclubs', 'Free Wi-Fi', 'Communal kitchens', 'Laundry', 'Lockers', 'Bathtubs/jacuzzis', 'Scenic rooms/villas', 'Spa']",83.0,9.0,4.0,5
52,Maiquetía,Venezuela,Maiquetía Central Inn 39,"Maiquetía Central Inn 39 is a 4-star hotel in Maiquetía, Venezuela, offering Wi-Fi, Luggage storage, Air conditioning, Room cleaning service, Safety deposit box, Television, Child-friendly rooms, Baby cots, Stroller storage, Diaper changing tables, Nursing rooms, Scenic rooms, Sunrise calls, Photography services/packages, Women-only floors/rooms, Privacy-conscious check-in, 24-hour security, Surveillance cameras, Double locks on doors. Average price is 207.0 USD per night. Enjoy comfortable stays with a rating of 8.8/5. The on-site restaurant is rated 5/5.","553 Bayshore Drive, Maiquetía",-66.94437192336592,10.605057635788691,"['with children', 'photography', 'solo women']","['Wi-Fi', 'Luggage storage', 'Air conditioning', 'Room cleaning service', 'Safety deposit box', 'Television', 'Child-friendly rooms', 'Baby cots', 'Stroller storage', 'Diaper changing tables', 'Nursing rooms', 'Scenic rooms', 'Sunrise calls', 'Photography services/packages', 'Women-only floors/rooms', 'Privacy-conscious check-in', '24-hour security', 'Surveillance cameras', 'Double locks on doors']",207.0,8.8,4.0,5
53,Maiquetía,Venezuela,Sunset Bay Ocean Resort Villas,"Sunset Bay Ocean Resort Villas is a 3-star hotel in Maiquetía, Venezuela, offering Wi-Fi, Luggage storage, Air conditioning, Room cleaning service, Safety deposit box, Television, Parking, 24-hour front desk, EV charging for electric vehicles, Bathtubs/jacuzzis, Scenic rooms/villas, Spa, Accessible entrances, Ramps/lifts, Accessible rooms/bathrooms, Braille/raised signage. Average price is 28.0 USD per night. Enjoy comfortable stays with a rating of 7.2/5. The on-site restaurant is rated 1/5.","No. 88, Chang'an Avenue, Maiquetía",-66.95400750276893,10.580171196343509,"['road trip', 'couples trip', 'disabled traveler']","['Wi-Fi', 'Luggage storage', 'Air conditioning', 'Room cleaning service', 'Safety deposit box', 'Television', 'Parking', '24-hour front desk', 'EV charging for electric vehicles', 'Bathtubs/jacuzzis', 'Scenic rooms/villas', 'Spa', 'Accessible entrances', 'Ramps/lifts', 'Accessible rooms/bathrooms', 'Braille/raised signage']",28.0,7.2,3.0,1
54,Maiquetía,Venezuela,Ocean Breeze Palace Resort,"Ocean Breeze Palace Resort is a 4-star hotel in Maiquetía, Venezuela, offering Wi-Fi, Luggage storage, Air conditioning, Room cleaning service, Safety deposit box, Television, Child-friendly rooms, Baby cots, Stroller storage, Diaper changing tables, Nursing rooms, Elevators, Bathroom grab bars, Medical contacts, Breakfast with dietary options, Spa, Gym, Premium bedding, Bar. Average price is 50.0 USD per night. Enjoy comfortable stays with a rating of 9.2/5. The on-site restaurant is rated 5/5.","804 Suthep Road, Maiquetía",-66.91360791114731,10.553671865344509,"['with children', 'elderly travelers', 'luxury travelers']","['Wi-Fi', 'Luggage storage', 'Air conditioning', 'Room cleaning service', 'Safety deposit box', 'Television', 'Child-friendly rooms', 'Baby cots', 'Stroller storage', 'Diaper changing tables', 'Nursing rooms', 'Elevators', 'Bathroom grab bars', 'Medical contacts', 'Breakfast with dietary options', 'Spa', 'Gym', 'Premium bedding', 'Bar']",50.0,9.2,4.5,5
55,Maiquetía,Venezuela,Azure Sky Coastal Garden Resort,"Azure Sky Coastal Garden Resort is a 2-star hotel in Maiquetía, Venezuela, offering Wi-Fi, Luggage storage, Air conditioning, Room cleaning service, Safety deposit box, Television, Elevators, Bathroom grab bars, Medical contacts, Breakfast with dietary options, Spa, Gym, Premium bedding, Bar, Pet-friendly, Pet rest area, Pet beds, Durable floors. Average price is 95.0 USD per night. Enjoy comfortable stays with a rating of 8.8/5. The on-site restaurant is rated 4/5.","510-456 Shibuya-dori, Shibuya City, Maiquetía",-66.92029956534857,10.56423489159728,"['elderly travelers', 'luxury travelers', 'with pets']","['Wi-Fi', 'Luggage storage', 'Air conditioning', 'Room cleaning service', 'Safety deposit box', 'Television', 'Elevators', 'Bathroom grab bars', 'Medical contacts', 'Breakfast with dietary options', 'Spa', 'Gym', 'Premium bedding', 'Bar', 'Pet-friendly', 'Pet rest area', 'Pet beds', 'Durable floors']",95.0,8.8,2.5,4
56,Maiquetía,Venezuela,Caribbean Sun Resort Villas,"Caribbean Sun Resort Villas is a 4-star hotel in Maiquetía, Venezuela, offering Wi-Fi, Luggage storage, Air conditioning, Room cleaning service, Safety deposit box, Television, Parking, 24-hour front desk, EV charging for electric vehicles, Free Wi-Fi, Communal kitchens, Laundry, Lockers, High speed WiFi, Business center, Meeting rooms, Laundry service, Print machine. Average price is 72.0 USD per night. Enjoy comfortable stays with a rating of 6.0/5. The on-site restaurant is rated 4/5.","646 Nakanoshima-dori, Kita-ku, Maiquetía",-66.91438570271374,10.576827200395044,"['road trip', 'fast-paced budget travel', 'business travelers']","['Wi-Fi', 'Luggage storage', 'Air conditioning', 'Room cleaning service', 'Safety deposit box', 'Television', 'Parking', '24-hour front desk', 'EV charging for electric vehicles', 'Free Wi-Fi', 'Communal kitchens', 'Laundry', 'Lockers', 'High speed WiFi', 'Business center', 'Meeting rooms', 'Laundry service', 'Print machine']",72.0,6.0,4.0,4
57,Maiquetía,Venezuela,Maiquetía Pearl Inn 40,"Maiquetía Pearl Inn 40 is a 4-star hotel in Maiquetía, Venezuela, offering Wi-Fi, Luggage storage, Air conditioning, Room cleaning service, Safety deposit box, Television, Child-friendly rooms, Baby cots, Stroller storage, Diaper changing tables, Nursing rooms, 24-hour front desk, Late room service, On-site bars, Rooftop lounges/nightclubs, Women-only floors/rooms, Privacy-conscious check-in, 24-hour security, Surveillance cameras, Double locks on doors. Average price is 182.0 USD per night. Enjoy comfortable stays with a rating of 9.4/5. The on-site restaurant is rated 5/5.","No. 188, Shangwu Road, Maiquetía",-66.94797643668798,10.565804982293033,"['with children', 'nightlife enthusiast', 'solo women']","['Wi-Fi', 'Luggage storage', 'Air conditioning', 'Room cleaning service', 'Safety deposit box', 'Television', 'Child-friendly rooms', 'Baby cots', 'Stroller storage', 'Diaper changing tables', 'Nursing rooms', '24-hour front desk', 'Late room service', 'On-site bars', 'Rooftop lounges/nightclubs', 'Women-only floors/rooms', 'Privacy-conscious check-in', '24-hour security', 'Surveillance cameras', 'Double locks on doors']",182.0,9.4,4.5,5
58,Maiquetía,Venezuela,Azure Coast Garden Resort,"Azure Coast Garden Resort is a 3-star hotel in Maiquetía, Venezuela, offering Wi-Fi, Luggage storage, Air conditioning, Room cleaning service, Safety deposit box, Television, Scenic rooms, Sunrise calls, Photography services/packages, Elevators, Bathroom grab bars, Medical contacts, Breakfast with dietary options, Pet-friendly, Pet rest area, Pet beds, Durable floors. Average price is 97.0 USD per night. Enjoy comfortable stays with a rating of 7.8/5. The on-site restaurant is rated 1/5.","337 Seocho-dong, Ssangmundong-gu, Maiquetía",-66.95424958761372,10.552842830244726,"['photography', 'elderly travelers', 'with pets']","['Wi-Fi', 'Luggage storage', 'Air conditioning', 'Room cleaning service', 'Safety deposit box', 'Television', 'Scenic rooms', 'Sunrise calls', 'Photography services/packages', 'Elevators', 'Bathroom grab bars', 'Medical contacts', 'Breakfast with dietary options', 'Pet-friendly', 'Pet rest area', 'Pet beds', 'Durable floors']",97.0,7.8,3.0,1
59,Maiquetía,Venezuela,Sabaneta Ocean Resort Villas,"Sabaneta Ocean Resort Villas is a 4-star hotel in Maiquetía, Venezuela, offering Wi-Fi, Luggage storage, Air conditioning, Room cleaning service, Safety deposit box, Television, Parking, 24-hour front desk, EV charging for electric vehicles, Free Wi-Fi, Communal kitchens, Laundry, Lockers, Spa, Gym, Premium bedding, Bar. Average price is 96.0 USD per night. Enjoy comfortable stays with a rating of 10.0/5. The on-site restaurant is rated 4/5.","741-8623 Osaka-shi, Kita-ku, Maiquetía",-66.93052106431236,10.599037078591644,"['road trip', 'fast-paced budget travel', 'luxury travelers']","['Wi-Fi', 'Luggage storage', 'Air conditioning', 'Room cleaning service', 'Safety deposit box', 'Television', 'Parking', '24-hour front desk', 'EV charging for electric vehicles', 'Free Wi-Fi', 'Communal kitchens', 'Laundry', 'Lockers', 'Spa', 'Gym', 'Premium bedding', 'Bar']",96.0,10.0,4.0,4
60,Maiquetía,Venezuela,Maiquetía Sky Resort 41,"Maiquetía Sky Resort 41 is a 5-star hotel in Maiquetía, Venezuela, offering Wi-Fi, Luggage storage, Air conditioning, Room cleaning service, Safety deposit box, Television, Parking, 24-hour front desk, EV charging for electric vehicles, Scenic rooms, Sunrise calls, Photography services/packages, Bathtubs/jacuzzis, Scenic rooms/villas, Spa. Average price is 164.0 USD per night. Enjoy comfortable stays with a rating of 9.4/5. The on-site restaurant is rated 5/5.","192 Sakura Street, Maiquetía",-66.96070463545414,10.60000881576853,"['road trip', 'photography', 'couples trip']","['Wi-Fi', 'Luggage storage', 'Air conditioning', 'Room cleaning service', 'Safety deposit box', 'Television', 'Parking', '24-hour front desk', 'EV charging for electric vehicles', 'Scenic rooms', 'Sunrise calls', 'Photography services/packages', 'Bathtubs/jacuzzis', 'Scenic rooms/villas', 'Spa']",164.0,9.4,5.0,5
61,Maiquetía,Venezuela,Maiquetía Garden Suites 42,"Maiquetía Garden Suites 42 is a 4-star hotel in Maiquetía, Venezuela, offering Wi-Fi, Luggage storage, Air conditioning, Room cleaning service, Safety deposit box, Television, Women-only floors/rooms, Privacy-conscious check-in, 24-hour security, Surveillance cameras, Double locks on doors, High speed WiFi, Business center, Meeting rooms, Laundry service, Print machine, Pet-friendly, Pet rest area, Pet beds, Durable floors. Average price is 61.0 USD per night. Enjoy comfortable stays with a rating of 8.8/5. The on-site restaurant is rated 5/5.","158 Chai Wan Road, Maiquetía",-66.94827364838565,10.550879580187727,"['solo women', 'business travelers', 'with pets']","['Wi-Fi', 'Luggage storage', 'Air conditioning', 'Room cleaning service', 'Safety deposit box', 'Television', 'Women-only floors/rooms', 'Privacy-conscious check-in', '24-hour security', 'Surveillance cameras', 'Double locks on doors', 'High speed WiFi', 'Business center', 'Meeting rooms', 'Laundry service', 'Print machine', 'Pet-friendly', 'Pet rest area', 'Pet beds', 'Durable floors']",61.0,8.8,4.0,5
62,Maiquetía,Venezuela,Maiquetía Plaza Resort 43,"Maiquetía Plaza Resort 43 is a 5-star hotel in Maiquetía, Venezuela, offering Wi-Fi, Luggage storage, Air conditioning, Room cleaning service, Safety deposit box, Television, Child-friendly rooms, Baby cots, Stroller storage, Diaper changing tables, Nursing rooms, Women-only floors/rooms, Privacy-conscious check-in, 24-hour security, Surveillance cameras, Double locks on doors, Pet-friendly, Pet rest area, Pet beds, Durable floors. Average price is 104.0 USD per night. Enjoy comfortable stays with a rating of 8.4/5. The on-site restaurant is rated 5/5.","604/2 Charoenkrung Road, Thonburi District, Maiquetía",-66.9407160537979,10.55814515518455,"['with children', 'solo women', 'with pets']","['Wi-Fi', 'Luggage storage', 'Air conditioning', 'Room cleaning service', 'Safety deposit box', 'Television', 'Child-friendly rooms', 'Baby cots', 'Stroller storage', 'Diaper changing tables', 'Nursing rooms', 'Women-only floors/rooms', 'Privacy-conscious check-in', '24-hour security', 'Surveillance cameras', 'Double locks on doors', 'Pet-friendly', 'Pet rest area', 'Pet beds', 'Durable floors']",104.0,8.4,5.0,5
63,Maiquetía,Venezuela,Maiquetía Resort Suites 44,"Maiquetía Resort Suites 44 is a 4-star hotel in Maiquetía, Venezuela, offering Wi-Fi, Luggage storage, Air conditioning, Room cleaning service, Safety deposit box, Television, Accessible entrances, Ramps/lifts, Accessible rooms/bathrooms, Braille/raised signage, Free Wi-Fi, Communal kitchens, Laundry, Lockers, Pet-friendly, Pet rest area, Pet beds, Durable floors. Average price is 66.0 USD per night. Enjoy comfortable stays with a rating of 8.2/5. The on-site restaurant is rated 4/5.","504 Shirokane-dai, Minato City, Maiquetía",-66.95015045174038,10.59743877920069,"['disabled traveler', 'fast-paced budget travel', 'with pets']","['Wi-Fi', 'Luggage storage', 'Air conditioning', 'Room cleaning service', 'Safety deposit box', 'Television', 'Accessible entrances', 'Ramps/lifts', 'Accessible rooms/bathrooms', 'Braille/raised signage', 'Free Wi-Fi', 'Communal kitchens', 'Laundry', 'Lockers', 'Pet-friendly', 'Pet rest area', 'Pet beds', 'Durable floors']",66.0,8.2,4.0,4
64,Maiquetía,Venezuela,Maiquetía Central Inn 45,"Maiquetía Central Inn 45 is a 3-star hotel in Maiquetía, Venezuela, offering Wi-Fi, Luggage storage, Air conditioning, Room cleaning service, Safety deposit box, Television, Parking, 24-hour front desk, EV charging for electric vehicles, Late room service, On-site bars, Rooftop lounges/nightclubs, Free Wi-Fi, Communal kitchens, Laundry, Lockers. Average price is 30.0 USD per night. Enjoy comfortable stays with a rating of 7.8/5. The on-site restaurant is rated 5/5.","No. 128, Guanglong Road, Maiquetía",-66.91382662537717,10.578460477900553,"['road trip', 'nightlife enthusiast', 'fast-paced budget travel']","['Wi-Fi', 'Luggage storage', 'Air conditioning', 'Room cleaning service', 'Safety deposit box', 'Television', 'Parking', '24-hour front desk', 'EV charging for electric vehicles', 'Late room service', 'On-site bars', 'Rooftop lounges/nightclubs', 'Free Wi-Fi', 'Communal kitchens', 'Laundry', 'Lockers']",30.0,7.8,3.0,5
65,Maiquetía,Venezuela,Maiquetía Sky Inn 46,"Maiquetía Sky Inn 46 is a 3-star hotel in Maiquetía, Venezuela, offering Wi-Fi, Luggage storage, Air conditioning, Room cleaning service, Safety deposit box, Television, Child-friendly rooms, Baby cots, Stroller storage, Diaper changing tables, Nursing rooms, Elevators, Bathroom grab bars, Medical contacts, Breakfast with dietary options, High speed WiFi, Business center, Meeting rooms, Laundry service, Print machine. Average price is 110.0 USD per night. Enjoy comfortable stays with a rating of 7.2/5. The on-site restaurant is rated 5/5.","845 Thanon Suthep, Maiquetía",-66.9607933657823,10.558369435468569,"['with children', 'elderly travelers', 'business travelers']","['Wi-Fi', 'Luggage storage', 'Air conditioning', 'Room cleaning service', 'Safety deposit box', 'Television', 'Child-friendly rooms', 'Baby cots', 'Stroller storage', 'Diaper changing tables', 'Nursing rooms', 'Elevators', 'Bathroom grab bars', 'Medical contacts', 'Breakfast with dietary options', 'High speed WiFi', 'Business center', 'Meeting rooms', 'Laundry service', 'Print machine']",110.0,7.2,3.5,5
66,Maiquetía,Venezuela,Maiquetía Garden Hotel 47,"Maiquetía Garden Hotel 47 is a 5-star hotel in Maiquetía, Venezuela, offering Wi-Fi, Luggage storage, Air conditioning, Room cleaning service, Safety deposit box, Television, Child-friendly rooms, Baby cots, Stroller storage, Diaper changing tables, Nursing rooms, Women-only floors/rooms, Privacy-conscious check-in, 24-hour security, Surveillance cameras, Double locks on doors, High speed WiFi, Business center, Meeting rooms, Laundry service, Print machine. Average price is 833.0 USD per night. Enjoy comfortable stays with a rating of 8.6/5. The on-site restaurant is rated 5/5.","436 Suthep Road, Maiquetía",-66.94988925258026,10.546949302937856,"['with children', 'solo women', 'business travelers']","['Wi-Fi', 'Luggage storage', 'Air conditioning', 'Room cleaning service', 'Safety deposit box', 'Television', 'Child-friendly rooms', 'Baby cots', 'Stroller storage', 'Diaper changing tables', 'Nursing rooms', 'Women-only floors/rooms', 'Privacy-conscious check-in', '24-hour security', 'Surveillance cameras', 'Double locks on doors', 'High speed WiFi', 'Business center', 'Meeting rooms', 'Laundry service', 'Print machine']",833.0,8.6,5.0,5
67,Maiquetía,Venezuela,Maiquetía Central Resort 48,"Maiquetía Central Resort 48 is a 5-star hotel in Maiquetía, Venezuela, offering Wi-Fi, Luggage storage, Air conditioning, Room cleaning service, Safety deposit box, Television, 24-hour front desk, Late room service, On-site bars, Rooftop lounges/nightclubs, Scenic rooms, Sunrise calls, Photography services/packages, Elevators, Bathroom grab bars, Medical contacts, Breakfast with dietary options. Average price is 224.0 USD per night. Enjoy comfortable stays with a rating of 9.0/5. The on-site restaurant is rated 5/5.","No. 456, Cultural Street, Maiquetía",-66.91472247035867,10.553480068174256,"['nightlife enthusiast', 'photography', 'elderly travelers']","['Wi-Fi', 'Luggage storage', 'Air conditioning', 'Room cleaning service', 'Safety deposit box', 'Television', '24-hour front desk', 'Late room service', 'On-site bars', 'Rooftop lounges/nightclubs', 'Scenic rooms', 'Sunrise calls', 'Photography services/packages', 'Elevators', 'Bathroom grab bars', 'Medical contacts', 'Breakfast with dietary options']",224.0,9.0,5.0,5
68,Maiquetía,Venezuela,Maiquetía Palace Resort 49,"Maiquetía Palace Resort 49 is a 3-star hotel in Maiquetía, Venezuela, offering Wi-Fi, Luggage storage, Air conditioning, Room cleaning service, Safety deposit box, Television, Women-only floors/rooms, Privacy-conscious check-in, 24-hour security, Surveillance cameras, Double locks on doors, Scenic rooms, Sunrise calls, Photography services/packages, High speed WiFi, Business center, Meeting rooms, Laundry service, Print machine. Average price is 62.0 USD per night. Enjoy comfortable stays with a rating of 7.8/5. The on-site restaurant is rated 4/5.","No. 456, Huaqiang North Road, Maiquetía",-66.95092943307205,10.595703211617597,"['solo women', 'photography', 'business travelers']","['Wi-Fi', 'Luggage storage', 'Air conditioning', 'Room cleaning service', 'Safety deposit box', 'Television', 'Women-only floors/rooms', 'Privacy-conscious check-in', '24-hour security', 'Surveillance cameras', 'Double locks on doors', 'Scenic rooms', 'Sunrise calls', 'Photography services/packages', 'High speed WiFi', 'Business center', 'Meeting rooms', 'Laundry service', 'Print machine']",62.0,7.8,3.0,4
69,Maiquetía,Venezuela,Maiquetía Sunrise Hotel 50,"Maiquetía Sunrise Hotel 50 is a 5-star hotel in Maiquetía, Venezuela, offering Wi-Fi, Luggage storage, Air conditioning, Room cleaning service, Safety deposit box, Television, Accessible entrances, Ramps/lifts, Accessible rooms/bathrooms, Braille/raised signage, Bathtubs/jacuzzis, Scenic rooms/villas, Spa, Gym, Premium bedding, Bar. Average price is 74.0 USD per night. Enjoy comfortable stays with a rating of 9.2/5. The on-site restaurant is rated 5/5.","602 Seaside Promenade, Maiquetía",-66.96257046010705,10.56848784393119,"['disabled traveler', 'couples trip', 'luxury travelers']","['Wi-Fi', 'Luggage storage', 'Air conditioning', 'Room cleaning service', 'Safety deposit box', 'Television', 'Accessible entrances', 'Ramps/lifts', 'Accessible rooms/bathrooms', 'Braille/raised signage', 'Bathtubs/jacuzzis', 'Scenic rooms/villas', 'Spa', 'Gym', 'Premium bedding', 'Bar']",74.0,9.2,5.0,5
70,Maiquetía,Venezuela,Maiquetía Plaza Inn 51,"Maiquetía Plaza Inn 51 is a 3-star hotel in Maiquetía, Venezuela, offering Wi-Fi, Luggage storage, Air conditioning, Room cleaning service, Safety deposit box, Television, Free Wi-Fi, Communal kitchens, Laundry, Lockers, Elevators, Bathroom grab bars, Medical contacts, Breakfast with dietary options, Bathtubs/jacuzzis, Scenic rooms/villas, Spa. Average price is 71.0 USD per night. Enjoy comfortable stays with a rating of 9.8/5. The on-site restaurant is rated 5/5.","906 Jurong East Ave 6, Maiquetía",-66.96130913723243,10.595969561391565,"['fast-paced budget travel', 'elderly travelers', 'couples trip']","['Wi-Fi', 'Luggage storage', 'Air conditioning', 'Room cleaning service', 'Safety deposit box', 'Television', 'Free Wi-Fi', 'Communal kitchens', 'Laundry', 'Lockers', 'Elevators', 'Bathroom grab bars', 'Medical contacts', 'Breakfast with dietary options', 'Bathtubs/jacuzzis', 'Scenic rooms/villas', 'Spa']",71.0,9.8,3.0,5
71,Maiquetía,Venezuela,Maiquetía Garden Hotel 52,"Maiquetía Garden Hotel 52 is a 3-star hotel in Maiquetía, Venezuela, offering Wi-Fi, Luggage storage, Air conditioning, Room cleaning service, Safety deposit box, Television, Child-friendly rooms, Baby cots, Stroller storage, Diaper changing tables, Nursing rooms, Elevators, Bathroom grab bars, Medical contacts, Breakfast with dietary options, Bathtubs/jacuzzis, Scenic rooms/villas, Spa. Average price is 77.0 USD per night. Enjoy comfortable stays with a rating of 8.2/5. The on-site restaurant is rated 5/5.","175 Seo-gu, Maiquetía",-66.9612101794518,10.580660995952464,"['with children', 'elderly travelers', 'couples trip']","['Wi-Fi', 'Luggage storage', 'Air conditioning', 'Room cleaning service', 'Safety deposit box', 'Television', 'Child-friendly rooms', 'Baby cots', 'Stroller storage', 'Diaper changing tables', 'Nursing rooms', 'Elevators', 'Bathroom grab bars', 'Medical contacts', 'Breakfast with dietary options', 'Bathtubs/jacuzzis', 'Scenic rooms/villas', 'Spa']",77.0,8.2,3.5,5
72,Maiquetía,Venezuela,Maiquetía Palace Suites 53,"Maiquetía Palace Suites 53 is a 3-star hotel in Maiquetía, Venezuela, offering Wi-Fi, Luggage storage, Air conditioning, Room cleaning service, Safety deposit box, Television, 24-hour front desk, Late room service, On-site bars, Rooftop lounges/nightclubs, Bathtubs/jacuzzis, Scenic rooms/villas, Spa, Accessible entrances, Ramps/lifts, Accessible rooms/bathrooms, Braille/raised signage. Average price is 57.0 USD per night. Enjoy comfortable stays with a rating of 9.0/5. The on-site restaurant is rated 5/5.","289 Gwanghwamunno 1-ga, Jongno-gu, Maiquetía",-66.95974933972893,10.559617957156972,"['nightlife enthusiast', 'couples trip', 'disabled traveler']","['Wi-Fi', 'Luggage storage', 'Air conditioning', 'Room cleaning service', 'Safety deposit box', 'Television', '24-hour front desk', 'Late room service', 'On-site bars', 'Rooftop lounges/nightclubs', 'Bathtubs/jacuzzis', 'Scenic rooms/villas', 'Spa', 'Accessible entrances', 'Ramps/lifts', 'Accessible rooms/bathrooms', 'Braille/raised signage']",57.0,9.0,3.0,5
73,Maiquetía,Venezuela,Azure Horizon Garden Resort,"Azure Horizon Garden Resort is a 3-star hotel in Maiquetía, Venezuela, offering Wi-Fi, Luggage storage, Air conditioning, Room cleaning service, Safety deposit box, Television, Women-only floors/rooms, Privacy-conscious check-in, 24-hour security, Surveillance cameras, Double locks on doors, Elevators, Bathroom grab bars, Medical contacts, Breakfast with dietary options, Spa, Gym, Premium bedding, Bar. Average price is 82.0 USD per night. Enjoy comfortable stays with a rating of 8.8/5. The on-site restaurant is rated 5/5.","473-8-10 Shibuya KÅen 1-chome, Shibuya City, Maiquetía",-66.96154638737244,10.553937907519602,"['solo women', 'elderly travelers', 'luxury travelers']","['Wi-Fi', 'Luggage storage', 'Air conditioning', 'Room cleaning service', 'Safety deposit box', 'Television', 'Women-only floors/rooms', 'Privacy-conscious check-in', '24-hour security', 'Surveillance cameras', 'Double locks on doors', 'Elevators', 'Bathroom grab bars', 'Medical contacts', 'Breakfast with dietary options', 'Spa', 'Gym', 'Premium bedding', 'Bar']",82.0,8.8,3.0,5
74,Maiquetía,Venezuela,Maiquetía Central Inn 54,"Maiquetía Central Inn 54 is a 3-star hotel in Maiquetía, Venezuela, offering Wi-Fi, Luggage storage, Air conditioning, Room cleaning service, Safety deposit box, Television, Child-friendly rooms, Baby cots, Stroller storage, Diaper changing tables, Nursing rooms, 24-hour front desk, Late room service, On-site bars, Rooftop lounges/nightclubs, Parking, EV charging for electric vehicles. Average price is 90.0 USD per night. Enjoy comfortable stays with a rating of 10.0/5. The on-site restaurant is rated 5/5.","545-8567 Sapporo City, Nishi 1-chome, Maiquetía",-66.91439509140386,10.595969561391565,"['with children', 'nightlife enthusiast', 'road trip']","['Wi-Fi', 'Luggage storage', 'Air conditioning', 'Room cleaning service', 'Safety deposit box', 'Television', 'Child-friendly rooms', 'Baby cots', 'Stroller storage', 'Diaper changing tables', 'Nursing rooms', '24-hour front desk', 'Late room service', 'On-site bars', 'Rooftop lounges/nightclubs', 'Parking', 'EV charging for electric vehicles']",90.0,10.0,3.5,5
75,Maiquetía,Venezuela,Maiquetía Central Hotel 55,"Maiquetía Central Hotel 55 is a 4-star hotel in Maiquetía, Venezuela, offering Wi-Fi, Luggage storage, Air conditioning, Room cleaning service, Safety deposit box, Television, Child-friendly rooms, Baby cots, Stroller storage, Diaper changing tables, Nursing rooms, Women-only floors/rooms, Privacy-conscious check-in, 24-hour security, Surveillance cameras, Double locks on doors, Accessible entrances, Ramps/lifts, Accessible rooms/bathrooms, Braille/raised signage. Average price is 103.0 USD per night. Enjoy comfortable stays with a rating of 9.0/5. The on-site restaurant is rated 4/5.","937-456 Shibuya-dori, Shibuya City, Maiquetía",-66.93519606977718,10.565083681991563,"['with children', 'solo women', 'disabled traveler']","['Wi-Fi', 'Luggage storage', 'Air conditioning', 'Room cleaning service', 'Safety deposit box', 'Television', 'Child-friendly rooms', 'Baby cots', 'Stroller storage', 'Diaper changing tables', 'Nursing rooms', 'Women-only floors/rooms', 'Privacy-conscious check-in', '24-hour security', 'Surveillance cameras', 'Double locks on doors', 'Accessible entrances', 'Ramps/lifts', 'Accessible rooms/bathrooms', 'Braille/raised signage']",103.0,9.0,4.0,4
76,Maiquetía,Venezuela,Maiquetía Deluxe Hotel 56,"Maiquetía Deluxe Hotel 56 is a 2-star hotel in Maiquetía, Venezuela, offering Wi-Fi, Luggage storage, Air conditioning, Room cleaning service, Safety deposit box, Television, 24-hour front desk, Late room service, On-site bars, Rooftop lounges/nightclubs, Elevators, Bathroom grab bars, Medical contacts, Breakfast with dietary options, Bathtubs/jacuzzis, Scenic rooms/villas, Spa. Average price is 110.0 USD per night. Enjoy comfortable stays with a rating of 8.4/5. The on-site restaurant is rated 4/5.","No. 123 Ditan Street, Maiquetía",-66.95968124422275,10.57402990773216,"['nightlife enthusiast', 'elderly travelers', 'couples trip']","['Wi-Fi', 'Luggage storage', 'Air conditioning', 'Room cleaning service', 'Safety deposit box', 'Television', '24-hour front desk', 'Late room service', 'On-site bars', 'Rooftop lounges/nightclubs', 'Elevators', 'Bathroom grab bars', 'Medical contacts', 'Breakfast with dietary options', 'Bathtubs/jacuzzis', 'Scenic rooms/villas', 'Spa']",110.0,8.4,2.0,4
77,Maiquetía,Venezuela,Maiquetía Central Inn 57,"Maiquetía Central Inn 57 is a 2-star hotel in Maiquetía, Venezuela, offering Wi-Fi, Luggage storage, Air conditioning, Room cleaning service, Safety deposit box, Television, Scenic rooms, Sunrise calls, Photography services/packages, Free Wi-Fi, Communal kitchens, Laundry, Lockers, Bathtubs/jacuzzis, Scenic rooms/villas, Spa. Average price is 254.0 USD per night. Enjoy comfortable stays with a rating of 8.6/5. The on-site restaurant is rated 1/5.","No. 123 Ditan Street, Maiquetía",-66.9407160537979,10.56729627787972,"['photography', 'fast-paced budget travel', 'couples trip']","['Wi-Fi', 'Luggage storage', 'Air conditioning', 'Room cleaning service', 'Safety deposit box', 'Television', 'Scenic rooms', 'Sunrise calls', 'Photography services/packages', 'Free Wi-Fi', 'Communal kitchens', 'Laundry', 'Lockers', 'Bathtubs/jacuzzis', 'Scenic rooms/villas', 'Spa']",254.0,8.6,2.5,1
78,Maiquetía,Venezuela,Maiquetía Royal Inn 58,"Maiquetía Royal Inn 58 is a 3-star hotel in Maiquetía, Venezuela, offering Wi-Fi, Luggage storage, Air conditioning, Room cleaning service, Safety deposit box, Television, Child-friendly rooms, Baby cots, Stroller storage, Diaper changing tables, Nursing rooms, Scenic rooms, Sunrise calls, Photography services/packages, Accessible entrances, Ramps/lifts, Accessible rooms/bathrooms, Braille/raised signage. Average price is 65.0 USD per night. Enjoy comfortable stays with a rating of 8.6/5. The on-site restaurant is rated 5/5.","No. 456, Zhongshan Road, Maiquetía",-66.91438570271374,10.57448728896552,"['with children', 'photography', 'disabled traveler']","['Wi-Fi', 'Luggage storage', 'Air conditioning', 'Room cleaning service', 'Safety deposit box', 'Television', 'Child-friendly rooms', 'Baby cots', 'Stroller storage', 'Diaper changing tables', 'Nursing rooms', 'Scenic rooms', 'Sunrise calls', 'Photography services/packages', 'Accessible entrances', 'Ramps/lifts', 'Accessible rooms/bathrooms', 'Braille/raised signage']",65.0,8.6,3.0,5
79,Maiquetía,Venezuela,Maiquetía Suites Hotel 59,"Maiquetía Suites Hotel 59 is a 3-star hotel in Maiquetía, Venezuela, offering Wi-Fi, Luggage storage, Air conditioning, Room cleaning service, Safety deposit box, Television, Child-friendly rooms, Baby cots, Stroller storage, Diaper changing tables, Nursing rooms, Bathtubs/jacuzzis, Scenic rooms/villas, Spa, Accessible entrances, Ramps/lifts, Accessible rooms/bathrooms, Braille/raised signage. Average price is 56.0 USD per night. Enjoy comfortable stays with a rating of 8.6/5. The on-site restaurant is rated 5/5.","843 Shinsaibashi Dori, Chuo Ward, Maiquetía",-66.95095319150988,10.550879580187727,"['with children', 'couples trip', 'disabled traveler']","['Wi-Fi', 'Luggage storage', 'Air conditioning', 'Room cleaning service', 'Safety deposit box', 'Television', 'Child-friendly rooms', 'Baby cots', 'Stroller storage', 'Diaper changing tables', 'Nursing rooms', 'Bathtubs/jacuzzis', 'Scenic rooms/villas', 'Spa', 'Accessible entrances', 'Ramps/lifts', 'Accessible rooms/bathrooms', 'Braille/raised signage']",56.0,8.6,3.0,5
80,Maiquetía,Venezuela,Maiquetía Palace Hotel 60,"Maiquetía Palace Hotel 60 is a 5-star hotel in Maiquetía, Venezuela, offering Wi-Fi, Luggage storage, Air conditioning, Room cleaning service, Safety deposit box, Television, Parking, 24-hour front desk, EV charging for electric vehicles, Elevators, Bathroom grab bars, Medical contacts, Breakfast with dietary options, High speed WiFi, Business center, Meeting rooms, Laundry service, Print machine. Average price is 118.0 USD per night. Enjoy comfortable stays with a rating of 9.0/5. The on-site restaurant is rated 5/5.","No. 456, Xuefu Road, Maiquetía",-66.963795019643,10.55130488791698,"['road trip', 'elderly travelers', 'business travelers']","['Wi-Fi', 'Luggage storage', 'Air conditioning', 'Room cleaning service', 'Safety deposit box', 'Television', 'Parking', '24-hour front desk', 'EV charging for electric vehicles', 'Elevators', 'Bathroom grab bars', 'Medical contacts', 'Breakfast with dietary options', 'High speed WiFi', 'Business center', 'Meeting rooms', 'Laundry service', 'Print machine']",118.0,9.0,5.0,5
81,Maiquetía,Venezuela,Maiquetía Deluxe Hotel 61,"Maiquetía Deluxe Hotel 61 is a 3-star hotel in Maiquetía, Venezuela, offering Wi-Fi, Luggage storage, Air conditioning, Room cleaning service, Safety deposit box, Television, Women-only floors/rooms, Privacy-conscious check-in, 24-hour security, Surveillance cameras, Double locks on doors, Accessible entrances, Ramps/lifts, Accessible rooms/bathrooms, Braille/raised signage, Spa, Gym, Premium bedding, Bar. Average price is 68.0 USD per night. Enjoy comfortable stays with a rating of 8.6/5. The on-site restaurant is rated 4/5.","902-345 Kitahiroshima 2-chome, Maiquetía",-66.93694547175483,10.566080934422198,"['solo women', 'disabled traveler', 'luxury travelers']","['Wi-Fi', 'Luggage storage', 'Air conditioning', 'Room cleaning service', 'Safety deposit box', 'Television', 'Women-only floors/rooms', 'Privacy-conscious check-in', '24-hour security', 'Surveillance cameras', 'Double locks on doors', 'Accessible entrances', 'Ramps/lifts', 'Accessible rooms/bathrooms', 'Braille/raised signage', 'Spa', 'Gym', 'Premium bedding', 'Bar']",68.0,8.6,3.0,4
82,Maiquetía,Venezuela,Maiquetía Sky Resort 62,"Maiquetía Sky Resort 62 is a 3-star hotel in Maiquetía, Venezuela, offering Wi-Fi, Luggage storage, Air conditioning, Room cleaning service, Safety deposit box, Television, Child-friendly rooms, Baby cots, Stroller storage, Diaper changing tables, Nursing rooms, Free Wi-Fi, Communal kitchens, Laundry, Lockers, Pet-friendly, Pet rest area, Pet beds, Durable floors. Average price is 50.0 USD per night. Enjoy comfortable stays with a rating of 7.8/5. The on-site restaurant is rated 5/5.","No. 456, Zhongshan Road, Maiquetía",-66.92641728546442,10.549281666194055,"['with children', 'fast-paced budget travel', 'with pets']","['Wi-Fi', 'Luggage storage', 'Air conditioning', 'Room cleaning service', 'Safety deposit box', 'Television', 'Child-friendly rooms', 'Baby cots', 'Stroller storage', 'Diaper changing tables', 'Nursing rooms', 'Free Wi-Fi', 'Communal kitchens', 'Laundry', 'Lockers', 'Pet-friendly', 'Pet rest area', 'Pet beds', 'Durable floors']",50.0,7.8,3.5,5
83,Maiquetía,Venezuela,Maiquetía View Inn 63,"Maiquetía View Inn 63 is a 3-star hotel in Maiquetía, Venezuela, offering Wi-Fi, Luggage storage, Air conditioning, Room cleaning service, Safety deposit box, Television, Women-only floors/rooms, Privacy-conscious check-in, 24-hour security, Surveillance cameras, Double locks on doors, Scenic rooms, Sunrise calls, Photography services/packages, Accessible entrances, Ramps/lifts, Accessible rooms/bathrooms, Braille/raised signage. Average price is 97.0 USD per night. Enjoy comfortable stays with a rating of 9.0/5. The on-site restaurant is rated 4/5.","944 Sathorn Road, Silom District, Maiquetía",-66.94371349562627,10.596957066193491,"['solo women', 'photography', 'disabled traveler']","['Wi-Fi', 'Luggage storage', 'Air conditioning', 'Room cleaning service', 'Safety deposit box', 'Television', 'Women-only floors/rooms', 'Privacy-conscious check-in', '24-hour security', 'Surveillance cameras', 'Double locks on doors', 'Scenic rooms', 'Sunrise calls', 'Photography services/packages', 'Accessible entrances', 'Ramps/lifts', 'Accessible rooms/bathrooms', 'Braille/raised signage']",97.0,9.0,3.0,4
84,Maiquetía,Venezuela,Maiquetía Pearl Resort 64,"Maiquetía Pearl Resort 64 is a 2-star hotel in Maiquetía, Venezuela, offering Wi-Fi, Luggage storage, Air conditioning, Room cleaning service, Safety deposit box, Television, Free Wi-Fi, Communal kitchens, Laundry, Lockers, Spa, Gym, Premium bedding, Bar, Accessible entrances, Ramps/lifts, Accessible rooms/bathrooms, Braille/raised signage. Average price is 125.0 USD per night. Enjoy comfortable stays with a rating of 9.0/5. The on-site restaurant is rated 5/5.","545-8567 Sapporo City, Nishi 1-chome, Maiquetía",-66.96130913723243,10.553110753234009,"['fast-paced budget travel', 'luxury travelers', 'disabled traveler']","['Wi-Fi', 'Luggage storage', 'Air conditioning', 'Room cleaning service', 'Safety deposit box', 'Television', 'Free Wi-Fi', 'Communal kitchens', 'Laundry', 'Lockers', 'Spa', 'Gym', 'Premium bedding', 'Bar', 'Accessible entrances', 'Ramps/lifts', 'Accessible rooms/bathrooms', 'Braille/raised signage']",125.0,9.0,2.5,5
85,Maiquetía,Venezuela,Maiquetía Garden Inn 65,"Maiquetía Garden Inn 65 is a 2-star hotel in Maiquetía, Venezuela, offering Wi-Fi, Luggage storage, Air conditioning, Room cleaning service, Safety deposit box, Television, Bathtubs/jacuzzis, Scenic rooms/villas, Spa, High speed WiFi, Business center, Meeting rooms, Laundry service, Print machine, Gym, Premium bedding, Bar. Average price is 61.0 USD per night. Enjoy comfortable stays with a rating of 8.6/5. The on-site restaurant is rated 4/5.","No. 456, Huaqiang North Road, Maiquetía",-66.95164776538293,10.553480068174256,"['couples trip', 'business travelers', 'luxury travelers']","['Wi-Fi', 'Luggage storage', 'Air conditioning', 'Room cleaning service', 'Safety deposit box', 'Television', 'Bathtubs/jacuzzis', 'Scenic rooms/villas', 'Spa', 'High speed WiFi', 'Business center', 'Meeting rooms', 'Laundry service', 'Print machine', 'Gym', 'Premium bedding', 'Bar']",61.0,8.6,2.5,4
86,Maiquetía,Venezuela,Maiquetía Suites Inn 66,"Maiquetía Suites Inn 66 is a 4-star hotel in Maiquetía, Venezuela, offering Wi-Fi, Luggage storage, Air conditioning, Room cleaning service, Safety deposit box, Television, Women-only floors/rooms, Privacy-conscious check-in, 24-hour security, Surveillance cameras, Double locks on doors, Free Wi-Fi, Communal kitchens, Laundry, Lockers, Elevators, Bathroom grab bars, Medical contacts, Breakfast with dietary options. Average price is 165.0 USD per night. Enjoy comfortable stays with a rating of 9.6/5. The on-site restaurant is rated 5/5.","158 Chai Wan Road, Maiquetía",-66.94442296350898,10.599484418987092,"['solo women', 'fast-paced budget travel', 'elderly travelers']","['Wi-Fi', 'Luggage storage', 'Air conditioning', 'Room cleaning service', 'Safety deposit box', 'Television', 'Women-only floors/rooms', 'Privacy-conscious check-in', '24-hour security', 'Surveillance cameras', 'Double locks on doors', 'Free Wi-Fi', 'Communal kitchens', 'Laundry', 'Lockers', 'Elevators', 'Bathroom grab bars', 'Medical contacts', 'Breakfast with dietary options']",165.0,9.6,4.0,5
87,Maiquetía,Venezuela,Azure Vista Resort and Garden,"Azure Vista Resort and Garden is a 3-star hotel in Maiquetía, Venezuela, offering Wi-Fi, Luggage storage, Air conditioning, Room cleaning service, Safety deposit box, Television, Women-only floors/rooms, Privacy-conscious check-in, 24-hour security, Surveillance cameras, Double locks on doors, Scenic rooms, Sunrise calls, Photography services/packages, Spa, Gym, Premium bedding, Bar. Average price is 112.0 USD per night. Enjoy comfortable stays with a rating of 9.0/5. The on-site restaurant is rated 1/5.","192 Sakura Street, Maiquetía",-66.94318829677626,10.576827200395044,"['solo women', 'photography', 'luxury travelers']","['Wi-Fi', 'Luggage storage', 'Air conditioning', 'Room cleaning service', 'Safety deposit box', 'Television', 'Women-only floors/rooms', 'Privacy-conscious check-in', '24-hour security', 'Surveillance cameras', 'Double locks on doors', 'Scenic rooms', 'Sunrise calls', 'Photography services/packages', 'Spa', 'Gym', 'Premium bedding', 'Bar']",112.0,9.0,3.0,1
88,Maiquetía,Venezuela,Sabaneta Garden Resort,"Sabaneta Garden Resort is a 3-star hotel in Maiquetía, Venezuela, offering Wi-Fi, Luggage storage, Air conditioning, Room cleaning service, Safety deposit box, Television, 24-hour front desk, Late room service, On-site bars, Rooftop lounges/nightclubs, Scenic rooms, Sunrise calls, Photography services/packages, Elevators, Bathroom grab bars, Medical contacts, Breakfast with dietary options. Average price is 47.0 USD per night. Enjoy comfortable stays with a rating of 7.8/5. The on-site restaurant is rated 5/5.","No. 456 Green Valley Road, Maiquetía",-66.91069650906543,10.594554795353996,"['nightlife enthusiast', 'photography', 'elderly travelers']","['Wi-Fi', 'Luggage storage', 'Air conditioning', 'Room cleaning service', 'Safety deposit box', 'Television', '24-hour front desk', 'Late room service', 'On-site bars', 'Rooftop lounges/nightclubs', 'Scenic rooms', 'Sunrise calls', 'Photography services/packages', 'Elevators', 'Bathroom grab bars', 'Medical contacts', 'Breakfast with dietary options']",47.0,7.8,3.5,5
89,Maiquetía,Venezuela,Maiquetía Royal Resort 67,"Maiquetía Royal Resort 67 is a 3-star hotel in Maiquetía, Venezuela, offering Wi-Fi, Luggage storage, Air conditioning, Room cleaning service, Safety deposit box, Television, Spa, Gym, Premium bedding, Bar, Bathtubs/jacuzzis, Scenic rooms/villas, Accessible entrances, Ramps/lifts, Accessible rooms/bathrooms, Braille/raised signage. Average price is 61.0 USD per night. Enjoy comfortable stays with a rating of 7.6/5. The on-site restaurant is rated 4/5.","664 Sakura-dai, Setagaya-ku, Maiquetía",-66.96533553477978,10.592065231360756,"['luxury travelers', 'couples trip', 'disabled traveler']","['Wi-Fi', 'Luggage storage', 'Air conditioning', 'Room cleaning service', 'Safety deposit box', 'Television', 'Spa', 'Gym', 'Premium bedding', 'Bar', 'Bathtubs/jacuzzis', 'Scenic rooms/villas', 'Accessible entrances', 'Ramps/lifts', 'Accessible rooms/bathrooms', 'Braille/raised signage']",61.0,7.6,3.0,4
90,Maiquetía,Venezuela,Caribbean Sunset Garden Resort,"Caribbean Sunset Garden Resort is a 3-star hotel in Maiquetía, Venezuela, offering Wi-Fi, Luggage storage, Air conditioning, Room cleaning service, Safety deposit box, Television, Women-only floors/rooms, Privacy-conscious check-in, 24-hour security, Surveillance cameras, Double locks on doors, Scenic rooms, Sunrise calls, Photography services/packages, Bathtubs/jacuzzis, Scenic rooms/villas, Spa. Average price is 79.0 USD per night. Enjoy comfortable stays with a rating of 10.0/5. The on-site restaurant is rated 1/5.","837-890 Nishi 1-chome, Maiquetía",-66.94282597000124,10.557500077385209,"['solo women', 'photography', 'couples trip']","['Wi-Fi', 'Luggage storage', 'Air conditioning', 'Room cleaning service', 'Safety deposit box', 'Television', 'Women-only floors/rooms', 'Privacy-conscious check-in', '24-hour security', 'Surveillance cameras', 'Double locks on doors', 'Scenic rooms', 'Sunrise calls', 'Photography services/packages', 'Bathtubs/jacuzzis', 'Scenic rooms/villas', 'Spa']",79.0,10.0,3.0,1
91,Maiquetía,Venezuela,Maiquetía Boutique Hotel 68,"Maiquetía Boutique Hotel 68 is a 3-star hotel in Maiquetía, Venezuela, offering Wi-Fi, Luggage storage, Air conditioning, Room cleaning service, Safety deposit box, Television, Parking, 24-hour front desk, EV charging for electric vehicles, Free Wi-Fi, Communal kitchens, Laundry, Lockers, Accessible entrances, Ramps/lifts, Accessible rooms/bathrooms, Braille/raised signage. Average price is 57.0 USD per night. Enjoy comfortable stays with a rating of 8.8/5. The on-site restaurant is rated 4/5.","No. 456, Riverside Cultural Park, Maiquetía",-66.95968124422275,10.564402264744452,"['road trip', 'fast-paced budget travel', 'disabled traveler']","['Wi-Fi', 'Luggage storage', 'Air conditioning', 'Room cleaning service', 'Safety deposit box', 'Television', 'Parking', '24-hour front desk', 'EV charging for electric vehicles', 'Free Wi-Fi', 'Communal kitchens', 'Laundry', 'Lockers', 'Accessible entrances', 'Ramps/lifts', 'Accessible rooms/bathrooms', 'Braille/raised signage']",57.0,8.8,3.0,4
92,Maiquetía,Venezuela,Maiquetía Garden Resort 69,"Maiquetía Garden Resort 69 is a 3-star hotel in Maiquetía, Venezuela, offering Wi-Fi, Luggage storage, Air conditioning, Room cleaning service, Safety deposit box, Television, Child-friendly rooms, Baby cots, Stroller storage, Diaper changing tables, Nursing rooms, Elevators, Bathroom grab bars, Medical contacts, Breakfast with dietary options, Pet-friendly, Pet rest area, Pet beds, Durable floors. Average price is 207.0 USD per night. Enjoy comfortable stays with a rating of 9.0/5. The on-site restaurant is rated 2/5.","No. 456 Cultural Street, Maiquetía",-66.94827364838565,10.565458299532857,"['with children', 'elderly travelers', 'with pets']","['Wi-Fi', 'Luggage storage', 'Air conditioning', 'Room cleaning service', 'Safety deposit box', 'Television', 'Child-friendly rooms', 'Baby cots', 'Stroller storage', 'Diaper changing tables', 'Nursing rooms', 'Elevators', 'Bathroom grab bars', 'Medical contacts', 'Breakfast with dietary options', 'Pet-friendly', 'Pet rest area', 'Pet beds', 'Durable floors']",207.0,9.0,3.0,2
93,Maiquetía,Venezuela,Maiquetía Deluxe Inn 70,"Maiquetía Deluxe Inn 70 is a 4-star hotel in Maiquetía, Venezuela, offering Wi-Fi, Luggage storage, Air conditioning, Room cleaning service, Safety deposit box, Television, Scenic rooms, Sunrise calls, Photography services/packages, Bathtubs/jacuzzis, Scenic rooms/villas, Spa, Gym, Premium bedding, Bar. Average price is 42.0 USD per night. Enjoy comfortable stays with a rating of 10.0/5. The on-site restaurant is rated 5/5.","835 Sakura Street, Chuo-ku, Maiquetía",-66.93513594070312,10.562149262239105,"['photography', 'couples trip', 'luxury travelers']","['Wi-Fi', 'Luggage storage', 'Air conditioning', 'Room cleaning service', 'Safety deposit box', 'Television', 'Scenic rooms', 'Sunrise calls', 'Photography services/packages', 'Bathtubs/jacuzzis', 'Scenic rooms/villas', 'Spa', 'Gym', 'Premium bedding', 'Bar']",42.0,10.0,4.0,5
94,Maiquetía,Venezuela,Maiquetía Suites Resort 71,"Maiquetía Suites Resort 71 is a 4-star hotel in Maiquetía, Venezuela, offering Wi-Fi, Luggage storage, Air conditioning, Room cleaning service, Safety deposit box, Television, 24-hour front desk, Late room service, On-site bars, Rooftop lounges/nightclubs, High speed WiFi, Business center, Meeting rooms, Laundry service, Print machine, Spa, Gym, Premium bedding, Bar. Average price is 135.0 USD per night. Enjoy comfortable stays with a rating of 9.8/5. The on-site restaurant is rated 5/5.","557 Gwanghwamun Street, Maiquetía",-66.95925775832077,10.568423878189297,"['nightlife enthusiast', 'business travelers', 'luxury travelers']","['Wi-Fi', 'Luggage storage', 'Air conditioning', 'Room cleaning service', 'Safety deposit box', 'Television', '24-hour front desk', 'Late room service', 'On-site bars', 'Rooftop lounges/nightclubs', 'High speed WiFi', 'Business center', 'Meeting rooms', 'Laundry service', 'Print machine', 'Spa', 'Gym', 'Premium bedding', 'Bar']",135.0,9.8,4.5,5
95,Maiquetía,Venezuela,Maiquetía Sky Inn 72,"Maiquetía Sky Inn 72 is a 2-star hotel in Maiquetía, Venezuela, offering Wi-Fi, Luggage storage, Air conditioning, Room cleaning service, Safety deposit box, Television, High speed WiFi, Business center, Meeting rooms, Laundry service, Print machine, Bathtubs/jacuzzis, Scenic rooms/villas, Spa, Pet-friendly, Pet rest area, Pet beds, Durable floors. Average price is 105.0 USD per night. Enjoy comfortable stays with a rating of 8.0/5. The on-site restaurant is rated 5/5.","131 Chalong Road, Maiquetía",-66.93694547175483,10.550121484101211,"['business travelers', 'couples trip', 'with pets']","['Wi-Fi', 'Luggage storage', 'Air conditioning', 'Room cleaning service', 'Safety deposit box', 'Television', 'High speed WiFi', 'Business center', 'Meeting rooms', 'Laundry service', 'Print machine', 'Bathtubs/jacuzzis', 'Scenic rooms/villas', 'Spa', 'Pet-friendly', 'Pet rest area', 'Pet beds', 'Durable floors']",105.0,8.0,2.5,5
96,Maiquetía,Venezuela,Maiquetía Suites Inn 73,"Maiquetía Suites Inn 73 is a 5-star hotel in Maiquetía, Venezuela, offering Wi-Fi, Luggage storage, Air conditioning, Room cleaning service, Safety deposit box, Television, Parking, 24-hour front desk, EV charging for electric vehicles, Elevators, Bathroom grab bars, Medical contacts, Breakfast with dietary options, High speed WiFi, Business center, Meeting rooms, Laundry service, Print machine. Average price is 280.0 USD per night. Enjoy comfortable stays with a rating of 8.4/5. The on-site restaurant is rated 5/5.","No. 456 Green Valley Road, Maiquetía",-66.93478722276663,10.57726930286064,"['road trip', 'elderly travelers', 'business travelers']","['Wi-Fi', 'Luggage storage', 'Air conditioning', 'Room cleaning service', 'Safety deposit box', 'Television', 'Parking', '24-hour front desk', 'EV charging for electric vehicles', 'Elevators', 'Bathroom grab bars', 'Medical contacts', 'Breakfast with dietary options', 'High speed WiFi', 'Business center', 'Meeting rooms', 'Laundry service', 'Print machine']",280.0,8.4,5.0,5
97,Maiquetía,Venezuela,Caribbean Azure Garden Resort,"Caribbean Azure Garden Resort is a 3-star hotel in Maiquetía, Venezuela, offering Wi-Fi, Luggage storage, Air conditioning, Room cleaning service, Safety deposit box, Television, Scenic rooms, Sunrise calls, Photography services/packages, High speed WiFi, Business center, Meeting rooms, Laundry service, Print machine, Pet-friendly, Pet rest area, Pet beds, Durable floors. Average price is 77.0 USD per night. Enjoy comfortable stays with a rating of 8.6/5. The on-site restaurant is rated 5/5.","724-8-11 Nippori, Taito City, Maiquetía",-66.91123906981264,10.56352606404496,"['photography', 'business travelers', 'with pets']","['Wi-Fi', 'Luggage storage', 'Air conditioning', 'Room cleaning service', 'Safety deposit box', 'Television', 'Scenic rooms', 'Sunrise calls', 'Photography services/packages', 'High speed WiFi', 'Business center', 'Meeting rooms', 'Laundry service', 'Print machine', 'Pet-friendly', 'Pet rest area', 'Pet beds', 'Durable floors']",77.0,8.6,3.5,5
98,Maiquetía,Venezuela,Sabaneta Beach Resort Villas,"Sabaneta Beach Resort Villas is a 3-star hotel in Maiquetía, Venezuela, offering Wi-Fi, Luggage storage, Air conditioning, Room cleaning service, Safety deposit box, Television, Women-only floors/rooms, Privacy-conscious check-in, 24-hour security, Surveillance cameras, Double locks on doors, 24-hour front desk, Late room service, On-site bars, Rooftop lounges/nightclubs, Pet-friendly, Pet rest area, Pet beds, Durable floors. Average price is 48.0 USD per night. Enjoy comfortable stays with a rating of 7.4/5. The on-site restaurant is rated 5/5.","843 Shinsaibashi Dori, Chuo Ward, Maiquetía",-66.9683087960486,10.595703211617597,"['solo women', 'nightlife enthusiast', 'with pets']","['Wi-Fi', 'Luggage storage', 'Air conditioning', 'Room cleaning service', 'Safety deposit box', 'Television', 'Women-only floors/rooms', 'Privacy-conscious check-in', '24-hour security', 'Surveillance cameras', 'Double locks on doors', '24-hour front desk', 'Late room service', 'On-site bars', 'Rooftop lounges/nightclubs', 'Pet-friendly', 'Pet rest area', 'Pet beds', 'Durable floors']",48.0,7.4,3.0,5
99,Maiquetía,Venezuela,Maiquetía Deluxe Hotel 74,"Maiquetía Deluxe Hotel 74 is a 5-star hotel in Maiquetía, Venezuela, offering Wi-Fi, Luggage storage, Air conditioning, Room cleaning service, Safety deposit box, Television, Scenic rooms, Sunrise calls, Photography services/packages, Bathtubs/jacuzzis, Scenic rooms/villas, Spa, Accessible entrances, Ramps/lifts, Accessible rooms/bathrooms, Braille/raised signage. Average price is 167.0 USD per night. Enjoy comfortable stays with a rating of 8.2/5. The on-site restaurant is rated 5/5.","973-890 Shirokanedai 2-chome, Maiquetía",-66.91149994591653,10.565458299532857,"['photography', 'couples trip', 'disabled traveler']","['Wi-Fi', 'Luggage storage', 'Air conditioning', 'Room cleaning service', 'Safety deposit box', 'Television', 'Scenic rooms', 'Sunrise calls', 'Photography services/packages', 'Bathtubs/jacuzzis', 'Scenic rooms/villas', 'Spa', 'Accessible entrances', 'Ramps/lifts', 'Accessible rooms/bathrooms', 'Braille/raised signage']",167.0,8.2,5.0,5
100,Maiquetía,Venezuela,Maiquetía Palace Suites 75,"Maiquetía Palace Suites 75 is a 1-star hotel in Maiquetía, Venezuela, offering Wi-Fi, Luggage storage, Air conditioning, Room cleaning service, Safety deposit box, Television, Child-friendly rooms, Baby cots, Stroller storage, Diaper changing tables, Nursing rooms, Women-only floors/rooms, Privacy-conscious check-in, 24-hour security, Surveillance cameras, Double locks on doors, Pet-friendly, Pet rest area, Pet beds, Durable floors. Average price is 33.0 USD per night. Enjoy comfortable stays with a rating of 6.4/5. The on-site restaurant is rated 1/5.","835 Sakura Street, Chuo-ku, Maiquetía",-66.96154638737244,10.56352606404496,"['with children', 'solo women', 'with pets']","['Wi-Fi', 'Luggage storage', 'Air conditioning', 'Room cleaning service', 'Safety deposit box', 'Television', 'Child-friendly rooms', 'Baby cots', 'Stroller storage', 'Diaper changing tables', 'Nursing rooms', 'Women-only floors/rooms', 'Privacy-conscious check-in', '24-hour security', 'Surveillance cameras', 'Double locks on doors', 'Pet-friendly', 'Pet rest area', 'Pet beds', 'Durable floors']",33.0,6.4,1.0,1
