hotel_id,city_name,country,name,about,address,longitude,latitude,amenities_group,amenities,price,rating,star,rate_of_restaurant
1,Munich,Germany,Munich Garden Suites 1,"Munich Garden Suites 1 is a 2-star hotel in Munich, Germany, offering Wi-Fi, Luggage storage, Air conditioning, Room cleaning service, Safety deposit box, Television, Free Wi-Fi, Communal kitchens, Laundry, Lockers, Elevators, Bathroom grab bars, Medical contacts, Breakfast with dietary options, High speed WiFi, Business center, Meeting rooms, Laundry service, Print machine. Average price is 117.0 USD per night. Enjoy comfortable stays with a rating of 9.6/5. The on-site restaurant is rated 4/5.","No. 588, Yipin Road, Munich",11.596084694672948,48.16328445717891,"['fast-paced budget travel', 'elderly travelers', 'business travelers']","['Wi-Fi', 'Luggage storage', 'Air conditioning', 'Room cleaning service', 'Safety deposit box', 'Television', 'Free Wi-Fi', 'Communal kitchens', 'Laundry', 'Lockers', 'Elevators', 'Bathroom grab bars', 'Medical contacts', 'Breakfast with dietary options', 'High speed WiFi', 'Business center', 'Meeting rooms', 'Laundry service', 'Print machine']",117.0,9.6,2.0,4
2,Munich,Germany,Munich Grand Inn 2,"Munich Grand Inn 2 is a 5-star hotel in Munich, Germany, offering Wi-Fi, Luggage storage, Air conditioning, Room cleaning service, Safety deposit box, Television, Child-friendly rooms, Baby cots, Stroller storage, Diaper changing tables, Nursing rooms, Scenic rooms, Sunrise calls, Photography services/packages, Spa, Gym, Premium bedding, Bar. Average price is 743.0 USD per night. Enjoy comfortable stays with a rating of 9.8/5. The on-site restaurant is rated 5/5.","No. 456, West Lake Scenic Avenue, Munich",11.6090618107338,48.173704088082665,"['with children', 'photography', 'luxury travelers']","['Wi-Fi', 'Luggage storage', 'Air conditioning', 'Room cleaning service', 'Safety deposit box', 'Television', 'Child-friendly rooms', 'Baby cots', 'Stroller storage', 'Diaper changing tables', 'Nursing rooms', 'Scenic rooms', 'Sunrise calls', 'Photography services/packages', 'Spa', 'Gym', 'Premium bedding', 'Bar']",743.0,9.8,5.0,5
3,Munich,Germany,Munich Suites Hotel 3,"Munich Suites Hotel 3 is a 3-star hotel in Munich, Germany, offering Wi-Fi, Luggage storage, Air conditioning, Room cleaning service, Safety deposit box, Television, Child-friendly rooms, Baby cots, Stroller storage, Diaper changing tables, Nursing rooms, 24-hour front desk, Late room service, On-site bars, Rooftop lounges/nightclubs, Bathtubs/jacuzzis, Scenic rooms/villas, Spa. Average price is 80.0 USD per night. Enjoy comfortable stays with a rating of 9.0/5. The on-site restaurant is rated 5/5.","937-456 Shibuya-dori, Shibuya City, Munich",11.468748664803195,48.1570108458579,"['with children', 'nightlife enthusiast', 'couples trip']","['Wi-Fi', 'Luggage storage', 'Air conditioning', 'Room cleaning service', 'Safety deposit box', 'Television', 'Child-friendly rooms', 'Baby cots', 'Stroller storage', 'Diaper changing tables', 'Nursing rooms', '24-hour front desk', 'Late room service', 'On-site bars', 'Rooftop lounges/nightclubs', 'Bathtubs/jacuzzis', 'Scenic rooms/villas', 'Spa']",80.0,9.0,3.0,5
4,Munich,Germany,Munich Sky Inn 4,"Munich Sky Inn 4 is a 4-star hotel in Munich, Germany, offering Wi-Fi, Luggage storage, Air conditioning, Room cleaning service, Safety deposit box, Television, Child-friendly rooms, Baby cots, Stroller storage, Diaper changing tables, Nursing rooms, Free Wi-Fi, Communal kitchens, Laundry, Lockers, Accessible entrances, Ramps/lifts, Accessible rooms/bathrooms, Braille/raised signage. Average price is 33.0 USD per night. Enjoy comfortable stays with a rating of 7.6/5. The on-site restaurant is rated 4/5.","No. 456, West Lake Scenic Avenue, Munich",11.500866353076514,48.17600420534117,"['with children', 'fast-paced budget travel', 'disabled traveler']","['Wi-Fi', 'Luggage storage', 'Air conditioning', 'Room cleaning service', 'Safety deposit box', 'Television', 'Child-friendly rooms', 'Baby cots', 'Stroller storage', 'Diaper changing tables', 'Nursing rooms', 'Free Wi-Fi', 'Communal kitchens', 'Laundry', 'Lockers', 'Accessible entrances', 'Ramps/lifts', 'Accessible rooms/bathrooms', 'Braille/raised signage']",33.0,7.6,4.0,4
5,Munich,Germany,Munich Suites Resort 5,"Munich Suites Resort 5 is a 3-star hotel in Munich, Germany, offering Wi-Fi, Luggage storage, Air conditioning, Room cleaning service, Safety deposit box, Television, Child-friendly rooms, Baby cots, Stroller storage, Diaper changing tables, Nursing rooms, Women-only floors/rooms, Privacy-conscious check-in, 24-hour security, Surveillance cameras, Double locks on doors, Bathtubs/jacuzzis, Scenic rooms/villas, Spa. Average price is 41.0 USD per night. Enjoy comfortable stays with a rating of 9.0/5. The on-site restaurant is rated 5/5.","860 Sakura Street, Munich",11.467775185940772,48.174737150108506,"['with children', 'solo women', 'couples trip']","['Wi-Fi', 'Luggage storage', 'Air conditioning', 'Room cleaning service', 'Safety deposit box', 'Television', 'Child-friendly rooms', 'Baby cots', 'Stroller storage', 'Diaper changing tables', 'Nursing rooms', 'Women-only floors/rooms', 'Privacy-conscious check-in', '24-hour security', 'Surveillance cameras', 'Double locks on doors', 'Bathtubs/jacuzzis', 'Scenic rooms/villas', 'Spa']",41.0,9.0,3.0,5
6,Munich,Germany,Munich Pearl Suites 6,"Munich Pearl Suites 6 is a 2-star hotel in Munich, Germany, offering Wi-Fi, Luggage storage, Air conditioning, Room cleaning service, Safety deposit box, Television, Scenic rooms, Sunrise calls, Photography services/packages, High speed WiFi, Business center, Meeting rooms, Laundry service, Print machine, Pet-friendly, Pet rest area, Pet beds, Durable floors. Average price is 81.0 USD per night. Enjoy comfortable stays with a rating of 10.0/5. The on-site restaurant is rated 4/5.","346 Nakamise Street, Ueno Ward, Munich",11.595630285969804,48.15867396536844,"['photography', 'business travelers', 'with pets']","['Wi-Fi', 'Luggage storage', 'Air conditioning', 'Room cleaning service', 'Safety deposit box', 'Television', 'Scenic rooms', 'Sunrise calls', 'Photography services/packages', 'High speed WiFi', 'Business center', 'Meeting rooms', 'Laundry service', 'Print machine', 'Pet-friendly', 'Pet rest area', 'Pet beds', 'Durable floors']",81.0,10.0,2.0,4
7,Munich,Germany,Munich Plaza Resort 7,"Munich Plaza Resort 7 is a 3-star hotel in Munich, Germany, offering Wi-Fi, Luggage storage, Air conditioning, Room cleaning service, Safety deposit box, Television, Women-only floors/rooms, Privacy-conscious check-in, 24-hour security, Surveillance cameras, Double locks on doors, Scenic rooms, Sunrise calls, Photography services/packages, Bathtubs/jacuzzis, Scenic rooms/villas, Spa. Average price is 187.0 USD per night. Enjoy comfortable stays with a rating of 9.2/5. The on-site restaurant is rated 5/5.","No. 456, Xingye Road, Tianhe District, Munich",11.497362540652928,48.12193832143241,"['solo women', 'photography', 'couples trip']","['Wi-Fi', 'Luggage storage', 'Air conditioning', 'Room cleaning service', 'Safety deposit box', 'Television', 'Women-only floors/rooms', 'Privacy-conscious check-in', '24-hour security', 'Surveillance cameras', 'Double locks on doors', 'Scenic rooms', 'Sunrise calls', 'Photography services/packages', 'Bathtubs/jacuzzis', 'Scenic rooms/villas', 'Spa']",187.0,9.2,3.0,5
8,Munich,Germany,Munich Palace Hotel 8,"Munich Palace Hotel 8 is a 3-star hotel in Munich, Germany, offering Wi-Fi, Luggage storage, Air conditioning, Room cleaning service, Safety deposit box, Television, Parking, 24-hour front desk, EV charging for electric vehicles, Scenic rooms, Sunrise calls, Photography services/packages, High speed WiFi, Business center, Meeting rooms, Laundry service, Print machine. Average price is 124.0 USD per night. Enjoy comfortable stays with a rating of 8.0/5. The on-site restaurant is rated 5/5.","373 Seaside Promenade, Chuo-ku, Munich",11.524855754339235,48.225635407116016,"['road trip', 'photography', 'business travelers']","['Wi-Fi', 'Luggage storage', 'Air conditioning', 'Room cleaning service', 'Safety deposit box', 'Television', 'Parking', '24-hour front desk', 'EV charging for electric vehicles', 'Scenic rooms', 'Sunrise calls', 'Photography services/packages', 'High speed WiFi', 'Business center', 'Meeting rooms', 'Laundry service', 'Print machine']",124.0,8.0,3.5,5
9,Munich,Germany,Munich View Suites 9,"Munich View Suites 9 is a 4-star hotel in Munich, Germany, offering Wi-Fi, Luggage storage, Air conditioning, Room cleaning service, Safety deposit box, Television, Parking, 24-hour front desk, EV charging for electric vehicles, Scenic rooms, Sunrise calls, Photography services/packages, Accessible entrances, Ramps/lifts, Accessible rooms/bathrooms, Braille/raised signage. Average price is 35.0 USD per night. Enjoy comfortable stays with a rating of 7.8/5. The on-site restaurant is rated 1/5.","658 Sakura Street, Naka Ward, Munich",11.642525049344684,48.20358626714411,"['road trip', 'photography', 'disabled traveler']","['Wi-Fi', 'Luggage storage', 'Air conditioning', 'Room cleaning service', 'Safety deposit box', 'Television', 'Parking', '24-hour front desk', 'EV charging for electric vehicles', 'Scenic rooms', 'Sunrise calls', 'Photography services/packages', 'Accessible entrances', 'Ramps/lifts', 'Accessible rooms/bathrooms', 'Braille/raised signage']",35.0,7.8,4.0,1
10,Munich,Germany,Alpine Views Palace Suites,"Alpine Views Palace Suites is a 4-star hotel in Munich, Germany, offering Wi-Fi, Luggage storage, Air conditioning, Room cleaning service, Safety deposit box, Television, Child-friendly rooms, Baby cots, Stroller storage, Diaper changing tables, Nursing rooms, Elevators, Bathroom grab bars, Medical contacts, Breakfast with dietary options, Accessible entrances, Ramps/lifts, Accessible rooms/bathrooms, Braille/raised signage. Average price is 52.0 USD per night. Enjoy comfortable stays with a rating of 6.8/5. The on-site restaurant is rated 3/5.","890 Siam Road, Munich",11.405510093160842,48.17346984189416,"['with children', 'elderly travelers', 'disabled traveler']","['Wi-Fi', 'Luggage storage', 'Air conditioning', 'Room cleaning service', 'Safety deposit box', 'Television', 'Child-friendly rooms', 'Baby cots', 'Stroller storage', 'Diaper changing tables', 'Nursing rooms', 'Elevators', 'Bathroom grab bars', 'Medical contacts', 'Breakfast with dietary options', 'Accessible entrances', 'Ramps/lifts', 'Accessible rooms/bathrooms', 'Braille/raised signage']",52.0,6.8,4.0,3
11,Munich,Germany,Munich Grand Inn 10,"Munich Grand Inn 10 is a 3-star hotel in Munich, Germany, offering Wi-Fi, Luggage storage, Air conditioning, Room cleaning service, Safety deposit box, Television, Women-only floors/rooms, Privacy-conscious check-in, 24-hour security, Surveillance cameras, Double locks on doors, Scenic rooms, Sunrise calls, Photography services/packages, Bathtubs/jacuzzis, Scenic rooms/villas, Spa. Average price is 31.0 USD per night. Enjoy comfortable stays with a rating of 10.0/5. The on-site restaurant is rated 3/5.","156 Queen's Road East, Munich",11.674558741169092,48.167982714843184,"['solo women', 'photography', 'couples trip']","['Wi-Fi', 'Luggage storage', 'Air conditioning', 'Room cleaning service', 'Safety deposit box', 'Television', 'Women-only floors/rooms', 'Privacy-conscious check-in', '24-hour security', 'Surveillance cameras', 'Double locks on doors', 'Scenic rooms', 'Sunrise calls', 'Photography services/packages', 'Bathtubs/jacuzzis', 'Scenic rooms/villas', 'Spa']",31.0,10.0,3.0,3
12,Munich,Germany,Munich Grand Resort 11,"Munich Grand Resort 11 is a 4-star hotel in Munich, Germany, offering Wi-Fi, Luggage storage, Air conditioning, Room cleaning service, Safety deposit box, Television, 24-hour front desk, Late room service, On-site bars, Rooftop lounges/nightclubs, Elevators, Bathroom grab bars, Medical contacts, Breakfast with dietary options, Spa, Gym, Premium bedding, Bar. Average price is 59.0 USD per night. Enjoy comfortable stays with a rating of 8.0/5. The on-site restaurant is rated 5/5.","275 Seogwipo Street, Munich",11.514968388596095,48.21955924852794,"['nightlife enthusiast', 'elderly travelers', 'luxury travelers']","['Wi-Fi', 'Luggage storage', 'Air conditioning', 'Room cleaning service', 'Safety deposit box', 'Television', '24-hour front desk', 'Late room service', 'On-site bars', 'Rooftop lounges/nightclubs', 'Elevators', 'Bathroom grab bars', 'Medical contacts', 'Breakfast with dietary options', 'Spa', 'Gym', 'Premium bedding', 'Bar']",59.0,8.0,4.0,5
13,Munich,Germany,Munich Garden Hotel 12,"Munich Garden Hotel 12 is a 5-star hotel in Munich, Germany, offering Wi-Fi, Luggage storage, Air conditioning, Room cleaning service, Safety deposit box, Television, Child-friendly rooms, Baby cots, Stroller storage, Diaper changing tables, Nursing rooms, 24-hour front desk, Late room service, On-site bars, Rooftop lounges/nightclubs, Pet-friendly, Pet rest area, Pet beds, Durable floors. Average price is 221.0 USD per night. Enjoy comfortable stays with a rating of 9.6/5. The on-site restaurant is rated 5/5.","No. 456, Zhongshan Road, Munich",11.482594597800912,48.13423189556003,"['with children', 'nightlife enthusiast', 'with pets']","['Wi-Fi', 'Luggage storage', 'Air conditioning', 'Room cleaning service', 'Safety deposit box', 'Television', 'Child-friendly rooms', 'Baby cots', 'Stroller storage', 'Diaper changing tables', 'Nursing rooms', '24-hour front desk', 'Late room service', 'On-site bars', 'Rooftop lounges/nightclubs', 'Pet-friendly', 'Pet rest area', 'Pet beds', 'Durable floors']",221.0,9.6,5.0,5
14,Munich,Germany,Munich Resort Suites 13,"Munich Resort Suites 13 is a 3-star hotel in Munich, Germany, offering Wi-Fi, Luggage storage, Air conditioning, Room cleaning service, Safety deposit box, Television, Parking, 24-hour front desk, EV charging for electric vehicles, Free Wi-Fi, Communal kitchens, Laundry, Lockers, Women-only floors/rooms, Privacy-conscious check-in, 24-hour security, Surveillance cameras, Double locks on doors. Average price is 180.0 USD per night. Enjoy comfortable stays with a rating of 9.0/5. The on-site restaurant is rated 3/5.","815-1, Gukje-gil, Seo-gu, Munich",11.542094320036988,48.16064160965104,"['road trip', 'fast-paced budget travel', 'solo women']","['Wi-Fi', 'Luggage storage', 'Air conditioning', 'Room cleaning service', 'Safety deposit box', 'Television', 'Parking', '24-hour front desk', 'EV charging for electric vehicles', 'Free Wi-Fi', 'Communal kitchens', 'Laundry', 'Lockers', 'Women-only floors/rooms', 'Privacy-conscious check-in', '24-hour security', 'Surveillance cameras', 'Double locks on doors']",180.0,9.0,3.0,3
15,Munich,Germany,Munich Boutique Suites 14,"Munich Boutique Suites 14 is a 4-star hotel in Munich, Germany, offering Wi-Fi, Luggage storage, Air conditioning, Room cleaning service, Safety deposit box, Television, 24-hour front desk, Late room service, On-site bars, Rooftop lounges/nightclubs, Scenic rooms, Sunrise calls, Photography services/packages, Bathtubs/jacuzzis, Scenic rooms/villas, Spa. Average price is 89.0 USD per night. Enjoy comfortable stays with a rating of 8.8/5. The on-site restaurant is rated 5/5.","484/10 Sukhumvit Road, Khlong Toei District, Munich",11.555314192256704,48.16064160965104,"['nightlife enthusiast', 'photography', 'couples trip']","['Wi-Fi', 'Luggage storage', 'Air conditioning', 'Room cleaning service', 'Safety deposit box', 'Television', '24-hour front desk', 'Late room service', 'On-site bars', 'Rooftop lounges/nightclubs', 'Scenic rooms', 'Sunrise calls', 'Photography services/packages', 'Bathtubs/jacuzzis', 'Scenic rooms/villas', 'Spa']",89.0,8.8,4.0,5
16,Munich,Germany,Munich Palace Hotel 15,"Munich Palace Hotel 15 is a 3-star hotel in Munich, Germany, offering Wi-Fi, Luggage storage, Air conditioning, Room cleaning service, Safety deposit box, Television, Parking, 24-hour front desk, EV charging for electric vehicles, Scenic rooms, Sunrise calls, Photography services/packages, Women-only floors/rooms, Privacy-conscious check-in, 24-hour security, Surveillance cameras, Double locks on doors. Average price is 124.0 USD per night. Enjoy comfortable stays with a rating of 8.6/5. The on-site restaurant is rated 5/5.","No. 456, Liberation Road, Munich",11.482651118708356,48.119413270540015,"['road trip', 'photography', 'solo women']","['Wi-Fi', 'Luggage storage', 'Air conditioning', 'Room cleaning service', 'Safety deposit box', 'Television', 'Parking', '24-hour front desk', 'EV charging for electric vehicles', 'Scenic rooms', 'Sunrise calls', 'Photography services/packages', 'Women-only floors/rooms', 'Privacy-conscious check-in', '24-hour security', 'Surveillance cameras', 'Double locks on doors']",124.0,8.6,3.0,5
17,Munich,Germany,Munich Boutique Suites 16,"Munich Boutique Suites 16 is a 3-star hotel in Munich, Germany, offering Wi-Fi, Luggage storage, Air conditioning, Room cleaning service, Safety deposit box, Television, Accessible entrances, Ramps/lifts, Accessible rooms/bathrooms, Braille/raised signage, 24-hour front desk, Late room service, On-site bars, Rooftop lounges/nightclubs, Spa, Gym, Premium bedding, Bar. Average price is 126.0 USD per night. Enjoy comfortable stays with a rating of 9.4/5. The on-site restaurant is rated 5/5.","No. 456, Xilin Mountain Road, Munich",11.679436201953044,48.1960047781325,"['disabled traveler', 'nightlife enthusiast', 'luxury travelers']","['Wi-Fi', 'Luggage storage', 'Air conditioning', 'Room cleaning service', 'Safety deposit box', 'Television', 'Accessible entrances', 'Ramps/lifts', 'Accessible rooms/bathrooms', 'Braille/raised signage', '24-hour front desk', 'Late room service', 'On-site bars', 'Rooftop lounges/nightclubs', 'Spa', 'Gym', 'Premium bedding', 'Bar']",126.0,9.4,3.0,5
18,Munich,Germany,Munich River Garden Resort,"Munich River Garden Resort is a 3-star hotel in Munich, Germany, offering Wi-Fi, Luggage storage, Air conditioning, Room cleaning service, Safety deposit box, Television, Child-friendly rooms, Baby cots, Stroller storage, Diaper changing tables, Nursing rooms, Parking, 24-hour front desk, EV charging for electric vehicles, Free Wi-Fi, Communal kitchens, Laundry, Lockers. Average price is 74.0 USD per night. Enjoy comfortable stays with a rating of 8.8/5. The on-site restaurant is rated 5/5.","883 Shinjuku Sky Park, Shinjuku, Munich",11.6692706842181,48.21158797263506,"['with children', 'road trip', 'fast-paced budget travel']","['Wi-Fi', 'Luggage storage', 'Air conditioning', 'Room cleaning service', 'Safety deposit box', 'Television', 'Child-friendly rooms', 'Baby cots', 'Stroller storage', 'Diaper changing tables', 'Nursing rooms', 'Parking', '24-hour front desk', 'EV charging for electric vehicles', 'Free Wi-Fi', 'Communal kitchens', 'Laundry', 'Lockers']",74.0,8.8,3.5,5
19,Munich,Germany,Munich Deluxe Inn 17,"Munich Deluxe Inn 17 is a 5-star hotel in Munich, Germany, offering Wi-Fi, Luggage storage, Air conditioning, Room cleaning service, Safety deposit box, Television, Scenic rooms, Sunrise calls, Photography services/packages, Pet-friendly, Pet rest area, Pet beds, Durable floors, Spa, Gym, Premium bedding, Bar. Average price is 421.0 USD per night. Enjoy comfortable stays with a rating of 9.6/5. The on-site restaurant is rated 5/5.","No. 456 Green Valley Road, Munich",11.404135188656817,48.16328445717891,"['photography', 'with pets', 'luxury travelers']","['Wi-Fi', 'Luggage storage', 'Air conditioning', 'Room cleaning service', 'Safety deposit box', 'Television', 'Scenic rooms', 'Sunrise calls', 'Photography services/packages', 'Pet-friendly', 'Pet rest area', 'Pet beds', 'Durable floors', 'Spa', 'Gym', 'Premium bedding', 'Bar']",421.0,9.6,5.0,5
20,Munich,Germany,Munich Inn Hotel 18,"Munich Inn Hotel 18 is a 4-star hotel in Munich, Germany, offering Wi-Fi, Luggage storage, Air conditioning, Room cleaning service, Safety deposit box, Television, Women-only floors/rooms, Privacy-conscious check-in, 24-hour security, Surveillance cameras, Double locks on doors, Elevators, Bathroom grab bars, Medical contacts, Breakfast with dietary options, High speed WiFi, Business center, Meeting rooms, Laundry service, Print machine. Average price is 49.0 USD per night. Enjoy comfortable stays with a rating of 7.6/5. The on-site restaurant is rated 1/5.","851 Kanda Street, Nakamura Ward, Munich",11.70141396793664,48.16161237529583,"['solo women', 'elderly travelers', 'business travelers']","['Wi-Fi', 'Luggage storage', 'Air conditioning', 'Room cleaning service', 'Safety deposit box', 'Television', 'Women-only floors/rooms', 'Privacy-conscious check-in', '24-hour security', 'Surveillance cameras', 'Double locks on doors', 'Elevators', 'Bathroom grab bars', 'Medical contacts', 'Breakfast with dietary options', 'High speed WiFi', 'Business center', 'Meeting rooms', 'Laundry service', 'Print machine']",49.0,7.6,4.0,1
21,Munich,Germany,Munich Sky Inn 19,"Munich Sky Inn 19 is a 3-star hotel in Munich, Germany, offering Wi-Fi, Luggage storage, Air conditioning, Room cleaning service, Safety deposit box, Television, Child-friendly rooms, Baby cots, Stroller storage, Diaper changing tables, Nursing rooms, Free Wi-Fi, Communal kitchens, Laundry, Lockers, Bathtubs/jacuzzis, Scenic rooms/villas, Spa. Average price is 69.0 USD per night. Enjoy comfortable stays with a rating of 7.6/5. The on-site restaurant is rated 5/5.","704 Tanjong Pagar Road, Munich",11.41848900991889,48.15526626665625,"['with children', 'fast-paced budget travel', 'couples trip']","['Wi-Fi', 'Luggage storage', 'Air conditioning', 'Room cleaning service', 'Safety deposit box', 'Television', 'Child-friendly rooms', 'Baby cots', 'Stroller storage', 'Diaper changing tables', 'Nursing rooms', 'Free Wi-Fi', 'Communal kitchens', 'Laundry', 'Lockers', 'Bathtubs/jacuzzis', 'Scenic rooms/villas', 'Spa']",69.0,7.6,3.5,5
22,Munich,Germany,Munich Suites Resort 20,"Munich Suites Resort 20 is a 4-star hotel in Munich, Germany, offering Wi-Fi, Luggage storage, Air conditioning, Room cleaning service, Safety deposit box, Television, Free Wi-Fi, Communal kitchens, Laundry, Lockers, Elevators, Bathroom grab bars, Medical contacts, Breakfast with dietary options, Bathtubs/jacuzzis, Scenic rooms/villas, Spa. Average price is 44.0 USD per night. Enjoy comfortable stays with a rating of 7.8/5. The on-site restaurant is rated 4/5.","No. 56, Xizhimen Street, Munich",11.663768878326575,48.16258201392712,"['fast-paced budget travel', 'elderly travelers', 'couples trip']","['Wi-Fi', 'Luggage storage', 'Air conditioning', 'Room cleaning service', 'Safety deposit box', 'Television', 'Free Wi-Fi', 'Communal kitchens', 'Laundry', 'Lockers', 'Elevators', 'Bathroom grab bars', 'Medical contacts', 'Breakfast with dietary options', 'Bathtubs/jacuzzis', 'Scenic rooms/villas', 'Spa']",44.0,7.8,4.0,4
23,Munich,Germany,Munich Grand Inn 21,"Munich Grand Inn 21 is a 5-star hotel in Munich, Germany, offering Wi-Fi, Luggage storage, Air conditioning, Room cleaning service, Safety deposit box, Television, Child-friendly rooms, Baby cots, Stroller storage, Diaper changing tables, Nursing rooms, Elevators, Bathroom grab bars, Medical contacts, Breakfast with dietary options, High speed WiFi, Business center, Meeting rooms, Laundry service, Print machine. Average price is 132.0 USD per night. Enjoy comfortable stays with a rating of 9.4/5. The on-site restaurant is rated 5/5.","342 Beachside Lane, Munich",11.514968388596095,48.20554388499473,"['with children', 'elderly travelers', 'business travelers']","['Wi-Fi', 'Luggage storage', 'Air conditioning', 'Room cleaning service', 'Safety deposit box', 'Television', 'Child-friendly rooms', 'Baby cots', 'Stroller storage', 'Diaper changing tables', 'Nursing rooms', 'Elevators', 'Bathroom grab bars', 'Medical contacts', 'Breakfast with dietary options', 'High speed WiFi', 'Business center', 'Meeting rooms', 'Laundry service', 'Print machine']",132.0,9.4,5.0,5
24,Munich,Germany,Munich Sky Resort 22,"Munich Sky Resort 22 is a 4-star hotel in Munich, Germany, offering Wi-Fi, Luggage storage, Air conditioning, Room cleaning service, Safety deposit box, Television, Scenic rooms, Sunrise calls, Photography services/packages, Spa, Gym, Premium bedding, Bar, Pet-friendly, Pet rest area, Pet beds, Durable floors. Average price is 61.0 USD per night. Enjoy comfortable stays with a rating of 8.6/5. The on-site restaurant is rated 5/5.","298 Sathorn Road, Samudwong District, Munich",11.464143983874092,48.133359392199935,"['photography', 'luxury travelers', 'with pets']","['Wi-Fi', 'Luggage storage', 'Air conditioning', 'Room cleaning service', 'Safety deposit box', 'Television', 'Scenic rooms', 'Sunrise calls', 'Photography services/packages', 'Spa', 'Gym', 'Premium bedding', 'Bar', 'Pet-friendly', 'Pet rest area', 'Pet beds', 'Durable floors']",61.0,8.6,4.0,5
25,Munich,Germany,Munich Grand Hotel 23,"Munich Grand Hotel 23 is a 3-star hotel in Munich, Germany, offering Wi-Fi, Luggage storage, Air conditioning, Room cleaning service, Safety deposit box, Television, Parking, 24-hour front desk, EV charging for electric vehicles, Accessible entrances, Ramps/lifts, Accessible rooms/bathrooms, Braille/raised signage, Spa, Gym, Premium bedding, Bar. Average price is 109.0 USD per night. Enjoy comfortable stays with a rating of 9.0/5. The on-site restaurant is rated 4/5.","407-876 Kitahama Street, Munich",11.467995942477575,48.08641731300124,"['road trip', 'disabled traveler', 'luxury travelers']","['Wi-Fi', 'Luggage storage', 'Air conditioning', 'Room cleaning service', 'Safety deposit box', 'Television', 'Parking', '24-hour front desk', 'EV charging for electric vehicles', 'Accessible entrances', 'Ramps/lifts', 'Accessible rooms/bathrooms', 'Braille/raised signage', 'Spa', 'Gym', 'Premium bedding', 'Bar']",109.0,9.0,3.5,4
26,Munich,Germany,Munich Resort Hotel 24,"Munich Resort Hotel 24 is a 5-star hotel in Munich, Germany, offering Wi-Fi, Luggage storage, Air conditioning, Room cleaning service, Safety deposit box, Television, Parking, 24-hour front desk, EV charging for electric vehicles, Late room service, On-site bars, Rooftop lounges/nightclubs, Women-only floors/rooms, Privacy-conscious check-in, 24-hour security, Surveillance cameras, Double locks on doors. Average price is 156.0 USD per night. Enjoy comfortable stays with a rating of 9.0/5. The on-site restaurant is rated 5/5.","430 Seaside Promenade, Munich",11.642525049344684,48.141567827991445,"['road trip', 'nightlife enthusiast', 'solo women']","['Wi-Fi', 'Luggage storage', 'Air conditioning', 'Room cleaning service', 'Safety deposit box', 'Television', 'Parking', '24-hour front desk', 'EV charging for electric vehicles', 'Late room service', 'On-site bars', 'Rooftop lounges/nightclubs', 'Women-only floors/rooms', 'Privacy-conscious check-in', '24-hour security', 'Surveillance cameras', 'Double locks on doors']",156.0,9.0,5.0,5
27,Munich,Germany,Munich Deluxe Hotel 25,"Munich Deluxe Hotel 25 is a 3-star hotel in Munich, Germany, offering Wi-Fi, Luggage storage, Air conditioning, Room cleaning service, Safety deposit box, Television, Women-only floors/rooms, Privacy-conscious check-in, 24-hour security, Surveillance cameras, Double locks on doors, Pet-friendly, Pet rest area, Pet beds, Durable floors, Accessible entrances, Ramps/lifts, Accessible rooms/bathrooms, Braille/raised signage. Average price is 141.0 USD per night. Enjoy comfortable stays with a rating of 9.2/5. The on-site restaurant is rated 5/5.","596 Shiroiwa Street, Munich",11.562229458517317,48.18840762691542,"['solo women', 'with pets', 'disabled traveler']","['Wi-Fi', 'Luggage storage', 'Air conditioning', 'Room cleaning service', 'Safety deposit box', 'Television', 'Women-only floors/rooms', 'Privacy-conscious check-in', '24-hour security', 'Surveillance cameras', 'Double locks on doors', 'Pet-friendly', 'Pet rest area', 'Pet beds', 'Durable floors', 'Accessible entrances', 'Ramps/lifts', 'Accessible rooms/bathrooms', 'Braille/raised signage']",141.0,9.2,3.5,5
28,Munich,Germany,Munich Central Resort 26,"Munich Central Resort 26 is a 2-star hotel in Munich, Germany, offering Wi-Fi, Luggage storage, Air conditioning, Room cleaning service, Safety deposit box, Television, Child-friendly rooms, Baby cots, Stroller storage, Diaper changing tables, Nursing rooms, Parking, 24-hour front desk, EV charging for electric vehicles, High speed WiFi, Business center, Meeting rooms, Laundry service, Print machine. Average price is 224.0 USD per night. Enjoy comfortable stays with a rating of 7.8/5. The on-site restaurant is rated 1/5.","716 Suthep Road, Munich",11.675268169180134,48.225635407116016,"['with children', 'road trip', 'business travelers']","['Wi-Fi', 'Luggage storage', 'Air conditioning', 'Room cleaning service', 'Safety deposit box', 'Television', 'Child-friendly rooms', 'Baby cots', 'Stroller storage', 'Diaper changing tables', 'Nursing rooms', 'Parking', '24-hour front desk', 'EV charging for electric vehicles', 'High speed WiFi', 'Business center', 'Meeting rooms', 'Laundry service', 'Print machine']",224.0,7.8,2.0,1
29,Munich,Germany,Munich Central Resort 27,"Munich Central Resort 27 is a 4-star hotel in Munich, Germany, offering Wi-Fi, Luggage storage, Air conditioning, Room cleaning service, Safety deposit box, Television, Parking, 24-hour front desk, EV charging for electric vehicles, Spa, Gym, Premium bedding, Bar, Accessible entrances, Ramps/lifts, Accessible rooms/bathrooms, Braille/raised signage. Average price is 75.0 USD per night. Enjoy comfortable stays with a rating of 8.6/5. The on-site restaurant is rated 5/5.","449 Rachadaphisek Road, Pathumwan, Munich",11.417456171408908,48.178311083770666,"['road trip', 'luxury travelers', 'disabled traveler']","['Wi-Fi', 'Luggage storage', 'Air conditioning', 'Room cleaning service', 'Safety deposit box', 'Television', 'Parking', '24-hour front desk', 'EV charging for electric vehicles', 'Spa', 'Gym', 'Premium bedding', 'Bar', 'Accessible entrances', 'Ramps/lifts', 'Accessible rooms/bathrooms', 'Braille/raised signage']",75.0,8.6,4.5,5
30,Munich,Germany,Bavarian Garden Resort Munich,"Bavarian Garden Resort Munich is a 3-star hotel in Munich, Germany, offering Wi-Fi, Luggage storage, Air conditioning, Room cleaning service, Safety deposit box, Television, Elevators, Bathroom grab bars, Medical contacts, Breakfast with dietary options, Bathtubs/jacuzzis, Scenic rooms/villas, Spa, Accessible entrances, Ramps/lifts, Accessible rooms/bathrooms, Braille/raised signage. Average price is 43.0 USD per night. Enjoy comfortable stays with a rating of 7.6/5. The on-site restaurant is rated 4/5.","342 Beachside Lane, Munich",11.593583201248396,48.12418860899376,"['elderly travelers', 'couples trip', 'disabled traveler']","['Wi-Fi', 'Luggage storage', 'Air conditioning', 'Room cleaning service', 'Safety deposit box', 'Television', 'Elevators', 'Bathroom grab bars', 'Medical contacts', 'Breakfast with dietary options', 'Bathtubs/jacuzzis', 'Scenic rooms/villas', 'Spa', 'Accessible entrances', 'Ramps/lifts', 'Accessible rooms/bathrooms', 'Braille/raised signage']",43.0,7.6,3.0,4
31,Munich,Germany,Alpine Lakes Resort & Spa,"Alpine Lakes Resort & Spa is a 3-star hotel in Munich, Germany, offering Wi-Fi, Luggage storage, Air conditioning, Room cleaning service, Safety deposit box, Television, Free Wi-Fi, Communal kitchens, Laundry, Lockers, High speed WiFi, Business center, Meeting rooms, Laundry service, Print machine, Accessible entrances, Ramps/lifts, Accessible rooms/bathrooms, Braille/raised signage. Average price is 90.0 USD per night. Enjoy comfortable stays with a rating of 9.2/5. The on-site restaurant is rated 1/5.","890 Siam Road, Munich",11.59538565458532,48.17521785198447,"['fast-paced budget travel', 'business travelers', 'disabled traveler']","['Wi-Fi', 'Luggage storage', 'Air conditioning', 'Room cleaning service', 'Safety deposit box', 'Television', 'Free Wi-Fi', 'Communal kitchens', 'Laundry', 'Lockers', 'High speed WiFi', 'Business center', 'Meeting rooms', 'Laundry service', 'Print machine', 'Accessible entrances', 'Ramps/lifts', 'Accessible rooms/bathrooms', 'Braille/raised signage']",90.0,9.2,3.0,1
32,Munich,Germany,Munich Plaza Suites 28,"Munich Plaza Suites 28 is a 5-star hotel in Munich, Germany, offering Wi-Fi, Luggage storage, Air conditioning, Room cleaning service, Safety deposit box, Television, Free Wi-Fi, Communal kitchens, Laundry, Lockers, High speed WiFi, Business center, Meeting rooms, Laundry service, Print machine, Spa, Gym, Premium bedding, Bar. Average price is 167.0 USD per night. Enjoy comfortable stays with a rating of 6.0/5. The on-site restaurant is rated 5/5.","916-11-11 Kudanshita, Shinjuku City, Munich",11.62205977911476,48.14025499070639,"['fast-paced budget travel', 'business travelers', 'luxury travelers']","['Wi-Fi', 'Luggage storage', 'Air conditioning', 'Room cleaning service', 'Safety deposit box', 'Television', 'Free Wi-Fi', 'Communal kitchens', 'Laundry', 'Lockers', 'High speed WiFi', 'Business center', 'Meeting rooms', 'Laundry service', 'Print machine', 'Spa', 'Gym', 'Premium bedding', 'Bar']",167.0,6.0,5.0,5
33,Munich,Germany,Munich Resort Hotel 29,"Munich Resort Hotel 29 is a 4-star hotel in Munich, Germany, offering Wi-Fi, Luggage storage, Air conditioning, Room cleaning service, Safety deposit box, Television, Women-only floors/rooms, Privacy-conscious check-in, 24-hour security, Surveillance cameras, Double locks on doors, Scenic rooms, Sunrise calls, Photography services/packages, Spa, Gym, Premium bedding, Bar. Average price is 149.0 USD per night. Enjoy comfortable stays with a rating of 9.4/5. The on-site restaurant is rated 5/5.","No. 588, Xinghai Avenue, Munich",11.6090618107338,48.236711660131576,"['solo women', 'photography', 'luxury travelers']","['Wi-Fi', 'Luggage storage', 'Air conditioning', 'Room cleaning service', 'Safety deposit box', 'Television', 'Women-only floors/rooms', 'Privacy-conscious check-in', '24-hour security', 'Surveillance cameras', 'Double locks on doors', 'Scenic rooms', 'Sunrise calls', 'Photography services/packages', 'Spa', 'Gym', 'Premium bedding', 'Bar']",149.0,9.4,4.0,5
34,Munich,Germany,Alte Münchner Garden Resort,"Alte Münchner Garden Resort is a 3-star hotel in Munich, Germany, offering Wi-Fi, Luggage storage, Air conditioning, Room cleaning service, Safety deposit box, Television, 24-hour front desk, Late room service, On-site bars, Rooftop lounges/nightclubs, Elevators, Bathroom grab bars, Medical contacts, Breakfast with dietary options, Spa, Gym, Premium bedding, Bar. Average price is 188.0 USD per night. Enjoy comfortable stays with a rating of 7.4/5. The on-site restaurant is rated 4/5.","440-889 Kitahama, Munich",11.497362540652928,48.203050271424296,"['nightlife enthusiast', 'elderly travelers', 'luxury travelers']","['Wi-Fi', 'Luggage storage', 'Air conditioning', 'Room cleaning service', 'Safety deposit box', 'Television', '24-hour front desk', 'Late room service', 'On-site bars', 'Rooftop lounges/nightclubs', 'Elevators', 'Bathroom grab bars', 'Medical contacts', 'Breakfast with dietary options', 'Spa', 'Gym', 'Premium bedding', 'Bar']",188.0,7.4,3.0,4
35,Munich,Germany,Munich View Suites 30,"Munich View Suites 30 is a 4-star hotel in Munich, Germany, offering Wi-Fi, Luggage storage, Air conditioning, Room cleaning service, Safety deposit box, Television, Scenic rooms, Sunrise calls, Photography services/packages, Free Wi-Fi, Communal kitchens, Laundry, Lockers, Bathtubs/jacuzzis, Scenic rooms/villas, Spa. Average price is 99.0 USD per night. Enjoy comfortable stays with a rating of 8.0/5. The on-site restaurant is rated 5/5.","708 Shuri Street, Naha City, Munich",11.59538565458532,48.155053556429785,"['photography', 'fast-paced budget travel', 'couples trip']","['Wi-Fi', 'Luggage storage', 'Air conditioning', 'Room cleaning service', 'Safety deposit box', 'Television', 'Scenic rooms', 'Sunrise calls', 'Photography services/packages', 'Free Wi-Fi', 'Communal kitchens', 'Laundry', 'Lockers', 'Bathtubs/jacuzzis', 'Scenic rooms/villas', 'Spa']",99.0,8.0,4.0,5
36,Munich,Germany,Munich Suites Inn 31,"Munich Suites Inn 31 is a 4-star hotel in Munich, Germany, offering Wi-Fi, Luggage storage, Air conditioning, Room cleaning service, Safety deposit box, Television, Spa, Gym, Premium bedding, Bar, Bathtubs/jacuzzis, Scenic rooms/villas, Pet-friendly, Pet rest area, Pet beds, Durable floors. Average price is 207.0 USD per night. Enjoy comfortable stays with a rating of 9.2/5. The on-site restaurant is rated 5/5.","890 Siam Road, Munich",11.652092605169294,48.15526626665625,"['luxury travelers', 'couples trip', 'with pets']","['Wi-Fi', 'Luggage storage', 'Air conditioning', 'Room cleaning service', 'Safety deposit box', 'Television', 'Spa', 'Gym', 'Premium bedding', 'Bar', 'Bathtubs/jacuzzis', 'Scenic rooms/villas', 'Pet-friendly', 'Pet rest area', 'Pet beds', 'Durable floors']",207.0,9.2,4.0,5
37,Munich,Germany,Munich Plaza Suites 32,"Munich Plaza Suites 32 is a 4-star hotel in Munich, Germany, offering Wi-Fi, Luggage storage, Air conditioning, Room cleaning service, Safety deposit box, Television, Parking, 24-hour front desk, EV charging for electric vehicles, High speed WiFi, Business center, Meeting rooms, Laundry service, Print machine, Pet-friendly, Pet rest area, Pet beds, Durable floors. Average price is 178.0 USD per night. Enjoy comfortable stays with a rating of 8.4/5. The on-site restaurant is rated 5/5.","117-8901 Sapporo City, Nishi 1-chome, Munich",11.552947782489872,48.17444889609998,"['road trip', 'business travelers', 'with pets']","['Wi-Fi', 'Luggage storage', 'Air conditioning', 'Room cleaning service', 'Safety deposit box', 'Television', 'Parking', '24-hour front desk', 'EV charging for electric vehicles', 'High speed WiFi', 'Business center', 'Meeting rooms', 'Laundry service', 'Print machine', 'Pet-friendly', 'Pet rest area', 'Pet beds', 'Durable floors']",178.0,8.4,4.0,5
38,Munich,Germany,Alpine Skyview Garden Resort,"Alpine Skyview Garden Resort is a 2-star hotel in Munich, Germany, offering Wi-Fi, Luggage storage, Air conditioning, Room cleaning service, Safety deposit box, Television, Child-friendly rooms, Baby cots, Stroller storage, Diaper changing tables, Nursing rooms, Bathtubs/jacuzzis, Scenic rooms/villas, Spa, High speed WiFi, Business center, Meeting rooms, Laundry service, Print machine. Average price is 70.0 USD per night. Enjoy comfortable stays with a rating of 8.8/5. The on-site restaurant is rated 5/5.","378 Seogwipo Street, Munich",11.44470931634953,48.108649545833664,"['with children', 'couples trip', 'business travelers']","['Wi-Fi', 'Luggage storage', 'Air conditioning', 'Room cleaning service', 'Safety deposit box', 'Television', 'Child-friendly rooms', 'Baby cots', 'Stroller storage', 'Diaper changing tables', 'Nursing rooms', 'Bathtubs/jacuzzis', 'Scenic rooms/villas', 'Spa', 'High speed WiFi', 'Business center', 'Meeting rooms', 'Laundry service', 'Print machine']",70.0,8.8,2.5,5
39,Munich,Germany,Lindenview Manor Resort,"Lindenview Manor Resort is a 2-star hotel in Munich, Germany, offering Wi-Fi, Luggage storage, Air conditioning, Room cleaning service, Safety deposit box, Television, Parking, 24-hour front desk, EV charging for electric vehicles, Bathtubs/jacuzzis, Scenic rooms/villas, Spa, Pet-friendly, Pet rest area, Pet beds, Durable floors. Average price is 60.0 USD per night. Enjoy comfortable stays with a rating of 8.6/5. The on-site restaurant is rated 5/5.","No. 456, Zhongshan Road, Munich",11.639641157740044,48.15609613085638,"['road trip', 'couples trip', 'with pets']","['Wi-Fi', 'Luggage storage', 'Air conditioning', 'Room cleaning service', 'Safety deposit box', 'Television', 'Parking', '24-hour front desk', 'EV charging for electric vehicles', 'Bathtubs/jacuzzis', 'Scenic rooms/villas', 'Spa', 'Pet-friendly', 'Pet rest area', 'Pet beds', 'Durable floors']",60.0,8.6,2.5,5
40,Munich,Germany,Munich Deluxe Hotel 33,"Munich Deluxe Hotel 33 is a 5-star hotel in Munich, Germany, offering Wi-Fi, Luggage storage, Air conditioning, Room cleaning service, Safety deposit box, Television, Women-only floors/rooms, Privacy-conscious check-in, 24-hour security, Surveillance cameras, Double locks on doors, Parking, 24-hour front desk, EV charging for electric vehicles, Bathtubs/jacuzzis, Scenic rooms/villas, Spa. Average price is 164.0 USD per night. Enjoy comfortable stays with a rating of 8.4/5. The on-site restaurant is rated 5/5.","440 Sakura-dori, Naka-ku, Munich",11.628243044028098,48.130486749426815,"['solo women', 'road trip', 'couples trip']","['Wi-Fi', 'Luggage storage', 'Air conditioning', 'Room cleaning service', 'Safety deposit box', 'Television', 'Women-only floors/rooms', 'Privacy-conscious check-in', '24-hour security', 'Surveillance cameras', 'Double locks on doors', 'Parking', '24-hour front desk', 'EV charging for electric vehicles', 'Bathtubs/jacuzzis', 'Scenic rooms/villas', 'Spa']",164.0,8.4,5.0,5
41,Munich,Germany,Munich Deluxe Suites 34,"Munich Deluxe Suites 34 is a 3-star hotel in Munich, Germany, offering Wi-Fi, Luggage storage, Air conditioning, Room cleaning service, Safety deposit box, Television, Accessible entrances, Ramps/lifts, Accessible rooms/bathrooms, Braille/raised signage, Spa, Gym, Premium bedding, Bar, Pet-friendly, Pet rest area, Pet beds, Durable floors. Average price is 36.0 USD per night. Enjoy comfortable stays with a rating of 10.0/5. The on-site restaurant is rated 5/5.","342 Beachside Lane, Munich",11.371730061653908,48.15750302772616,"['disabled traveler', 'luxury travelers', 'with pets']","['Wi-Fi', 'Luggage storage', 'Air conditioning', 'Room cleaning service', 'Safety deposit box', 'Television', 'Accessible entrances', 'Ramps/lifts', 'Accessible rooms/bathrooms', 'Braille/raised signage', 'Spa', 'Gym', 'Premium bedding', 'Bar', 'Pet-friendly', 'Pet rest area', 'Pet beds', 'Durable floors']",36.0,10.0,3.0,5
42,Munich,Germany,Munich Sunrise Resort 35,"Munich Sunrise Resort 35 is a 4-star hotel in Munich, Germany, offering Wi-Fi, Luggage storage, Air conditioning, Room cleaning service, Safety deposit box, Television, Parking, 24-hour front desk, EV charging for electric vehicles, Late room service, On-site bars, Rooftop lounges/nightclubs, Spa, Gym, Premium bedding, Bar. Average price is 95.0 USD per night. Enjoy comfortable stays with a rating of 8.8/5. The on-site restaurant is rated 5/5.","465 Sakura Street, Naka-ku, Munich",11.525119507323216,48.12418860899376,"['road trip', 'nightlife enthusiast', 'luxury travelers']","['Wi-Fi', 'Luggage storage', 'Air conditioning', 'Room cleaning service', 'Safety deposit box', 'Television', 'Parking', '24-hour front desk', 'EV charging for electric vehicles', 'Late room service', 'On-site bars', 'Rooftop lounges/nightclubs', 'Spa', 'Gym', 'Premium bedding', 'Bar']",95.0,8.8,4.0,5
43,Munich,Germany,Munich Royal Resort 36,"Munich Royal Resort 36 is a 4-star hotel in Munich, Germany, offering Wi-Fi, Luggage storage, Air conditioning, Room cleaning service, Safety deposit box, Television, Women-only floors/rooms, Privacy-conscious check-in, 24-hour security, Surveillance cameras, Double locks on doors, Elevators, Bathroom grab bars, Medical contacts, Breakfast with dietary options, Accessible entrances, Ramps/lifts, Accessible rooms/bathrooms, Braille/raised signage. Average price is 70.0 USD per night. Enjoy comfortable stays with a rating of 8.4/5. The on-site restaurant is rated 5/5.","704 Tanjong Pagar Road, Munich",11.423700415956166,48.20671315442839,"['solo women', 'elderly travelers', 'disabled traveler']","['Wi-Fi', 'Luggage storage', 'Air conditioning', 'Room cleaning service', 'Safety deposit box', 'Television', 'Women-only floors/rooms', 'Privacy-conscious check-in', '24-hour security', 'Surveillance cameras', 'Double locks on doors', 'Elevators', 'Bathroom grab bars', 'Medical contacts', 'Breakfast with dietary options', 'Accessible entrances', 'Ramps/lifts', 'Accessible rooms/bathrooms', 'Braille/raised signage']",70.0,8.4,4.0,5
44,Munich,Germany,Munich Plaza Inn 37,"Munich Plaza Inn 37 is a 3-star hotel in Munich, Germany, offering Wi-Fi, Luggage storage, Air conditioning, Room cleaning service, Safety deposit box, Television, Child-friendly rooms, Baby cots, Stroller storage, Diaper changing tables, Nursing rooms, Free Wi-Fi, Communal kitchens, Laundry, Lockers, Bathtubs/jacuzzis, Scenic rooms/villas, Spa. Average price is 42.0 USD per night. Enjoy comfortable stays with a rating of 9.0/5. The on-site restaurant is rated 5/5.","No. 456, Xingang Road, Munich",11.642525049344684,48.11034669512855,"['with children', 'fast-paced budget travel', 'couples trip']","['Wi-Fi', 'Luggage storage', 'Air conditioning', 'Room cleaning service', 'Safety deposit box', 'Television', 'Child-friendly rooms', 'Baby cots', 'Stroller storage', 'Diaper changing tables', 'Nursing rooms', 'Free Wi-Fi', 'Communal kitchens', 'Laundry', 'Lockers', 'Bathtubs/jacuzzis', 'Scenic rooms/villas', 'Spa']",42.0,9.0,3.5,5
45,Munich,Germany,Alte Posthof Garden Resort,"Alte Posthof Garden Resort is a 5-star hotel in Munich, Germany, offering Wi-Fi, Luggage storage, Air conditioning, Room cleaning service, Safety deposit box, Television, Free Wi-Fi, Communal kitchens, Laundry, Lockers, High speed WiFi, Business center, Meeting rooms, Laundry service, Print machine, Spa, Gym, Premium bedding, Bar. Average price is 222.0 USD per night. Enjoy comfortable stays with a rating of 8.4/5. The on-site restaurant is rated 5/5.","704 Tanjong Pagar Road, Munich",11.41799290517625,48.20392991116601,"['fast-paced budget travel', 'business travelers', 'luxury travelers']","['Wi-Fi', 'Luggage storage', 'Air conditioning', 'Room cleaning service', 'Safety deposit box', 'Television', 'Free Wi-Fi', 'Communal kitchens', 'Laundry', 'Lockers', 'High speed WiFi', 'Business center', 'Meeting rooms', 'Laundry service', 'Print machine', 'Spa', 'Gym', 'Premium bedding', 'Bar']",222.0,8.4,5.0,5
46,Munich,Germany,Munich Deluxe Resort 38,"Munich Deluxe Resort 38 is a 2-star hotel in Munich, Germany, offering Wi-Fi, Luggage storage, Air conditioning, Room cleaning service, Safety deposit box, Television, 24-hour front desk, Late room service, On-site bars, Rooftop lounges/nightclubs, Free Wi-Fi, Communal kitchens, Laundry, Lockers, Bathtubs/jacuzzis, Scenic rooms/villas, Spa. Average price is 60.0 USD per night. Enjoy comfortable stays with a rating of 9.0/5. The on-site restaurant is rated 3/5.","723 Saphan Lom Road, Munich",11.705973848185574,48.092984274826826,"['nightlife enthusiast', 'fast-paced budget travel', 'couples trip']","['Wi-Fi', 'Luggage storage', 'Air conditioning', 'Room cleaning service', 'Safety deposit box', 'Television', '24-hour front desk', 'Late room service', 'On-site bars', 'Rooftop lounges/nightclubs', 'Free Wi-Fi', 'Communal kitchens', 'Laundry', 'Lockers', 'Bathtubs/jacuzzis', 'Scenic rooms/villas', 'Spa']",60.0,9.0,2.0,3
47,Munich,Germany,Munich Sunrise Inn 39,"Munich Sunrise Inn 39 is a 3-star hotel in Munich, Germany, offering Wi-Fi, Luggage storage, Air conditioning, Room cleaning service, Safety deposit box, Television, Parking, 24-hour front desk, EV charging for electric vehicles, High speed WiFi, Business center, Meeting rooms, Laundry service, Print machine, Pet-friendly, Pet rest area, Pet beds, Durable floors. Average price is 53.0 USD per night. Enjoy comfortable stays with a rating of 8.8/5. The on-site restaurant is rated 5/5.","702-12-13 Shinjuku, Shinjuku City, Munich",11.49738211649716,48.198702546911306,"['road trip', 'business travelers', 'with pets']","['Wi-Fi', 'Luggage storage', 'Air conditioning', 'Room cleaning service', 'Safety deposit box', 'Television', 'Parking', '24-hour front desk', 'EV charging for electric vehicles', 'High speed WiFi', 'Business center', 'Meeting rooms', 'Laundry service', 'Print machine', 'Pet-friendly', 'Pet rest area', 'Pet beds', 'Durable floors']",53.0,8.8,3.0,5
48,Munich,Germany,Munich Inn Inn 40,"Munich Inn Inn 40 is a 3-star hotel in Munich, Germany, offering Wi-Fi, Luggage storage, Air conditioning, Room cleaning service, Safety deposit box, Television, Parking, 24-hour front desk, EV charging for electric vehicles, Free Wi-Fi, Communal kitchens, Laundry, Lockers, Women-only floors/rooms, Privacy-conscious check-in, 24-hour security, Surveillance cameras, Double locks on doors. Average price is 131.0 USD per night. Enjoy comfortable stays with a rating of 8.8/5. The on-site restaurant is rated 5/5.","328-8901 Sapporo City, Munich",11.578920256169615,48.15184228770816,"['road trip', 'fast-paced budget travel', 'solo women']","['Wi-Fi', 'Luggage storage', 'Air conditioning', 'Room cleaning service', 'Safety deposit box', 'Television', 'Parking', '24-hour front desk', 'EV charging for electric vehicles', 'Free Wi-Fi', 'Communal kitchens', 'Laundry', 'Lockers', 'Women-only floors/rooms', 'Privacy-conscious check-in', '24-hour security', 'Surveillance cameras', 'Double locks on doors']",131.0,8.8,3.0,5
49,Munich,Germany,Alpine Lakes Resort Palace,"Alpine Lakes Resort Palace is a 4-star hotel in Munich, Germany, offering Wi-Fi, Luggage storage, Air conditioning, Room cleaning service, Safety deposit box, Television, Free Wi-Fi, Communal kitchens, Laundry, Lockers, Elevators, Bathroom grab bars, Medical contacts, Breakfast with dietary options, Spa, Gym, Premium bedding, Bar. Average price is 106.0 USD per night. Enjoy comfortable stays with a rating of 9.4/5. The on-site restaurant is rated 4/5.","No. 456, Xingye Road, Tianhe District, Munich",11.468748664803195,48.16793226024303,"['fast-paced budget travel', 'elderly travelers', 'luxury travelers']","['Wi-Fi', 'Luggage storage', 'Air conditioning', 'Room cleaning service', 'Safety deposit box', 'Television', 'Free Wi-Fi', 'Communal kitchens', 'Laundry', 'Lockers', 'Elevators', 'Bathroom grab bars', 'Medical contacts', 'Breakfast with dietary options', 'Spa', 'Gym', 'Premium bedding', 'Bar']",106.0,9.4,4.0,4
50,Munich,Germany,Munich Deluxe Suites 41,"Munich Deluxe Suites 41 is a 3-star hotel in Munich, Germany, offering Wi-Fi, Luggage storage, Air conditioning, Room cleaning service, Safety deposit box, Television, 24-hour front desk, Late room service, On-site bars, Rooftop lounges/nightclubs, Free Wi-Fi, Communal kitchens, Laundry, Lockers, Elevators, Bathroom grab bars, Medical contacts, Breakfast with dietary options. Average price is 33.0 USD per night. Enjoy comfortable stays with a rating of 7.0/5. The on-site restaurant is rated 1/5.","701 Suthep Road, Munich",11.624141428160849,48.174737150108506,"['nightlife enthusiast', 'fast-paced budget travel', 'elderly travelers']","['Wi-Fi', 'Luggage storage', 'Air conditioning', 'Room cleaning service', 'Safety deposit box', 'Television', '24-hour front desk', 'Late room service', 'On-site bars', 'Rooftop lounges/nightclubs', 'Free Wi-Fi', 'Communal kitchens', 'Laundry', 'Lockers', 'Elevators', 'Bathroom grab bars', 'Medical contacts', 'Breakfast with dietary options']",33.0,7.0,3.0,1
51,Munich,Germany,Alpine Vista Lakeside Resort,"Alpine Vista Lakeside Resort is a 5-star hotel in Munich, Germany, offering Wi-Fi, Luggage storage, Air conditioning, Room cleaning service, Safety deposit box, Television, Women-only floors/rooms, Privacy-conscious check-in, 24-hour security, Surveillance cameras, Double locks on doors, Scenic rooms, Sunrise calls, Photography services/packages, Accessible entrances, Ramps/lifts, Accessible rooms/bathrooms, Braille/raised signage. Average price is 144.0 USD per night. Enjoy comfortable stays with a rating of 9.4/5. The on-site restaurant is rated 5/5.","No. 456 Jing'an Road, Huangpu District, Munich",11.580367335661004,48.22583437627597,"['solo women', 'photography', 'disabled traveler']","['Wi-Fi', 'Luggage storage', 'Air conditioning', 'Room cleaning service', 'Safety deposit box', 'Television', 'Women-only floors/rooms', 'Privacy-conscious check-in', '24-hour security', 'Surveillance cameras', 'Double locks on doors', 'Scenic rooms', 'Sunrise calls', 'Photography services/packages', 'Accessible entrances', 'Ramps/lifts', 'Accessible rooms/bathrooms', 'Braille/raised signage']",144.0,9.4,5.0,5
52,Munich,Germany,Munich Deluxe Resort 42,"Munich Deluxe Resort 42 is a 4-star hotel in Munich, Germany, offering Wi-Fi, Luggage storage, Air conditioning, Room cleaning service, Safety deposit box, Television, Women-only floors/rooms, Privacy-conscious check-in, 24-hour security, Surveillance cameras, Double locks on doors, Free Wi-Fi, Communal kitchens, Laundry, Lockers, Bathtubs/jacuzzis, Scenic rooms/villas, Spa. Average price is 36.0 USD per night. Enjoy comfortable stays with a rating of 8.4/5. The on-site restaurant is rated 5/5.","494 Gwangnaru-ro, Nowon-gu, Munich",11.465702944855902,48.10198471539175,"['solo women', 'fast-paced budget travel', 'couples trip']","['Wi-Fi', 'Luggage storage', 'Air conditioning', 'Room cleaning service', 'Safety deposit box', 'Television', 'Women-only floors/rooms', 'Privacy-conscious check-in', '24-hour security', 'Surveillance cameras', 'Double locks on doors', 'Free Wi-Fi', 'Communal kitchens', 'Laundry', 'Lockers', 'Bathtubs/jacuzzis', 'Scenic rooms/villas', 'Spa']",36.0,8.4,4.0,5
53,Munich,Germany,Munich View Hotel 43,"Munich View Hotel 43 is a 2-star hotel in Munich, Germany, offering Wi-Fi, Luggage storage, Air conditioning, Room cleaning service, Safety deposit box, Television, Child-friendly rooms, Baby cots, Stroller storage, Diaper changing tables, Nursing rooms, Accessible entrances, Ramps/lifts, Accessible rooms/bathrooms, Braille/raised signage, Spa, Gym, Premium bedding, Bar. Average price is 55.0 USD per night. Enjoy comfortable stays with a rating of 7.0/5. The on-site restaurant is rated 2/5.","No. 456, Xixiang Street, Munich",11.62205977911476,48.17108276026629,"['with children', 'disabled traveler', 'luxury travelers']","['Wi-Fi', 'Luggage storage', 'Air conditioning', 'Room cleaning service', 'Safety deposit box', 'Television', 'Child-friendly rooms', 'Baby cots', 'Stroller storage', 'Diaper changing tables', 'Nursing rooms', 'Accessible entrances', 'Ramps/lifts', 'Accessible rooms/bathrooms', 'Braille/raised signage', 'Spa', 'Gym', 'Premium bedding', 'Bar']",55.0,7.0,2.0,2
54,Munich,Germany,Alpine Lakes Riverside Resort,"Alpine Lakes Riverside Resort is a 5-star hotel in Munich, Germany, offering Wi-Fi, Luggage storage, Air conditioning, Room cleaning service, Safety deposit box, Television, 24-hour front desk, Late room service, On-site bars, Rooftop lounges/nightclubs, Elevators, Bathroom grab bars, Medical contacts, Breakfast with dietary options, Accessible entrances, Ramps/lifts, Accessible rooms/bathrooms, Braille/raised signage. Average price is 153.0 USD per night. Enjoy comfortable stays with a rating of 9.2/5. The on-site restaurant is rated 5/5.","465 Sakura Street, Naka-ku, Munich",11.44470931634953,48.091680121430734,"['nightlife enthusiast', 'elderly travelers', 'disabled traveler']","['Wi-Fi', 'Luggage storage', 'Air conditioning', 'Room cleaning service', 'Safety deposit box', 'Television', '24-hour front desk', 'Late room service', 'On-site bars', 'Rooftop lounges/nightclubs', 'Elevators', 'Bathroom grab bars', 'Medical contacts', 'Breakfast with dietary options', 'Accessible entrances', 'Ramps/lifts', 'Accessible rooms/bathrooms', 'Braille/raised signage']",153.0,9.2,5.0,5
55,Munich,Germany,Munich Garden Hotel 44,"Munich Garden Hotel 44 is a 3-star hotel in Munich, Germany, offering Wi-Fi, Luggage storage, Air conditioning, Room cleaning service, Safety deposit box, Television, Child-friendly rooms, Baby cots, Stroller storage, Diaper changing tables, Nursing rooms, High speed WiFi, Business center, Meeting rooms, Laundry service, Print machine, Accessible entrances, Ramps/lifts, Accessible rooms/bathrooms, Braille/raised signage. Average price is 63.0 USD per night. Enjoy comfortable stays with a rating of 10.0/5. The on-site restaurant is rated 5/5.","No. 456, Xinghai Road, Munich",11.52283576621339,48.133359392199935,"['with children', 'business travelers', 'disabled traveler']","['Wi-Fi', 'Luggage storage', 'Air conditioning', 'Room cleaning service', 'Safety deposit box', 'Television', 'Child-friendly rooms', 'Baby cots', 'Stroller storage', 'Diaper changing tables', 'Nursing rooms', 'High speed WiFi', 'Business center', 'Meeting rooms', 'Laundry service', 'Print machine', 'Accessible entrances', 'Ramps/lifts', 'Accessible rooms/bathrooms', 'Braille/raised signage']",63.0,10.0,3.5,5
56,Munich,Germany,Munich Palace Inn 45,"Munich Palace Inn 45 is a 4-star hotel in Munich, Germany, offering Wi-Fi, Luggage storage, Air conditioning, Room cleaning service, Safety deposit box, Television, Free Wi-Fi, Communal kitchens, Laundry, Lockers, Elevators, Bathroom grab bars, Medical contacts, Breakfast with dietary options, Accessible entrances, Ramps/lifts, Accessible rooms/bathrooms, Braille/raised signage. Average price is 159.0 USD per night. Enjoy comfortable stays with a rating of 9.2/5. The on-site restaurant is rated 5/5.","977 Marina Bay Sands, Munich",11.596084694672948,48.16586427918283,"['fast-paced budget travel', 'elderly travelers', 'disabled traveler']","['Wi-Fi', 'Luggage storage', 'Air conditioning', 'Room cleaning service', 'Safety deposit box', 'Television', 'Free Wi-Fi', 'Communal kitchens', 'Laundry', 'Lockers', 'Elevators', 'Bathroom grab bars', 'Medical contacts', 'Breakfast with dietary options', 'Accessible entrances', 'Ramps/lifts', 'Accessible rooms/bathrooms', 'Braille/raised signage']",159.0,9.2,4.0,5
57,Munich,Germany,Munich Riverside Palace Suites,"Munich Riverside Palace Suites is a 2-star hotel in Munich, Germany, offering Wi-Fi, Luggage storage, Air conditioning, Room cleaning service, Safety deposit box, Television, 24-hour front desk, Late room service, On-site bars, Rooftop lounges/nightclubs, Elevators, Bathroom grab bars, Medical contacts, Breakfast with dietary options, Accessible entrances, Ramps/lifts, Accessible rooms/bathrooms, Braille/raised signage. Average price is 34.0 USD per night. Enjoy comfortable stays with a rating of 5.2/5. The on-site restaurant is rated 5/5.","298 Sathorn Road, Samudwong District, Munich",11.404135188656817,48.18572846735931,"['nightlife enthusiast', 'elderly travelers', 'disabled traveler']","['Wi-Fi', 'Luggage storage', 'Air conditioning', 'Room cleaning service', 'Safety deposit box', 'Television', '24-hour front desk', 'Late room service', 'On-site bars', 'Rooftop lounges/nightclubs', 'Elevators', 'Bathroom grab bars', 'Medical contacts', 'Breakfast with dietary options', 'Accessible entrances', 'Ramps/lifts', 'Accessible rooms/bathrooms', 'Braille/raised signage']",34.0,5.2,2.5,5
58,Munich,Germany,Munich Palace Hotel 46,"Munich Palace Hotel 46 is a 5-star hotel in Munich, Germany, offering Wi-Fi, Luggage storage, Air conditioning, Room cleaning service, Safety deposit box, Television, Child-friendly rooms, Baby cots, Stroller storage, Diaper changing tables, Nursing rooms, Scenic rooms, Sunrise calls, Photography services/packages, Parking, 24-hour front desk, EV charging for electric vehicles. Average price is 189.0 USD per night. Enjoy comfortable stays with a rating of 8.6/5. The on-site restaurant is rated 5/5.","No. 456 Xinle Road, Munich",11.542094320036988,48.20358626714411,"['with children', 'photography', 'road trip']","['Wi-Fi', 'Luggage storage', 'Air conditioning', 'Room cleaning service', 'Safety deposit box', 'Television', 'Child-friendly rooms', 'Baby cots', 'Stroller storage', 'Diaper changing tables', 'Nursing rooms', 'Scenic rooms', 'Sunrise calls', 'Photography services/packages', 'Parking', '24-hour front desk', 'EV charging for electric vehicles']",189.0,8.6,5.0,5
59,Munich,Germany,Munich Boutique Inn 47,"Munich Boutique Inn 47 is a 5-star hotel in Munich, Germany, offering Wi-Fi, Luggage storage, Air conditioning, Room cleaning service, Safety deposit box, Television, 24-hour front desk, Late room service, On-site bars, Rooftop lounges/nightclubs, High speed WiFi, Business center, Meeting rooms, Laundry service, Print machine, Pet-friendly, Pet rest area, Pet beds, Durable floors. Average price is 130.0 USD per night. Enjoy comfortable stays with a rating of 8.4/5. The on-site restaurant is rated 5/5.","No. 456 Riverside Lane, Munich",11.49738211649716,48.129299536426366,"['nightlife enthusiast', 'business travelers', 'with pets']","['Wi-Fi', 'Luggage storage', 'Air conditioning', 'Room cleaning service', 'Safety deposit box', 'Television', '24-hour front desk', 'Late room service', 'On-site bars', 'Rooftop lounges/nightclubs', 'High speed WiFi', 'Business center', 'Meeting rooms', 'Laundry service', 'Print machine', 'Pet-friendly', 'Pet rest area', 'Pet beds', 'Durable floors']",130.0,8.4,5.0,5
60,Munich,Germany,Munich Deluxe Resort 48,"Munich Deluxe Resort 48 is a 3-star hotel in Munich, Germany, offering Wi-Fi, Luggage storage, Air conditioning, Room cleaning service, Safety deposit box, Television, Child-friendly rooms, Baby cots, Stroller storage, Diaper changing tables, Nursing rooms, High speed WiFi, Business center, Meeting rooms, Laundry service, Print machine, Accessible entrances, Ramps/lifts, Accessible rooms/bathrooms, Braille/raised signage. Average price is 80.0 USD per night. Enjoy comfortable stays with a rating of 7.8/5. The on-site restaurant is rated 5/5.","No. 456, Xixiang Street, Munich",11.541996478323128,48.07710194067366,"['with children', 'business travelers', 'disabled traveler']","['Wi-Fi', 'Luggage storage', 'Air conditioning', 'Room cleaning service', 'Safety deposit box', 'Television', 'Child-friendly rooms', 'Baby cots', 'Stroller storage', 'Diaper changing tables', 'Nursing rooms', 'High speed WiFi', 'Business center', 'Meeting rooms', 'Laundry service', 'Print machine', 'Accessible entrances', 'Ramps/lifts', 'Accessible rooms/bathrooms', 'Braille/raised signage']",80.0,7.8,3.5,5
61,Munich,Germany,Alpine View River Suites,"Alpine View River Suites is a 4-star hotel in Munich, Germany, offering Wi-Fi, Luggage storage, Air conditioning, Room cleaning service, Safety deposit box, Television, Parking, 24-hour front desk, EV charging for electric vehicles, Pet-friendly, Pet rest area, Pet beds, Durable floors, Accessible entrances, Ramps/lifts, Accessible rooms/bathrooms, Braille/raised signage. Average price is 127.0 USD per night. Enjoy comfortable stays with a rating of 9.0/5. The on-site restaurant is rated 5/5.","419 Beachside Promenade, Munich",11.545228489035315,48.167982714843184,"['road trip', 'with pets', 'disabled traveler']","['Wi-Fi', 'Luggage storage', 'Air conditioning', 'Room cleaning service', 'Safety deposit box', 'Television', 'Parking', '24-hour front desk', 'EV charging for electric vehicles', 'Pet-friendly', 'Pet rest area', 'Pet beds', 'Durable floors', 'Accessible entrances', 'Ramps/lifts', 'Accessible rooms/bathrooms', 'Braille/raised signage']",127.0,9.0,4.5,5
62,Munich,Germany,Munich Garden Resort 49,"Munich Garden Resort 49 is a 2-star hotel in Munich, Germany, offering Wi-Fi, Luggage storage, Air conditioning, Room cleaning service, Safety deposit box, Television, Parking, 24-hour front desk, EV charging for electric vehicles, Spa, Gym, Premium bedding, Bar, Pet-friendly, Pet rest area, Pet beds, Durable floors. Average price is 63.0 USD per night. Enjoy comfortable stays with a rating of 6.0/5. The on-site restaurant is rated 5/5.","407-876 Kitahama Street, Munich",11.41848900991889,48.07914886536391,"['road trip', 'luxury travelers', 'with pets']","['Wi-Fi', 'Luggage storage', 'Air conditioning', 'Room cleaning service', 'Safety deposit box', 'Television', 'Parking', '24-hour front desk', 'EV charging for electric vehicles', 'Spa', 'Gym', 'Premium bedding', 'Bar', 'Pet-friendly', 'Pet rest area', 'Pet beds', 'Durable floors']",63.0,6.0,2.0,5
63,Munich,Germany,Munich Sunrise Suites 50,"Munich Sunrise Suites 50 is a 4-star hotel in Munich, Germany, offering Wi-Fi, Luggage storage, Air conditioning, Room cleaning service, Safety deposit box, Television, Scenic rooms, Sunrise calls, Photography services/packages, Bathtubs/jacuzzis, Scenic rooms/villas, Spa, Pet-friendly, Pet rest area, Pet beds, Durable floors. Average price is 390.0 USD per night. Enjoy comfortable stays with a rating of 9.6/5. The on-site restaurant is rated 5/5.","480 Beach Road, Munich",11.604129527593418,48.091680121430734,"['photography', 'couples trip', 'with pets']","['Wi-Fi', 'Luggage storage', 'Air conditioning', 'Room cleaning service', 'Safety deposit box', 'Television', 'Scenic rooms', 'Sunrise calls', 'Photography services/packages', 'Bathtubs/jacuzzis', 'Scenic rooms/villas', 'Spa', 'Pet-friendly', 'Pet rest area', 'Pet beds', 'Durable floors']",390.0,9.6,4.5,5
64,Munich,Germany,Munich Inn Suites 51,"Munich Inn Suites 51 is a 3-star hotel in Munich, Germany, offering Wi-Fi, Luggage storage, Air conditioning, Room cleaning service, Safety deposit box, Television, Parking, 24-hour front desk, EV charging for electric vehicles, Free Wi-Fi, Communal kitchens, Laundry, Lockers, High speed WiFi, Business center, Meeting rooms, Laundry service, Print machine. Average price is 35.0 USD per night. Enjoy comfortable stays with a rating of 8.4/5. The on-site restaurant is rated 5/5.","342 Beachside Lane, Munich",11.582559006698167,48.174737150108506,"['road trip', 'fast-paced budget travel', 'business travelers']","['Wi-Fi', 'Luggage storage', 'Air conditioning', 'Room cleaning service', 'Safety deposit box', 'Television', 'Parking', '24-hour front desk', 'EV charging for electric vehicles', 'Free Wi-Fi', 'Communal kitchens', 'Laundry', 'Lockers', 'High speed WiFi', 'Business center', 'Meeting rooms', 'Laundry service', 'Print machine']",35.0,8.4,3.0,5
65,Munich,Germany,Munich Suites Hotel 52,"Munich Suites Hotel 52 is a 5-star hotel in Munich, Germany, offering Wi-Fi, Luggage storage, Air conditioning, Room cleaning service, Safety deposit box, Television, Women-only floors/rooms, Privacy-conscious check-in, 24-hour security, Surveillance cameras, Double locks on doors, High speed WiFi, Business center, Meeting rooms, Laundry service, Print machine, Pet-friendly, Pet rest area, Pet beds, Durable floors. Average price is 108.0 USD per night. Enjoy comfortable stays with a rating of 9.8/5. The on-site restaurant is rated 5/5.","No. 456, Xilin Mountain Road, Munich",11.675268169180134,48.143841764922726,"['solo women', 'business travelers', 'with pets']","['Wi-Fi', 'Luggage storage', 'Air conditioning', 'Room cleaning service', 'Safety deposit box', 'Television', 'Women-only floors/rooms', 'Privacy-conscious check-in', '24-hour security', 'Surveillance cameras', 'Double locks on doors', 'High speed WiFi', 'Business center', 'Meeting rooms', 'Laundry service', 'Print machine', 'Pet-friendly', 'Pet rest area', 'Pet beds', 'Durable floors']",108.0,9.8,5.0,5
66,Munich,Germany,Munich Pearl Inn 53,"Munich Pearl Inn 53 is a 2-star hotel in Munich, Germany, offering Wi-Fi, Luggage storage, Air conditioning, Room cleaning service, Safety deposit box, Television, Elevators, Bathroom grab bars, Medical contacts, Breakfast with dietary options, High speed WiFi, Business center, Meeting rooms, Laundry service, Print machine, Pet-friendly, Pet rest area, Pet beds, Durable floors. Average price is 70.0 USD per night. Enjoy comfortable stays with a rating of 7.6/5. The on-site restaurant is rated 5/5.","582 Sakura Street, Naka-ku, Munich",11.468748664803195,48.097687206195246,"['elderly travelers', 'business travelers', 'with pets']","['Wi-Fi', 'Luggage storage', 'Air conditioning', 'Room cleaning service', 'Safety deposit box', 'Television', 'Elevators', 'Bathroom grab bars', 'Medical contacts', 'Breakfast with dietary options', 'High speed WiFi', 'Business center', 'Meeting rooms', 'Laundry service', 'Print machine', 'Pet-friendly', 'Pet rest area', 'Pet beds', 'Durable floors']",70.0,7.6,2.5,5
67,Munich,Germany,Alpine View Riverside Suites,"Alpine View Riverside Suites is a 4-star hotel in Munich, Germany, offering Wi-Fi, Luggage storage, Air conditioning, Room cleaning service, Safety deposit box, Television, Women-only floors/rooms, Privacy-conscious check-in, 24-hour security, Surveillance cameras, Double locks on doors, Elevators, Bathroom grab bars, Medical contacts, Breakfast with dietary options, Pet-friendly, Pet rest area, Pet beds, Durable floors. Average price is 61.0 USD per night. Enjoy comfortable stays with a rating of 9.6/5. The on-site restaurant is rated 5/5.","249-7, Gukje-gil, Seo-gu, Munich",11.580367335661004,48.09997601494958,"['solo women', 'elderly travelers', 'with pets']","['Wi-Fi', 'Luggage storage', 'Air conditioning', 'Room cleaning service', 'Safety deposit box', 'Television', 'Women-only floors/rooms', 'Privacy-conscious check-in', '24-hour security', 'Surveillance cameras', 'Double locks on doors', 'Elevators', 'Bathroom grab bars', 'Medical contacts', 'Breakfast with dietary options', 'Pet-friendly', 'Pet rest area', 'Pet beds', 'Durable floors']",61.0,9.6,4.0,5
68,Munich,Germany,Munich Inn Inn 54,"Munich Inn Inn 54 is a 5-star hotel in Munich, Germany, offering Wi-Fi, Luggage storage, Air conditioning, Room cleaning service, Safety deposit box, Television, Child-friendly rooms, Baby cots, Stroller storage, Diaper changing tables, Nursing rooms, Bathtubs/jacuzzis, Scenic rooms/villas, Spa, Gym, Premium bedding, Bar. Average price is 69.0 USD per night. Enjoy comfortable stays with a rating of 8.6/5. The on-site restaurant is rated 5/5.","637 Riverside Promenade, Wat Phra Singh, Munich",11.51632959477964,48.178311083770666,"['with children', 'couples trip', 'luxury travelers']","['Wi-Fi', 'Luggage storage', 'Air conditioning', 'Room cleaning service', 'Safety deposit box', 'Television', 'Child-friendly rooms', 'Baby cots', 'Stroller storage', 'Diaper changing tables', 'Nursing rooms', 'Bathtubs/jacuzzis', 'Scenic rooms/villas', 'Spa', 'Gym', 'Premium bedding', 'Bar']",69.0,8.6,5.0,5
69,Munich,Germany,Munich Boutique Suites 55,"Munich Boutique Suites 55 is a 3-star hotel in Munich, Germany, offering Wi-Fi, Luggage storage, Air conditioning, Room cleaning service, Safety deposit box, Television, 24-hour front desk, Late room service, On-site bars, Rooftop lounges/nightclubs, Elevators, Bathroom grab bars, Medical contacts, Breakfast with dietary options, Accessible entrances, Ramps/lifts, Accessible rooms/bathrooms, Braille/raised signage. Average price is 111.0 USD per night. Enjoy comfortable stays with a rating of 9.0/5. The on-site restaurant is rated 5/5.","938 Sumo Street, Nakamura Ward, Munich",11.417456171408908,48.225635407116016,"['nightlife enthusiast', 'elderly travelers', 'disabled traveler']","['Wi-Fi', 'Luggage storage', 'Air conditioning', 'Room cleaning service', 'Safety deposit box', 'Television', '24-hour front desk', 'Late room service', 'On-site bars', 'Rooftop lounges/nightclubs', 'Elevators', 'Bathroom grab bars', 'Medical contacts', 'Breakfast with dietary options', 'Accessible entrances', 'Ramps/lifts', 'Accessible rooms/bathrooms', 'Braille/raised signage']",111.0,9.0,3.0,5
70,Munich,Germany,Munich Riverside Garden Resort,"Munich Riverside Garden Resort is a 4-star hotel in Munich, Germany, offering Wi-Fi, Luggage storage, Air conditioning, Room cleaning service, Safety deposit box, Television, Free Wi-Fi, Communal kitchens, Laundry, Lockers, Elevators, Bathroom grab bars, Medical contacts, Breakfast with dietary options, Spa, Gym, Premium bedding, Bar. Average price is 65.0 USD per night. Enjoy comfortable stays with a rating of 8.8/5. The on-site restaurant is rated 5/5.","No. 456, Xilin Mountain Road, Munich",11.524464193753758,48.20358626714411,"['fast-paced budget travel', 'elderly travelers', 'luxury travelers']","['Wi-Fi', 'Luggage storage', 'Air conditioning', 'Room cleaning service', 'Safety deposit box', 'Television', 'Free Wi-Fi', 'Communal kitchens', 'Laundry', 'Lockers', 'Elevators', 'Bathroom grab bars', 'Medical contacts', 'Breakfast with dietary options', 'Spa', 'Gym', 'Premium bedding', 'Bar']",65.0,8.8,4.5,5
71,Munich,Germany,Alpine Harmony Garden Retreat,"Alpine Harmony Garden Retreat is a 3-star hotel in Munich, Germany, offering Wi-Fi, Luggage storage, Air conditioning, Room cleaning service, Safety deposit box, Television, Parking, 24-hour front desk, EV charging for electric vehicles, Elevators, Bathroom grab bars, Medical contacts, Breakfast with dietary options, Women-only floors/rooms, Privacy-conscious check-in, 24-hour security, Surveillance cameras, Double locks on doors. Average price is 66.0 USD per night. Enjoy comfortable stays with a rating of 8.0/5. The on-site restaurant is rated 4/5.","954 Charoenkrung Road, Samphanthawong District, Munich",11.464143983874092,48.092984274826826,"['road trip', 'elderly travelers', 'solo women']","['Wi-Fi', 'Luggage storage', 'Air conditioning', 'Room cleaning service', 'Safety deposit box', 'Television', 'Parking', '24-hour front desk', 'EV charging for electric vehicles', 'Elevators', 'Bathroom grab bars', 'Medical contacts', 'Breakfast with dietary options', 'Women-only floors/rooms', 'Privacy-conscious check-in', '24-hour security', 'Surveillance cameras', 'Double locks on doors']",66.0,8.0,3.5,4
72,Munich,Germany,Munich Sky Resort 56,"Munich Sky Resort 56 is a 2-star hotel in Munich, Germany, offering Wi-Fi, Luggage storage, Air conditioning, Room cleaning service, Safety deposit box, Television, Women-only floors/rooms, Privacy-conscious check-in, 24-hour security, Surveillance cameras, Double locks on doors, Scenic rooms, Sunrise calls, Photography services/packages, Elevators, Bathroom grab bars, Medical contacts, Breakfast with dietary options. Average price is 77.0 USD per night. Enjoy comfortable stays with a rating of 8.2/5. The on-site restaurant is rated 5/5.","No. 456, Liberation Road, Munich",11.582559006698167,48.19245066892719,"['solo women', 'photography', 'elderly travelers']","['Wi-Fi', 'Luggage storage', 'Air conditioning', 'Room cleaning service', 'Safety deposit box', 'Television', 'Women-only floors/rooms', 'Privacy-conscious check-in', '24-hour security', 'Surveillance cameras', 'Double locks on doors', 'Scenic rooms', 'Sunrise calls', 'Photography services/packages', 'Elevators', 'Bathroom grab bars', 'Medical contacts', 'Breakfast with dietary options']",77.0,8.2,2.5,5
73,Munich,Germany,Munich Garden Resort 57,"Munich Garden Resort 57 is a 4-star hotel in Munich, Germany, offering Wi-Fi, Luggage storage, Air conditioning, Room cleaning service, Safety deposit box, Television, Free Wi-Fi, Communal kitchens, Laundry, Lockers, Bathtubs/jacuzzis, Scenic rooms/villas, Spa, Pet-friendly, Pet rest area, Pet beds, Durable floors. Average price is 162.0 USD per night. Enjoy comfortable stays with a rating of 9.0/5. The on-site restaurant is rated 5/5.","No. 58, Xingyuan Road, Munich",11.464143983874092,48.22050765711043,"['fast-paced budget travel', 'couples trip', 'with pets']","['Wi-Fi', 'Luggage storage', 'Air conditioning', 'Room cleaning service', 'Safety deposit box', 'Television', 'Free Wi-Fi', 'Communal kitchens', 'Laundry', 'Lockers', 'Bathtubs/jacuzzis', 'Scenic rooms/villas', 'Spa', 'Pet-friendly', 'Pet rest area', 'Pet beds', 'Durable floors']",162.0,9.0,4.5,5
74,Munich,Germany,Munich Pearl Inn 58,"Munich Pearl Inn 58 is a 3-star hotel in Munich, Germany, offering Wi-Fi, Luggage storage, Air conditioning, Room cleaning service, Safety deposit box, Television, 24-hour front desk, Late room service, On-site bars, Rooftop lounges/nightclubs, Elevators, Bathroom grab bars, Medical contacts, Breakfast with dietary options, High speed WiFi, Business center, Meeting rooms, Laundry service, Print machine. Average price is 168.0 USD per night. Enjoy comfortable stays with a rating of 9.6/5. The on-site restaurant is rated 3/5.","No. 58, Xingyuan Road, Munich",11.516736319705284,48.19915533433558,"['nightlife enthusiast', 'elderly travelers', 'business travelers']","['Wi-Fi', 'Luggage storage', 'Air conditioning', 'Room cleaning service', 'Safety deposit box', 'Television', '24-hour front desk', 'Late room service', 'On-site bars', 'Rooftop lounges/nightclubs', 'Elevators', 'Bathroom grab bars', 'Medical contacts', 'Breakfast with dietary options', 'High speed WiFi', 'Business center', 'Meeting rooms', 'Laundry service', 'Print machine']",168.0,9.6,3.5,3
75,Munich,Germany,Munich Palace Hotel 59,"Munich Palace Hotel 59 is a 4-star hotel in Munich, Germany, offering Wi-Fi, Luggage storage, Air conditioning, Room cleaning service, Safety deposit box, Television, Women-only floors/rooms, Privacy-conscious check-in, 24-hour security, Surveillance cameras, Double locks on doors, 24-hour front desk, Late room service, On-site bars, Rooftop lounges/nightclubs, Bathtubs/jacuzzis, Scenic rooms/villas, Spa. Average price is 65.0 USD per night. Enjoy comfortable stays with a rating of 9.2/5. The on-site restaurant is rated 5/5.","513-8543 Sapporo City, Nishi 10-chome, Munich",11.455642161820544,48.09997601494958,"['solo women', 'nightlife enthusiast', 'couples trip']","['Wi-Fi', 'Luggage storage', 'Air conditioning', 'Room cleaning service', 'Safety deposit box', 'Television', 'Women-only floors/rooms', 'Privacy-conscious check-in', '24-hour security', 'Surveillance cameras', 'Double locks on doors', '24-hour front desk', 'Late room service', 'On-site bars', 'Rooftop lounges/nightclubs', 'Bathtubs/jacuzzis', 'Scenic rooms/villas', 'Spa']",65.0,9.2,4.5,5
76,Munich,Germany,Munich Central Suites 60,"Munich Central Suites 60 is a 3-star hotel in Munich, Germany, offering Wi-Fi, Luggage storage, Air conditioning, Room cleaning service, Safety deposit box, Television, Child-friendly rooms, Baby cots, Stroller storage, Diaper changing tables, Nursing rooms, Scenic rooms, Sunrise calls, Photography services/packages, High speed WiFi, Business center, Meeting rooms, Laundry service, Print machine. Average price is 63.0 USD per night. Enjoy comfortable stays with a rating of 8.8/5. The on-site restaurant is rated 1/5.","No. 456 Green Valley Road, Munich",11.430507579425663,48.15654201288255,"['with children', 'photography', 'business travelers']","['Wi-Fi', 'Luggage storage', 'Air conditioning', 'Room cleaning service', 'Safety deposit box', 'Television', 'Child-friendly rooms', 'Baby cots', 'Stroller storage', 'Diaper changing tables', 'Nursing rooms', 'Scenic rooms', 'Sunrise calls', 'Photography services/packages', 'High speed WiFi', 'Business center', 'Meeting rooms', 'Laundry service', 'Print machine']",63.0,8.8,3.0,1
77,Munich,Germany,Munich Palace Inn 61,"Munich Palace Inn 61 is a 5-star hotel in Munich, Germany, offering Wi-Fi, Luggage storage, Air conditioning, Room cleaning service, Safety deposit box, Television, Women-only floors/rooms, Privacy-conscious check-in, 24-hour security, Surveillance cameras, Double locks on doors, Scenic rooms, Sunrise calls, Photography services/packages, Pet-friendly, Pet rest area, Pet beds, Durable floors. Average price is 211.0 USD per night. Enjoy comfortable stays with a rating of 9.4/5. The on-site restaurant is rated 5/5.","No. 456, Xingye Road, Tianhe District, Munich",11.593583201248396,48.22667880081567,"['solo women', 'photography', 'with pets']","['Wi-Fi', 'Luggage storage', 'Air conditioning', 'Room cleaning service', 'Safety deposit box', 'Television', 'Women-only floors/rooms', 'Privacy-conscious check-in', '24-hour security', 'Surveillance cameras', 'Double locks on doors', 'Scenic rooms', 'Sunrise calls', 'Photography services/packages', 'Pet-friendly', 'Pet rest area', 'Pet beds', 'Durable floors']",211.0,9.4,5.0,5
78,Munich,Germany,Munich Boutique Resort 62,"Munich Boutique Resort 62 is a 2-star hotel in Munich, Germany, offering Wi-Fi, Luggage storage, Air conditioning, Room cleaning service, Safety deposit box, Television, Child-friendly rooms, Baby cots, Stroller storage, Diaper changing tables, Nursing rooms, 24-hour front desk, Late room service, On-site bars, Rooftop lounges/nightclubs, Pet-friendly, Pet rest area, Pet beds, Durable floors. Average price is 89.0 USD per night. Enjoy comfortable stays with a rating of 10.0/5. The on-site restaurant is rated 5/5.","464 Charoenkrung Road, Samran Rat, Bang Rak, Munich",11.524464193753758,48.17521785198447,"['with children', 'nightlife enthusiast', 'with pets']","['Wi-Fi', 'Luggage storage', 'Air conditioning', 'Room cleaning service', 'Safety deposit box', 'Television', 'Child-friendly rooms', 'Baby cots', 'Stroller storage', 'Diaper changing tables', 'Nursing rooms', '24-hour front desk', 'Late room service', 'On-site bars', 'Rooftop lounges/nightclubs', 'Pet-friendly', 'Pet rest area', 'Pet beds', 'Durable floors']",89.0,10.0,2.5,5
79,Munich,Germany,Munich Plaza Resort 63,"Munich Plaza Resort 63 is a 5-star hotel in Munich, Germany, offering Wi-Fi, Luggage storage, Air conditioning, Room cleaning service, Safety deposit box, Television, Child-friendly rooms, Baby cots, Stroller storage, Diaper changing tables, Nursing rooms, Free Wi-Fi, Communal kitchens, Laundry, Lockers, Pet-friendly, Pet rest area, Pet beds, Durable floors. Average price is 69.0 USD per night. Enjoy comfortable stays with a rating of 8.6/5. The on-site restaurant is rated 5/5.","No. 456 Jing'an Road, Huangpu District, Munich",11.569342837577828,48.07710194067366,"['with children', 'fast-paced budget travel', 'with pets']","['Wi-Fi', 'Luggage storage', 'Air conditioning', 'Room cleaning service', 'Safety deposit box', 'Television', 'Child-friendly rooms', 'Baby cots', 'Stroller storage', 'Diaper changing tables', 'Nursing rooms', 'Free Wi-Fi', 'Communal kitchens', 'Laundry', 'Lockers', 'Pet-friendly', 'Pet rest area', 'Pet beds', 'Durable floors']",69.0,8.6,5.0,5
80,Munich,Germany,Munich Sky Resort 64,"Munich Sky Resort 64 is a 4-star hotel in Munich, Germany, offering Wi-Fi, Luggage storage, Air conditioning, Room cleaning service, Safety deposit box, Television, Women-only floors/rooms, Privacy-conscious check-in, 24-hour security, Surveillance cameras, Double locks on doors, Elevators, Bathroom grab bars, Medical contacts, Breakfast with dietary options, Pet-friendly, Pet rest area, Pet beds, Durable floors. Average price is 59.0 USD per night. Enjoy comfortable stays with a rating of 8.8/5. The on-site restaurant is rated 5/5.","No. 588, Xinghai Avenue, Munich",11.624141428160849,48.18216210144247,"['solo women', 'elderly travelers', 'with pets']","['Wi-Fi', 'Luggage storage', 'Air conditioning', 'Room cleaning service', 'Safety deposit box', 'Television', 'Women-only floors/rooms', 'Privacy-conscious check-in', '24-hour security', 'Surveillance cameras', 'Double locks on doors', 'Elevators', 'Bathroom grab bars', 'Medical contacts', 'Breakfast with dietary options', 'Pet-friendly', 'Pet rest area', 'Pet beds', 'Durable floors']",59.0,8.8,4.5,5
81,Munich,Germany,Munich Inn Resort 65,"Munich Inn Resort 65 is a 4-star hotel in Munich, Germany, offering Wi-Fi, Luggage storage, Air conditioning, Room cleaning service, Safety deposit box, Television, Child-friendly rooms, Baby cots, Stroller storage, Diaper changing tables, Nursing rooms, 24-hour front desk, Late room service, On-site bars, Rooftop lounges/nightclubs, High speed WiFi, Business center, Meeting rooms, Laundry service, Print machine. Average price is 62.0 USD per night. Enjoy comfortable stays with a rating of 8.6/5. The on-site restaurant is rated 5/5.","No. 456, Xinghai Road, Munich",11.580367335661004,48.12586092041938,"['with children', 'nightlife enthusiast', 'business travelers']","['Wi-Fi', 'Luggage storage', 'Air conditioning', 'Room cleaning service', 'Safety deposit box', 'Television', 'Child-friendly rooms', 'Baby cots', 'Stroller storage', 'Diaper changing tables', 'Nursing rooms', '24-hour front desk', 'Late room service', 'On-site bars', 'Rooftop lounges/nightclubs', 'High speed WiFi', 'Business center', 'Meeting rooms', 'Laundry service', 'Print machine']",62.0,8.6,4.0,5
82,Munich,Germany,Munich Garden Resort 66,"Munich Garden Resort 66 is a 3-star hotel in Munich, Germany, offering Wi-Fi, Luggage storage, Air conditioning, Room cleaning service, Safety deposit box, Television, Accessible entrances, Ramps/lifts, Accessible rooms/bathrooms, Braille/raised signage, High speed WiFi, Business center, Meeting rooms, Laundry service, Print machine, Spa, Gym, Premium bedding, Bar. Average price is 47.0 USD per night. Enjoy comfortable stays with a rating of 9.8/5. The on-site restaurant is rated 5/5.","840 Shiroiwa Street, Chuo Ward, Munich",11.624093102735038,48.13756516350437,"['disabled traveler', 'business travelers', 'luxury travelers']","['Wi-Fi', 'Luggage storage', 'Air conditioning', 'Room cleaning service', 'Safety deposit box', 'Television', 'Accessible entrances', 'Ramps/lifts', 'Accessible rooms/bathrooms', 'Braille/raised signage', 'High speed WiFi', 'Business center', 'Meeting rooms', 'Laundry service', 'Print machine', 'Spa', 'Gym', 'Premium bedding', 'Bar']",47.0,9.8,3.0,5
83,Munich,Germany,Munich Garden Resort 67,"Munich Garden Resort 67 is a 5-star hotel in Munich, Germany, offering Wi-Fi, Luggage storage, Air conditioning, Room cleaning service, Safety deposit box, Television, 24-hour front desk, Late room service, On-site bars, Rooftop lounges/nightclubs, Bathtubs/jacuzzis, Scenic rooms/villas, Spa, Gym, Premium bedding, Bar. Average price is 119.0 USD per night. Enjoy comfortable stays with a rating of 8.8/5. The on-site restaurant is rated 5/5.","No. 456 Green Valley Road, Munich",11.500866353076514,48.16064160965104,"['nightlife enthusiast', 'couples trip', 'luxury travelers']","['Wi-Fi', 'Luggage storage', 'Air conditioning', 'Room cleaning service', 'Safety deposit box', 'Television', '24-hour front desk', 'Late room service', 'On-site bars', 'Rooftop lounges/nightclubs', 'Bathtubs/jacuzzis', 'Scenic rooms/villas', 'Spa', 'Gym', 'Premium bedding', 'Bar']",119.0,8.8,5.0,5
84,Munich,Germany,Munich Deluxe Inn 68,"Munich Deluxe Inn 68 is a 4-star hotel in Munich, Germany, offering Wi-Fi, Luggage storage, Air conditioning, Room cleaning service, Safety deposit box, Television, Women-only floors/rooms, Privacy-conscious check-in, 24-hour security, Surveillance cameras, Double locks on doors, Scenic rooms, Sunrise calls, Photography services/packages, Spa, Gym, Premium bedding, Bar. Average price is 153.0 USD per night. Enjoy comfortable stays with a rating of 9.2/5. The on-site restaurant is rated 5/5.","141 Sakura Street, Nakamura Ward, Munich",11.552899074141338,48.14005584514285,"['solo women', 'photography', 'luxury travelers']","['Wi-Fi', 'Luggage storage', 'Air conditioning', 'Room cleaning service', 'Safety deposit box', 'Television', 'Women-only floors/rooms', 'Privacy-conscious check-in', '24-hour security', 'Surveillance cameras', 'Double locks on doors', 'Scenic rooms', 'Sunrise calls', 'Photography services/packages', 'Spa', 'Gym', 'Premium bedding', 'Bar']",153.0,9.2,4.0,5
85,Munich,Germany,Linden Garden Resort Munich,"Linden Garden Resort Munich is a 3-star hotel in Munich, Germany, offering Wi-Fi, Luggage storage, Air conditioning, Room cleaning service, Safety deposit box, Television, Child-friendly rooms, Baby cots, Stroller storage, Diaper changing tables, Nursing rooms, Women-only floors/rooms, Privacy-conscious check-in, 24-hour security, Surveillance cameras, Double locks on doors, Scenic rooms, Sunrise calls, Photography services/packages. Average price is 77.0 USD per night. Enjoy comfortable stays with a rating of 9.2/5. The on-site restaurant is rated 5/5.","664 Sakura Street, Naka Ward, Munich",11.456344879035248,48.13880583546524,"['with children', 'solo women', 'photography']","['Wi-Fi', 'Luggage storage', 'Air conditioning', 'Room cleaning service', 'Safety deposit box', 'Television', 'Child-friendly rooms', 'Baby cots', 'Stroller storage', 'Diaper changing tables', 'Nursing rooms', 'Women-only floors/rooms', 'Privacy-conscious check-in', '24-hour security', 'Surveillance cameras', 'Double locks on doors', 'Scenic rooms', 'Sunrise calls', 'Photography services/packages']",77.0,9.2,3.0,5
86,Munich,Germany,Munich Pearl Suites 69,"Munich Pearl Suites 69 is a 3-star hotel in Munich, Germany, offering Wi-Fi, Luggage storage, Air conditioning, Room cleaning service, Safety deposit box, Television, Parking, 24-hour front desk, EV charging for electric vehicles, Free Wi-Fi, Communal kitchens, Laundry, Lockers, Accessible entrances, Ramps/lifts, Accessible rooms/bathrooms, Braille/raised signage. Average price is 230.0 USD per night. Enjoy comfortable stays with a rating of 7.4/5. The on-site restaurant is rated 5/5.","837-890 Nishi 1-chome, Munich",11.652092605169294,48.10580748190662,"['road trip', 'fast-paced budget travel', 'disabled traveler']","['Wi-Fi', 'Luggage storage', 'Air conditioning', 'Room cleaning service', 'Safety deposit box', 'Television', 'Parking', '24-hour front desk', 'EV charging for electric vehicles', 'Free Wi-Fi', 'Communal kitchens', 'Laundry', 'Lockers', 'Accessible entrances', 'Ramps/lifts', 'Accessible rooms/bathrooms', 'Braille/raised signage']",230.0,7.4,3.0,5
87,Munich,Germany,Alpine Views Garden Resort,"Alpine Views Garden Resort is a 3-star hotel in Munich, Germany, offering Wi-Fi, Luggage storage, Air conditioning, Room cleaning service, Safety deposit box, Television, Accessible entrances, Ramps/lifts, Accessible rooms/bathrooms, Braille/raised signage, 24-hour front desk, Late room service, On-site bars, Rooftop lounges/nightclubs, Pet-friendly, Pet rest area, Pet beds, Durable floors. Average price is 81.0 USD per night. Enjoy comfortable stays with a rating of 9.6/5. The on-site restaurant is rated 5/5.","No. 456, Xuhui Park Road, Munich",11.610441351505909,48.22583437627597,"['disabled traveler', 'nightlife enthusiast', 'with pets']","['Wi-Fi', 'Luggage storage', 'Air conditioning', 'Room cleaning service', 'Safety deposit box', 'Television', 'Accessible entrances', 'Ramps/lifts', 'Accessible rooms/bathrooms', 'Braille/raised signage', '24-hour front desk', 'Late room service', 'On-site bars', 'Rooftop lounges/nightclubs', 'Pet-friendly', 'Pet rest area', 'Pet beds', 'Durable floors']",81.0,9.6,3.5,5
88,Munich,Germany,Munich View Hotel 70,"Munich View Hotel 70 is a 3-star hotel in Munich, Germany, offering Wi-Fi, Luggage storage, Air conditioning, Room cleaning service, Safety deposit box, Television, Women-only floors/rooms, Privacy-conscious check-in, 24-hour security, Surveillance cameras, Double locks on doors, 24-hour front desk, Late room service, On-site bars, Rooftop lounges/nightclubs, Bathtubs/jacuzzis, Scenic rooms/villas, Spa. Average price is 80.0 USD per night. Enjoy comfortable stays with a rating of 8.4/5. The on-site restaurant is rated 4/5.","578 Sakura Street, Munich",11.58833399488769,48.07914886536391,"['solo women', 'nightlife enthusiast', 'couples trip']","['Wi-Fi', 'Luggage storage', 'Air conditioning', 'Room cleaning service', 'Safety deposit box', 'Television', 'Women-only floors/rooms', 'Privacy-conscious check-in', '24-hour security', 'Surveillance cameras', 'Double locks on doors', '24-hour front desk', 'Late room service', 'On-site bars', 'Rooftop lounges/nightclubs', 'Bathtubs/jacuzzis', 'Scenic rooms/villas', 'Spa']",80.0,8.4,3.5,4
89,Munich,Germany,Munich Grand Resort 71,"Munich Grand Resort 71 is a 4-star hotel in Munich, Germany, offering Wi-Fi, Luggage storage, Air conditioning, Room cleaning service, Safety deposit box, Television, Scenic rooms, Sunrise calls, Photography services/packages, High speed WiFi, Business center, Meeting rooms, Laundry service, Print machine, Spa, Gym, Premium bedding, Bar. Average price is 101.0 USD per night. Enjoy comfortable stays with a rating of 9.2/5. The on-site restaurant is rated 5/5.","No. 456, Xixiang Street, Munich",11.562229458517317,48.174233278436496,"['photography', 'business travelers', 'luxury travelers']","['Wi-Fi', 'Luggage storage', 'Air conditioning', 'Room cleaning service', 'Safety deposit box', 'Television', 'Scenic rooms', 'Sunrise calls', 'Photography services/packages', 'High speed WiFi', 'Business center', 'Meeting rooms', 'Laundry service', 'Print machine', 'Spa', 'Gym', 'Premium bedding', 'Bar']",101.0,9.2,4.0,5
90,Munich,Germany,Munich Royal Resort 72,"Munich Royal Resort 72 is a 5-star hotel in Munich, Germany, offering Wi-Fi, Luggage storage, Air conditioning, Room cleaning service, Safety deposit box, Television, Parking, 24-hour front desk, EV charging for electric vehicles, Late room service, On-site bars, Rooftop lounges/nightclubs, Scenic rooms, Sunrise calls, Photography services/packages. Average price is 222.0 USD per night. Enjoy comfortable stays with a rating of 8.4/5. The on-site restaurant is rated 5/5.","No. 456, Riverside Cultural Park, Munich",11.525119507323216,48.141567827991445,"['road trip', 'nightlife enthusiast', 'photography']","['Wi-Fi', 'Luggage storage', 'Air conditioning', 'Room cleaning service', 'Safety deposit box', 'Television', 'Parking', '24-hour front desk', 'EV charging for electric vehicles', 'Late room service', 'On-site bars', 'Rooftop lounges/nightclubs', 'Scenic rooms', 'Sunrise calls', 'Photography services/packages']",222.0,8.4,5.0,5
91,Munich,Germany,Munich View Hotel 73,"Munich View Hotel 73 is a 3-star hotel in Munich, Germany, offering Wi-Fi, Luggage storage, Air conditioning, Room cleaning service, Safety deposit box, Television, Free Wi-Fi, Communal kitchens, Laundry, Lockers, Elevators, Bathroom grab bars, Medical contacts, Breakfast with dietary options, High speed WiFi, Business center, Meeting rooms, Laundry service, Print machine. Average price is 146.0 USD per night. Enjoy comfortable stays with a rating of 8.0/5. The on-site restaurant is rated 5/5.","733 Shibuya Crossing, Shibuya-ku, Munich",11.608992778339454,48.17600420534117,"['fast-paced budget travel', 'elderly travelers', 'business travelers']","['Wi-Fi', 'Luggage storage', 'Air conditioning', 'Room cleaning service', 'Safety deposit box', 'Television', 'Free Wi-Fi', 'Communal kitchens', 'Laundry', 'Lockers', 'Elevators', 'Bathroom grab bars', 'Medical contacts', 'Breakfast with dietary options', 'High speed WiFi', 'Business center', 'Meeting rooms', 'Laundry service', 'Print machine']",146.0,8.0,3.5,5
92,Munich,Germany,Munich Central Resort 74,"Munich Central Resort 74 is a 3-star hotel in Munich, Germany, offering Wi-Fi, Luggage storage, Air conditioning, Room cleaning service, Safety deposit box, Television, Child-friendly rooms, Baby cots, Stroller storage, Diaper changing tables, Nursing rooms, Scenic rooms, Sunrise calls, Photography services/packages, Spa, Gym, Premium bedding, Bar. Average price is 46.0 USD per night. Enjoy comfortable stays with a rating of 8.0/5. The on-site restaurant is rated 1/5.","306 Beach Road, Munich",11.604129527593418,48.19531187505717,"['with children', 'photography', 'luxury travelers']","['Wi-Fi', 'Luggage storage', 'Air conditioning', 'Room cleaning service', 'Safety deposit box', 'Television', 'Child-friendly rooms', 'Baby cots', 'Stroller storage', 'Diaper changing tables', 'Nursing rooms', 'Scenic rooms', 'Sunrise calls', 'Photography services/packages', 'Spa', 'Gym', 'Premium bedding', 'Bar']",46.0,8.0,3.0,1
93,Munich,Germany,Munich Grand Resort 75,"Munich Grand Resort 75 is a 4-star hotel in Munich, Germany, offering Wi-Fi, Luggage storage, Air conditioning, Room cleaning service, Safety deposit box, Television, Child-friendly rooms, Baby cots, Stroller storage, Diaper changing tables, Nursing rooms, 24-hour front desk, Late room service, On-site bars, Rooftop lounges/nightclubs, Bathtubs/jacuzzis, Scenic rooms/villas, Spa. Average price is 134.0 USD per night. Enjoy comfortable stays with a rating of 8.0/5. The on-site restaurant is rated 3/5.","686 Sathorn Road, Watthana District, Munich",11.516736319705284,48.18216210144247,"['with children', 'nightlife enthusiast', 'couples trip']","['Wi-Fi', 'Luggage storage', 'Air conditioning', 'Room cleaning service', 'Safety deposit box', 'Television', 'Child-friendly rooms', 'Baby cots', 'Stroller storage', 'Diaper changing tables', 'Nursing rooms', '24-hour front desk', 'Late room service', 'On-site bars', 'Rooftop lounges/nightclubs', 'Bathtubs/jacuzzis', 'Scenic rooms/villas', 'Spa']",134.0,8.0,4.0,3
94,Munich,Germany,Munich Palace Hotel 76,"Munich Palace Hotel 76 is a 2-star hotel in Munich, Germany, offering Wi-Fi, Luggage storage, Air conditioning, Room cleaning service, Safety deposit box, Television, Child-friendly rooms, Baby cots, Stroller storage, Diaper changing tables, Nursing rooms, Free Wi-Fi, Communal kitchens, Laundry, Lockers, Accessible entrances, Ramps/lifts, Accessible rooms/bathrooms, Braille/raised signage. Average price is 53.0 USD per night. Enjoy comfortable stays with a rating of 6.2/5. The on-site restaurant is rated 1/5.","No. 456, Xinglin Road, Munich",11.6090618107338,48.180981549756936,"['with children', 'fast-paced budget travel', 'disabled traveler']","['Wi-Fi', 'Luggage storage', 'Air conditioning', 'Room cleaning service', 'Safety deposit box', 'Television', 'Child-friendly rooms', 'Baby cots', 'Stroller storage', 'Diaper changing tables', 'Nursing rooms', 'Free Wi-Fi', 'Communal kitchens', 'Laundry', 'Lockers', 'Accessible entrances', 'Ramps/lifts', 'Accessible rooms/bathrooms', 'Braille/raised signage']",53.0,6.2,2.5,1
95,Munich,Germany,Munich Deluxe Hotel 77,"Munich Deluxe Hotel 77 is a 4-star hotel in Munich, Germany, offering Wi-Fi, Luggage storage, Air conditioning, Room cleaning service, Safety deposit box, Television, Child-friendly rooms, Baby cots, Stroller storage, Diaper changing tables, Nursing rooms, Women-only floors/rooms, Privacy-conscious check-in, 24-hour security, Surveillance cameras, Double locks on doors, Bathtubs/jacuzzis, Scenic rooms/villas, Spa. Average price is 157.0 USD per night. Enjoy comfortable stays with a rating of 9.2/5. The on-site restaurant is rated 5/5.","716 Suthep Road, Munich",11.468748664803195,48.22689511897489,"['with children', 'solo women', 'couples trip']","['Wi-Fi', 'Luggage storage', 'Air conditioning', 'Room cleaning service', 'Safety deposit box', 'Television', 'Child-friendly rooms', 'Baby cots', 'Stroller storage', 'Diaper changing tables', 'Nursing rooms', 'Women-only floors/rooms', 'Privacy-conscious check-in', '24-hour security', 'Surveillance cameras', 'Double locks on doors', 'Bathtubs/jacuzzis', 'Scenic rooms/villas', 'Spa']",157.0,9.2,4.0,5
96,Munich,Germany,Munich View Suites 78,"Munich View Suites 78 is a 5-star hotel in Munich, Germany, offering Wi-Fi, Luggage storage, Air conditioning, Room cleaning service, Safety deposit box, Television, Scenic rooms, Sunrise calls, Photography services/packages, High speed WiFi, Business center, Meeting rooms, Laundry service, Print machine, Pet-friendly, Pet rest area, Pet beds, Durable floors. Average price is 299.0 USD per night. Enjoy comfortable stays with a rating of 10.0/5. The on-site restaurant is rated 5/5.","449 Rachadaphisek Road, Pathumwan, Munich",11.371730061653908,48.174233278436496,"['photography', 'business travelers', 'with pets']","['Wi-Fi', 'Luggage storage', 'Air conditioning', 'Room cleaning service', 'Safety deposit box', 'Television', 'Scenic rooms', 'Sunrise calls', 'Photography services/packages', 'High speed WiFi', 'Business center', 'Meeting rooms', 'Laundry service', 'Print machine', 'Pet-friendly', 'Pet rest area', 'Pet beds', 'Durable floors']",299.0,10.0,5.0,5
97,Munich,Germany,Munich Pearl Suites 79,"Munich Pearl Suites 79 is a 3-star hotel in Munich, Germany, offering Wi-Fi, Luggage storage, Air conditioning, Room cleaning service, Safety deposit box, Television, Women-only floors/rooms, Privacy-conscious check-in, 24-hour security, Surveillance cameras, Double locks on doors, Scenic rooms, Sunrise calls, Photography services/packages, Bathtubs/jacuzzis, Scenic rooms/villas, Spa. Average price is 114.0 USD per night. Enjoy comfortable stays with a rating of 6.8/5. The on-site restaurant is rated 4/5.","No. 456, Xilin Mountain Road, Munich",11.692071802054882,48.16335605432138,"['solo women', 'photography', 'couples trip']","['Wi-Fi', 'Luggage storage', 'Air conditioning', 'Room cleaning service', 'Safety deposit box', 'Television', 'Women-only floors/rooms', 'Privacy-conscious check-in', '24-hour security', 'Surveillance cameras', 'Double locks on doors', 'Scenic rooms', 'Sunrise calls', 'Photography services/packages', 'Bathtubs/jacuzzis', 'Scenic rooms/villas', 'Spa']",114.0,6.8,3.0,4
98,Munich,Germany,Munich Garden Suites 80,"Munich Garden Suites 80 is a 3-star hotel in Munich, Germany, offering Wi-Fi, Luggage storage, Air conditioning, Room cleaning service, Safety deposit box, Television, Parking, 24-hour front desk, EV charging for electric vehicles, Scenic rooms, Sunrise calls, Photography services/packages, High speed WiFi, Business center, Meeting rooms, Laundry service, Print machine. Average price is 82.0 USD per night. Enjoy comfortable stays with a rating of 9.2/5. The on-site restaurant is rated 5/5.","416-1-1 Nakanoshima, Kita-ku, Munich",11.398832657593127,48.17245975553378,"['road trip', 'photography', 'business travelers']","['Wi-Fi', 'Luggage storage', 'Air conditioning', 'Room cleaning service', 'Safety deposit box', 'Television', 'Parking', '24-hour front desk', 'EV charging for electric vehicles', 'Scenic rooms', 'Sunrise calls', 'Photography services/packages', 'High speed WiFi', 'Business center', 'Meeting rooms', 'Laundry service', 'Print machine']",82.0,9.2,3.5,5
99,Munich,Germany,Munich Grand Inn 81,"Munich Grand Inn 81 is a 3-star hotel in Munich, Germany, offering Wi-Fi, Luggage storage, Air conditioning, Room cleaning service, Safety deposit box, Television, Parking, 24-hour front desk, EV charging for electric vehicles, Scenic rooms, Sunrise calls, Photography services/packages, Accessible entrances, Ramps/lifts, Accessible rooms/bathrooms, Braille/raised signage. Average price is 76.0 USD per night. Enjoy comfortable stays with a rating of 7.6/5. The on-site restaurant is rated 1/5.","708 Shuri Street, Naha City, Munich",11.64867551502664,48.13881698428122,"['road trip', 'photography', 'disabled traveler']","['Wi-Fi', 'Luggage storage', 'Air conditioning', 'Room cleaning service', 'Safety deposit box', 'Television', 'Parking', '24-hour front desk', 'EV charging for electric vehicles', 'Scenic rooms', 'Sunrise calls', 'Photography services/packages', 'Accessible entrances', 'Ramps/lifts', 'Accessible rooms/bathrooms', 'Braille/raised signage']",76.0,7.6,3.0,1
100,Munich,Germany,Munich Garden Inn 82,"Munich Garden Inn 82 is a 3-star hotel in Munich, Germany, offering Wi-Fi, Luggage storage, Air conditioning, Room cleaning service, Safety deposit box, Television, Child-friendly rooms, Baby cots, Stroller storage, Diaper changing tables, Nursing rooms, Elevators, Bathroom grab bars, Medical contacts, Breakfast with dietary options, Accessible entrances, Ramps/lifts, Accessible rooms/bathrooms, Braille/raised signage. Average price is 72.0 USD per night. Enjoy comfortable stays with a rating of 8.0/5. The on-site restaurant is rated 1/5.","487 Chalong Bay Road, Munich",11.518702017641695,48.09403835517465,"['with children', 'elderly travelers', 'disabled traveler']","['Wi-Fi', 'Luggage storage', 'Air conditioning', 'Room cleaning service', 'Safety deposit box', 'Television', 'Child-friendly rooms', 'Baby cots', 'Stroller storage', 'Diaper changing tables', 'Nursing rooms', 'Elevators', 'Bathroom grab bars', 'Medical contacts', 'Breakfast with dietary options', 'Accessible entrances', 'Ramps/lifts', 'Accessible rooms/bathrooms', 'Braille/raised signage']",72.0,8.0,3.0,1
