hotel_id,city_name,country,name,about,address,longitude,latitude,amenities_group,amenities,price,rating,star,rate_of_restaurant
1,Palermo,Italy,Palermo Palace Inn 1,"Palermo Palace Inn 1 is a 5-star hotel in Palermo, Italy, offering Wi-Fi, Luggage storage, Air conditioning, Room cleaning service, Safety deposit box, Television, Child-friendly rooms, Baby cots, Stroller storage, Diaper changing tables, Nursing rooms, Free Wi-Fi, Communal kitchens, Laundry, Lockers, High speed WiFi, Business center, Meeting rooms, Laundry service, Print machine. Average price is 370.0 USD per night. Enjoy comfortable stays with a rating of 9.4/5. The on-site restaurant is rated 5/5.","673 Shibuya Street, Shibuya Ward, Palermo",13.365651557277044,38.13945579983214,"['with children', 'fast-paced budget travel', 'business travelers']","['Wi-Fi', 'Luggage storage', 'Air conditioning', 'Room cleaning service', 'Safety deposit box', 'Television', 'Child-friendly rooms', 'Baby cots', 'Stroller storage', 'Diaper changing tables', 'Nursing rooms', 'Free Wi-Fi', 'Communal kitchens', 'Laundry', 'Lockers', 'High speed WiFi', 'Business center', 'Meeting rooms', 'Laundry service', 'Print machine']",370.0,9.4,5.0,5
2,Palermo,Italy,Belle Vue Palermo Manor,"Belle Vue Palermo Manor is a 3-star hotel in Palermo, Italy, offering Wi-Fi, Luggage storage, Air conditioning, Room cleaning service, Safety deposit box, Television, Scenic rooms, Sunrise calls, Photography services/packages, Free Wi-Fi, Communal kitchens, Laundry, Lockers, Spa, Gym, Premium bedding, Bar. Average price is 82.0 USD per night. Enjoy comfortable stays with a rating of 9.6/5. The on-site restaurant is rated 5/5.","233 Shinkawa Street, Chuo Ward, Palermo",13.300383064138405,38.21940720737175,"['photography', 'fast-paced budget travel', 'luxury travelers']","['Wi-Fi', 'Luggage storage', 'Air conditioning', 'Room cleaning service', 'Safety deposit box', 'Television', 'Scenic rooms', 'Sunrise calls', 'Photography services/packages', 'Free Wi-Fi', 'Communal kitchens', 'Laundry', 'Lockers', 'Spa', 'Gym', 'Premium bedding', 'Bar']",82.0,9.6,3.5,5
3,Palermo,Italy,Palermo Resort Resort 2,"Palermo Resort Resort 2 is a 3-star hotel in Palermo, Italy, offering Wi-Fi, Luggage storage, Air conditioning, Room cleaning service, Safety deposit box, Television, Women-only floors/rooms, Privacy-conscious check-in, 24-hour security, Surveillance cameras, Double locks on doors, Scenic rooms, Sunrise calls, Photography services/packages, Elevators, Bathroom grab bars, Medical contacts, Breakfast with dietary options. Average price is 88.0 USD per night. Enjoy comfortable stays with a rating of 9.0/5. The on-site restaurant is rated 4/5.","No. 456, West Lake Scenic Road, Palermo",13.325618655805073,38.07877211158342,"['solo women', 'photography', 'elderly travelers']","['Wi-Fi', 'Luggage storage', 'Air conditioning', 'Room cleaning service', 'Safety deposit box', 'Television', 'Women-only floors/rooms', 'Privacy-conscious check-in', '24-hour security', 'Surveillance cameras', 'Double locks on doors', 'Scenic rooms', 'Sunrise calls', 'Photography services/packages', 'Elevators', 'Bathroom grab bars', 'Medical contacts', 'Breakfast with dietary options']",88.0,9.0,3.0,4
4,Palermo,Italy,Azure Bay Palermo Garden Resort,"Azure Bay Palermo Garden Resort is a 3-star hotel in Palermo, Italy, offering Wi-Fi, Luggage storage, Air conditioning, Room cleaning service, Safety deposit box, Television, Women-only floors/rooms, Privacy-conscious check-in, 24-hour security, Surveillance cameras, Double locks on doors, 24-hour front desk, Late room service, On-site bars, Rooftop lounges/nightclubs, Accessible entrances, Ramps/lifts, Accessible rooms/bathrooms, Braille/raised signage. Average price is 169.0 USD per night. Enjoy comfortable stays with a rating of 7.0/5. The on-site restaurant is rated 5/5.","729 Sairee Road, Palermo",13.399580474304823,38.15598759046422,"['solo women', 'nightlife enthusiast', 'disabled traveler']","['Wi-Fi', 'Luggage storage', 'Air conditioning', 'Room cleaning service', 'Safety deposit box', 'Television', 'Women-only floors/rooms', 'Privacy-conscious check-in', '24-hour security', 'Surveillance cameras', 'Double locks on doors', '24-hour front desk', 'Late room service', 'On-site bars', 'Rooftop lounges/nightclubs', 'Accessible entrances', 'Ramps/lifts', 'Accessible rooms/bathrooms', 'Braille/raised signage']",169.0,7.0,3.5,5
5,Palermo,Italy,Palermo Sky Resort 3,"Palermo Sky Resort 3 is a 5-star hotel in Palermo, Italy, offering Wi-Fi, Luggage storage, Air conditioning, Room cleaning service, Safety deposit box, Television, Women-only floors/rooms, Privacy-conscious check-in, 24-hour security, Surveillance cameras, Double locks on doors, 24-hour front desk, Late room service, On-site bars, Rooftop lounges/nightclubs, Bathtubs/jacuzzis, Scenic rooms/villas, Spa. Average price is 58.0 USD per night. Enjoy comfortable stays with a rating of 8.0/5. The on-site restaurant is rated 5/5.","No. 123, Xingang Road, Haizhu District, Palermo",13.300383064138405,38.14217865409886,"['solo women', 'nightlife enthusiast', 'couples trip']","['Wi-Fi', 'Luggage storage', 'Air conditioning', 'Room cleaning service', 'Safety deposit box', 'Television', 'Women-only floors/rooms', 'Privacy-conscious check-in', '24-hour security', 'Surveillance cameras', 'Double locks on doors', '24-hour front desk', 'Late room service', 'On-site bars', 'Rooftop lounges/nightclubs', 'Bathtubs/jacuzzis', 'Scenic rooms/villas', 'Spa']",58.0,8.0,5.0,5
6,Palermo,Italy,Palermo Royal Inn 4,"Palermo Royal Inn 4 is a 4-star hotel in Palermo, Italy, offering Wi-Fi, Luggage storage, Air conditioning, Room cleaning service, Safety deposit box, Television, 24-hour front desk, Late room service, On-site bars, Rooftop lounges/nightclubs, Scenic rooms, Sunrise calls, Photography services/packages, Accessible entrances, Ramps/lifts, Accessible rooms/bathrooms, Braille/raised signage. Average price is 82.0 USD per night. Enjoy comfortable stays with a rating of 7.8/5. The on-site restaurant is rated 5/5.","533 Suthep Road, Palermo",13.350578941914414,38.197914838427,"['nightlife enthusiast', 'photography', 'disabled traveler']","['Wi-Fi', 'Luggage storage', 'Air conditioning', 'Room cleaning service', 'Safety deposit box', 'Television', '24-hour front desk', 'Late room service', 'On-site bars', 'Rooftop lounges/nightclubs', 'Scenic rooms', 'Sunrise calls', 'Photography services/packages', 'Accessible entrances', 'Ramps/lifts', 'Accessible rooms/bathrooms', 'Braille/raised signage']",82.0,7.8,4.0,5
7,Palermo,Italy,Palermo Boutique Inn 5,"Palermo Boutique Inn 5 is a 4-star hotel in Palermo, Italy, offering Wi-Fi, Luggage storage, Air conditioning, Room cleaning service, Safety deposit box, Television, Pet-friendly, Pet rest area, Pet beds, Durable floors, Bathtubs/jacuzzis, Scenic rooms/villas, Spa, Accessible entrances, Ramps/lifts, Accessible rooms/bathrooms, Braille/raised signage. Average price is 71.0 USD per night. Enjoy comfortable stays with a rating of 8.0/5. The on-site restaurant is rated 5/5.","No. 456, Guangming Road, Futian District, Palermo",13.253241301186858,38.170787002131576,"['with pets', 'couples trip', 'disabled traveler']","['Wi-Fi', 'Luggage storage', 'Air conditioning', 'Room cleaning service', 'Safety deposit box', 'Television', 'Pet-friendly', 'Pet rest area', 'Pet beds', 'Durable floors', 'Bathtubs/jacuzzis', 'Scenic rooms/villas', 'Spa', 'Accessible entrances', 'Ramps/lifts', 'Accessible rooms/bathrooms', 'Braille/raised signage']",71.0,8.0,4.0,5
8,Palermo,Italy,Palermo Resort Inn 6,"Palermo Resort Inn 6 is a 4-star hotel in Palermo, Italy, offering Wi-Fi, Luggage storage, Air conditioning, Room cleaning service, Safety deposit box, Television, Child-friendly rooms, Baby cots, Stroller storage, Diaper changing tables, Nursing rooms, 24-hour front desk, Late room service, On-site bars, Rooftop lounges/nightclubs, High speed WiFi, Business center, Meeting rooms, Laundry service, Print machine. Average price is 159.0 USD per night. Enjoy comfortable stays with a rating of 8.4/5. The on-site restaurant is rated 4/5.","No. 456, Cultural Avenue, Palermo",13.322064379999274,38.08104320983758,"['with children', 'nightlife enthusiast', 'business travelers']","['Wi-Fi', 'Luggage storage', 'Air conditioning', 'Room cleaning service', 'Safety deposit box', 'Television', 'Child-friendly rooms', 'Baby cots', 'Stroller storage', 'Diaper changing tables', 'Nursing rooms', '24-hour front desk', 'Late room service', 'On-site bars', 'Rooftop lounges/nightclubs', 'High speed WiFi', 'Business center', 'Meeting rooms', 'Laundry service', 'Print machine']",159.0,8.4,4.0,4
9,Palermo,Italy,Palermo View Hotel 7,"Palermo View Hotel 7 is a 3-star hotel in Palermo, Italy, offering Wi-Fi, Luggage storage, Air conditioning, Room cleaning service, Safety deposit box, Television, Free Wi-Fi, Communal kitchens, Laundry, Lockers, Pet-friendly, Pet rest area, Pet beds, Durable floors, Accessible entrances, Ramps/lifts, Accessible rooms/bathrooms, Braille/raised signage. Average price is 135.0 USD per night. Enjoy comfortable stays with a rating of 8.8/5. The on-site restaurant is rated 5/5.","No. 456, West Lake Road, Palermo",13.300383064138405,38.08806803954685,"['fast-paced budget travel', 'with pets', 'disabled traveler']","['Wi-Fi', 'Luggage storage', 'Air conditioning', 'Room cleaning service', 'Safety deposit box', 'Television', 'Free Wi-Fi', 'Communal kitchens', 'Laundry', 'Lockers', 'Pet-friendly', 'Pet rest area', 'Pet beds', 'Durable floors', 'Accessible entrances', 'Ramps/lifts', 'Accessible rooms/bathrooms', 'Braille/raised signage']",135.0,8.8,3.5,5
10,Palermo,Italy,Palermo Plaza Suites 8,"Palermo Plaza Suites 8 is a 4-star hotel in Palermo, Italy, offering Wi-Fi, Luggage storage, Air conditioning, Room cleaning service, Safety deposit box, Television, Scenic rooms, Sunrise calls, Photography services/packages, Elevators, Bathroom grab bars, Medical contacts, Breakfast with dietary options, Accessible entrances, Ramps/lifts, Accessible rooms/bathrooms, Braille/raised signage. Average price is 36.0 USD per night. Enjoy comfortable stays with a rating of 8.6/5. The on-site restaurant is rated 5/5.","No. 456, Cultural Street, Palermo",13.339869389948984,38.197914838427,"['photography', 'elderly travelers', 'disabled traveler']","['Wi-Fi', 'Luggage storage', 'Air conditioning', 'Room cleaning service', 'Safety deposit box', 'Television', 'Scenic rooms', 'Sunrise calls', 'Photography services/packages', 'Elevators', 'Bathroom grab bars', 'Medical contacts', 'Breakfast with dietary options', 'Accessible entrances', 'Ramps/lifts', 'Accessible rooms/bathrooms', 'Braille/raised signage']",36.0,8.6,4.0,5
11,Palermo,Italy,Palermo Royal Hotel 9,"Palermo Royal Hotel 9 is a 2-star hotel in Palermo, Italy, offering Wi-Fi, Luggage storage, Air conditioning, Room cleaning service, Safety deposit box, Television, Women-only floors/rooms, Privacy-conscious check-in, 24-hour security, Surveillance cameras, Double locks on doors, Elevators, Bathroom grab bars, Medical contacts, Breakfast with dietary options, Accessible entrances, Ramps/lifts, Accessible rooms/bathrooms, Braille/raised signage. Average price is 57.0 USD per night. Enjoy comfortable stays with a rating of 9.8/5. The on-site restaurant is rated 3/5.","317 Nong Khai Road, Palermo",13.339654060055958,38.1701769947099,"['solo women', 'elderly travelers', 'disabled traveler']","['Wi-Fi', 'Luggage storage', 'Air conditioning', 'Room cleaning service', 'Safety deposit box', 'Television', 'Women-only floors/rooms', 'Privacy-conscious check-in', '24-hour security', 'Surveillance cameras', 'Double locks on doors', 'Elevators', 'Bathroom grab bars', 'Medical contacts', 'Breakfast with dietary options', 'Accessible entrances', 'Ramps/lifts', 'Accessible rooms/bathrooms', 'Braille/raised signage']",57.0,9.8,2.0,3
12,Palermo,Italy,Sunset Bay Resort Villas,"Sunset Bay Resort Villas is a 2-star hotel in Palermo, Italy, offering Wi-Fi, Luggage storage, Air conditioning, Room cleaning service, Safety deposit box, Television, Free Wi-Fi, Communal kitchens, Laundry, Lockers, Bathtubs/jacuzzis, Scenic rooms/villas, Spa, Gym, Premium bedding, Bar. Average price is 83.0 USD per night. Enjoy comfortable stays with a rating of 7.0/5. The on-site restaurant is rated 5/5.","No. 123 Oceanic Avenue, Palermo",13.42493623933646,38.13838040201097,"['fast-paced budget travel', 'couples trip', 'luxury travelers']","['Wi-Fi', 'Luggage storage', 'Air conditioning', 'Room cleaning service', 'Safety deposit box', 'Television', 'Free Wi-Fi', 'Communal kitchens', 'Laundry', 'Lockers', 'Bathtubs/jacuzzis', 'Scenic rooms/villas', 'Spa', 'Gym', 'Premium bedding', 'Bar']",83.0,7.0,2.5,5
13,Palermo,Italy,Palermo Grand Hotel 10,"Palermo Grand Hotel 10 is a 5-star hotel in Palermo, Italy, offering Wi-Fi, Luggage storage, Air conditioning, Room cleaning service, Safety deposit box, Television, Scenic rooms, Sunrise calls, Photography services/packages, Free Wi-Fi, Communal kitchens, Laundry, Lockers, Pet-friendly, Pet rest area, Pet beds, Durable floors. Average price is 241.0 USD per night. Enjoy comfortable stays with a rating of 9.0/5. The on-site restaurant is rated 5/5.","No. 128, Xueyuan Road, Palermo",13.31123885462537,38.15598759046422,"['photography', 'fast-paced budget travel', 'with pets']","['Wi-Fi', 'Luggage storage', 'Air conditioning', 'Room cleaning service', 'Safety deposit box', 'Television', 'Scenic rooms', 'Sunrise calls', 'Photography services/packages', 'Free Wi-Fi', 'Communal kitchens', 'Laundry', 'Lockers', 'Pet-friendly', 'Pet rest area', 'Pet beds', 'Durable floors']",241.0,9.0,5.0,5
14,Palermo,Italy,Palermo Pearl Resort 11,"Palermo Pearl Resort 11 is a 3-star hotel in Palermo, Italy, offering Wi-Fi, Luggage storage, Air conditioning, Room cleaning service, Safety deposit box, Television, Parking, 24-hour front desk, EV charging for electric vehicles, Free Wi-Fi, Communal kitchens, Laundry, Lockers, Spa, Gym, Premium bedding, Bar. Average price is 77.0 USD per night. Enjoy comfortable stays with a rating of 8.6/5. The on-site restaurant is rated 5/5.","No. 128, Lingxi Road, Haizhu District, Palermo",13.350069479600071,38.08269011552824,"['road trip', 'fast-paced budget travel', 'luxury travelers']","['Wi-Fi', 'Luggage storage', 'Air conditioning', 'Room cleaning service', 'Safety deposit box', 'Television', 'Parking', '24-hour front desk', 'EV charging for electric vehicles', 'Free Wi-Fi', 'Communal kitchens', 'Laundry', 'Lockers', 'Spa', 'Gym', 'Premium bedding', 'Bar']",77.0,8.6,3.0,5
15,Palermo,Italy,Sicilian Sunlight Resort Palermo,"Sicilian Sunlight Resort Palermo is a 5-star hotel in Palermo, Italy, offering Wi-Fi, Luggage storage, Air conditioning, Room cleaning service, Safety deposit box, Television, Women-only floors/rooms, Privacy-conscious check-in, 24-hour security, Surveillance cameras, Double locks on doors, Scenic rooms, Sunrise calls, Photography services/packages, Spa, Gym, Premium bedding, Bar. Average price is 79.0 USD per night. Enjoy comfortable stays with a rating of 8.2/5. The on-site restaurant is rated 5/5.","No. 456, Xueyuan Road, Palermo",13.325618655805073,38.15445203795091,"['solo women', 'photography', 'luxury travelers']","['Wi-Fi', 'Luggage storage', 'Air conditioning', 'Room cleaning service', 'Safety deposit box', 'Television', 'Women-only floors/rooms', 'Privacy-conscious check-in', '24-hour security', 'Surveillance cameras', 'Double locks on doors', 'Scenic rooms', 'Sunrise calls', 'Photography services/packages', 'Spa', 'Gym', 'Premium bedding', 'Bar']",79.0,8.2,5.0,5
16,Palermo,Italy,Palermo Plaza Hotel 12,"Palermo Plaza Hotel 12 is a 5-star hotel in Palermo, Italy, offering Wi-Fi, Luggage storage, Air conditioning, Room cleaning service, Safety deposit box, Television, 24-hour front desk, Late room service, On-site bars, Rooftop lounges/nightclubs, High speed WiFi, Business center, Meeting rooms, Laundry service, Print machine, Accessible entrances, Ramps/lifts, Accessible rooms/bathrooms, Braille/raised signage. Average price is 162.0 USD per night. Enjoy comfortable stays with a rating of 9.2/5. The on-site restaurant is rated 5/5.","527 Seaside Promenade, Chuo Ward, Palermo",13.286492580532896,38.17725526647464,"['nightlife enthusiast', 'business travelers', 'disabled traveler']","['Wi-Fi', 'Luggage storage', 'Air conditioning', 'Room cleaning service', 'Safety deposit box', 'Television', '24-hour front desk', 'Late room service', 'On-site bars', 'Rooftop lounges/nightclubs', 'High speed WiFi', 'Business center', 'Meeting rooms', 'Laundry service', 'Print machine', 'Accessible entrances', 'Ramps/lifts', 'Accessible rooms/bathrooms', 'Braille/raised signage']",162.0,9.2,5.0,5
17,Palermo,Italy,Palermo Garden Inn 13,"Palermo Garden Inn 13 is a 4-star hotel in Palermo, Italy, offering Wi-Fi, Luggage storage, Air conditioning, Room cleaning service, Safety deposit box, Television, Scenic rooms, Sunrise calls, Photography services/packages, Free Wi-Fi, Communal kitchens, Laundry, Lockers, High speed WiFi, Business center, Meeting rooms, Laundry service, Print machine. Average price is 235.0 USD per night. Enjoy comfortable stays with a rating of 9.6/5. The on-site restaurant is rated 5/5.","158 Nathan Road, Palermo",13.263542796604574,38.1952202107995,"['photography', 'fast-paced budget travel', 'business travelers']","['Wi-Fi', 'Luggage storage', 'Air conditioning', 'Room cleaning service', 'Safety deposit box', 'Television', 'Scenic rooms', 'Sunrise calls', 'Photography services/packages', 'Free Wi-Fi', 'Communal kitchens', 'Laundry', 'Lockers', 'High speed WiFi', 'Business center', 'Meeting rooms', 'Laundry service', 'Print machine']",235.0,9.6,4.0,5
18,Palermo,Italy,Sunset Coast Garden Resort,"Sunset Coast Garden Resort is a 4-star hotel in Palermo, Italy, offering Wi-Fi, Luggage storage, Air conditioning, Room cleaning service, Safety deposit box, Television, Elevators, Bathroom grab bars, Medical contacts, Breakfast with dietary options, High speed WiFi, Business center, Meeting rooms, Laundry service, Print machine, Spa, Gym, Premium bedding, Bar. Average price is 86.0 USD per night. Enjoy comfortable stays with a rating of 8.4/5. The on-site restaurant is rated 1/5.","905 Shuri Street, Palermo",13.313407814311256,38.20763821899634,"['elderly travelers', 'business travelers', 'luxury travelers']","['Wi-Fi', 'Luggage storage', 'Air conditioning', 'Room cleaning service', 'Safety deposit box', 'Television', 'Elevators', 'Bathroom grab bars', 'Medical contacts', 'Breakfast with dietary options', 'High speed WiFi', 'Business center', 'Meeting rooms', 'Laundry service', 'Print machine', 'Spa', 'Gym', 'Premium bedding', 'Bar']",86.0,8.4,4.0,1
19,Palermo,Italy,Palermo Resort Inn 14,"Palermo Resort Inn 14 is a 5-star hotel in Palermo, Italy, offering Wi-Fi, Luggage storage, Air conditioning, Room cleaning service, Safety deposit box, Television, Women-only floors/rooms, Privacy-conscious check-in, 24-hour security, Surveillance cameras, Double locks on doors, 24-hour front desk, Late room service, On-site bars, Rooftop lounges/nightclubs, Accessible entrances, Ramps/lifts, Accessible rooms/bathrooms, Braille/raised signage. Average price is 130.0 USD per night. Enjoy comfortable stays with a rating of 9.6/5. The on-site restaurant is rated 5/5.","974 Sathorn Road, Wattana District, Palermo",13.32416957720223,38.18768634876043,"['solo women', 'nightlife enthusiast', 'disabled traveler']","['Wi-Fi', 'Luggage storage', 'Air conditioning', 'Room cleaning service', 'Safety deposit box', 'Television', 'Women-only floors/rooms', 'Privacy-conscious check-in', '24-hour security', 'Surveillance cameras', 'Double locks on doors', '24-hour front desk', 'Late room service', 'On-site bars', 'Rooftop lounges/nightclubs', 'Accessible entrances', 'Ramps/lifts', 'Accessible rooms/bathrooms', 'Braille/raised signage']",130.0,9.6,5.0,5
20,Palermo,Italy,Palermo Pearl Hotel 15,"Palermo Pearl Hotel 15 is a 3-star hotel in Palermo, Italy, offering Wi-Fi, Luggage storage, Air conditioning, Room cleaning service, Safety deposit box, Television, Spa, Gym, Premium bedding, Bar, High speed WiFi, Business center, Meeting rooms, Laundry service, Print machine, Pet-friendly, Pet rest area, Pet beds, Durable floors. Average price is 94.0 USD per night. Enjoy comfortable stays with a rating of 8.8/5. The on-site restaurant is rated 5/5.","No. 456, Zhongshan Road, Palermo",13.291428556645688,38.11579282768941,"['luxury travelers', 'business travelers', 'with pets']","['Wi-Fi', 'Luggage storage', 'Air conditioning', 'Room cleaning service', 'Safety deposit box', 'Television', 'Spa', 'Gym', 'Premium bedding', 'Bar', 'High speed WiFi', 'Business center', 'Meeting rooms', 'Laundry service', 'Print machine', 'Pet-friendly', 'Pet rest area', 'Pet beds', 'Durable floors']",94.0,8.8,3.5,5
21,Palermo,Italy,Palermo Sky Inn 16,"Palermo Sky Inn 16 is a 4-star hotel in Palermo, Italy, offering Wi-Fi, Luggage storage, Air conditioning, Room cleaning service, Safety deposit box, Television, Parking, 24-hour front desk, EV charging for electric vehicles, Late room service, On-site bars, Rooftop lounges/nightclubs, Spa, Gym, Premium bedding, Bar. Average price is 145.0 USD per night. Enjoy comfortable stays with a rating of 9.0/5. The on-site restaurant is rated 4/5.","533 Suthep Road, Palermo",13.326009288971491,38.17061176772857,"['road trip', 'nightlife enthusiast', 'luxury travelers']","['Wi-Fi', 'Luggage storage', 'Air conditioning', 'Room cleaning service', 'Safety deposit box', 'Television', 'Parking', '24-hour front desk', 'EV charging for electric vehicles', 'Late room service', 'On-site bars', 'Rooftop lounges/nightclubs', 'Spa', 'Gym', 'Premium bedding', 'Bar']",145.0,9.0,4.0,4
22,Palermo,Italy,Palermo View Suites 17,"Palermo View Suites 17 is a 5-star hotel in Palermo, Italy, offering Wi-Fi, Luggage storage, Air conditioning, Room cleaning service, Safety deposit box, Television, Women-only floors/rooms, Privacy-conscious check-in, 24-hour security, Surveillance cameras, Double locks on doors, Elevators, Bathroom grab bars, Medical contacts, Breakfast with dietary options, Accessible entrances, Ramps/lifts, Accessible rooms/bathrooms, Braille/raised signage. Average price is 224.0 USD per night. Enjoy comfortable stays with a rating of 9.0/5. The on-site restaurant is rated 5/5.","826 Sukhumvit Road, Khlong Toei District, Palermo",13.30787604510988,38.12249820692983,"['solo women', 'elderly travelers', 'disabled traveler']","['Wi-Fi', 'Luggage storage', 'Air conditioning', 'Room cleaning service', 'Safety deposit box', 'Television', 'Women-only floors/rooms', 'Privacy-conscious check-in', '24-hour security', 'Surveillance cameras', 'Double locks on doors', 'Elevators', 'Bathroom grab bars', 'Medical contacts', 'Breakfast with dietary options', 'Accessible entrances', 'Ramps/lifts', 'Accessible rooms/bathrooms', 'Braille/raised signage']",224.0,9.0,5.0,5
23,Palermo,Italy,Palermo Royal Inn 18,"Palermo Royal Inn 18 is a 3-star hotel in Palermo, Italy, offering Wi-Fi, Luggage storage, Air conditioning, Room cleaning service, Safety deposit box, Television, Women-only floors/rooms, Privacy-conscious check-in, 24-hour security, Surveillance cameras, Double locks on doors, Scenic rooms, Sunrise calls, Photography services/packages, Bathtubs/jacuzzis, Scenic rooms/villas, Spa. Average price is 146.0 USD per night. Enjoy comfortable stays with a rating of 9.2/5. The on-site restaurant is rated 3/5.","340 Sakura Street, Nishi Ward, Palermo",13.280995170424164,38.09393178074388,"['solo women', 'photography', 'couples trip']","['Wi-Fi', 'Luggage storage', 'Air conditioning', 'Room cleaning service', 'Safety deposit box', 'Television', 'Women-only floors/rooms', 'Privacy-conscious check-in', '24-hour security', 'Surveillance cameras', 'Double locks on doors', 'Scenic rooms', 'Sunrise calls', 'Photography services/packages', 'Bathtubs/jacuzzis', 'Scenic rooms/villas', 'Spa']",146.0,9.2,3.5,3
24,Palermo,Italy,Azure Sky Garden Resort,"Azure Sky Garden Resort is a 3-star hotel in Palermo, Italy, offering Wi-Fi, Luggage storage, Air conditioning, Room cleaning service, Safety deposit box, Television, Women-only floors/rooms, Privacy-conscious check-in, 24-hour security, Surveillance cameras, Double locks on doors, Scenic rooms, Sunrise calls, Photography services/packages, Bathtubs/jacuzzis, Scenic rooms/villas, Spa. Average price is 167.0 USD per night. Enjoy comfortable stays with a rating of 9.2/5. The on-site restaurant is rated 2/5.","875 Seaside Promenade, Palermo",13.26910018495038,38.10284150586225,"['solo women', 'photography', 'couples trip']","['Wi-Fi', 'Luggage storage', 'Air conditioning', 'Room cleaning service', 'Safety deposit box', 'Television', 'Women-only floors/rooms', 'Privacy-conscious check-in', '24-hour security', 'Surveillance cameras', 'Double locks on doors', 'Scenic rooms', 'Sunrise calls', 'Photography services/packages', 'Bathtubs/jacuzzis', 'Scenic rooms/villas', 'Spa']",167.0,9.2,3.0,2
25,Palermo,Italy,Palermo Garden Inn 19,"Palermo Garden Inn 19 is a 4-star hotel in Palermo, Italy, offering Wi-Fi, Luggage storage, Air conditioning, Room cleaning service, Safety deposit box, Television, Scenic rooms, Sunrise calls, Photography services/packages, Elevators, Bathroom grab bars, Medical contacts, Breakfast with dietary options, Spa, Gym, Premium bedding, Bar. Average price is 159.0 USD per night. Enjoy comfortable stays with a rating of 9.0/5. The on-site restaurant is rated 4/5.","No. 128, Xueyuan Road, Palermo",13.338741303476343,38.09856609936134,"['photography', 'elderly travelers', 'luxury travelers']","['Wi-Fi', 'Luggage storage', 'Air conditioning', 'Room cleaning service', 'Safety deposit box', 'Television', 'Scenic rooms', 'Sunrise calls', 'Photography services/packages', 'Elevators', 'Bathroom grab bars', 'Medical contacts', 'Breakfast with dietary options', 'Spa', 'Gym', 'Premium bedding', 'Bar']",159.0,9.0,4.0,4
26,Palermo,Italy,Palermo Suites Suites 20,"Palermo Suites Suites 20 is a 2-star hotel in Palermo, Italy, offering Wi-Fi, Luggage storage, Air conditioning, Room cleaning service, Safety deposit box, Television, Scenic rooms, Sunrise calls, Photography services/packages, Free Wi-Fi, Communal kitchens, Laundry, Lockers, Accessible entrances, Ramps/lifts, Accessible rooms/bathrooms, Braille/raised signage. Average price is 27.0 USD per night. Enjoy comfortable stays with a rating of 10.0/5. The on-site restaurant is rated 4/5.","992-8-11 Asakusa 1-chome, Taito City, Palermo",13.270520959851895,38.16172999168629,"['photography', 'fast-paced budget travel', 'disabled traveler']","['Wi-Fi', 'Luggage storage', 'Air conditioning', 'Room cleaning service', 'Safety deposit box', 'Television', 'Scenic rooms', 'Sunrise calls', 'Photography services/packages', 'Free Wi-Fi', 'Communal kitchens', 'Laundry', 'Lockers', 'Accessible entrances', 'Ramps/lifts', 'Accessible rooms/bathrooms', 'Braille/raised signage']",27.0,10.0,2.0,4
27,Palermo,Italy,Borgo delle Rose Resort,"Borgo delle Rose Resort is a 3-star hotel in Palermo, Italy, offering Wi-Fi, Luggage storage, Air conditioning, Room cleaning service, Safety deposit box, Television, Parking, 24-hour front desk, EV charging for electric vehicles, Elevators, Bathroom grab bars, Medical contacts, Breakfast with dietary options, Spa, Gym, Premium bedding, Bar. Average price is 107.0 USD per night. Enjoy comfortable stays with a rating of 5.4/5. The on-site restaurant is rated 5/5.","863 Seongsan Road, Palermo",13.379041004931448,38.07966057855232,"['road trip', 'elderly travelers', 'luxury travelers']","['Wi-Fi', 'Luggage storage', 'Air conditioning', 'Room cleaning service', 'Safety deposit box', 'Television', 'Parking', '24-hour front desk', 'EV charging for electric vehicles', 'Elevators', 'Bathroom grab bars', 'Medical contacts', 'Breakfast with dietary options', 'Spa', 'Gym', 'Premium bedding', 'Bar']",107.0,5.4,3.5,5
28,Palermo,Italy,Palermo Resort Resort 21,"Palermo Resort Resort 21 is a 3-star hotel in Palermo, Italy, offering Wi-Fi, Luggage storage, Air conditioning, Room cleaning service, Safety deposit box, Television, Child-friendly rooms, Baby cots, Stroller storage, Diaper changing tables, Nursing rooms, Parking, 24-hour front desk, EV charging for electric vehicles, Spa, Gym, Premium bedding, Bar. Average price is 32.0 USD per night. Enjoy comfortable stays with a rating of 2.0/5. The on-site restaurant is rated 5/5.","340 Sakura Street, Nishi Ward, Palermo",13.429770210605382,38.10634821170519,"['with children', 'road trip', 'luxury travelers']","['Wi-Fi', 'Luggage storage', 'Air conditioning', 'Room cleaning service', 'Safety deposit box', 'Television', 'Child-friendly rooms', 'Baby cots', 'Stroller storage', 'Diaper changing tables', 'Nursing rooms', 'Parking', '24-hour front desk', 'EV charging for electric vehicles', 'Spa', 'Gym', 'Premium bedding', 'Bar']",32.0,2.0,3.0,5
29,Palermo,Italy,Palermo Resort Suites 22,"Palermo Resort Suites 22 is a 3-star hotel in Palermo, Italy, offering Wi-Fi, Luggage storage, Air conditioning, Room cleaning service, Safety deposit box, Television, Child-friendly rooms, Baby cots, Stroller storage, Diaper changing tables, Nursing rooms, Elevators, Bathroom grab bars, Medical contacts, Breakfast with dietary options, Bathtubs/jacuzzis, Scenic rooms/villas, Spa. Average price is 19.0 USD per night. Enjoy comfortable stays with a rating of 8.0/5. The on-site restaurant is rated 5/5.","117 Shinko Street, Chuo Ward, Palermo",13.26736941326741,38.09441158750969,"['with children', 'elderly travelers', 'couples trip']","['Wi-Fi', 'Luggage storage', 'Air conditioning', 'Room cleaning service', 'Safety deposit box', 'Television', 'Child-friendly rooms', 'Baby cots', 'Stroller storage', 'Diaper changing tables', 'Nursing rooms', 'Elevators', 'Bathroom grab bars', 'Medical contacts', 'Breakfast with dietary options', 'Bathtubs/jacuzzis', 'Scenic rooms/villas', 'Spa']",19.0,8.0,3.0,5
30,Palermo,Italy,Palermo Central Resort 23,"Palermo Central Resort 23 is a 2-star hotel in Palermo, Italy, offering Wi-Fi, Luggage storage, Air conditioning, Room cleaning service, Safety deposit box, Television, Women-only floors/rooms, Privacy-conscious check-in, 24-hour security, Surveillance cameras, Double locks on doors, Scenic rooms, Sunrise calls, Photography services/packages, Bathtubs/jacuzzis, Scenic rooms/villas, Spa. Average price is 30.0 USD per night. Enjoy comfortable stays with a rating of 9.2/5. The on-site restaurant is rated 4/5.","No. 456 Ocean View Avenue, Palermo",13.305012987493129,38.125832283470814,"['solo women', 'photography', 'couples trip']","['Wi-Fi', 'Luggage storage', 'Air conditioning', 'Room cleaning service', 'Safety deposit box', 'Television', 'Women-only floors/rooms', 'Privacy-conscious check-in', '24-hour security', 'Surveillance cameras', 'Double locks on doors', 'Scenic rooms', 'Sunrise calls', 'Photography services/packages', 'Bathtubs/jacuzzis', 'Scenic rooms/villas', 'Spa']",30.0,9.2,2.5,4
31,Palermo,Italy,Palermo Grand Suites 24,"Palermo Grand Suites 24 is a 4-star hotel in Palermo, Italy, offering Wi-Fi, Luggage storage, Air conditioning, Room cleaning service, Safety deposit box, Television, Child-friendly rooms, Baby cots, Stroller storage, Diaper changing tables, Nursing rooms, Free Wi-Fi, Communal kitchens, Laundry, Lockers, Spa, Gym, Premium bedding, Bar. Average price is 97.0 USD per night. Enjoy comfortable stays with a rating of 7.8/5. The on-site restaurant is rated 4/5.","345 Victoria Harbour Road, Palermo",13.32416957720223,38.19159130017568,"['with children', 'fast-paced budget travel', 'luxury travelers']","['Wi-Fi', 'Luggage storage', 'Air conditioning', 'Room cleaning service', 'Safety deposit box', 'Television', 'Child-friendly rooms', 'Baby cots', 'Stroller storage', 'Diaper changing tables', 'Nursing rooms', 'Free Wi-Fi', 'Communal kitchens', 'Laundry', 'Lockers', 'Spa', 'Gym', 'Premium bedding', 'Bar']",97.0,7.8,4.0,4
32,Palermo,Italy,Palermo Plaza Inn 25,"Palermo Plaza Inn 25 is a 2-star hotel in Palermo, Italy, offering Wi-Fi, Luggage storage, Air conditioning, Room cleaning service, Safety deposit box, Television, Spa, Gym, Premium bedding, Bar, High speed WiFi, Business center, Meeting rooms, Laundry service, Print machine, Accessible entrances, Ramps/lifts, Accessible rooms/bathrooms, Braille/raised signage. Average price is 57.0 USD per night. Enjoy comfortable stays with a rating of 6.6/5. The on-site restaurant is rated 5/5.","No. 456, Zhongshan Road, Palermo",13.28760126159148,38.09799898305469,"['luxury travelers', 'business travelers', 'disabled traveler']","['Wi-Fi', 'Luggage storage', 'Air conditioning', 'Room cleaning service', 'Safety deposit box', 'Television', 'Spa', 'Gym', 'Premium bedding', 'Bar', 'High speed WiFi', 'Business center', 'Meeting rooms', 'Laundry service', 'Print machine', 'Accessible entrances', 'Ramps/lifts', 'Accessible rooms/bathrooms', 'Braille/raised signage']",57.0,6.6,2.5,5
33,Palermo,Italy,Palermo Boutique Suites 26,"Palermo Boutique Suites 26 is a 5-star hotel in Palermo, Italy, offering Wi-Fi, Luggage storage, Air conditioning, Room cleaning service, Safety deposit box, Television, 24-hour front desk, Late room service, On-site bars, Rooftop lounges/nightclubs, Elevators, Bathroom grab bars, Medical contacts, Breakfast with dietary options, Spa, Gym, Premium bedding, Bar. Average price is 68.0 USD per night. Enjoy comfortable stays with a rating of 8.2/5. The on-site restaurant is rated 5/5.","863 Seongsan Road, Palermo",13.322243585972371,38.08806803954685,"['nightlife enthusiast', 'elderly travelers', 'luxury travelers']","['Wi-Fi', 'Luggage storage', 'Air conditioning', 'Room cleaning service', 'Safety deposit box', 'Television', '24-hour front desk', 'Late room service', 'On-site bars', 'Rooftop lounges/nightclubs', 'Elevators', 'Bathroom grab bars', 'Medical contacts', 'Breakfast with dietary options', 'Spa', 'Gym', 'Premium bedding', 'Bar']",68.0,8.2,5.0,5
34,Palermo,Italy,Palermo Suites Hotel 27,"Palermo Suites Hotel 27 is a 2-star hotel in Palermo, Italy, offering Wi-Fi, Luggage storage, Air conditioning, Room cleaning service, Safety deposit box, Television, Women-only floors/rooms, Privacy-conscious check-in, 24-hour security, Surveillance cameras, Double locks on doors, 24-hour front desk, Late room service, On-site bars, Rooftop lounges/nightclubs, High speed WiFi, Business center, Meeting rooms, Laundry service, Print machine. Average price is 75.0 USD per night. Enjoy comfortable stays with a rating of 9.0/5. The on-site restaurant is rated 4/5.","345 Victoria Harbour Road, Palermo",13.285271033467811,38.1701769947099,"['solo women', 'nightlife enthusiast', 'business travelers']","['Wi-Fi', 'Luggage storage', 'Air conditioning', 'Room cleaning service', 'Safety deposit box', 'Television', 'Women-only floors/rooms', 'Privacy-conscious check-in', '24-hour security', 'Surveillance cameras', 'Double locks on doors', '24-hour front desk', 'Late room service', 'On-site bars', 'Rooftop lounges/nightclubs', 'High speed WiFi', 'Business center', 'Meeting rooms', 'Laundry service', 'Print machine']",75.0,9.0,2.5,4
35,Palermo,Italy,Sunset Garden Resort,"Sunset Garden Resort is a 4-star hotel in Palermo, Italy, offering Wi-Fi, Luggage storage, Air conditioning, Room cleaning service, Safety deposit box, Television, Women-only floors/rooms, Privacy-conscious check-in, 24-hour security, Surveillance cameras, Double locks on doors, Free Wi-Fi, Communal kitchens, Laundry, Lockers, Accessible entrances, Ramps/lifts, Accessible rooms/bathrooms, Braille/raised signage. Average price is 144.0 USD per night. Enjoy comfortable stays with a rating of 9.4/5. The on-site restaurant is rated 4/5.","409 Sakura Street, Naka Ward, Palermo",13.31123885462537,38.17048802876492,"['solo women', 'fast-paced budget travel', 'disabled traveler']","['Wi-Fi', 'Luggage storage', 'Air conditioning', 'Room cleaning service', 'Safety deposit box', 'Television', 'Women-only floors/rooms', 'Privacy-conscious check-in', '24-hour security', 'Surveillance cameras', 'Double locks on doors', 'Free Wi-Fi', 'Communal kitchens', 'Laundry', 'Lockers', 'Accessible entrances', 'Ramps/lifts', 'Accessible rooms/bathrooms', 'Braille/raised signage']",144.0,9.4,4.0,4
36,Palermo,Italy,Palermo Royal Hotel 28,"Palermo Royal Hotel 28 is a 2-star hotel in Palermo, Italy, offering Wi-Fi, Luggage storage, Air conditioning, Room cleaning service, Safety deposit box, Television, Scenic rooms, Sunrise calls, Photography services/packages, Elevators, Bathroom grab bars, Medical contacts, Breakfast with dietary options, Bathtubs/jacuzzis, Scenic rooms/villas, Spa. Average price is 105.0 USD per night. Enjoy comfortable stays with a rating of 8.0/5. The on-site restaurant is rated 5/5.","992-8-11 Asakusa 1-chome, Taito City, Palermo",13.328552758718851,38.05416741286474,"['photography', 'elderly travelers', 'couples trip']","['Wi-Fi', 'Luggage storage', 'Air conditioning', 'Room cleaning service', 'Safety deposit box', 'Television', 'Scenic rooms', 'Sunrise calls', 'Photography services/packages', 'Elevators', 'Bathroom grab bars', 'Medical contacts', 'Breakfast with dietary options', 'Bathtubs/jacuzzis', 'Scenic rooms/villas', 'Spa']",105.0,8.0,2.5,5
37,Palermo,Italy,Palermo Sky Resort 29,"Palermo Sky Resort 29 is a 2-star hotel in Palermo, Italy, offering Wi-Fi, Luggage storage, Air conditioning, Room cleaning service, Safety deposit box, Television, Spa, Gym, Premium bedding, Bar, Elevators, Bathroom grab bars, Medical contacts, Breakfast with dietary options, Accessible entrances, Ramps/lifts, Accessible rooms/bathrooms, Braille/raised signage. Average price is 107.0 USD per night. Enjoy comfortable stays with a rating of 8.6/5. The on-site restaurant is rated 4/5.","974 Sathorn Road, Wattana District, Palermo",13.380101498309983,38.09856609936134,"['luxury travelers', 'elderly travelers', 'disabled traveler']","['Wi-Fi', 'Luggage storage', 'Air conditioning', 'Room cleaning service', 'Safety deposit box', 'Television', 'Spa', 'Gym', 'Premium bedding', 'Bar', 'Elevators', 'Bathroom grab bars', 'Medical contacts', 'Breakfast with dietary options', 'Accessible entrances', 'Ramps/lifts', 'Accessible rooms/bathrooms', 'Braille/raised signage']",107.0,8.6,2.0,4
38,Palermo,Italy,Sunset Bay Coastal Retreat,"Sunset Bay Coastal Retreat is a 4-star hotel in Palermo, Italy, offering Wi-Fi, Luggage storage, Air conditioning, Room cleaning service, Safety deposit box, Television, Bathtubs/jacuzzis, Scenic rooms/villas, Spa, Elevators, Bathroom grab bars, Medical contacts, Breakfast with dietary options, High speed WiFi, Business center, Meeting rooms, Laundry service, Print machine. Average price is 122.0 USD per night. Enjoy comfortable stays with a rating of 7.8/5. The on-site restaurant is rated 4/5.","588 Seaside Promenade, Palermo",13.28760126159148,38.09441158750969,"['couples trip', 'elderly travelers', 'business travelers']","['Wi-Fi', 'Luggage storage', 'Air conditioning', 'Room cleaning service', 'Safety deposit box', 'Television', 'Bathtubs/jacuzzis', 'Scenic rooms/villas', 'Spa', 'Elevators', 'Bathroom grab bars', 'Medical contacts', 'Breakfast with dietary options', 'High speed WiFi', 'Business center', 'Meeting rooms', 'Laundry service', 'Print machine']",122.0,7.8,4.0,4
39,Palermo,Italy,Palermo Sky Inn 30,"Palermo Sky Inn 30 is a 3-star hotel in Palermo, Italy, offering Wi-Fi, Luggage storage, Air conditioning, Room cleaning service, Safety deposit box, Television, Parking, 24-hour front desk, EV charging for electric vehicles, Scenic rooms, Sunrise calls, Photography services/packages, Elevators, Bathroom grab bars, Medical contacts, Breakfast with dietary options. Average price is 45.0 USD per night. Enjoy comfortable stays with a rating of 10.0/5. The on-site restaurant is rated 5/5.","No. 456, Lingyin Road, Palermo",13.380879683848187,38.09856609936134,"['road trip', 'photography', 'elderly travelers']","['Wi-Fi', 'Luggage storage', 'Air conditioning', 'Room cleaning service', 'Safety deposit box', 'Television', 'Parking', '24-hour front desk', 'EV charging for electric vehicles', 'Scenic rooms', 'Sunrise calls', 'Photography services/packages', 'Elevators', 'Bathroom grab bars', 'Medical contacts', 'Breakfast with dietary options']",45.0,10.0,3.5,5
40,Palermo,Italy,Palermo Deluxe Suites 31,"Palermo Deluxe Suites 31 is a 3-star hotel in Palermo, Italy, offering Wi-Fi, Luggage storage, Air conditioning, Room cleaning service, Safety deposit box, Television, Free Wi-Fi, Communal kitchens, Laundry, Lockers, Bathtubs/jacuzzis, Scenic rooms/villas, Spa, High speed WiFi, Business center, Meeting rooms, Laundry service, Print machine. Average price is 106.0 USD per night. Enjoy comfortable stays with a rating of 7.8/5. The on-site restaurant is rated 5/5.","No. 128, Xueyuan Road, Palermo",13.322243585972371,38.1952202107995,"['fast-paced budget travel', 'couples trip', 'business travelers']","['Wi-Fi', 'Luggage storage', 'Air conditioning', 'Room cleaning service', 'Safety deposit box', 'Television', 'Free Wi-Fi', 'Communal kitchens', 'Laundry', 'Lockers', 'Bathtubs/jacuzzis', 'Scenic rooms/villas', 'Spa', 'High speed WiFi', 'Business center', 'Meeting rooms', 'Laundry service', 'Print machine']",106.0,7.8,3.0,5
41,Palermo,Italy,Palermo Sunrise Suites 32,"Palermo Sunrise Suites 32 is a 5-star hotel in Palermo, Italy, offering Wi-Fi, Luggage storage, Air conditioning, Room cleaning service, Safety deposit box, Television, Women-only floors/rooms, Privacy-conscious check-in, 24-hour security, Surveillance cameras, Double locks on doors, Bathtubs/jacuzzis, Scenic rooms/villas, Spa, Pet-friendly, Pet rest area, Pet beds, Durable floors. Average price is 304.0 USD per night. Enjoy comfortable stays with a rating of 8.6/5. The on-site restaurant is rated 5/5.","658 Sakura Street, Naka Ward, Palermo",13.327305301685108,38.09856609936134,"['solo women', 'couples trip', 'with pets']","['Wi-Fi', 'Luggage storage', 'Air conditioning', 'Room cleaning service', 'Safety deposit box', 'Television', 'Women-only floors/rooms', 'Privacy-conscious check-in', '24-hour security', 'Surveillance cameras', 'Double locks on doors', 'Bathtubs/jacuzzis', 'Scenic rooms/villas', 'Spa', 'Pet-friendly', 'Pet rest area', 'Pet beds', 'Durable floors']",304.0,8.6,5.0,5
42,Palermo,Italy,Palermo Grand Hotel 33,"Palermo Grand Hotel 33 is a 4-star hotel in Palermo, Italy, offering Wi-Fi, Luggage storage, Air conditioning, Room cleaning service, Safety deposit box, Television, Child-friendly rooms, Baby cots, Stroller storage, Diaper changing tables, Nursing rooms, Women-only floors/rooms, Privacy-conscious check-in, 24-hour security, Surveillance cameras, Double locks on doors, Free Wi-Fi, Communal kitchens, Laundry, Lockers. Average price is 130.0 USD per night. Enjoy comfortable stays with a rating of 8.6/5. The on-site restaurant is rated 5/5.","282 Gwangalli-daero, Haeundae-gu, Palermo",13.282731688032818,38.15708290969314,"['with children', 'solo women', 'fast-paced budget travel']","['Wi-Fi', 'Luggage storage', 'Air conditioning', 'Room cleaning service', 'Safety deposit box', 'Television', 'Child-friendly rooms', 'Baby cots', 'Stroller storage', 'Diaper changing tables', 'Nursing rooms', 'Women-only floors/rooms', 'Privacy-conscious check-in', '24-hour security', 'Surveillance cameras', 'Double locks on doors', 'Free Wi-Fi', 'Communal kitchens', 'Laundry', 'Lockers']",130.0,8.6,4.0,5
43,Palermo,Italy,Palermo Boutique Hotel 34,"Palermo Boutique Hotel 34 is a 2-star hotel in Palermo, Italy, offering Wi-Fi, Luggage storage, Air conditioning, Room cleaning service, Safety deposit box, Television, Child-friendly rooms, Baby cots, Stroller storage, Diaper changing tables, Nursing rooms, Parking, 24-hour front desk, EV charging for electric vehicles, High speed WiFi, Business center, Meeting rooms, Laundry service, Print machine. Average price is 101.0 USD per night. Enjoy comfortable stays with a rating of 5.6/5. The on-site restaurant is rated 5/5.","863 Seongsan Road, Palermo",13.410459047681178,38.08104320983758,"['with children', 'road trip', 'business travelers']","['Wi-Fi', 'Luggage storage', 'Air conditioning', 'Room cleaning service', 'Safety deposit box', 'Television', 'Child-friendly rooms', 'Baby cots', 'Stroller storage', 'Diaper changing tables', 'Nursing rooms', 'Parking', '24-hour front desk', 'EV charging for electric vehicles', 'High speed WiFi', 'Business center', 'Meeting rooms', 'Laundry service', 'Print machine']",101.0,5.6,2.5,5
44,Palermo,Italy,Belle Vue Resort Palermo,"Belle Vue Resort Palermo is a 2-star hotel in Palermo, Italy, offering Wi-Fi, Luggage storage, Air conditioning, Room cleaning service, Safety deposit box, Television, Parking, 24-hour front desk, EV charging for electric vehicles, Late room service, On-site bars, Rooftop lounges/nightclubs, High speed WiFi, Business center, Meeting rooms, Laundry service, Print machine. Average price is 23.0 USD per night. Enjoy comfortable stays with a rating of 9.0/5. The on-site restaurant is rated 4/5.","No. 456, Xiamen Bay Road, Palermo",13.28193198315512,38.174003084567445,"['road trip', 'nightlife enthusiast', 'business travelers']","['Wi-Fi', 'Luggage storage', 'Air conditioning', 'Room cleaning service', 'Safety deposit box', 'Television', 'Parking', '24-hour front desk', 'EV charging for electric vehicles', 'Late room service', 'On-site bars', 'Rooftop lounges/nightclubs', 'High speed WiFi', 'Business center', 'Meeting rooms', 'Laundry service', 'Print machine']",23.0,9.0,2.0,4
45,Palermo,Italy,Palermo Resort Inn 35,"Palermo Resort Inn 35 is a 4-star hotel in Palermo, Italy, offering Wi-Fi, Luggage storage, Air conditioning, Room cleaning service, Safety deposit box, Television, 24-hour front desk, Late room service, On-site bars, Rooftop lounges/nightclubs, High speed WiFi, Business center, Meeting rooms, Laundry service, Print machine, Pet-friendly, Pet rest area, Pet beds, Durable floors. Average price is 176.0 USD per night. Enjoy comfortable stays with a rating of 8.6/5. The on-site restaurant is rated 5/5.","377/1 Sukhumvit Road, Khlong Toei, Palermo",13.338741303476343,38.092940568255095,"['nightlife enthusiast', 'business travelers', 'with pets']","['Wi-Fi', 'Luggage storage', 'Air conditioning', 'Room cleaning service', 'Safety deposit box', 'Television', '24-hour front desk', 'Late room service', 'On-site bars', 'Rooftop lounges/nightclubs', 'High speed WiFi', 'Business center', 'Meeting rooms', 'Laundry service', 'Print machine', 'Pet-friendly', 'Pet rest area', 'Pet beds', 'Durable floors']",176.0,8.6,4.0,5
46,Palermo,Italy,Palermo Resort Hotel 36,"Palermo Resort Hotel 36 is a 5-star hotel in Palermo, Italy, offering Wi-Fi, Luggage storage, Air conditioning, Room cleaning service, Safety deposit box, Television, Child-friendly rooms, Baby cots, Stroller storage, Diaper changing tables, Nursing rooms, Scenic rooms, Sunrise calls, Photography services/packages, Accessible entrances, Ramps/lifts, Accessible rooms/bathrooms, Braille/raised signage. Average price is 259.0 USD per night. Enjoy comfortable stays with a rating of 9.4/5. The on-site restaurant is rated 5/5.","158 Nathan Road, Palermo",13.286492580532896,38.21940720737175,"['with children', 'photography', 'disabled traveler']","['Wi-Fi', 'Luggage storage', 'Air conditioning', 'Room cleaning service', 'Safety deposit box', 'Television', 'Child-friendly rooms', 'Baby cots', 'Stroller storage', 'Diaper changing tables', 'Nursing rooms', 'Scenic rooms', 'Sunrise calls', 'Photography services/packages', 'Accessible entrances', 'Ramps/lifts', 'Accessible rooms/bathrooms', 'Braille/raised signage']",259.0,9.4,5.0,5
47,Palermo,Italy,Mediterranean Bay Garden Resort,"Mediterranean Bay Garden Resort is a 4-star hotel in Palermo, Italy, offering Wi-Fi, Luggage storage, Air conditioning, Room cleaning service, Safety deposit box, Television, Elevators, Bathroom grab bars, Medical contacts, Breakfast with dietary options, Bathtubs/jacuzzis, Scenic rooms/villas, Spa, Gym, Premium bedding, Bar. Average price is 188.0 USD per night. Enjoy comfortable stays with a rating of 9.2/5. The on-site restaurant is rated 5/5.","377/1 Sukhumvit Road, Khlong Toei, Palermo",13.282565307965218,38.18054143867543,"['elderly travelers', 'couples trip', 'luxury travelers']","['Wi-Fi', 'Luggage storage', 'Air conditioning', 'Room cleaning service', 'Safety deposit box', 'Television', 'Elevators', 'Bathroom grab bars', 'Medical contacts', 'Breakfast with dietary options', 'Bathtubs/jacuzzis', 'Scenic rooms/villas', 'Spa', 'Gym', 'Premium bedding', 'Bar']",188.0,9.2,4.5,5
48,Palermo,Italy,Palermo Grand Resort 37,"Palermo Grand Resort 37 is a 4-star hotel in Palermo, Italy, offering Wi-Fi, Luggage storage, Air conditioning, Room cleaning service, Safety deposit box, Television, Free Wi-Fi, Communal kitchens, Laundry, Lockers, Bathtubs/jacuzzis, Scenic rooms/villas, Spa, Pet-friendly, Pet rest area, Pet beds, Durable floors. Average price is 78.0 USD per night. Enjoy comfortable stays with a rating of 8.4/5. The on-site restaurant is rated 5/5.","195 Gwanghwamun Street, Jongno-gu, Palermo",13.326009288971491,38.15744753408195,"['fast-paced budget travel', 'couples trip', 'with pets']","['Wi-Fi', 'Luggage storage', 'Air conditioning', 'Room cleaning service', 'Safety deposit box', 'Television', 'Free Wi-Fi', 'Communal kitchens', 'Laundry', 'Lockers', 'Bathtubs/jacuzzis', 'Scenic rooms/villas', 'Spa', 'Pet-friendly', 'Pet rest area', 'Pet beds', 'Durable floors']",78.0,8.4,4.0,5
49,Palermo,Italy,Palermo Royal Resort 38,"Palermo Royal Resort 38 is a 4-star hotel in Palermo, Italy, offering Wi-Fi, Luggage storage, Air conditioning, Room cleaning service, Safety deposit box, Television, Child-friendly rooms, Baby cots, Stroller storage, Diaper changing tables, Nursing rooms, Free Wi-Fi, Communal kitchens, Laundry, Lockers, Pet-friendly, Pet rest area, Pet beds, Durable floors. Average price is 50.0 USD per night. Enjoy comfortable stays with a rating of 9.2/5. The on-site restaurant is rated 5/5.","125 Nathan Road, Palermo",13.304812621958254,38.09419087350449,"['with children', 'fast-paced budget travel', 'with pets']","['Wi-Fi', 'Luggage storage', 'Air conditioning', 'Room cleaning service', 'Safety deposit box', 'Television', 'Child-friendly rooms', 'Baby cots', 'Stroller storage', 'Diaper changing tables', 'Nursing rooms', 'Free Wi-Fi', 'Communal kitchens', 'Laundry', 'Lockers', 'Pet-friendly', 'Pet rest area', 'Pet beds', 'Durable floors']",50.0,9.2,4.5,5
50,Palermo,Italy,Palermo Suites Resort 39,"Palermo Suites Resort 39 is a 4-star hotel in Palermo, Italy, offering Wi-Fi, Luggage storage, Air conditioning, Room cleaning service, Safety deposit box, Television, Child-friendly rooms, Baby cots, Stroller storage, Diaper changing tables, Nursing rooms, Parking, 24-hour front desk, EV charging for electric vehicles, Scenic rooms, Sunrise calls, Photography services/packages. Average price is 67.0 USD per night. Enjoy comfortable stays with a rating of 8.6/5. The on-site restaurant is rated 5/5.","770 Sakura Street, Palermo",13.380657319302866,38.12488096536282,"['with children', 'road trip', 'photography']","['Wi-Fi', 'Luggage storage', 'Air conditioning', 'Room cleaning service', 'Safety deposit box', 'Television', 'Child-friendly rooms', 'Baby cots', 'Stroller storage', 'Diaper changing tables', 'Nursing rooms', 'Parking', '24-hour front desk', 'EV charging for electric vehicles', 'Scenic rooms', 'Sunrise calls', 'Photography services/packages']",67.0,8.6,4.0,5
51,Palermo,Italy,Palermo Garden Inn 40,"Palermo Garden Inn 40 is a 3-star hotel in Palermo, Italy, offering Wi-Fi, Luggage storage, Air conditioning, Room cleaning service, Safety deposit box, Television, Child-friendly rooms, Baby cots, Stroller storage, Diaper changing tables, Nursing rooms, Scenic rooms, Sunrise calls, Photography services/packages, Accessible entrances, Ramps/lifts, Accessible rooms/bathrooms, Braille/raised signage. Average price is 100.0 USD per night. Enjoy comfortable stays with a rating of 9.0/5. The on-site restaurant is rated 4/5.","866 Seokjang-ro, Ssangmundong-gu, Palermo",13.352742720069626,38.07785214612098,"['with children', 'photography', 'disabled traveler']","['Wi-Fi', 'Luggage storage', 'Air conditioning', 'Room cleaning service', 'Safety deposit box', 'Television', 'Child-friendly rooms', 'Baby cots', 'Stroller storage', 'Diaper changing tables', 'Nursing rooms', 'Scenic rooms', 'Sunrise calls', 'Photography services/packages', 'Accessible entrances', 'Ramps/lifts', 'Accessible rooms/bathrooms', 'Braille/raised signage']",100.0,9.0,3.5,4
52,Palermo,Italy,Borgo del Sole Garden Resort,"Borgo del Sole Garden Resort is a 4-star hotel in Palermo, Italy, offering Wi-Fi, Luggage storage, Air conditioning, Room cleaning service, Safety deposit box, Television, Parking, 24-hour front desk, EV charging for electric vehicles, Pet-friendly, Pet rest area, Pet beds, Durable floors, Accessible entrances, Ramps/lifts, Accessible rooms/bathrooms, Braille/raised signage. Average price is 158.0 USD per night. Enjoy comfortable stays with a rating of 8.2/5. The on-site restaurant is rated 5/5.","453 Seifukuen Street, Chuo Ward, Palermo",13.30787604510988,38.068022130914585,"['road trip', 'with pets', 'disabled traveler']","['Wi-Fi', 'Luggage storage', 'Air conditioning', 'Room cleaning service', 'Safety deposit box', 'Television', 'Parking', '24-hour front desk', 'EV charging for electric vehicles', 'Pet-friendly', 'Pet rest area', 'Pet beds', 'Durable floors', 'Accessible entrances', 'Ramps/lifts', 'Accessible rooms/bathrooms', 'Braille/raised signage']",158.0,8.2,4.5,5
53,Palermo,Italy,Bella Vista Coastal Resort Palermo,"Bella Vista Coastal Resort Palermo is a 5-star hotel in Palermo, Italy, offering Wi-Fi, Luggage storage, Air conditioning, Room cleaning service, Safety deposit box, Television, 24-hour front desk, Late room service, On-site bars, Rooftop lounges/nightclubs, Elevators, Bathroom grab bars, Medical contacts, Breakfast with dietary options, Pet-friendly, Pet rest area, Pet beds, Durable floors. Average price is 138.0 USD per night. Enjoy comfortable stays with a rating of 9.2/5. The on-site restaurant is rated 5/5.","377/1 Sukhumvit Road, Khlong Toei, Palermo",13.32697396941883,38.139107057825136,"['nightlife enthusiast', 'elderly travelers', 'with pets']","['Wi-Fi', 'Luggage storage', 'Air conditioning', 'Room cleaning service', 'Safety deposit box', 'Television', '24-hour front desk', 'Late room service', 'On-site bars', 'Rooftop lounges/nightclubs', 'Elevators', 'Bathroom grab bars', 'Medical contacts', 'Breakfast with dietary options', 'Pet-friendly', 'Pet rest area', 'Pet beds', 'Durable floors']",138.0,9.2,5.0,5
54,Palermo,Italy,Belle Vue Harbor Resort,"Belle Vue Harbor Resort is a 5-star hotel in Palermo, Italy, offering Wi-Fi, Luggage storage, Air conditioning, Room cleaning service, Safety deposit box, Television, Child-friendly rooms, Baby cots, Stroller storage, Diaper changing tables, Nursing rooms, Women-only floors/rooms, Privacy-conscious check-in, 24-hour security, Surveillance cameras, Double locks on doors, 24-hour front desk, Late room service, On-site bars, Rooftop lounges/nightclubs. Average price is 195.0 USD per night. Enjoy comfortable stays with a rating of 8.8/5. The on-site restaurant is rated 5/5.","995 Jurong East Ave 6, Palermo",13.292536711960524,38.11177771825111,"['with children', 'solo women', 'nightlife enthusiast']","['Wi-Fi', 'Luggage storage', 'Air conditioning', 'Room cleaning service', 'Safety deposit box', 'Television', 'Child-friendly rooms', 'Baby cots', 'Stroller storage', 'Diaper changing tables', 'Nursing rooms', 'Women-only floors/rooms', 'Privacy-conscious check-in', '24-hour security', 'Surveillance cameras', 'Double locks on doors', '24-hour front desk', 'Late room service', 'On-site bars', 'Rooftop lounges/nightclubs']",195.0,8.8,5.0,5
55,Palermo,Italy,Palermo Pearl Inn 41,"Palermo Pearl Inn 41 is a 3-star hotel in Palermo, Italy, offering Wi-Fi, Luggage storage, Air conditioning, Room cleaning service, Safety deposit box, Television, Parking, 24-hour front desk, EV charging for electric vehicles, Late room service, On-site bars, Rooftop lounges/nightclubs, Free Wi-Fi, Communal kitchens, Laundry, Lockers. Average price is 75.0 USD per night. Enjoy comfortable stays with a rating of 8.8/5. The on-site restaurant is rated 5/5.","No. 456, Cultural Street, Palermo",13.327463532474772,38.15461909654867,"['road trip', 'nightlife enthusiast', 'fast-paced budget travel']","['Wi-Fi', 'Luggage storage', 'Air conditioning', 'Room cleaning service', 'Safety deposit box', 'Television', 'Parking', '24-hour front desk', 'EV charging for electric vehicles', 'Late room service', 'On-site bars', 'Rooftop lounges/nightclubs', 'Free Wi-Fi', 'Communal kitchens', 'Laundry', 'Lockers']",75.0,8.8,3.0,5
56,Palermo,Italy,Palermo Central Hotel 42,"Palermo Central Hotel 42 is a 2-star hotel in Palermo, Italy, offering Wi-Fi, Luggage storage, Air conditioning, Room cleaning service, Safety deposit box, Television, Child-friendly rooms, Baby cots, Stroller storage, Diaper changing tables, Nursing rooms, 24-hour front desk, Late room service, On-site bars, Rooftop lounges/nightclubs, Spa, Gym, Premium bedding, Bar. Average price is 69.0 USD per night. Enjoy comfortable stays with a rating of 10.0/5. The on-site restaurant is rated 1/5.","161 Nishi-Shinjuku, Shinjuku Ward, Palermo",13.39190874550554,38.09393178074388,"['with children', 'nightlife enthusiast', 'luxury travelers']","['Wi-Fi', 'Luggage storage', 'Air conditioning', 'Room cleaning service', 'Safety deposit box', 'Television', 'Child-friendly rooms', 'Baby cots', 'Stroller storage', 'Diaper changing tables', 'Nursing rooms', '24-hour front desk', 'Late room service', 'On-site bars', 'Rooftop lounges/nightclubs', 'Spa', 'Gym', 'Premium bedding', 'Bar']",69.0,10.0,2.5,1
57,Palermo,Italy,Palermo Central Hotel 43,"Palermo Central Hotel 43 is a 3-star hotel in Palermo, Italy, offering Wi-Fi, Luggage storage, Air conditioning, Room cleaning service, Safety deposit box, Television, Parking, 24-hour front desk, EV charging for electric vehicles, Spa, Gym, Premium bedding, Bar, Pet-friendly, Pet rest area, Pet beds, Durable floors. Average price is 41.0 USD per night. Enjoy comfortable stays with a rating of 8.8/5. The on-site restaurant is rated 1/5.","572 Shinkawa Street, Palermo",13.41421372467667,38.09507559319765,"['road trip', 'luxury travelers', 'with pets']","['Wi-Fi', 'Luggage storage', 'Air conditioning', 'Room cleaning service', 'Safety deposit box', 'Television', 'Parking', '24-hour front desk', 'EV charging for electric vehicles', 'Spa', 'Gym', 'Premium bedding', 'Bar', 'Pet-friendly', 'Pet rest area', 'Pet beds', 'Durable floors']",41.0,8.8,3.5,1
58,Palermo,Italy,Palermo Palace Resort 44,"Palermo Palace Resort 44 is a 3-star hotel in Palermo, Italy, offering Wi-Fi, Luggage storage, Air conditioning, Room cleaning service, Safety deposit box, Television, Child-friendly rooms, Baby cots, Stroller storage, Diaper changing tables, Nursing rooms, Women-only floors/rooms, Privacy-conscious check-in, 24-hour security, Surveillance cameras, Double locks on doors, Pet-friendly, Pet rest area, Pet beds, Durable floors. Average price is 113.0 USD per night. Enjoy comfortable stays with a rating of 8.8/5. The on-site restaurant is rated 3/5.","658 Sakura Street, Naka Ward, Palermo",13.380657319302866,38.19477141029912,"['with children', 'solo women', 'with pets']","['Wi-Fi', 'Luggage storage', 'Air conditioning', 'Room cleaning service', 'Safety deposit box', 'Television', 'Child-friendly rooms', 'Baby cots', 'Stroller storage', 'Diaper changing tables', 'Nursing rooms', 'Women-only floors/rooms', 'Privacy-conscious check-in', '24-hour security', 'Surveillance cameras', 'Double locks on doors', 'Pet-friendly', 'Pet rest area', 'Pet beds', 'Durable floors']",113.0,8.8,3.0,3
59,Palermo,Italy,Palermo Plaza Inn 45,"Palermo Plaza Inn 45 is a 4-star hotel in Palermo, Italy, offering Wi-Fi, Luggage storage, Air conditioning, Room cleaning service, Safety deposit box, Television, Child-friendly rooms, Baby cots, Stroller storage, Diaper changing tables, Nursing rooms, Scenic rooms, Sunrise calls, Photography services/packages, Bathtubs/jacuzzis, Scenic rooms/villas, Spa. Average price is 89.0 USD per night. Enjoy comfortable stays with a rating of 9.0/5. The on-site restaurant is rated 4/5.","145 Beach Road, Palermo",13.410192154376904,38.20344038056491,"['with children', 'photography', 'couples trip']","['Wi-Fi', 'Luggage storage', 'Air conditioning', 'Room cleaning service', 'Safety deposit box', 'Television', 'Child-friendly rooms', 'Baby cots', 'Stroller storage', 'Diaper changing tables', 'Nursing rooms', 'Scenic rooms', 'Sunrise calls', 'Photography services/packages', 'Bathtubs/jacuzzis', 'Scenic rooms/villas', 'Spa']",89.0,9.0,4.0,4
60,Palermo,Italy,Palermo Deluxe Resort 46,"Palermo Deluxe Resort 46 is a 2-star hotel in Palermo, Italy, offering Wi-Fi, Luggage storage, Air conditioning, Room cleaning service, Safety deposit box, Television, 24-hour front desk, Late room service, On-site bars, Rooftop lounges/nightclubs, Scenic rooms, Sunrise calls, Photography services/packages, Bathtubs/jacuzzis, Scenic rooms/villas, Spa. Average price is 89.0 USD per night. Enjoy comfortable stays with a rating of 9.0/5. The on-site restaurant is rated 1/5.","905 Shuri Street, Palermo",13.364879631819925,38.09166343667902,"['nightlife enthusiast', 'photography', 'couples trip']","['Wi-Fi', 'Luggage storage', 'Air conditioning', 'Room cleaning service', 'Safety deposit box', 'Television', '24-hour front desk', 'Late room service', 'On-site bars', 'Rooftop lounges/nightclubs', 'Scenic rooms', 'Sunrise calls', 'Photography services/packages', 'Bathtubs/jacuzzis', 'Scenic rooms/villas', 'Spa']",89.0,9.0,2.0,1
61,Palermo,Italy,Palermo Inn Inn 47,"Palermo Inn Inn 47 is a 3-star hotel in Palermo, Italy, offering Wi-Fi, Luggage storage, Air conditioning, Room cleaning service, Safety deposit box, Television, Scenic rooms, Sunrise calls, Photography services/packages, Free Wi-Fi, Communal kitchens, Laundry, Lockers, Pet-friendly, Pet rest area, Pet beds, Durable floors. Average price is 44.0 USD per night. Enjoy comfortable stays with a rating of 7.8/5. The on-site restaurant is rated 5/5.","No. 456, Garden Road, Palermo",13.371118032936073,38.17097820180443,"['photography', 'fast-paced budget travel', 'with pets']","['Wi-Fi', 'Luggage storage', 'Air conditioning', 'Room cleaning service', 'Safety deposit box', 'Television', 'Scenic rooms', 'Sunrise calls', 'Photography services/packages', 'Free Wi-Fi', 'Communal kitchens', 'Laundry', 'Lockers', 'Pet-friendly', 'Pet rest area', 'Pet beds', 'Durable floors']",44.0,7.8,3.5,5
62,Palermo,Italy,Sicilian Sunlight Garden Resort,"Sicilian Sunlight Garden Resort is a 3-star hotel in Palermo, Italy, offering Wi-Fi, Luggage storage, Air conditioning, Room cleaning service, Safety deposit box, Television, Free Wi-Fi, Communal kitchens, Laundry, Lockers, Bathtubs/jacuzzis, Scenic rooms/villas, Spa, Pet-friendly, Pet rest area, Pet beds, Durable floors. Average price is 138.0 USD per night. Enjoy comfortable stays with a rating of 8.2/5. The on-site restaurant is rated 5/5.","No. 123 Oceanic Avenue, Palermo",13.327305301685108,38.1789219457277,"['fast-paced budget travel', 'couples trip', 'with pets']","['Wi-Fi', 'Luggage storage', 'Air conditioning', 'Room cleaning service', 'Safety deposit box', 'Television', 'Free Wi-Fi', 'Communal kitchens', 'Laundry', 'Lockers', 'Bathtubs/jacuzzis', 'Scenic rooms/villas', 'Spa', 'Pet-friendly', 'Pet rest area', 'Pet beds', 'Durable floors']",138.0,8.2,3.0,5
63,Palermo,Italy,Palermo Pearl Resort 48,"Palermo Pearl Resort 48 is a 4-star hotel in Palermo, Italy, offering Wi-Fi, Luggage storage, Air conditioning, Room cleaning service, Safety deposit box, Television, Accessible entrances, Ramps/lifts, Accessible rooms/bathrooms, Braille/raised signage, Pet-friendly, Pet rest area, Pet beds, Durable floors, Spa, Gym, Premium bedding, Bar. Average price is 86.0 USD per night. Enjoy comfortable stays with a rating of 9.8/5. The on-site restaurant is rated 5/5.","No. 188, Zhongshan Road, Palermo",13.285271033467811,38.197118096333696,"['disabled traveler', 'with pets', 'luxury travelers']","['Wi-Fi', 'Luggage storage', 'Air conditioning', 'Room cleaning service', 'Safety deposit box', 'Television', 'Accessible entrances', 'Ramps/lifts', 'Accessible rooms/bathrooms', 'Braille/raised signage', 'Pet-friendly', 'Pet rest area', 'Pet beds', 'Durable floors', 'Spa', 'Gym', 'Premium bedding', 'Bar']",86.0,9.8,4.5,5
64,Palermo,Italy,Palermo Pearl Inn 49,"Palermo Pearl Inn 49 is a 4-star hotel in Palermo, Italy, offering Wi-Fi, Luggage storage, Air conditioning, Room cleaning service, Safety deposit box, Television, Women-only floors/rooms, Privacy-conscious check-in, 24-hour security, Surveillance cameras, Double locks on doors, 24-hour front desk, Late room service, On-site bars, Rooftop lounges/nightclubs, High speed WiFi, Business center, Meeting rooms, Laundry service, Print machine. Average price is 58.0 USD per night. Enjoy comfortable stays with a rating of 8.2/5. The on-site restaurant is rated 5/5.","148 Shuri Street, Palermo",13.323173573001622,38.139107057825136,"['solo women', 'nightlife enthusiast', 'business travelers']","['Wi-Fi', 'Luggage storage', 'Air conditioning', 'Room cleaning service', 'Safety deposit box', 'Television', 'Women-only floors/rooms', 'Privacy-conscious check-in', '24-hour security', 'Surveillance cameras', 'Double locks on doors', '24-hour front desk', 'Late room service', 'On-site bars', 'Rooftop lounges/nightclubs', 'High speed WiFi', 'Business center', 'Meeting rooms', 'Laundry service', 'Print machine']",58.0,8.2,4.5,5
65,Palermo,Italy,Palermo Deluxe Hotel 50,"Palermo Deluxe Hotel 50 is a 4-star hotel in Palermo, Italy, offering Wi-Fi, Luggage storage, Air conditioning, Room cleaning service, Safety deposit box, Television, Child-friendly rooms, Baby cots, Stroller storage, Diaper changing tables, Nursing rooms, Free Wi-Fi, Communal kitchens, Laundry, Lockers, Spa, Gym, Premium bedding, Bar. Average price is 93.0 USD per night. Enjoy comfortable stays with a rating of 7.6/5. The on-site restaurant is rated 4/5.","982 Seaside Promenade, Palermo",13.272755485465494,38.15461909654867,"['with children', 'fast-paced budget travel', 'luxury travelers']","['Wi-Fi', 'Luggage storage', 'Air conditioning', 'Room cleaning service', 'Safety deposit box', 'Television', 'Child-friendly rooms', 'Baby cots', 'Stroller storage', 'Diaper changing tables', 'Nursing rooms', 'Free Wi-Fi', 'Communal kitchens', 'Laundry', 'Lockers', 'Spa', 'Gym', 'Premium bedding', 'Bar']",93.0,7.6,4.0,4
66,Palermo,Italy,Palermo Deluxe Resort 51,"Palermo Deluxe Resort 51 is a 3-star hotel in Palermo, Italy, offering Wi-Fi, Luggage storage, Air conditioning, Room cleaning service, Safety deposit box, Television, Parking, 24-hour front desk, EV charging for electric vehicles, Elevators, Bathroom grab bars, Medical contacts, Breakfast with dietary options, Spa, Gym, Premium bedding, Bar. Average price is 77.0 USD per night. Enjoy comfortable stays with a rating of 8.4/5. The on-site restaurant is rated 5/5.","No. 125, Xianhu Road, Futian District, Palermo",13.420417123501418,38.11177771825111,"['road trip', 'elderly travelers', 'luxury travelers']","['Wi-Fi', 'Luggage storage', 'Air conditioning', 'Room cleaning service', 'Safety deposit box', 'Television', 'Parking', '24-hour front desk', 'EV charging for electric vehicles', 'Elevators', 'Bathroom grab bars', 'Medical contacts', 'Breakfast with dietary options', 'Spa', 'Gym', 'Premium bedding', 'Bar']",77.0,8.4,3.0,5
67,Palermo,Italy,Palermo Palace Inn 52,"Palermo Palace Inn 52 is a 2-star hotel in Palermo, Italy, offering Wi-Fi, Luggage storage, Air conditioning, Room cleaning service, Safety deposit box, Television, Parking, 24-hour front desk, EV charging for electric vehicles, Women-only floors/rooms, Privacy-conscious check-in, 24-hour security, Surveillance cameras, Double locks on doors, Pet-friendly, Pet rest area, Pet beds, Durable floors. Average price is 30.0 USD per night. Enjoy comfortable stays with a rating of 6.8/5. The on-site restaurant is rated 2/5.","739/18 Maha Chai Road, Watthana District, Palermo",13.294407735709232,38.06482783385613,"['road trip', 'solo women', 'with pets']","['Wi-Fi', 'Luggage storage', 'Air conditioning', 'Room cleaning service', 'Safety deposit box', 'Television', 'Parking', '24-hour front desk', 'EV charging for electric vehicles', 'Women-only floors/rooms', 'Privacy-conscious check-in', '24-hour security', 'Surveillance cameras', 'Double locks on doors', 'Pet-friendly', 'Pet rest area', 'Pet beds', 'Durable floors']",30.0,6.8,2.0,2
68,Palermo,Italy,Palermo Grand Inn 53,"Palermo Grand Inn 53 is a 4-star hotel in Palermo, Italy, offering Wi-Fi, Luggage storage, Air conditioning, Room cleaning service, Safety deposit box, Television, Women-only floors/rooms, Privacy-conscious check-in, 24-hour security, Surveillance cameras, Double locks on doors, Elevators, Bathroom grab bars, Medical contacts, Breakfast with dietary options, Accessible entrances, Ramps/lifts, Accessible rooms/bathrooms, Braille/raised signage. Average price is 270.0 USD per night. Enjoy comfortable stays with a rating of 8.8/5. The on-site restaurant is rated 5/5.","770 Sakura Street, Palermo",13.28193198315512,38.08806803954685,"['solo women', 'elderly travelers', 'disabled traveler']","['Wi-Fi', 'Luggage storage', 'Air conditioning', 'Room cleaning service', 'Safety deposit box', 'Television', 'Women-only floors/rooms', 'Privacy-conscious check-in', '24-hour security', 'Surveillance cameras', 'Double locks on doors', 'Elevators', 'Bathroom grab bars', 'Medical contacts', 'Breakfast with dietary options', 'Accessible entrances', 'Ramps/lifts', 'Accessible rooms/bathrooms', 'Braille/raised signage']",270.0,8.8,4.5,5
69,Palermo,Italy,Palermo Garden Hotel 54,"Palermo Garden Hotel 54 is a 4-star hotel in Palermo, Italy, offering Wi-Fi, Luggage storage, Air conditioning, Room cleaning service, Safety deposit box, Television, Child-friendly rooms, Baby cots, Stroller storage, Diaper changing tables, Nursing rooms, 24-hour front desk, Late room service, On-site bars, Rooftop lounges/nightclubs, Pet-friendly, Pet rest area, Pet beds, Durable floors. Average price is 199.0 USD per night. Enjoy comfortable stays with a rating of 8.6/5. The on-site restaurant is rated 5/5.","667 Shima Street, Palermo",13.36036380365884,38.09176931529524,"['with children', 'nightlife enthusiast', 'with pets']","['Wi-Fi', 'Luggage storage', 'Air conditioning', 'Room cleaning service', 'Safety deposit box', 'Television', 'Child-friendly rooms', 'Baby cots', 'Stroller storage', 'Diaper changing tables', 'Nursing rooms', '24-hour front desk', 'Late room service', 'On-site bars', 'Rooftop lounges/nightclubs', 'Pet-friendly', 'Pet rest area', 'Pet beds', 'Durable floors']",199.0,8.6,4.0,5
70,Palermo,Italy,Palermo Garden Resort 55,"Palermo Garden Resort 55 is a 3-star hotel in Palermo, Italy, offering Wi-Fi, Luggage storage, Air conditioning, Room cleaning service, Safety deposit box, Television, Child-friendly rooms, Baby cots, Stroller storage, Diaper changing tables, Nursing rooms, Bathtubs/jacuzzis, Scenic rooms/villas, Spa, Pet-friendly, Pet rest area, Pet beds, Durable floors. Average price is 92.0 USD per night. Enjoy comfortable stays with a rating of 8.6/5. The on-site restaurant is rated 5/5.","No. 456, Cultural Street, Palermo",13.263542796604574,38.159494268051525,"['with children', 'couples trip', 'with pets']","['Wi-Fi', 'Luggage storage', 'Air conditioning', 'Room cleaning service', 'Safety deposit box', 'Television', 'Child-friendly rooms', 'Baby cots', 'Stroller storage', 'Diaper changing tables', 'Nursing rooms', 'Bathtubs/jacuzzis', 'Scenic rooms/villas', 'Spa', 'Pet-friendly', 'Pet rest area', 'Pet beds', 'Durable floors']",92.0,8.6,3.0,5
71,Palermo,Italy,Palermo Sunrise Inn 56,"Palermo Sunrise Inn 56 is a 2-star hotel in Palermo, Italy, offering Wi-Fi, Luggage storage, Air conditioning, Room cleaning service, Safety deposit box, Television, 24-hour front desk, Late room service, On-site bars, Rooftop lounges/nightclubs, High speed WiFi, Business center, Meeting rooms, Laundry service, Print machine, Accessible entrances, Ramps/lifts, Accessible rooms/bathrooms, Braille/raised signage. Average price is 50.0 USD per night. Enjoy comfortable stays with a rating of 8.0/5. The on-site restaurant is rated 5/5.","518 Shinko Street, Palermo",13.328218162589303,38.15430558420157,"['nightlife enthusiast', 'business travelers', 'disabled traveler']","['Wi-Fi', 'Luggage storage', 'Air conditioning', 'Room cleaning service', 'Safety deposit box', 'Television', '24-hour front desk', 'Late room service', 'On-site bars', 'Rooftop lounges/nightclubs', 'High speed WiFi', 'Business center', 'Meeting rooms', 'Laundry service', 'Print machine', 'Accessible entrances', 'Ramps/lifts', 'Accessible rooms/bathrooms', 'Braille/raised signage']",50.0,8.0,2.5,5
72,Palermo,Italy,Palermo Resort Resort 57,"Palermo Resort Resort 57 is a 3-star hotel in Palermo, Italy, offering Wi-Fi, Luggage storage, Air conditioning, Room cleaning service, Safety deposit box, Television, Spa, Gym, Premium bedding, Bar, High speed WiFi, Business center, Meeting rooms, Laundry service, Print machine, Pet-friendly, Pet rest area, Pet beds, Durable floors. Average price is 125.0 USD per night. Enjoy comfortable stays with a rating of 8.8/5. The on-site restaurant is rated 5/5.","518 Shinko Street, Palermo",13.269456401680737,38.09956418205781,"['luxury travelers', 'business travelers', 'with pets']","['Wi-Fi', 'Luggage storage', 'Air conditioning', 'Room cleaning service', 'Safety deposit box', 'Television', 'Spa', 'Gym', 'Premium bedding', 'Bar', 'High speed WiFi', 'Business center', 'Meeting rooms', 'Laundry service', 'Print machine', 'Pet-friendly', 'Pet rest area', 'Pet beds', 'Durable floors']",125.0,8.8,3.5,5
73,Palermo,Italy,Palermo Garden Suites 58,"Palermo Garden Suites 58 is a 5-star hotel in Palermo, Italy, offering Wi-Fi, Luggage storage, Air conditioning, Room cleaning service, Safety deposit box, Television, Child-friendly rooms, Baby cots, Stroller storage, Diaper changing tables, Nursing rooms, Bathtubs/jacuzzis, Scenic rooms/villas, Spa, Accessible entrances, Ramps/lifts, Accessible rooms/bathrooms, Braille/raised signage. Average price is 117.0 USD per night. Enjoy comfortable stays with a rating of 8.2/5. The on-site restaurant is rated 5/5.","423 Sathorn Road, Wat Phra Singh, Palermo",13.261410214228512,38.17097820180443,"['with children', 'couples trip', 'disabled traveler']","['Wi-Fi', 'Luggage storage', 'Air conditioning', 'Room cleaning service', 'Safety deposit box', 'Television', 'Child-friendly rooms', 'Baby cots', 'Stroller storage', 'Diaper changing tables', 'Nursing rooms', 'Bathtubs/jacuzzis', 'Scenic rooms/villas', 'Spa', 'Accessible entrances', 'Ramps/lifts', 'Accessible rooms/bathrooms', 'Braille/raised signage']",117.0,8.2,5.0,5
74,Palermo,Italy,Palermo Suites Suites 59,"Palermo Suites Suites 59 is a 4-star hotel in Palermo, Italy, offering Wi-Fi, Luggage storage, Air conditioning, Room cleaning service, Safety deposit box, Television, Child-friendly rooms, Baby cots, Stroller storage, Diaper changing tables, Nursing rooms, Scenic rooms, Sunrise calls, Photography services/packages, Spa, Gym, Premium bedding, Bar. Average price is 235.0 USD per night. Enjoy comfortable stays with a rating of 8.4/5. The on-site restaurant is rated 5/5.","271-567 Nakajima Park, Palermo",13.338826428592338,38.068022130914585,"['with children', 'photography', 'luxury travelers']","['Wi-Fi', 'Luggage storage', 'Air conditioning', 'Room cleaning service', 'Safety deposit box', 'Television', 'Child-friendly rooms', 'Baby cots', 'Stroller storage', 'Diaper changing tables', 'Nursing rooms', 'Scenic rooms', 'Sunrise calls', 'Photography services/packages', 'Spa', 'Gym', 'Premium bedding', 'Bar']",235.0,8.4,4.5,5
75,Palermo,Italy,Palermo Palace Resort 60,"Palermo Palace Resort 60 is a 3-star hotel in Palermo, Italy, offering Wi-Fi, Luggage storage, Air conditioning, Room cleaning service, Safety deposit box, Television, Parking, 24-hour front desk, EV charging for electric vehicles, Free Wi-Fi, Communal kitchens, Laundry, Lockers, High speed WiFi, Business center, Meeting rooms, Laundry service, Print machine. Average price is 75.0 USD per night. Enjoy comfortable stays with a rating of 8.8/5. The on-site restaurant is rated 4/5.","282 Gwangalli-daero, Haeundae-gu, Palermo",13.32697396941883,38.09419087350449,"['road trip', 'fast-paced budget travel', 'business travelers']","['Wi-Fi', 'Luggage storage', 'Air conditioning', 'Room cleaning service', 'Safety deposit box', 'Television', 'Parking', '24-hour front desk', 'EV charging for electric vehicles', 'Free Wi-Fi', 'Communal kitchens', 'Laundry', 'Lockers', 'High speed WiFi', 'Business center', 'Meeting rooms', 'Laundry service', 'Print machine']",75.0,8.8,3.0,4
76,Palermo,Italy,Palermo Boutique Inn 61,"Palermo Boutique Inn 61 is a 4-star hotel in Palermo, Italy, offering Wi-Fi, Luggage storage, Air conditioning, Room cleaning service, Safety deposit box, Television, Parking, 24-hour front desk, EV charging for electric vehicles, Free Wi-Fi, Communal kitchens, Laundry, Lockers, High speed WiFi, Business center, Meeting rooms, Laundry service, Print machine. Average price is 92.0 USD per night. Enjoy comfortable stays with a rating of 9.0/5. The on-site restaurant is rated 5/5.","145 Beach Road, Palermo",13.335076454142298,38.11055065381401,"['road trip', 'fast-paced budget travel', 'business travelers']","['Wi-Fi', 'Luggage storage', 'Air conditioning', 'Room cleaning service', 'Safety deposit box', 'Television', 'Parking', '24-hour front desk', 'EV charging for electric vehicles', 'Free Wi-Fi', 'Communal kitchens', 'Laundry', 'Lockers', 'High speed WiFi', 'Business center', 'Meeting rooms', 'Laundry service', 'Print machine']",92.0,9.0,4.0,5
77,Palermo,Italy,Palermo View Hotel 62,"Palermo View Hotel 62 is a 3-star hotel in Palermo, Italy, offering Wi-Fi, Luggage storage, Air conditioning, Room cleaning service, Safety deposit box, Television, Women-only floors/rooms, Privacy-conscious check-in, 24-hour security, Surveillance cameras, Double locks on doors, High speed WiFi, Business center, Meeting rooms, Laundry service, Print machine, Accessible entrances, Ramps/lifts, Accessible rooms/bathrooms, Braille/raised signage. Average price is 71.0 USD per night. Enjoy comfortable stays with a rating of 7.0/5. The on-site restaurant is rated 5/5.","583 Nong Pah Ran Road, Palermo",13.323173573001622,38.18054143867543,"['solo women', 'business travelers', 'disabled traveler']","['Wi-Fi', 'Luggage storage', 'Air conditioning', 'Room cleaning service', 'Safety deposit box', 'Television', 'Women-only floors/rooms', 'Privacy-conscious check-in', '24-hour security', 'Surveillance cameras', 'Double locks on doors', 'High speed WiFi', 'Business center', 'Meeting rooms', 'Laundry service', 'Print machine', 'Accessible entrances', 'Ramps/lifts', 'Accessible rooms/bathrooms', 'Braille/raised signage']",71.0,7.0,3.0,5
78,Palermo,Italy,Palermo Sky Resort 63,"Palermo Sky Resort 63 is a 4-star hotel in Palermo, Italy, offering Wi-Fi, Luggage storage, Air conditioning, Room cleaning service, Safety deposit box, Television, Child-friendly rooms, Baby cots, Stroller storage, Diaper changing tables, Nursing rooms, Women-only floors/rooms, Privacy-conscious check-in, 24-hour security, Surveillance cameras, Double locks on doors, Parking, 24-hour front desk, EV charging for electric vehicles. Average price is 88.0 USD per night. Enjoy comfortable stays with a rating of 8.2/5. The on-site restaurant is rated 5/5.","979 Mueang Road, Palermo",13.328552758718851,38.09812154102069,"['with children', 'solo women', 'road trip']","['Wi-Fi', 'Luggage storage', 'Air conditioning', 'Room cleaning service', 'Safety deposit box', 'Television', 'Child-friendly rooms', 'Baby cots', 'Stroller storage', 'Diaper changing tables', 'Nursing rooms', 'Women-only floors/rooms', 'Privacy-conscious check-in', '24-hour security', 'Surveillance cameras', 'Double locks on doors', 'Parking', '24-hour front desk', 'EV charging for electric vehicles']",88.0,8.2,4.0,5
79,Palermo,Italy,Palermo Resort Suites 64,"Palermo Resort Suites 64 is a 4-star hotel in Palermo, Italy, offering Wi-Fi, Luggage storage, Air conditioning, Room cleaning service, Safety deposit box, Television, Parking, 24-hour front desk, EV charging for electric vehicles, Elevators, Bathroom grab bars, Medical contacts, Breakfast with dietary options, Pet-friendly, Pet rest area, Pet beds, Durable floors. Average price is 132.0 USD per night. Enjoy comfortable stays with a rating of 9.0/5. The on-site restaurant is rated 3/5.","863 Seongsan Road, Palermo",13.335764129078076,38.1789219457277,"['road trip', 'elderly travelers', 'with pets']","['Wi-Fi', 'Luggage storage', 'Air conditioning', 'Room cleaning service', 'Safety deposit box', 'Television', 'Parking', '24-hour front desk', 'EV charging for electric vehicles', 'Elevators', 'Bathroom grab bars', 'Medical contacts', 'Breakfast with dietary options', 'Pet-friendly', 'Pet rest area', 'Pet beds', 'Durable floors']",132.0,9.0,4.0,3
80,Palermo,Italy,Palermo Palace Hotel 65,"Palermo Palace Hotel 65 is a 2-star hotel in Palermo, Italy, offering Wi-Fi, Luggage storage, Air conditioning, Room cleaning service, Safety deposit box, Television, Child-friendly rooms, Baby cots, Stroller storage, Diaper changing tables, Nursing rooms, Scenic rooms, Sunrise calls, Photography services/packages, Bathtubs/jacuzzis, Scenic rooms/villas, Spa. Average price is 44.0 USD per night. Enjoy comfortable stays with a rating of 8.4/5. The on-site restaurant is rated 4/5.","271-567 Nakajima Park, Palermo",13.429770210605382,38.07665427732616,"['with children', 'photography', 'couples trip']","['Wi-Fi', 'Luggage storage', 'Air conditioning', 'Room cleaning service', 'Safety deposit box', 'Television', 'Child-friendly rooms', 'Baby cots', 'Stroller storage', 'Diaper changing tables', 'Nursing rooms', 'Scenic rooms', 'Sunrise calls', 'Photography services/packages', 'Bathtubs/jacuzzis', 'Scenic rooms/villas', 'Spa']",44.0,8.4,2.0,4
81,Palermo,Italy,Palermo Sky Hotel 66,"Palermo Sky Hotel 66 is a 3-star hotel in Palermo, Italy, offering Wi-Fi, Luggage storage, Air conditioning, Room cleaning service, Safety deposit box, Television, Parking, 24-hour front desk, EV charging for electric vehicles, Scenic rooms, Sunrise calls, Photography services/packages, Bathtubs/jacuzzis, Scenic rooms/villas, Spa. Average price is 111.0 USD per night. Enjoy comfortable stays with a rating of 6.0/5. The on-site restaurant is rated 5/5.","729 Sairee Road, Palermo",13.38212605020575,38.13838040201097,"['road trip', 'photography', 'couples trip']","['Wi-Fi', 'Luggage storage', 'Air conditioning', 'Room cleaning service', 'Safety deposit box', 'Television', 'Parking', '24-hour front desk', 'EV charging for electric vehicles', 'Scenic rooms', 'Sunrise calls', 'Photography services/packages', 'Bathtubs/jacuzzis', 'Scenic rooms/villas', 'Spa']",111.0,6.0,3.0,5
82,Palermo,Italy,Borgo Bellavista Garden Resort,"Borgo Bellavista Garden Resort is a 3-star hotel in Palermo, Italy, offering Wi-Fi, Luggage storage, Air conditioning, Room cleaning service, Safety deposit box, Television, Free Wi-Fi, Communal kitchens, Laundry, Lockers, Elevators, Bathroom grab bars, Medical contacts, Breakfast with dietary options, Pet-friendly, Pet rest area, Pet beds, Durable floors. Average price is 92.0 USD per night. Enjoy comfortable stays with a rating of 8.0/5. The on-site restaurant is rated 2/5.","633 Suthep Road, Palermo",13.338826428592338,38.07877211158342,"['fast-paced budget travel', 'elderly travelers', 'with pets']","['Wi-Fi', 'Luggage storage', 'Air conditioning', 'Room cleaning service', 'Safety deposit box', 'Television', 'Free Wi-Fi', 'Communal kitchens', 'Laundry', 'Lockers', 'Elevators', 'Bathroom grab bars', 'Medical contacts', 'Breakfast with dietary options', 'Pet-friendly', 'Pet rest area', 'Pet beds', 'Durable floors']",92.0,8.0,3.5,2
83,Palermo,Italy,Palermo Deluxe Hotel 67,"Palermo Deluxe Hotel 67 is a 2-star hotel in Palermo, Italy, offering Wi-Fi, Luggage storage, Air conditioning, Room cleaning service, Safety deposit box, Television, Free Wi-Fi, Communal kitchens, Laundry, Lockers, High speed WiFi, Business center, Meeting rooms, Laundry service, Print machine, Accessible entrances, Ramps/lifts, Accessible rooms/bathrooms, Braille/raised signage. Average price is 51.0 USD per night. Enjoy comfortable stays with a rating of 10.0/5. The on-site restaurant is rated 2/5.","220 Chao Phraya Road, Palermo",13.294407735709232,38.068022130914585,"['fast-paced budget travel', 'business travelers', 'disabled traveler']","['Wi-Fi', 'Luggage storage', 'Air conditioning', 'Room cleaning service', 'Safety deposit box', 'Television', 'Free Wi-Fi', 'Communal kitchens', 'Laundry', 'Lockers', 'High speed WiFi', 'Business center', 'Meeting rooms', 'Laundry service', 'Print machine', 'Accessible entrances', 'Ramps/lifts', 'Accessible rooms/bathrooms', 'Braille/raised signage']",51.0,10.0,2.0,2
84,Palermo,Italy,Palermo Resort Hotel 68,"Palermo Resort Hotel 68 is a 2-star hotel in Palermo, Italy, offering Wi-Fi, Luggage storage, Air conditioning, Room cleaning service, Safety deposit box, Television, Parking, 24-hour front desk, EV charging for electric vehicles, Scenic rooms, Sunrise calls, Photography services/packages, Free Wi-Fi, Communal kitchens, Laundry, Lockers. Average price is 64.0 USD per night. Enjoy comfortable stays with a rating of 7.6/5. The on-site restaurant is rated 5/5.","997 Seaside Promenade, Palermo",13.261410214228512,38.13899790310749,"['road trip', 'photography', 'fast-paced budget travel']","['Wi-Fi', 'Luggage storage', 'Air conditioning', 'Room cleaning service', 'Safety deposit box', 'Television', 'Parking', '24-hour front desk', 'EV charging for electric vehicles', 'Scenic rooms', 'Sunrise calls', 'Photography services/packages', 'Free Wi-Fi', 'Communal kitchens', 'Laundry', 'Lockers']",64.0,7.6,2.5,5
85,Palermo,Italy,Sicilian Garden Resort Palermo,"Sicilian Garden Resort Palermo is a 4-star hotel in Palermo, Italy, offering Wi-Fi, Luggage storage, Air conditioning, Room cleaning service, Safety deposit box, Television, Parking, 24-hour front desk, EV charging for electric vehicles, Late room service, On-site bars, Rooftop lounges/nightclubs, High speed WiFi, Business center, Meeting rooms, Laundry service, Print machine. Average price is 75.0 USD per night. Enjoy comfortable stays with a rating of 8.6/5. The on-site restaurant is rated 5/5.","943 Seongsan-ro, Palermo",13.27937331326886,38.09312737920831,"['road trip', 'nightlife enthusiast', 'business travelers']","['Wi-Fi', 'Luggage storage', 'Air conditioning', 'Room cleaning service', 'Safety deposit box', 'Television', 'Parking', '24-hour front desk', 'EV charging for electric vehicles', 'Late room service', 'On-site bars', 'Rooftop lounges/nightclubs', 'High speed WiFi', 'Business center', 'Meeting rooms', 'Laundry service', 'Print machine']",75.0,8.6,4.0,5
86,Palermo,Italy,Sicilian Bay Garden Resort,"Sicilian Bay Garden Resort is a 4-star hotel in Palermo, Italy, offering Wi-Fi, Luggage storage, Air conditioning, Room cleaning service, Safety deposit box, Television, 24-hour front desk, Late room service, On-site bars, Rooftop lounges/nightclubs, Elevators, Bathroom grab bars, Medical contacts, Breakfast with dietary options, Spa, Gym, Premium bedding, Bar. Average price is 59.0 USD per night. Enjoy comfortable stays with a rating of 9.4/5. The on-site restaurant is rated 4/5.","739-8501, 2-12-13 Shibuya, Shibuya City, Palermo",13.361804948936534,38.12488096536282,"['nightlife enthusiast', 'elderly travelers', 'luxury travelers']","['Wi-Fi', 'Luggage storage', 'Air conditioning', 'Room cleaning service', 'Safety deposit box', 'Television', '24-hour front desk', 'Late room service', 'On-site bars', 'Rooftop lounges/nightclubs', 'Elevators', 'Bathroom grab bars', 'Medical contacts', 'Breakfast with dietary options', 'Spa', 'Gym', 'Premium bedding', 'Bar']",59.0,9.4,4.0,4
87,Palermo,Italy,Palermo Central Hotel 69,"Palermo Central Hotel 69 is a 3-star hotel in Palermo, Italy, offering Wi-Fi, Luggage storage, Air conditioning, Room cleaning service, Safety deposit box, Television, Women-only floors/rooms, Privacy-conscious check-in, 24-hour security, Surveillance cameras, Double locks on doors, Parking, 24-hour front desk, EV charging for electric vehicles, Bathtubs/jacuzzis, Scenic rooms/villas, Spa. Average price is 78.0 USD per night. Enjoy comfortable stays with a rating of 9.8/5. The on-site restaurant is rated 5/5.","No. 456, Xiamen Science Park, Palermo",13.347355782860634,38.11777546323262,"['solo women', 'road trip', 'couples trip']","['Wi-Fi', 'Luggage storage', 'Air conditioning', 'Room cleaning service', 'Safety deposit box', 'Television', 'Women-only floors/rooms', 'Privacy-conscious check-in', '24-hour security', 'Surveillance cameras', 'Double locks on doors', 'Parking', '24-hour front desk', 'EV charging for electric vehicles', 'Bathtubs/jacuzzis', 'Scenic rooms/villas', 'Spa']",78.0,9.8,3.0,5
88,Palermo,Italy,Palermo Inn Resort 70,"Palermo Inn Resort 70 is a 4-star hotel in Palermo, Italy, offering Wi-Fi, Luggage storage, Air conditioning, Room cleaning service, Safety deposit box, Television, Child-friendly rooms, Baby cots, Stroller storage, Diaper changing tables, Nursing rooms, Spa, Gym, Premium bedding, Bar, Pet-friendly, Pet rest area, Pet beds, Durable floors. Average price is 205.0 USD per night. Enjoy comfortable stays with a rating of 8.8/5. The on-site restaurant is rated 5/5.","908 Sukhumvit Road, Khlong Toei District, Palermo",13.26736941326741,38.09441158750969,"['with children', 'luxury travelers', 'with pets']","['Wi-Fi', 'Luggage storage', 'Air conditioning', 'Room cleaning service', 'Safety deposit box', 'Television', 'Child-friendly rooms', 'Baby cots', 'Stroller storage', 'Diaper changing tables', 'Nursing rooms', 'Spa', 'Gym', 'Premium bedding', 'Bar', 'Pet-friendly', 'Pet rest area', 'Pet beds', 'Durable floors']",205.0,8.8,4.0,5
89,Palermo,Italy,Palermo Plaza Hotel 71,"Palermo Plaza Hotel 71 is a 3-star hotel in Palermo, Italy, offering Wi-Fi, Luggage storage, Air conditioning, Room cleaning service, Safety deposit box, Television, Women-only floors/rooms, Privacy-conscious check-in, 24-hour security, Surveillance cameras, Double locks on doors, Free Wi-Fi, Communal kitchens, Laundry, Lockers, Bathtubs/jacuzzis, Scenic rooms/villas, Spa. Average price is 106.0 USD per night. Enjoy comfortable stays with a rating of 9.0/5. The on-site restaurant is rated 5/5.","299 Sathorn Road, Silom, Palermo",13.322243585972371,38.195398695095,"['solo women', 'fast-paced budget travel', 'couples trip']","['Wi-Fi', 'Luggage storage', 'Air conditioning', 'Room cleaning service', 'Safety deposit box', 'Television', 'Women-only floors/rooms', 'Privacy-conscious check-in', '24-hour security', 'Surveillance cameras', 'Double locks on doors', 'Free Wi-Fi', 'Communal kitchens', 'Laundry', 'Lockers', 'Bathtubs/jacuzzis', 'Scenic rooms/villas', 'Spa']",106.0,9.0,3.0,5
90,Palermo,Italy,Palermo Palace Inn 72,"Palermo Palace Inn 72 is a 5-star hotel in Palermo, Italy, offering Wi-Fi, Luggage storage, Air conditioning, Room cleaning service, Safety deposit box, Television, Elevators, Bathroom grab bars, Medical contacts, Breakfast with dietary options, High speed WiFi, Business center, Meeting rooms, Laundry service, Print machine, Pet-friendly, Pet rest area, Pet beds, Durable floors. Average price is 79.0 USD per night. Enjoy comfortable stays with a rating of 8.2/5. The on-site restaurant is rated 5/5.","988/18 Maha Chai Road, Palermo",13.261410214228512,38.08055490238488,"['elderly travelers', 'business travelers', 'with pets']","['Wi-Fi', 'Luggage storage', 'Air conditioning', 'Room cleaning service', 'Safety deposit box', 'Television', 'Elevators', 'Bathroom grab bars', 'Medical contacts', 'Breakfast with dietary options', 'High speed WiFi', 'Business center', 'Meeting rooms', 'Laundry service', 'Print machine', 'Pet-friendly', 'Pet rest area', 'Pet beds', 'Durable floors']",79.0,8.2,5.0,5
91,Palermo,Italy,Bella Vista Palermo Resort,"Bella Vista Palermo Resort is a 4-star hotel in Palermo, Italy, offering Wi-Fi, Luggage storage, Air conditioning, Room cleaning service, Safety deposit box, Television, Parking, 24-hour front desk, EV charging for electric vehicles, Bathtubs/jacuzzis, Scenic rooms/villas, Spa, High speed WiFi, Business center, Meeting rooms, Laundry service, Print machine. Average price is 127.0 USD per night. Enjoy comfortable stays with a rating of 9.2/5. The on-site restaurant is rated 5/5.","409 Sakura Street, Naka Ward, Palermo",13.36036380365884,38.10634821170519,"['road trip', 'couples trip', 'business travelers']","['Wi-Fi', 'Luggage storage', 'Air conditioning', 'Room cleaning service', 'Safety deposit box', 'Television', 'Parking', '24-hour front desk', 'EV charging for electric vehicles', 'Bathtubs/jacuzzis', 'Scenic rooms/villas', 'Spa', 'High speed WiFi', 'Business center', 'Meeting rooms', 'Laundry service', 'Print machine']",127.0,9.2,4.0,5
92,Palermo,Italy,Sicilian Horizon Garden Resort,"Sicilian Horizon Garden Resort is a 4-star hotel in Palermo, Italy, offering Wi-Fi, Luggage storage, Air conditioning, Room cleaning service, Safety deposit box, Television, Parking, 24-hour front desk, EV charging for electric vehicles, High speed WiFi, Business center, Meeting rooms, Laundry service, Print machine, Accessible entrances, Ramps/lifts, Accessible rooms/bathrooms, Braille/raised signage. Average price is 101.0 USD per night. Enjoy comfortable stays with a rating of 8.6/5. The on-site restaurant is rated 5/5.","No. 456, Jiangbei District, Palermo",13.254177673891574,38.20763821899634,"['road trip', 'business travelers', 'disabled traveler']","['Wi-Fi', 'Luggage storage', 'Air conditioning', 'Room cleaning service', 'Safety deposit box', 'Television', 'Parking', '24-hour front desk', 'EV charging for electric vehicles', 'High speed WiFi', 'Business center', 'Meeting rooms', 'Laundry service', 'Print machine', 'Accessible entrances', 'Ramps/lifts', 'Accessible rooms/bathrooms', 'Braille/raised signage']",101.0,8.6,4.0,5
93,Palermo,Italy,Palermo Suites Inn 73,"Palermo Suites Inn 73 is a 4-star hotel in Palermo, Italy, offering Wi-Fi, Luggage storage, Air conditioning, Room cleaning service, Safety deposit box, Television, Child-friendly rooms, Baby cots, Stroller storage, Diaper changing tables, Nursing rooms, Free Wi-Fi, Communal kitchens, Laundry, Lockers, Spa, Gym, Premium bedding, Bar. Average price is 53.0 USD per night. Enjoy comfortable stays with a rating of 8.2/5. The on-site restaurant is rated 5/5.","875 Seaside Promenade, Palermo",13.318922587332944,38.09956418205781,"['with children', 'fast-paced budget travel', 'luxury travelers']","['Wi-Fi', 'Luggage storage', 'Air conditioning', 'Room cleaning service', 'Safety deposit box', 'Television', 'Child-friendly rooms', 'Baby cots', 'Stroller storage', 'Diaper changing tables', 'Nursing rooms', 'Free Wi-Fi', 'Communal kitchens', 'Laundry', 'Lockers', 'Spa', 'Gym', 'Premium bedding', 'Bar']",53.0,8.2,4.0,5
94,Palermo,Italy,Sicilian Seaside Garden Resort,"Sicilian Seaside Garden Resort is a 4-star hotel in Palermo, Italy, offering Wi-Fi, Luggage storage, Air conditioning, Room cleaning service, Safety deposit box, Television, Women-only floors/rooms, Privacy-conscious check-in, 24-hour security, Surveillance cameras, Double locks on doors, Scenic rooms, Sunrise calls, Photography services/packages, Elevators, Bathroom grab bars, Medical contacts, Breakfast with dietary options. Average price is 84.0 USD per night. Enjoy comfortable stays with a rating of 9.2/5. The on-site restaurant is rated 3/5.","439 Nishijin Street, Palermo",13.312379081492058,38.18768634876043,"['solo women', 'photography', 'elderly travelers']","['Wi-Fi', 'Luggage storage', 'Air conditioning', 'Room cleaning service', 'Safety deposit box', 'Television', 'Women-only floors/rooms', 'Privacy-conscious check-in', '24-hour security', 'Surveillance cameras', 'Double locks on doors', 'Scenic rooms', 'Sunrise calls', 'Photography services/packages', 'Elevators', 'Bathroom grab bars', 'Medical contacts', 'Breakfast with dietary options']",84.0,9.2,4.0,3
95,Palermo,Italy,Sunset Bay Coastal Residence,"Sunset Bay Coastal Residence is a 5-star hotel in Palermo, Italy, offering Wi-Fi, Luggage storage, Air conditioning, Room cleaning service, Safety deposit box, Television, Women-only floors/rooms, Privacy-conscious check-in, 24-hour security, Surveillance cameras, Double locks on doors, Scenic rooms, Sunrise calls, Photography services/packages, Accessible entrances, Ramps/lifts, Accessible rooms/bathrooms, Braille/raised signage. Average price is 186.0 USD per night. Enjoy comfortable stays with a rating of 8.6/5. The on-site restaurant is rated 5/5.","992-8-11 Asakusa 1-chome, Taito City, Palermo",13.31378541981788,38.20089956174958,"['solo women', 'photography', 'disabled traveler']","['Wi-Fi', 'Luggage storage', 'Air conditioning', 'Room cleaning service', 'Safety deposit box', 'Television', 'Women-only floors/rooms', 'Privacy-conscious check-in', '24-hour security', 'Surveillance cameras', 'Double locks on doors', 'Scenic rooms', 'Sunrise calls', 'Photography services/packages', 'Accessible entrances', 'Ramps/lifts', 'Accessible rooms/bathrooms', 'Braille/raised signage']",186.0,8.6,5.0,5
96,Palermo,Italy,Palermo Boutique Inn 74,"Palermo Boutique Inn 74 is a 4-star hotel in Palermo, Italy, offering Wi-Fi, Luggage storage, Air conditioning, Room cleaning service, Safety deposit box, Television, Women-only floors/rooms, Privacy-conscious check-in, 24-hour security, Surveillance cameras, Double locks on doors, 24-hour front desk, Late room service, On-site bars, Rooftop lounges/nightclubs, Bathtubs/jacuzzis, Scenic rooms/villas, Spa. Average price is 100.0 USD per night. Enjoy comfortable stays with a rating of 8.6/5. The on-site restaurant is rated 5/5.","673 Shibuya Street, Shibuya Ward, Palermo",13.31123885462537,38.09176931529524,"['solo women', 'nightlife enthusiast', 'couples trip']","['Wi-Fi', 'Luggage storage', 'Air conditioning', 'Room cleaning service', 'Safety deposit box', 'Television', 'Women-only floors/rooms', 'Privacy-conscious check-in', '24-hour security', 'Surveillance cameras', 'Double locks on doors', '24-hour front desk', 'Late room service', 'On-site bars', 'Rooftop lounges/nightclubs', 'Bathtubs/jacuzzis', 'Scenic rooms/villas', 'Spa']",100.0,8.6,4.5,5
97,Palermo,Italy,Palermo Boutique Suites 75,"Palermo Boutique Suites 75 is a 3-star hotel in Palermo, Italy, offering Wi-Fi, Luggage storage, Air conditioning, Room cleaning service, Safety deposit box, Television, 24-hour front desk, Late room service, On-site bars, Rooftop lounges/nightclubs, Scenic rooms, Sunrise calls, Photography services/packages, Accessible entrances, Ramps/lifts, Accessible rooms/bathrooms, Braille/raised signage. Average price is 195.0 USD per night. Enjoy comfortable stays with a rating of 9.0/5. The on-site restaurant is rated 5/5.","195 Gwanghwamun Street, Jongno-gu, Palermo",13.30552503885038,38.16895235121405,"['nightlife enthusiast', 'photography', 'disabled traveler']","['Wi-Fi', 'Luggage storage', 'Air conditioning', 'Room cleaning service', 'Safety deposit box', 'Television', '24-hour front desk', 'Late room service', 'On-site bars', 'Rooftop lounges/nightclubs', 'Scenic rooms', 'Sunrise calls', 'Photography services/packages', 'Accessible entrances', 'Ramps/lifts', 'Accessible rooms/bathrooms', 'Braille/raised signage']",195.0,9.0,3.0,5
98,Palermo,Italy,Palermo View Suites 76,"Palermo View Suites 76 is a 3-star hotel in Palermo, Italy, offering Wi-Fi, Luggage storage, Air conditioning, Room cleaning service, Safety deposit box, Television, Pet-friendly, Pet rest area, Pet beds, Durable floors, Bathtubs/jacuzzis, Scenic rooms/villas, Spa, Accessible entrances, Ramps/lifts, Accessible rooms/bathrooms, Braille/raised signage. Average price is 104.0 USD per night. Enjoy comfortable stays with a rating of 9.0/5. The on-site restaurant is rated 2/5.","875 Seaside Promenade, Palermo",13.280995170424164,38.17061176772857,"['with pets', 'couples trip', 'disabled traveler']","['Wi-Fi', 'Luggage storage', 'Air conditioning', 'Room cleaning service', 'Safety deposit box', 'Television', 'Pet-friendly', 'Pet rest area', 'Pet beds', 'Durable floors', 'Bathtubs/jacuzzis', 'Scenic rooms/villas', 'Spa', 'Accessible entrances', 'Ramps/lifts', 'Accessible rooms/bathrooms', 'Braille/raised signage']",104.0,9.0,3.0,2
99,Palermo,Italy,Palermo Suites Resort 77,"Palermo Suites Resort 77 is a 3-star hotel in Palermo, Italy, offering Wi-Fi, Luggage storage, Air conditioning, Room cleaning service, Safety deposit box, Television, Child-friendly rooms, Baby cots, Stroller storage, Diaper changing tables, Nursing rooms, 24-hour front desk, Late room service, On-site bars, Rooftop lounges/nightclubs, High speed WiFi, Business center, Meeting rooms, Laundry service, Print machine. Average price is 95.0 USD per night. Enjoy comfortable stays with a rating of 8.8/5. The on-site restaurant is rated 5/5.","846 Nakanoshima Dori, Chuo Ward, Palermo",13.350069479600071,38.166780234897296,"['with children', 'nightlife enthusiast', 'business travelers']","['Wi-Fi', 'Luggage storage', 'Air conditioning', 'Room cleaning service', 'Safety deposit box', 'Television', 'Child-friendly rooms', 'Baby cots', 'Stroller storage', 'Diaper changing tables', 'Nursing rooms', '24-hour front desk', 'Late room service', 'On-site bars', 'Rooftop lounges/nightclubs', 'High speed WiFi', 'Business center', 'Meeting rooms', 'Laundry service', 'Print machine']",95.0,8.8,3.0,5
100,Palermo,Italy,Palermo Royal Hotel 78,"Palermo Royal Hotel 78 is a 3-star hotel in Palermo, Italy, offering Wi-Fi, Luggage storage, Air conditioning, Room cleaning service, Safety deposit box, Television, Free Wi-Fi, Communal kitchens, Laundry, Lockers, Pet-friendly, Pet rest area, Pet beds, Durable floors, Accessible entrances, Ramps/lifts, Accessible rooms/bathrooms, Braille/raised signage. Average price is 249.0 USD per night. Enjoy comfortable stays with a rating of 9.4/5. The on-site restaurant is rated 5/5.","No. 135, Xingang Road, Palermo",13.29969440979122,38.068022130914585,"['fast-paced budget travel', 'with pets', 'disabled traveler']","['Wi-Fi', 'Luggage storage', 'Air conditioning', 'Room cleaning service', 'Safety deposit box', 'Television', 'Free Wi-Fi', 'Communal kitchens', 'Laundry', 'Lockers', 'Pet-friendly', 'Pet rest area', 'Pet beds', 'Durable floors', 'Accessible entrances', 'Ramps/lifts', 'Accessible rooms/bathrooms', 'Braille/raised signage']",249.0,9.4,3.0,5
