hotel_id,city_name,country,name,about,address,longitude,latitude,amenities_group,amenities,price,rating,star,rate_of_restaurant
1,Philadelphia,United States,Riverfront Garden Resort,"Riverfront Garden Resort is a 3-star hotel in Philadelphia, United States, offering Wi-Fi, Luggage storage, Air conditioning, Room cleaning service, Safety deposit box, Television, Accessible entrances, Ramps/lifts, Accessible rooms/bathrooms, Braille/raised signage, Elevators, Bathroom grab bars, Medical contacts, Breakfast with dietary options, Pet-friendly, Pet rest area, Pet beds, Durable floors. Average price is 95.0 USD per night. Enjoy comfortable stays with a rating of 8.0/5. The on-site restaurant is rated 5/5.","No. 456 Cultural Street, Philadelphia",-75.25813832364501,39.87854369844207,"['disabled traveler', 'elderly travelers', 'with pets']","['Wi-Fi', 'Luggage storage', 'Air conditioning', 'Room cleaning service', 'Safety deposit box', 'Television', 'Accessible entrances', 'Ramps/lifts', 'Accessible rooms/bathrooms', 'Braille/raised signage', 'Elevators', 'Bathroom grab bars', 'Medical contacts', 'Breakfast with dietary options', 'Pet-friendly', 'Pet rest area', 'Pet beds', 'Durable floors']",95.0,8.0,3.0,5
2,Philadelphia,United States,Harborview Eastside Resort,"Harborview Eastside Resort is a 3-star hotel in Philadelphia, United States, offering Wi-Fi, Luggage storage, Air conditioning, Room cleaning service, Safety deposit box, Television, Child-friendly rooms, Baby cots, Stroller storage, Diaper changing tables, Nursing rooms, Elevators, Bathroom grab bars, Medical contacts, Breakfast with dietary options, Spa, Gym, Premium bedding, Bar. Average price is 35.0 USD per night. Enjoy comfortable stays with a rating of 8.6/5. The on-site restaurant is rated 5/5.","167 Gwanggyo-ro, Goyang-si, Philadelphia",-75.15100433147752,39.98040247616284,"['with children', 'elderly travelers', 'luxury travelers']","['Wi-Fi', 'Luggage storage', 'Air conditioning', 'Room cleaning service', 'Safety deposit box', 'Television', 'Child-friendly rooms', 'Baby cots', 'Stroller storage', 'Diaper changing tables', 'Nursing rooms', 'Elevators', 'Bathroom grab bars', 'Medical contacts', 'Breakfast with dietary options', 'Spa', 'Gym', 'Premium bedding', 'Bar']",35.0,8.6,3.0,5
3,Philadelphia,United States,Philadelphia Garden Hotel 1,"Philadelphia Garden Hotel 1 is a 3-star hotel in Philadelphia, United States, offering Wi-Fi, Luggage storage, Air conditioning, Room cleaning service, Safety deposit box, Television, High speed WiFi, Business center, Meeting rooms, Laundry service, Print machine, Free Wi-Fi, Communal kitchens, Laundry, Lockers, Bathtubs/jacuzzis, Scenic rooms/villas, Spa. Average price is 153.0 USD per night. Enjoy comfortable stays with a rating of 8.8/5. The on-site restaurant is rated 4/5.","493 Jurong East Street 21, Philadelphia",-75.20582897079419,39.92090534369287,"['business travelers', 'fast-paced budget travel', 'couples trip']","['Wi-Fi', 'Luggage storage', 'Air conditioning', 'Room cleaning service', 'Safety deposit box', 'Television', 'High speed WiFi', 'Business center', 'Meeting rooms', 'Laundry service', 'Print machine', 'Free Wi-Fi', 'Communal kitchens', 'Laundry', 'Lockers', 'Bathtubs/jacuzzis', 'Scenic rooms/villas', 'Spa']",153.0,8.8,3.0,4
4,Philadelphia,United States,Harborview Riverside Suites,"Harborview Riverside Suites is a 5-star hotel in Philadelphia, United States, offering Wi-Fi, Luggage storage, Air conditioning, Room cleaning service, Safety deposit box, Television, Child-friendly rooms, Baby cots, Stroller storage, Diaper changing tables, Nursing rooms, Parking, 24-hour front desk, EV charging for electric vehicles, Scenic rooms, Sunrise calls, Photography services/packages. Average price is 189.0 USD per night. Enjoy comfortable stays with a rating of 9.2/5. The on-site restaurant is rated 5/5.","759 Orchard Road, Philadelphia",-75.22905553473885,40.0146606738529,"['with children', 'road trip', 'photography']","['Wi-Fi', 'Luggage storage', 'Air conditioning', 'Room cleaning service', 'Safety deposit box', 'Television', 'Child-friendly rooms', 'Baby cots', 'Stroller storage', 'Diaper changing tables', 'Nursing rooms', 'Parking', '24-hour front desk', 'EV charging for electric vehicles', 'Scenic rooms', 'Sunrise calls', 'Photography services/packages']",189.0,9.2,5.0,5
5,Philadelphia,United States,Pennsylvania Riverfront Inn,"Pennsylvania Riverfront Inn is a 4-star hotel in Philadelphia, United States, offering Wi-Fi, Luggage storage, Air conditioning, Room cleaning service, Safety deposit box, Television, Women-only floors/rooms, Privacy-conscious check-in, 24-hour security, Surveillance cameras, Double locks on doors, Bathtubs/jacuzzis, Scenic rooms/villas, Spa, Accessible entrances, Ramps/lifts, Accessible rooms/bathrooms, Braille/raised signage. Average price is 121.0 USD per night. Enjoy comfortable stays with a rating of 9.4/5. The on-site restaurant is rated 5/5.","182 Shibuya Street, Shibuya Ward, Philadelphia",-75.25813832364501,39.90407715990843,"['solo women', 'couples trip', 'disabled traveler']","['Wi-Fi', 'Luggage storage', 'Air conditioning', 'Room cleaning service', 'Safety deposit box', 'Television', 'Women-only floors/rooms', 'Privacy-conscious check-in', '24-hour security', 'Surveillance cameras', 'Double locks on doors', 'Bathtubs/jacuzzis', 'Scenic rooms/villas', 'Spa', 'Accessible entrances', 'Ramps/lifts', 'Accessible rooms/bathrooms', 'Braille/raised signage']",121.0,9.4,4.0,5
6,Philadelphia,United States,Philadelphia Pearl Suites 2,"Philadelphia Pearl Suites 2 is a 2-star hotel in Philadelphia, United States, offering Wi-Fi, Luggage storage, Air conditioning, Room cleaning service, Safety deposit box, Television, 24-hour front desk, Late room service, On-site bars, Rooftop lounges/nightclubs, Bathtubs/jacuzzis, Scenic rooms/villas, Spa, Accessible entrances, Ramps/lifts, Accessible rooms/bathrooms, Braille/raised signage. Average price is 61.0 USD per night. Enjoy comfortable stays with a rating of 7.2/5. The on-site restaurant is rated 4/5.","781 Jurong East Street 21, Philadelphia",-75.18907512765563,39.99223629046145,"['nightlife enthusiast', 'couples trip', 'disabled traveler']","['Wi-Fi', 'Luggage storage', 'Air conditioning', 'Room cleaning service', 'Safety deposit box', 'Television', '24-hour front desk', 'Late room service', 'On-site bars', 'Rooftop lounges/nightclubs', 'Bathtubs/jacuzzis', 'Scenic rooms/villas', 'Spa', 'Accessible entrances', 'Ramps/lifts', 'Accessible rooms/bathrooms', 'Braille/raised signage']",61.0,7.2,2.5,4
7,Philadelphia,United States,Philadelphia Resort Inn 3,"Philadelphia Resort Inn 3 is a 2-star hotel in Philadelphia, United States, offering Wi-Fi, Luggage storage, Air conditioning, Room cleaning service, Safety deposit box, Television, Child-friendly rooms, Baby cots, Stroller storage, Diaper changing tables, Nursing rooms, 24-hour front desk, Late room service, On-site bars, Rooftop lounges/nightclubs, Accessible entrances, Ramps/lifts, Accessible rooms/bathrooms, Braille/raised signage. Average price is 25.0 USD per night. Enjoy comfortable stays with a rating of 9.8/5. The on-site restaurant is rated 5/5.","No. 456 Riverside Cultural Park, Philadelphia",-75.231514200858,39.98007422602945,"['with children', 'nightlife enthusiast', 'disabled traveler']","['Wi-Fi', 'Luggage storage', 'Air conditioning', 'Room cleaning service', 'Safety deposit box', 'Television', 'Child-friendly rooms', 'Baby cots', 'Stroller storage', 'Diaper changing tables', 'Nursing rooms', '24-hour front desk', 'Late room service', 'On-site bars', 'Rooftop lounges/nightclubs', 'Accessible entrances', 'Ramps/lifts', 'Accessible rooms/bathrooms', 'Braille/raised signage']",25.0,9.8,2.5,5
8,Philadelphia,United States,Philadelphia Deluxe Inn 4,"Philadelphia Deluxe Inn 4 is a 3-star hotel in Philadelphia, United States, offering Wi-Fi, Luggage storage, Air conditioning, Room cleaning service, Safety deposit box, Television, Parking, 24-hour front desk, EV charging for electric vehicles, Scenic rooms, Sunrise calls, Photography services/packages, Bathtubs/jacuzzis, Scenic rooms/villas, Spa. Average price is 59.0 USD per night. Enjoy comfortable stays with a rating of 8.0/5. The on-site restaurant is rated 5/5.","No. 456, Cultural Road, Haizhu District, Philadelphia",-75.20227955766316,40.13050280680636,"['road trip', 'photography', 'couples trip']","['Wi-Fi', 'Luggage storage', 'Air conditioning', 'Room cleaning service', 'Safety deposit box', 'Television', 'Parking', '24-hour front desk', 'EV charging for electric vehicles', 'Scenic rooms', 'Sunrise calls', 'Photography services/packages', 'Bathtubs/jacuzzis', 'Scenic rooms/villas', 'Spa']",59.0,8.0,3.0,5
9,Philadelphia,United States,Philadelphia Suites Hotel 5,"Philadelphia Suites Hotel 5 is a 5-star hotel in Philadelphia, United States, offering Wi-Fi, Luggage storage, Air conditioning, Room cleaning service, Safety deposit box, Television, Women-only floors/rooms, Privacy-conscious check-in, 24-hour security, Surveillance cameras, Double locks on doors, Scenic rooms, Sunrise calls, Photography services/packages, Elevators, Bathroom grab bars, Medical contacts, Breakfast with dietary options. Average price is 124.0 USD per night. Enjoy comfortable stays with a rating of 8.0/5. The on-site restaurant is rated 5/5.","No. 588, Huafeng Road, Philadelphia",-75.22314175622259,40.09020089140484,"['solo women', 'photography', 'elderly travelers']","['Wi-Fi', 'Luggage storage', 'Air conditioning', 'Room cleaning service', 'Safety deposit box', 'Television', 'Women-only floors/rooms', 'Privacy-conscious check-in', '24-hour security', 'Surveillance cameras', 'Double locks on doors', 'Scenic rooms', 'Sunrise calls', 'Photography services/packages', 'Elevators', 'Bathroom grab bars', 'Medical contacts', 'Breakfast with dietary options']",124.0,8.0,5.0,5
10,Philadelphia,United States,Harborview Mansion Resort,"Harborview Mansion Resort is a 5-star hotel in Philadelphia, United States, offering Wi-Fi, Luggage storage, Air conditioning, Room cleaning service, Safety deposit box, Television, Women-only floors/rooms, Privacy-conscious check-in, 24-hour security, Surveillance cameras, Double locks on doors, Parking, 24-hour front desk, EV charging for electric vehicles, Free Wi-Fi, Communal kitchens, Laundry, Lockers. Average price is 208.0 USD per night. Enjoy comfortable stays with a rating of 9.6/5. The on-site restaurant is rated 5/5.","No. 456 Riverside Avenue, Philadelphia",-75.20673618362379,39.93462805808337,"['solo women', 'road trip', 'fast-paced budget travel']","['Wi-Fi', 'Luggage storage', 'Air conditioning', 'Room cleaning service', 'Safety deposit box', 'Television', 'Women-only floors/rooms', 'Privacy-conscious check-in', '24-hour security', 'Surveillance cameras', 'Double locks on doors', 'Parking', '24-hour front desk', 'EV charging for electric vehicles', 'Free Wi-Fi', 'Communal kitchens', 'Laundry', 'Lockers']",208.0,9.6,5.0,5
11,Philadelphia,United States,Riverside Garden Court Resort,"Riverside Garden Court Resort is a 3-star hotel in Philadelphia, United States, offering Wi-Fi, Luggage storage, Air conditioning, Room cleaning service, Safety deposit box, Television, Accessible entrances, Ramps/lifts, Accessible rooms/bathrooms, Braille/raised signage, Spa, Gym, Premium bedding, Bar, Pet-friendly, Pet rest area, Pet beds, Durable floors. Average price is 70.0 USD per night. Enjoy comfortable stays with a rating of 8.6/5. The on-site restaurant is rated 2/5.","730 Marina Bay Sands, Philadelphia",-75.25813832364501,39.88216616696965,"['disabled traveler', 'luxury travelers', 'with pets']","['Wi-Fi', 'Luggage storage', 'Air conditioning', 'Room cleaning service', 'Safety deposit box', 'Television', 'Accessible entrances', 'Ramps/lifts', 'Accessible rooms/bathrooms', 'Braille/raised signage', 'Spa', 'Gym', 'Premium bedding', 'Bar', 'Pet-friendly', 'Pet rest area', 'Pet beds', 'Durable floors']",70.0,8.6,3.5,2
12,Philadelphia,United States,Historic Elms Manor Resort,"Historic Elms Manor Resort is a 3-star hotel in Philadelphia, United States, offering Wi-Fi, Luggage storage, Air conditioning, Room cleaning service, Safety deposit box, Television, Women-only floors/rooms, Privacy-conscious check-in, 24-hour security, Surveillance cameras, Double locks on doors, Free Wi-Fi, Communal kitchens, Laundry, Lockers, High speed WiFi, Business center, Meeting rooms, Laundry service, Print machine. Average price is 32.0 USD per night. Enjoy comfortable stays with a rating of 7.8/5. The on-site restaurant is rated 5/5.","777 Jurong East Ave 6, Philadelphia",-75.0564030143241,39.88515171687771,"['solo women', 'fast-paced budget travel', 'business travelers']","['Wi-Fi', 'Luggage storage', 'Air conditioning', 'Room cleaning service', 'Safety deposit box', 'Television', 'Women-only floors/rooms', 'Privacy-conscious check-in', '24-hour security', 'Surveillance cameras', 'Double locks on doors', 'Free Wi-Fi', 'Communal kitchens', 'Laundry', 'Lockers', 'High speed WiFi', 'Business center', 'Meeting rooms', 'Laundry service', 'Print machine']",32.0,7.8,3.0,5
13,Philadelphia,United States,Philadelphia Grand Resort 6,"Philadelphia Grand Resort 6 is a 5-star hotel in Philadelphia, United States, offering Wi-Fi, Luggage storage, Air conditioning, Room cleaning service, Safety deposit box, Television, Women-only floors/rooms, Privacy-conscious check-in, 24-hour security, Surveillance cameras, Double locks on doors, Scenic rooms, Sunrise calls, Photography services/packages, Pet-friendly, Pet rest area, Pet beds, Durable floors. Average price is 205.0 USD per night. Enjoy comfortable stays with a rating of 9.4/5. The on-site restaurant is rated 5/5.","942 Beach Road, Philadelphia",-75.14921250139757,39.9876191389926,"['solo women', 'photography', 'with pets']","['Wi-Fi', 'Luggage storage', 'Air conditioning', 'Room cleaning service', 'Safety deposit box', 'Television', 'Women-only floors/rooms', 'Privacy-conscious check-in', '24-hour security', 'Surveillance cameras', 'Double locks on doors', 'Scenic rooms', 'Sunrise calls', 'Photography services/packages', 'Pet-friendly', 'Pet rest area', 'Pet beds', 'Durable floors']",205.0,9.4,5.0,5
14,Philadelphia,United States,Riverside Garden Manor Philadelphia,"Riverside Garden Manor Philadelphia is a 4-star hotel in Philadelphia, United States, offering Wi-Fi, Luggage storage, Air conditioning, Room cleaning service, Safety deposit box, Television, Scenic rooms, Sunrise calls, Photography services/packages, Bathtubs/jacuzzis, Scenic rooms/villas, Spa, Gym, Premium bedding, Bar. Average price is 70.0 USD per night. Enjoy comfortable stays with a rating of 9.4/5. The on-site restaurant is rated 4/5.","No. 456, Cultural Avenue, Philadelphia",-75.13549576420343,39.925526648998925,"['photography', 'couples trip', 'luxury travelers']","['Wi-Fi', 'Luggage storage', 'Air conditioning', 'Room cleaning service', 'Safety deposit box', 'Television', 'Scenic rooms', 'Sunrise calls', 'Photography services/packages', 'Bathtubs/jacuzzis', 'Scenic rooms/villas', 'Spa', 'Gym', 'Premium bedding', 'Bar']",70.0,9.4,4.0,4
15,Philadelphia,United States,Philadelphia Palace Hotel 7,"Philadelphia Palace Hotel 7 is a 3-star hotel in Philadelphia, United States, offering Wi-Fi, Luggage storage, Air conditioning, Room cleaning service, Safety deposit box, Television, Parking, 24-hour front desk, EV charging for electric vehicles, Late room service, On-site bars, Rooftop lounges/nightclubs, Spa, Gym, Premium bedding, Bar. Average price is 181.0 USD per night. Enjoy comfortable stays with a rating of 8.4/5. The on-site restaurant is rated 5/5.","141 Shimbashi Park, Philadelphia",-75.06287738047861,40.02359805704539,"['road trip', 'nightlife enthusiast', 'luxury travelers']","['Wi-Fi', 'Luggage storage', 'Air conditioning', 'Room cleaning service', 'Safety deposit box', 'Television', 'Parking', '24-hour front desk', 'EV charging for electric vehicles', 'Late room service', 'On-site bars', 'Rooftop lounges/nightclubs', 'Spa', 'Gym', 'Premium bedding', 'Bar']",181.0,8.4,3.5,5
16,Philadelphia,United States,Willow Creek Heritage Retreat,"Willow Creek Heritage Retreat is a 3-star hotel in Philadelphia, United States, offering Wi-Fi, Luggage storage, Air conditioning, Room cleaning service, Safety deposit box, Television, Parking, 24-hour front desk, EV charging for electric vehicles, Free Wi-Fi, Communal kitchens, Laundry, Lockers, Spa, Gym, Premium bedding, Bar. Average price is 60.0 USD per night. Enjoy comfortable stays with a rating of 9.4/5. The on-site restaurant is rated 5/5.","No. 45 Zhongshan Road, Philadelphia",-75.14921250139757,39.897621648717895,"['road trip', 'fast-paced budget travel', 'luxury travelers']","['Wi-Fi', 'Luggage storage', 'Air conditioning', 'Room cleaning service', 'Safety deposit box', 'Television', 'Parking', '24-hour front desk', 'EV charging for electric vehicles', 'Free Wi-Fi', 'Communal kitchens', 'Laundry', 'Lockers', 'Spa', 'Gym', 'Premium bedding', 'Bar']",60.0,9.4,3.5,5
17,Philadelphia,United States,Philadelphia Inn Suites 8,"Philadelphia Inn Suites 8 is a 5-star hotel in Philadelphia, United States, offering Wi-Fi, Luggage storage, Air conditioning, Room cleaning service, Safety deposit box, Television, Child-friendly rooms, Baby cots, Stroller storage, Diaper changing tables, Nursing rooms, Parking, 24-hour front desk, EV charging for electric vehicles, Scenic rooms, Sunrise calls, Photography services/packages. Average price is 320.0 USD per night. Enjoy comfortable stays with a rating of 9.0/5. The on-site restaurant is rated 5/5.","884-345 Nishi 1-chome, Philadelphia",-75.20582897079419,40.10432357456085,"['with children', 'road trip', 'photography']","['Wi-Fi', 'Luggage storage', 'Air conditioning', 'Room cleaning service', 'Safety deposit box', 'Television', 'Child-friendly rooms', 'Baby cots', 'Stroller storage', 'Diaper changing tables', 'Nursing rooms', 'Parking', '24-hour front desk', 'EV charging for electric vehicles', 'Scenic rooms', 'Sunrise calls', 'Photography services/packages']",320.0,9.0,5.0,5
18,Philadelphia,United States,Riverside Heights Manor,"Riverside Heights Manor is a 3-star hotel in Philadelphia, United States, offering Wi-Fi, Luggage storage, Air conditioning, Room cleaning service, Safety deposit box, Television, 24-hour front desk, Late room service, On-site bars, Rooftop lounges/nightclubs, Free Wi-Fi, Communal kitchens, Laundry, Lockers, Spa, Gym, Premium bedding, Bar. Average price is 159.0 USD per night. Enjoy comfortable stays with a rating of 8.2/5. The on-site restaurant is rated 5/5.","No. 456, Cultural Avenue, Philadelphia",-75.19107008327721,39.95298702915267,"['nightlife enthusiast', 'fast-paced budget travel', 'luxury travelers']","['Wi-Fi', 'Luggage storage', 'Air conditioning', 'Room cleaning service', 'Safety deposit box', 'Television', '24-hour front desk', 'Late room service', 'On-site bars', 'Rooftop lounges/nightclubs', 'Free Wi-Fi', 'Communal kitchens', 'Laundry', 'Lockers', 'Spa', 'Gym', 'Premium bedding', 'Bar']",159.0,8.2,3.5,5
19,Philadelphia,United States,Philadelphia Deluxe Inn 9,"Philadelphia Deluxe Inn 9 is a 3-star hotel in Philadelphia, United States, offering Wi-Fi, Luggage storage, Air conditioning, Room cleaning service, Safety deposit box, Television, Child-friendly rooms, Baby cots, Stroller storage, Diaper changing tables, Nursing rooms, Women-only floors/rooms, Privacy-conscious check-in, 24-hour security, Surveillance cameras, Double locks on doors, Parking, 24-hour front desk, EV charging for electric vehicles. Average price is 104.0 USD per night. Enjoy comfortable stays with a rating of 9.2/5. The on-site restaurant is rated 5/5.","215 Sakura Street, Philadelphia",-75.231514200858,40.05270944641295,"['with children', 'solo women', 'road trip']","['Wi-Fi', 'Luggage storage', 'Air conditioning', 'Room cleaning service', 'Safety deposit box', 'Television', 'Child-friendly rooms', 'Baby cots', 'Stroller storage', 'Diaper changing tables', 'Nursing rooms', 'Women-only floors/rooms', 'Privacy-conscious check-in', '24-hour security', 'Surveillance cameras', 'Double locks on doors', 'Parking', '24-hour front desk', 'EV charging for electric vehicles']",104.0,9.2,3.0,5
20,Philadelphia,United States,Philadelphia View Resort 10,"Philadelphia View Resort 10 is a 4-star hotel in Philadelphia, United States, offering Wi-Fi, Luggage storage, Air conditioning, Room cleaning service, Safety deposit box, Television, Accessible entrances, Ramps/lifts, Accessible rooms/bathrooms, Braille/raised signage, High speed WiFi, Business center, Meeting rooms, Laundry service, Print machine, Spa, Gym, Premium bedding, Bar. Average price is 84.0 USD per night. Enjoy comfortable stays with a rating of 7.6/5. The on-site restaurant is rated 5/5.","314-8901 Sapporo City, Nishi 1-chome, Philadelphia",-75.14530521884586,40.087191577878926,"['disabled traveler', 'business travelers', 'luxury travelers']","['Wi-Fi', 'Luggage storage', 'Air conditioning', 'Room cleaning service', 'Safety deposit box', 'Television', 'Accessible entrances', 'Ramps/lifts', 'Accessible rooms/bathrooms', 'Braille/raised signage', 'High speed WiFi', 'Business center', 'Meeting rooms', 'Laundry service', 'Print machine', 'Spa', 'Gym', 'Premium bedding', 'Bar']",84.0,7.6,4.0,5
21,Philadelphia,United States,East River Garden Resort,"East River Garden Resort is a 3-star hotel in Philadelphia, United States, offering Wi-Fi, Luggage storage, Air conditioning, Room cleaning service, Safety deposit box, Television, Free Wi-Fi, Communal kitchens, Laundry, Lockers, High speed WiFi, Business center, Meeting rooms, Laundry service, Print machine, Accessible entrances, Ramps/lifts, Accessible rooms/bathrooms, Braille/raised signage. Average price is 100.0 USD per night. Enjoy comfortable stays with a rating of 9.0/5. The on-site restaurant is rated 5/5.","698 Sakura Street, Chuo Ward, Philadelphia",-75.01188818323163,39.932853627671086,"['fast-paced budget travel', 'business travelers', 'disabled traveler']","['Wi-Fi', 'Luggage storage', 'Air conditioning', 'Room cleaning service', 'Safety deposit box', 'Television', 'Free Wi-Fi', 'Communal kitchens', 'Laundry', 'Lockers', 'High speed WiFi', 'Business center', 'Meeting rooms', 'Laundry service', 'Print machine', 'Accessible entrances', 'Ramps/lifts', 'Accessible rooms/bathrooms', 'Braille/raised signage']",100.0,9.0,3.0,5
22,Philadelphia,United States,Harbor View Riverfront Resort,"Harbor View Riverfront Resort is a 3-star hotel in Philadelphia, United States, offering Wi-Fi, Luggage storage, Air conditioning, Room cleaning service, Safety deposit box, Television, Child-friendly rooms, Baby cots, Stroller storage, Diaper changing tables, Nursing rooms, Elevators, Bathroom grab bars, Medical contacts, Breakfast with dietary options, Bathtubs/jacuzzis, Scenic rooms/villas, Spa. Average price is 78.0 USD per night. Enjoy comfortable stays with a rating of 8.8/5. The on-site restaurant is rated 5/5.","576 Sakura Street, Philadelphia",-75.25926937246892,40.0146606738529,"['with children', 'elderly travelers', 'couples trip']","['Wi-Fi', 'Luggage storage', 'Air conditioning', 'Room cleaning service', 'Safety deposit box', 'Television', 'Child-friendly rooms', 'Baby cots', 'Stroller storage', 'Diaper changing tables', 'Nursing rooms', 'Elevators', 'Bathroom grab bars', 'Medical contacts', 'Breakfast with dietary options', 'Bathtubs/jacuzzis', 'Scenic rooms/villas', 'Spa']",78.0,8.8,3.0,5
23,Philadelphia,United States,Riverside Manor Inn,"Riverside Manor Inn is a 2-star hotel in Philadelphia, United States, offering Wi-Fi, Luggage storage, Air conditioning, Room cleaning service, Safety deposit box, Television, Child-friendly rooms, Baby cots, Stroller storage, Diaper changing tables, Nursing rooms, 24-hour front desk, Late room service, On-site bars, Rooftop lounges/nightclubs, High speed WiFi, Business center, Meeting rooms, Laundry service, Print machine. Average price is 135.0 USD per night. Enjoy comfortable stays with a rating of 7.4/5. The on-site restaurant is rated 5/5.","No. 456, Cultural Arts Avenue, Beilin District, Philadelphia",-75.25190935263619,40.10251728502998,"['with children', 'nightlife enthusiast', 'business travelers']","['Wi-Fi', 'Luggage storage', 'Air conditioning', 'Room cleaning service', 'Safety deposit box', 'Television', 'Child-friendly rooms', 'Baby cots', 'Stroller storage', 'Diaper changing tables', 'Nursing rooms', '24-hour front desk', 'Late room service', 'On-site bars', 'Rooftop lounges/nightclubs', 'High speed WiFi', 'Business center', 'Meeting rooms', 'Laundry service', 'Print machine']",135.0,7.4,2.5,5
24,Philadelphia,United States,Philadelphia Palace Resort 11,"Philadelphia Palace Resort 11 is a 2-star hotel in Philadelphia, United States, offering Wi-Fi, Luggage storage, Air conditioning, Room cleaning service, Safety deposit box, Television, Free Wi-Fi, Communal kitchens, Laundry, Lockers, Elevators, Bathroom grab bars, Medical contacts, Breakfast with dietary options, Accessible entrances, Ramps/lifts, Accessible rooms/bathrooms, Braille/raised signage. Average price is 146.0 USD per night. Enjoy comfortable stays with a rating of 8.4/5. The on-site restaurant is rated 5/5.","No. 128, Wuhou Road, Philadelphia",-75.02069397600476,40.03829051455339,"['fast-paced budget travel', 'elderly travelers', 'disabled traveler']","['Wi-Fi', 'Luggage storage', 'Air conditioning', 'Room cleaning service', 'Safety deposit box', 'Television', 'Free Wi-Fi', 'Communal kitchens', 'Laundry', 'Lockers', 'Elevators', 'Bathroom grab bars', 'Medical contacts', 'Breakfast with dietary options', 'Accessible entrances', 'Ramps/lifts', 'Accessible rooms/bathrooms', 'Braille/raised signage']",146.0,8.4,2.5,5
25,Philadelphia,United States,Philadelphia Resort Resort 12,"Philadelphia Resort Resort 12 is a 3-star hotel in Philadelphia, United States, offering Wi-Fi, Luggage storage, Air conditioning, Room cleaning service, Safety deposit box, Television, Child-friendly rooms, Baby cots, Stroller storage, Diaper changing tables, Nursing rooms, 24-hour front desk, Late room service, On-site bars, Rooftop lounges/nightclubs, Accessible entrances, Ramps/lifts, Accessible rooms/bathrooms, Braille/raised signage. Average price is 49.0 USD per night. Enjoy comfortable stays with a rating of 7.4/5. The on-site restaurant is rated 5/5.","No. 456 Riverside Avenue, Philadelphia",-75.21612566605641,39.9516034198628,"['with children', 'nightlife enthusiast', 'disabled traveler']","['Wi-Fi', 'Luggage storage', 'Air conditioning', 'Room cleaning service', 'Safety deposit box', 'Television', 'Child-friendly rooms', 'Baby cots', 'Stroller storage', 'Diaper changing tables', 'Nursing rooms', '24-hour front desk', 'Late room service', 'On-site bars', 'Rooftop lounges/nightclubs', 'Accessible entrances', 'Ramps/lifts', 'Accessible rooms/bathrooms', 'Braille/raised signage']",49.0,7.4,3.5,5
26,Philadelphia,United States,Bayfront Garden Resort Philadelphia,"Bayfront Garden Resort Philadelphia is a 3-star hotel in Philadelphia, United States, offering Wi-Fi, Luggage storage, Air conditioning, Room cleaning service, Safety deposit box, Television, Child-friendly rooms, Baby cots, Stroller storage, Diaper changing tables, Nursing rooms, Elevators, Bathroom grab bars, Medical contacts, Breakfast with dietary options, Pet-friendly, Pet rest area, Pet beds, Durable floors. Average price is 51.0 USD per night. Enjoy comfortable stays with a rating of 8.6/5. The on-site restaurant is rated 5/5.","162-89 Sakura Street, Shinjuku Ward, Philadelphia",-75.12719263557814,39.91102501212121,"['with children', 'elderly travelers', 'with pets']","['Wi-Fi', 'Luggage storage', 'Air conditioning', 'Room cleaning service', 'Safety deposit box', 'Television', 'Child-friendly rooms', 'Baby cots', 'Stroller storage', 'Diaper changing tables', 'Nursing rooms', 'Elevators', 'Bathroom grab bars', 'Medical contacts', 'Breakfast with dietary options', 'Pet-friendly', 'Pet rest area', 'Pet beds', 'Durable floors']",51.0,8.6,3.5,5
27,Philadelphia,United States,Philadelphia Sky Suites 13,"Philadelphia Sky Suites 13 is a 4-star hotel in Philadelphia, United States, offering Wi-Fi, Luggage storage, Air conditioning, Room cleaning service, Safety deposit box, Television, Child-friendly rooms, Baby cots, Stroller storage, Diaper changing tables, Nursing rooms, Parking, 24-hour front desk, EV charging for electric vehicles, Elevators, Bathroom grab bars, Medical contacts, Breakfast with dietary options. Average price is 199.0 USD per night. Enjoy comfortable stays with a rating of 10.0/5. The on-site restaurant is rated 3/5.","245 Seiki-cho, Philadelphia",-75.20298642313585,39.99679453647045,"['with children', 'road trip', 'elderly travelers']","['Wi-Fi', 'Luggage storage', 'Air conditioning', 'Room cleaning service', 'Safety deposit box', 'Television', 'Child-friendly rooms', 'Baby cots', 'Stroller storage', 'Diaper changing tables', 'Nursing rooms', 'Parking', '24-hour front desk', 'EV charging for electric vehicles', 'Elevators', 'Bathroom grab bars', 'Medical contacts', 'Breakfast with dietary options']",199.0,10.0,4.0,3
28,Philadelphia,United States,Riverside Artistry Suites,"Riverside Artistry Suites is a 5-star hotel in Philadelphia, United States, offering Wi-Fi, Luggage storage, Air conditioning, Room cleaning service, Safety deposit box, Television, Elevators, Bathroom grab bars, Medical contacts, Breakfast with dietary options, Bathtubs/jacuzzis, Scenic rooms/villas, Spa, Gym, Premium bedding, Bar. Average price is 153.0 USD per night. Enjoy comfortable stays with a rating of 9.2/5. The on-site restaurant is rated 5/5.","No. 456, Cultural Road, Haizhu District, Philadelphia",-75.19774096527753,39.90160192283635,"['elderly travelers', 'couples trip', 'luxury travelers']","['Wi-Fi', 'Luggage storage', 'Air conditioning', 'Room cleaning service', 'Safety deposit box', 'Television', 'Elevators', 'Bathroom grab bars', 'Medical contacts', 'Breakfast with dietary options', 'Bathtubs/jacuzzis', 'Scenic rooms/villas', 'Spa', 'Gym', 'Premium bedding', 'Bar']",153.0,9.2,5.0,5
29,Philadelphia,United States,Philadelphia Boutique Inn 14,"Philadelphia Boutique Inn 14 is a 2-star hotel in Philadelphia, United States, offering Wi-Fi, Luggage storage, Air conditioning, Room cleaning service, Safety deposit box, Television, Women-only floors/rooms, Privacy-conscious check-in, 24-hour security, Surveillance cameras, Double locks on doors, High speed WiFi, Business center, Meeting rooms, Laundry service, Print machine, Pet-friendly, Pet rest area, Pet beds, Durable floors. Average price is 52.0 USD per night. Enjoy comfortable stays with a rating of 10.0/5. The on-site restaurant is rated 1/5.","176 Gwanghwamun Street, Jongno-gu, Philadelphia",-75.02504184146709,39.96436873697586,"['solo women', 'business travelers', 'with pets']","['Wi-Fi', 'Luggage storage', 'Air conditioning', 'Room cleaning service', 'Safety deposit box', 'Television', 'Women-only floors/rooms', 'Privacy-conscious check-in', '24-hour security', 'Surveillance cameras', 'Double locks on doors', 'High speed WiFi', 'Business center', 'Meeting rooms', 'Laundry service', 'Print machine', 'Pet-friendly', 'Pet rest area', 'Pet beds', 'Durable floors']",52.0,10.0,2.5,1
30,Philadelphia,United States,Elmwood Garden Resort,"Elmwood Garden Resort is a 4-star hotel in Philadelphia, United States, offering Wi-Fi, Luggage storage, Air conditioning, Room cleaning service, Safety deposit box, Television, Child-friendly rooms, Baby cots, Stroller storage, Diaper changing tables, Nursing rooms, Women-only floors/rooms, Privacy-conscious check-in, 24-hour security, Surveillance cameras, Double locks on doors, Scenic rooms, Sunrise calls, Photography services/packages. Average price is 216.0 USD per night. Enjoy comfortable stays with a rating of 8.4/5. The on-site restaurant is rated 5/5.","642 Seomyeon-ro, Busanjin-gu, Philadelphia",-75.09017934715516,39.96039897045458,"['with children', 'solo women', 'photography']","['Wi-Fi', 'Luggage storage', 'Air conditioning', 'Room cleaning service', 'Safety deposit box', 'Television', 'Child-friendly rooms', 'Baby cots', 'Stroller storage', 'Diaper changing tables', 'Nursing rooms', 'Women-only floors/rooms', 'Privacy-conscious check-in', '24-hour security', 'Surveillance cameras', 'Double locks on doors', 'Scenic rooms', 'Sunrise calls', 'Photography services/packages']",216.0,8.4,4.0,5
31,Philadelphia,United States,Philadelphia Palace Suites 15,"Philadelphia Palace Suites 15 is a 3-star hotel in Philadelphia, United States, offering Wi-Fi, Luggage storage, Air conditioning, Room cleaning service, Safety deposit box, Television, Child-friendly rooms, Baby cots, Stroller storage, Diaper changing tables, Nursing rooms, High speed WiFi, Business center, Meeting rooms, Laundry service, Print machine, Spa, Gym, Premium bedding, Bar. Average price is 79.0 USD per night. Enjoy comfortable stays with a rating of 8.4/5. The on-site restaurant is rated 4/5.","683 Saphan Lee Road, Philadelphia",-75.18350996742889,40.07722648625062,"['with children', 'business travelers', 'luxury travelers']","['Wi-Fi', 'Luggage storage', 'Air conditioning', 'Room cleaning service', 'Safety deposit box', 'Television', 'Child-friendly rooms', 'Baby cots', 'Stroller storage', 'Diaper changing tables', 'Nursing rooms', 'High speed WiFi', 'Business center', 'Meeting rooms', 'Laundry service', 'Print machine', 'Spa', 'Gym', 'Premium bedding', 'Bar']",79.0,8.4,3.0,4
32,Philadelphia,United States,Benjamin's Riverside Resort,"Benjamin's Riverside Resort is a 3-star hotel in Philadelphia, United States, offering Wi-Fi, Luggage storage, Air conditioning, Room cleaning service, Safety deposit box, Television, Child-friendly rooms, Baby cots, Stroller storage, Diaper changing tables, Nursing rooms, Scenic rooms, Sunrise calls, Photography services/packages, Bathtubs/jacuzzis, Scenic rooms/villas, Spa. Average price is 150.0 USD per night. Enjoy comfortable stays with a rating of 8.8/5. The on-site restaurant is rated 2/5.","305 Shibuya Street, Shibuya Ward, Philadelphia",-75.18546088710667,39.98619788057539,"['with children', 'photography', 'couples trip']","['Wi-Fi', 'Luggage storage', 'Air conditioning', 'Room cleaning service', 'Safety deposit box', 'Television', 'Child-friendly rooms', 'Baby cots', 'Stroller storage', 'Diaper changing tables', 'Nursing rooms', 'Scenic rooms', 'Sunrise calls', 'Photography services/packages', 'Bathtubs/jacuzzis', 'Scenic rooms/villas', 'Spa']",150.0,8.8,3.0,2
33,Philadelphia,United States,Philadelphia Sunrise Hotel 16,"Philadelphia Sunrise Hotel 16 is a 5-star hotel in Philadelphia, United States, offering Wi-Fi, Luggage storage, Air conditioning, Room cleaning service, Safety deposit box, Television, Free Wi-Fi, Communal kitchens, Laundry, Lockers, Elevators, Bathroom grab bars, Medical contacts, Breakfast with dietary options, Bathtubs/jacuzzis, Scenic rooms/villas, Spa. Average price is 117.0 USD per night. Enjoy comfortable stays with a rating of 8.2/5. The on-site restaurant is rated 5/5.","363 Gwanghwamun Street, Jongno-gu, Philadelphia",-75.19774096527753,39.891040031686885,"['fast-paced budget travel', 'elderly travelers', 'couples trip']","['Wi-Fi', 'Luggage storage', 'Air conditioning', 'Room cleaning service', 'Safety deposit box', 'Television', 'Free Wi-Fi', 'Communal kitchens', 'Laundry', 'Lockers', 'Elevators', 'Bathroom grab bars', 'Medical contacts', 'Breakfast with dietary options', 'Bathtubs/jacuzzis', 'Scenic rooms/villas', 'Spa']",117.0,8.2,5.0,5
34,Philadelphia,United States,Riverside Heights Garden Resort,"Riverside Heights Garden Resort is a 3-star hotel in Philadelphia, United States, offering Wi-Fi, Luggage storage, Air conditioning, Room cleaning service, Safety deposit box, Television, Women-only floors/rooms, Privacy-conscious check-in, 24-hour security, Surveillance cameras, Double locks on doors, Parking, 24-hour front desk, EV charging for electric vehicles, Bathtubs/jacuzzis, Scenic rooms/villas, Spa. Average price is 137.0 USD per night. Enjoy comfortable stays with a rating of 9.0/5. The on-site restaurant is rated 5/5.","282 Seogwipo Street, Philadelphia",-75.02408501001621,40.087191577878926,"['solo women', 'road trip', 'couples trip']","['Wi-Fi', 'Luggage storage', 'Air conditioning', 'Room cleaning service', 'Safety deposit box', 'Television', 'Women-only floors/rooms', 'Privacy-conscious check-in', '24-hour security', 'Surveillance cameras', 'Double locks on doors', 'Parking', '24-hour front desk', 'EV charging for electric vehicles', 'Bathtubs/jacuzzis', 'Scenic rooms/villas', 'Spa']",137.0,9.0,3.0,5
35,Philadelphia,United States,Philadelphia Resort Hotel 17,"Philadelphia Resort Hotel 17 is a 4-star hotel in Philadelphia, United States, offering Wi-Fi, Luggage storage, Air conditioning, Room cleaning service, Safety deposit box, Television, Free Wi-Fi, Communal kitchens, Laundry, Lockers, High speed WiFi, Business center, Meeting rooms, Laundry service, Print machine, Accessible entrances, Ramps/lifts, Accessible rooms/bathrooms, Braille/raised signage. Average price is 67.0 USD per night. Enjoy comfortable stays with a rating of 8.6/5. The on-site restaurant is rated 5/5.","871 Sakura-dai, Setagaya-ku, Philadelphia",-75.02504184146709,39.87854369844207,"['fast-paced budget travel', 'business travelers', 'disabled traveler']","['Wi-Fi', 'Luggage storage', 'Air conditioning', 'Room cleaning service', 'Safety deposit box', 'Television', 'Free Wi-Fi', 'Communal kitchens', 'Laundry', 'Lockers', 'High speed WiFi', 'Business center', 'Meeting rooms', 'Laundry service', 'Print machine', 'Accessible entrances', 'Ramps/lifts', 'Accessible rooms/bathrooms', 'Braille/raised signage']",67.0,8.6,4.0,5
36,Philadelphia,United States,Philadelphia Sunrise Resort 18,"Philadelphia Sunrise Resort 18 is a 4-star hotel in Philadelphia, United States, offering Wi-Fi, Luggage storage, Air conditioning, Room cleaning service, Safety deposit box, Television, 24-hour front desk, Late room service, On-site bars, Rooftop lounges/nightclubs, Scenic rooms, Sunrise calls, Photography services/packages, Elevators, Bathroom grab bars, Medical contacts, Breakfast with dietary options. Average price is 148.0 USD per night. Enjoy comfortable stays with a rating of 10.0/5. The on-site restaurant is rated 5/5.","602-456 Shibuya-dori, Shibuya-ku, Philadelphia",-75.14859568341149,39.968349189785954,"['nightlife enthusiast', 'photography', 'elderly travelers']","['Wi-Fi', 'Luggage storage', 'Air conditioning', 'Room cleaning service', 'Safety deposit box', 'Television', '24-hour front desk', 'Late room service', 'On-site bars', 'Rooftop lounges/nightclubs', 'Scenic rooms', 'Sunrise calls', 'Photography services/packages', 'Elevators', 'Bathroom grab bars', 'Medical contacts', 'Breakfast with dietary options']",148.0,10.0,4.0,5
37,Philadelphia,United States,Willow Creek Heritage Inn,"Willow Creek Heritage Inn is a 3-star hotel in Philadelphia, United States, offering Wi-Fi, Luggage storage, Air conditioning, Room cleaning service, Safety deposit box, Television, Free Wi-Fi, Communal kitchens, Laundry, Lockers, Pet-friendly, Pet rest area, Pet beds, Durable floors, Spa, Gym, Premium bedding, Bar. Average price is 85.0 USD per night. Enjoy comfortable stays with a rating of 7.8/5. The on-site restaurant is rated 5/5.","942 Beach Road, Philadelphia",-75.0275367433955,39.98270846607721,"['fast-paced budget travel', 'with pets', 'luxury travelers']","['Wi-Fi', 'Luggage storage', 'Air conditioning', 'Room cleaning service', 'Safety deposit box', 'Television', 'Free Wi-Fi', 'Communal kitchens', 'Laundry', 'Lockers', 'Pet-friendly', 'Pet rest area', 'Pet beds', 'Durable floors', 'Spa', 'Gym', 'Premium bedding', 'Bar']",85.0,7.8,3.5,5
38,Philadelphia,United States,Philadelphia Sky Resort 19,"Philadelphia Sky Resort 19 is a 3-star hotel in Philadelphia, United States, offering Wi-Fi, Luggage storage, Air conditioning, Room cleaning service, Safety deposit box, Television, Elevators, Bathroom grab bars, Medical contacts, Breakfast with dietary options, High speed WiFi, Business center, Meeting rooms, Laundry service, Print machine, Spa, Gym, Premium bedding, Bar. Average price is 77.0 USD per night. Enjoy comfortable stays with a rating of 9.4/5. The on-site restaurant is rated 4/5.","182 Shibuya Street, Shibuya Ward, Philadelphia",-74.99344577748012,39.911408651877935,"['elderly travelers', 'business travelers', 'luxury travelers']","['Wi-Fi', 'Luggage storage', 'Air conditioning', 'Room cleaning service', 'Safety deposit box', 'Television', 'Elevators', 'Bathroom grab bars', 'Medical contacts', 'Breakfast with dietary options', 'High speed WiFi', 'Business center', 'Meeting rooms', 'Laundry service', 'Print machine', 'Spa', 'Gym', 'Premium bedding', 'Bar']",77.0,9.4,3.5,4
39,Philadelphia,United States,Philadelphia View Suites 20,"Philadelphia View Suites 20 is a 3-star hotel in Philadelphia, United States, offering Wi-Fi, Luggage storage, Air conditioning, Room cleaning service, Safety deposit box, Television, Women-only floors/rooms, Privacy-conscious check-in, 24-hour security, Surveillance cameras, Double locks on doors, Parking, 24-hour front desk, EV charging for electric vehicles, High speed WiFi, Business center, Meeting rooms, Laundry service, Print machine. Average price is 85.0 USD per night. Enjoy comfortable stays with a rating of 10.0/5. The on-site restaurant is rated 5/5.","363 Gwanghwamun Street, Jongno-gu, Philadelphia",-75.22916735767309,40.07760314314692,"['solo women', 'road trip', 'business travelers']","['Wi-Fi', 'Luggage storage', 'Air conditioning', 'Room cleaning service', 'Safety deposit box', 'Television', 'Women-only floors/rooms', 'Privacy-conscious check-in', '24-hour security', 'Surveillance cameras', 'Double locks on doors', 'Parking', '24-hour front desk', 'EV charging for electric vehicles', 'High speed WiFi', 'Business center', 'Meeting rooms', 'Laundry service', 'Print machine']",85.0,10.0,3.0,5
40,Philadelphia,United States,Philadelphia Deluxe Resort 21,"Philadelphia Deluxe Resort 21 is a 3-star hotel in Philadelphia, United States, offering Wi-Fi, Luggage storage, Air conditioning, Room cleaning service, Safety deposit box, Television, Parking, 24-hour front desk, EV charging for electric vehicles, Women-only floors/rooms, Privacy-conscious check-in, 24-hour security, Surveillance cameras, Double locks on doors, Bathtubs/jacuzzis, Scenic rooms/villas, Spa. Average price is 167.0 USD per night. Enjoy comfortable stays with a rating of 8.8/5. The on-site restaurant is rated 5/5.","141 Shimbashi Park, Philadelphia",-75.19774096527753,40.06207872947787,"['road trip', 'solo women', 'couples trip']","['Wi-Fi', 'Luggage storage', 'Air conditioning', 'Room cleaning service', 'Safety deposit box', 'Television', 'Parking', '24-hour front desk', 'EV charging for electric vehicles', 'Women-only floors/rooms', 'Privacy-conscious check-in', '24-hour security', 'Surveillance cameras', 'Double locks on doors', 'Bathtubs/jacuzzis', 'Scenic rooms/villas', 'Spa']",167.0,8.8,3.0,5
41,Philadelphia,United States,Philadelphia Grand Resort 22,"Philadelphia Grand Resort 22 is a 4-star hotel in Philadelphia, United States, offering Wi-Fi, Luggage storage, Air conditioning, Room cleaning service, Safety deposit box, Television, Child-friendly rooms, Baby cots, Stroller storage, Diaper changing tables, Nursing rooms, Accessible entrances, Ramps/lifts, Accessible rooms/bathrooms, Braille/raised signage, Pet-friendly, Pet rest area, Pet beds, Durable floors. Average price is 66.0 USD per night. Enjoy comfortable stays with a rating of 8.6/5. The on-site restaurant is rated 5/5.","363 Beach Road, Philadelphia",-75.01519920388293,40.02359805704539,"['with children', 'disabled traveler', 'with pets']","['Wi-Fi', 'Luggage storage', 'Air conditioning', 'Room cleaning service', 'Safety deposit box', 'Television', 'Child-friendly rooms', 'Baby cots', 'Stroller storage', 'Diaper changing tables', 'Nursing rooms', 'Accessible entrances', 'Ramps/lifts', 'Accessible rooms/bathrooms', 'Braille/raised signage', 'Pet-friendly', 'Pet rest area', 'Pet beds', 'Durable floors']",66.0,8.6,4.0,5
42,Philadelphia,United States,Erie River Garden Resort,"Erie River Garden Resort is a 3-star hotel in Philadelphia, United States, offering Wi-Fi, Luggage storage, Air conditioning, Room cleaning service, Safety deposit box, Television, Women-only floors/rooms, Privacy-conscious check-in, 24-hour security, Surveillance cameras, Double locks on doors, Scenic rooms, Sunrise calls, Photography services/packages, Pet-friendly, Pet rest area, Pet beds, Durable floors. Average price is 173.0 USD per night. Enjoy comfortable stays with a rating of 9.0/5. The on-site restaurant is rated 3/5.","162-89 Sakura Street, Shinjuku Ward, Philadelphia",-75.00334554329412,39.96778389321433,"['solo women', 'photography', 'with pets']","['Wi-Fi', 'Luggage storage', 'Air conditioning', 'Room cleaning service', 'Safety deposit box', 'Television', 'Women-only floors/rooms', 'Privacy-conscious check-in', '24-hour security', 'Surveillance cameras', 'Double locks on doors', 'Scenic rooms', 'Sunrise calls', 'Photography services/packages', 'Pet-friendly', 'Pet rest area', 'Pet beds', 'Durable floors']",173.0,9.0,3.0,3
43,Philadelphia,United States,Riverfront Garden Manor Philadelphia,"Riverfront Garden Manor Philadelphia is a 2-star hotel in Philadelphia, United States, offering Wi-Fi, Luggage storage, Air conditioning, Room cleaning service, Safety deposit box, Television, Free Wi-Fi, Communal kitchens, Laundry, Lockers, Elevators, Bathroom grab bars, Medical contacts, Breakfast with dietary options, Bathtubs/jacuzzis, Scenic rooms/villas, Spa. Average price is 32.0 USD per night. Enjoy comfortable stays with a rating of 10.0/5. The on-site restaurant is rated 2/5.","263 Sakura Street, Chuo Ward, Philadelphia",-75.19326079963975,39.933478247817554,"['fast-paced budget travel', 'elderly travelers', 'couples trip']","['Wi-Fi', 'Luggage storage', 'Air conditioning', 'Room cleaning service', 'Safety deposit box', 'Television', 'Free Wi-Fi', 'Communal kitchens', 'Laundry', 'Lockers', 'Elevators', 'Bathroom grab bars', 'Medical contacts', 'Breakfast with dietary options', 'Bathtubs/jacuzzis', 'Scenic rooms/villas', 'Spa']",32.0,10.0,2.0,2
44,Philadelphia,United States,Riverside Manor Heritage Retreat,"Riverside Manor Heritage Retreat is a 4-star hotel in Philadelphia, United States, offering Wi-Fi, Luggage storage, Air conditioning, Room cleaning service, Safety deposit box, Television, Women-only floors/rooms, Privacy-conscious check-in, 24-hour security, Surveillance cameras, Double locks on doors, 24-hour front desk, Late room service, On-site bars, Rooftop lounges/nightclubs, Spa, Gym, Premium bedding, Bar. Average price is 128.0 USD per night. Enjoy comfortable stays with a rating of 8.8/5. The on-site restaurant is rated 5/5.","No. 567, Qujiang New District, Philadelphia",-75.15100433147752,40.043141097373855,"['solo women', 'nightlife enthusiast', 'luxury travelers']","['Wi-Fi', 'Luggage storage', 'Air conditioning', 'Room cleaning service', 'Safety deposit box', 'Television', 'Women-only floors/rooms', 'Privacy-conscious check-in', '24-hour security', 'Surveillance cameras', 'Double locks on doors', '24-hour front desk', 'Late room service', 'On-site bars', 'Rooftop lounges/nightclubs', 'Spa', 'Gym', 'Premium bedding', 'Bar']",128.0,8.8,4.0,5
45,Philadelphia,United States,Philadelphia Central Resort 23,"Philadelphia Central Resort 23 is a 3-star hotel in Philadelphia, United States, offering Wi-Fi, Luggage storage, Air conditioning, Room cleaning service, Safety deposit box, Television, 24-hour front desk, Late room service, On-site bars, Rooftop lounges/nightclubs, Bathtubs/jacuzzis, Scenic rooms/villas, Spa, Pet-friendly, Pet rest area, Pet beds, Durable floors. Average price is 180.0 USD per night. Enjoy comfortable stays with a rating of 9.0/5. The on-site restaurant is rated 5/5.","No. 456, Zhongshan Road, Philadelphia",-75.2199072912395,39.98369743087136,"['nightlife enthusiast', 'couples trip', 'with pets']","['Wi-Fi', 'Luggage storage', 'Air conditioning', 'Room cleaning service', 'Safety deposit box', 'Television', '24-hour front desk', 'Late room service', 'On-site bars', 'Rooftop lounges/nightclubs', 'Bathtubs/jacuzzis', 'Scenic rooms/villas', 'Spa', 'Pet-friendly', 'Pet rest area', 'Pet beds', 'Durable floors']",180.0,9.0,3.0,5
46,Philadelphia,United States,Philadelphia Plaza Suites 24,"Philadelphia Plaza Suites 24 is a 3-star hotel in Philadelphia, United States, offering Wi-Fi, Luggage storage, Air conditioning, Room cleaning service, Safety deposit box, Television, Elevators, Bathroom grab bars, Medical contacts, Breakfast with dietary options, High speed WiFi, Business center, Meeting rooms, Laundry service, Print machine, Spa, Gym, Premium bedding, Bar. Average price is 83.0 USD per night. Enjoy comfortable stays with a rating of 8.2/5. The on-site restaurant is rated 5/5.","No. 456, Cultural Street, Philadelphia",-75.00053008013514,40.00700033155045,"['elderly travelers', 'business travelers', 'luxury travelers']","['Wi-Fi', 'Luggage storage', 'Air conditioning', 'Room cleaning service', 'Safety deposit box', 'Television', 'Elevators', 'Bathroom grab bars', 'Medical contacts', 'Breakfast with dietary options', 'High speed WiFi', 'Business center', 'Meeting rooms', 'Laundry service', 'Print machine', 'Spa', 'Gym', 'Premium bedding', 'Bar']",83.0,8.2,3.0,5
47,Philadelphia,United States,Philadelphia Inn Suites 25,"Philadelphia Inn Suites 25 is a 4-star hotel in Philadelphia, United States, offering Wi-Fi, Luggage storage, Air conditioning, Room cleaning service, Safety deposit box, Television, Parking, 24-hour front desk, EV charging for electric vehicles, Scenic rooms, Sunrise calls, Photography services/packages, Bathtubs/jacuzzis, Scenic rooms/villas, Spa. Average price is 106.0 USD per night. Enjoy comfortable stays with a rating of 7.8/5. The on-site restaurant is rated 5/5.","182 Shibuya Street, Shibuya Ward, Philadelphia",-75.16361037081647,40.043756313312,"['road trip', 'photography', 'couples trip']","['Wi-Fi', 'Luggage storage', 'Air conditioning', 'Room cleaning service', 'Safety deposit box', 'Television', 'Parking', '24-hour front desk', 'EV charging for electric vehicles', 'Scenic rooms', 'Sunrise calls', 'Photography services/packages', 'Bathtubs/jacuzzis', 'Scenic rooms/villas', 'Spa']",106.0,7.8,4.0,5
48,Philadelphia,United States,Philadelphia Resort Inn 26,"Philadelphia Resort Inn 26 is a 3-star hotel in Philadelphia, United States, offering Wi-Fi, Luggage storage, Air conditioning, Room cleaning service, Safety deposit box, Television, Child-friendly rooms, Baby cots, Stroller storage, Diaper changing tables, Nursing rooms, Parking, 24-hour front desk, EV charging for electric vehicles, Women-only floors/rooms, Privacy-conscious check-in, 24-hour security, Surveillance cameras, Double locks on doors. Average price is 87.0 USD per night. Enjoy comfortable stays with a rating of 8.2/5. The on-site restaurant is rated 5/5.","683 Saphan Lee Road, Philadelphia",-75.05532336548819,40.123781852035336,"['with children', 'road trip', 'solo women']","['Wi-Fi', 'Luggage storage', 'Air conditioning', 'Room cleaning service', 'Safety deposit box', 'Television', 'Child-friendly rooms', 'Baby cots', 'Stroller storage', 'Diaper changing tables', 'Nursing rooms', 'Parking', '24-hour front desk', 'EV charging for electric vehicles', 'Women-only floors/rooms', 'Privacy-conscious check-in', '24-hour security', 'Surveillance cameras', 'Double locks on doors']",87.0,8.2,3.0,5
49,Philadelphia,United States,Cherry Hill Manor Suites,"Cherry Hill Manor Suites is a 3-star hotel in Philadelphia, United States, offering Wi-Fi, Luggage storage, Air conditioning, Room cleaning service, Safety deposit box, Television, Scenic rooms, Sunrise calls, Photography services/packages, Bathtubs/jacuzzis, Scenic rooms/villas, Spa, Accessible entrances, Ramps/lifts, Accessible rooms/bathrooms, Braille/raised signage. Average price is 96.0 USD per night. Enjoy comfortable stays with a rating of 8.8/5. The on-site restaurant is rated 4/5.","215 Sakura Street, Philadelphia",-75.22277461509566,40.10432357456085,"['photography', 'couples trip', 'disabled traveler']","['Wi-Fi', 'Luggage storage', 'Air conditioning', 'Room cleaning service', 'Safety deposit box', 'Television', 'Scenic rooms', 'Sunrise calls', 'Photography services/packages', 'Bathtubs/jacuzzis', 'Scenic rooms/villas', 'Spa', 'Accessible entrances', 'Ramps/lifts', 'Accessible rooms/bathrooms', 'Braille/raised signage']",96.0,8.8,3.0,4
50,Philadelphia,United States,Harbor View Garden Resort,"Harbor View Garden Resort is a 3-star hotel in Philadelphia, United States, offering Wi-Fi, Luggage storage, Air conditioning, Room cleaning service, Safety deposit box, Television, Women-only floors/rooms, Privacy-conscious check-in, 24-hour security, Surveillance cameras, Double locks on doors, Scenic rooms, Sunrise calls, Photography services/packages, High speed WiFi, Business center, Meeting rooms, Laundry service, Print machine. Average price is 75.0 USD per night. Enjoy comfortable stays with a rating of 8.0/5. The on-site restaurant is rated 5/5.","680 Seaside Promenade, Philadelphia",-75.18236875330464,39.95298702915267,"['solo women', 'photography', 'business travelers']","['Wi-Fi', 'Luggage storage', 'Air conditioning', 'Room cleaning service', 'Safety deposit box', 'Television', 'Women-only floors/rooms', 'Privacy-conscious check-in', '24-hour security', 'Surveillance cameras', 'Double locks on doors', 'Scenic rooms', 'Sunrise calls', 'Photography services/packages', 'High speed WiFi', 'Business center', 'Meeting rooms', 'Laundry service', 'Print machine']",75.0,8.0,3.0,5
51,Philadelphia,United States,Riverside Garden Retreat Inn,"Riverside Garden Retreat Inn is a 4-star hotel in Philadelphia, United States, offering Wi-Fi, Luggage storage, Air conditioning, Room cleaning service, Safety deposit box, Television, Parking, 24-hour front desk, EV charging for electric vehicles, High speed WiFi, Business center, Meeting rooms, Laundry service, Print machine, Pet-friendly, Pet rest area, Pet beds, Durable floors. Average price is 47.0 USD per night. Enjoy comfortable stays with a rating of 7.6/5. The on-site restaurant is rated 4/5.","140 Suthep Road, Philadelphia",-75.18546088710667,39.96436873697586,"['road trip', 'business travelers', 'with pets']","['Wi-Fi', 'Luggage storage', 'Air conditioning', 'Room cleaning service', 'Safety deposit box', 'Television', 'Parking', '24-hour front desk', 'EV charging for electric vehicles', 'High speed WiFi', 'Business center', 'Meeting rooms', 'Laundry service', 'Print machine', 'Pet-friendly', 'Pet rest area', 'Pet beds', 'Durable floors']",47.0,7.6,4.0,4
52,Philadelphia,United States,Willow Creek Manor Hotel,"Willow Creek Manor Hotel is a 4-star hotel in Philadelphia, United States, offering Wi-Fi, Luggage storage, Air conditioning, Room cleaning service, Safety deposit box, Television, Women-only floors/rooms, Privacy-conscious check-in, 24-hour security, Surveillance cameras, Double locks on doors, Free Wi-Fi, Communal kitchens, Laundry, Lockers, Accessible entrances, Ramps/lifts, Accessible rooms/bathrooms, Braille/raised signage. Average price is 131.0 USD per night. Enjoy comfortable stays with a rating of 10.0/5. The on-site restaurant is rated 5/5.","No. 567, Qujiang New District, Philadelphia",-75.08173556049476,39.93413965606168,"['solo women', 'fast-paced budget travel', 'disabled traveler']","['Wi-Fi', 'Luggage storage', 'Air conditioning', 'Room cleaning service', 'Safety deposit box', 'Television', 'Women-only floors/rooms', 'Privacy-conscious check-in', '24-hour security', 'Surveillance cameras', 'Double locks on doors', 'Free Wi-Fi', 'Communal kitchens', 'Laundry', 'Lockers', 'Accessible entrances', 'Ramps/lifts', 'Accessible rooms/bathrooms', 'Braille/raised signage']",131.0,10.0,4.0,5
53,Philadelphia,United States,Philadelphia Grand Inn 27,"Philadelphia Grand Inn 27 is a 3-star hotel in Philadelphia, United States, offering Wi-Fi, Luggage storage, Air conditioning, Room cleaning service, Safety deposit box, Television, Parking, 24-hour front desk, EV charging for electric vehicles, Elevators, Bathroom grab bars, Medical contacts, Breakfast with dietary options, Bathtubs/jacuzzis, Scenic rooms/villas, Spa. Average price is 64.0 USD per night. Enjoy comfortable stays with a rating of 9.0/5. The on-site restaurant is rated 5/5.","621 Sakura Street, Chuo Ward, Philadelphia",-75.04920772155802,40.07099497254917,"['road trip', 'elderly travelers', 'couples trip']","['Wi-Fi', 'Luggage storage', 'Air conditioning', 'Room cleaning service', 'Safety deposit box', 'Television', 'Parking', '24-hour front desk', 'EV charging for electric vehicles', 'Elevators', 'Bathroom grab bars', 'Medical contacts', 'Breakfast with dietary options', 'Bathtubs/jacuzzis', 'Scenic rooms/villas', 'Spa']",64.0,9.0,3.0,5
54,Philadelphia,United States,Harborview Riverfront Resort,"Harborview Riverfront Resort is a 4-star hotel in Philadelphia, United States, offering Wi-Fi, Luggage storage, Air conditioning, Room cleaning service, Safety deposit box, Television, Free Wi-Fi, Communal kitchens, Laundry, Lockers, Pet-friendly, Pet rest area, Pet beds, Durable floors, Spa, Gym, Premium bedding, Bar. Average price is 212.0 USD per night. Enjoy comfortable stays with a rating of 9.0/5. The on-site restaurant is rated 5/5.","855-89 Kitahiroshima, Philadelphia",-75.22320036955111,39.98980881706726,"['fast-paced budget travel', 'with pets', 'luxury travelers']","['Wi-Fi', 'Luggage storage', 'Air conditioning', 'Room cleaning service', 'Safety deposit box', 'Television', 'Free Wi-Fi', 'Communal kitchens', 'Laundry', 'Lockers', 'Pet-friendly', 'Pet rest area', 'Pet beds', 'Durable floors', 'Spa', 'Gym', 'Premium bedding', 'Bar']",212.0,9.0,4.5,5
55,Philadelphia,United States,Philadelphia Palace Hotel 28,"Philadelphia Palace Hotel 28 is a 5-star hotel in Philadelphia, United States, offering Wi-Fi, Luggage storage, Air conditioning, Room cleaning service, Safety deposit box, Television, Child-friendly rooms, Baby cots, Stroller storage, Diaper changing tables, Nursing rooms, Elevators, Bathroom grab bars, Medical contacts, Breakfast with dietary options, High speed WiFi, Business center, Meeting rooms, Laundry service, Print machine. Average price is 166.0 USD per night. Enjoy comfortable stays with a rating of 9.4/5. The on-site restaurant is rated 5/5.","363 Gwanghwamun Street, Jongno-gu, Philadelphia",-75.13938291025585,40.05258201856277,"['with children', 'elderly travelers', 'business travelers']","['Wi-Fi', 'Luggage storage', 'Air conditioning', 'Room cleaning service', 'Safety deposit box', 'Television', 'Child-friendly rooms', 'Baby cots', 'Stroller storage', 'Diaper changing tables', 'Nursing rooms', 'Elevators', 'Bathroom grab bars', 'Medical contacts', 'Breakfast with dietary options', 'High speed WiFi', 'Business center', 'Meeting rooms', 'Laundry service', 'Print machine']",166.0,9.4,5.0,5
56,Philadelphia,United States,Cherry Hill Riverside Palace,"Cherry Hill Riverside Palace is a 3-star hotel in Philadelphia, United States, offering Wi-Fi, Luggage storage, Air conditioning, Room cleaning service, Safety deposit box, Television, Elevators, Bathroom grab bars, Medical contacts, Breakfast with dietary options, Bathtubs/jacuzzis, Scenic rooms/villas, Spa, Accessible entrances, Ramps/lifts, Accessible rooms/bathrooms, Braille/raised signage. Average price is 106.0 USD per night. Enjoy comfortable stays with a rating of 8.4/5. The on-site restaurant is rated 1/5.","676 Sukhumvit Road, Philadelphia",-75.19375427816793,40.00773823827124,"['elderly travelers', 'couples trip', 'disabled traveler']","['Wi-Fi', 'Luggage storage', 'Air conditioning', 'Room cleaning service', 'Safety deposit box', 'Television', 'Elevators', 'Bathroom grab bars', 'Medical contacts', 'Breakfast with dietary options', 'Bathtubs/jacuzzis', 'Scenic rooms/villas', 'Spa', 'Accessible entrances', 'Ramps/lifts', 'Accessible rooms/bathrooms', 'Braille/raised signage']",106.0,8.4,3.5,1
57,Philadelphia,United States,Riverside Manor at Penn Treaty,"Riverside Manor at Penn Treaty is a 3-star hotel in Philadelphia, United States, offering Wi-Fi, Luggage storage, Air conditioning, Room cleaning service, Safety deposit box, Television, Women-only floors/rooms, Privacy-conscious check-in, 24-hour security, Surveillance cameras, Double locks on doors, Scenic rooms, Sunrise calls, Photography services/packages, High speed WiFi, Business center, Meeting rooms, Laundry service, Print machine. Average price is 218.0 USD per night. Enjoy comfortable stays with a rating of 8.6/5. The on-site restaurant is rated 5/5.","No. 456, Cultural Road, Haizhu District, Philadelphia",-75.04920772155802,40.12342150187646,"['solo women', 'photography', 'business travelers']","['Wi-Fi', 'Luggage storage', 'Air conditioning', 'Room cleaning service', 'Safety deposit box', 'Television', 'Women-only floors/rooms', 'Privacy-conscious check-in', '24-hour security', 'Surveillance cameras', 'Double locks on doors', 'Scenic rooms', 'Sunrise calls', 'Photography services/packages', 'High speed WiFi', 'Business center', 'Meeting rooms', 'Laundry service', 'Print machine']",218.0,8.6,3.0,5
58,Philadelphia,United States,Philadelphia Garden Suites 29,"Philadelphia Garden Suites 29 is a 2-star hotel in Philadelphia, United States, offering Wi-Fi, Luggage storage, Air conditioning, Room cleaning service, Safety deposit box, Television, Accessible entrances, Ramps/lifts, Accessible rooms/bathrooms, Braille/raised signage, Elevators, Bathroom grab bars, Medical contacts, Breakfast with dietary options, Pet-friendly, Pet rest area, Pet beds, Durable floors. Average price is 47.0 USD per night. Enjoy comfortable stays with a rating of 9.0/5. The on-site restaurant is rated 1/5.","745 Sakura Street, Chuo Ward, Philadelphia",-75.04702730212465,40.04983432541489,"['disabled traveler', 'elderly travelers', 'with pets']","['Wi-Fi', 'Luggage storage', 'Air conditioning', 'Room cleaning service', 'Safety deposit box', 'Television', 'Accessible entrances', 'Ramps/lifts', 'Accessible rooms/bathrooms', 'Braille/raised signage', 'Elevators', 'Bathroom grab bars', 'Medical contacts', 'Breakfast with dietary options', 'Pet-friendly', 'Pet rest area', 'Pet beds', 'Durable floors']",47.0,9.0,2.5,1
59,Philadelphia,United States,Schuylkill River Garden Resort,"Schuylkill River Garden Resort is a 3-star hotel in Philadelphia, United States, offering Wi-Fi, Luggage storage, Air conditioning, Room cleaning service, Safety deposit box, Television, 24-hour front desk, Late room service, On-site bars, Rooftop lounges/nightclubs, Elevators, Bathroom grab bars, Medical contacts, Breakfast with dietary options, Pet-friendly, Pet rest area, Pet beds, Durable floors. Average price is 86.0 USD per night. Enjoy comfortable stays with a rating of 9.2/5. The on-site restaurant is rated 4/5.","884-345 Nishi 1-chome, Philadelphia",-75.24355049370621,40.07972071095413,"['nightlife enthusiast', 'elderly travelers', 'with pets']","['Wi-Fi', 'Luggage storage', 'Air conditioning', 'Room cleaning service', 'Safety deposit box', 'Television', '24-hour front desk', 'Late room service', 'On-site bars', 'Rooftop lounges/nightclubs', 'Elevators', 'Bathroom grab bars', 'Medical contacts', 'Breakfast with dietary options', 'Pet-friendly', 'Pet rest area', 'Pet beds', 'Durable floors']",86.0,9.2,3.0,4
60,Philadelphia,United States,Philadelphia Resort Inn 30,"Philadelphia Resort Inn 30 is a 4-star hotel in Philadelphia, United States, offering Wi-Fi, Luggage storage, Air conditioning, Room cleaning service, Safety deposit box, Television, Spa, Gym, Premium bedding, Bar, Elevators, Bathroom grab bars, Medical contacts, Breakfast with dietary options, Accessible entrances, Ramps/lifts, Accessible rooms/bathrooms, Braille/raised signage. Average price is 380.0 USD per night. Enjoy comfortable stays with a rating of 9.6/5. The on-site restaurant is rated 5/5.","301 Seifuku Street, Philadelphia",-75.13549576420343,39.99679453647045,"['luxury travelers', 'elderly travelers', 'disabled traveler']","['Wi-Fi', 'Luggage storage', 'Air conditioning', 'Room cleaning service', 'Safety deposit box', 'Television', 'Spa', 'Gym', 'Premium bedding', 'Bar', 'Elevators', 'Bathroom grab bars', 'Medical contacts', 'Breakfast with dietary options', 'Accessible entrances', 'Ramps/lifts', 'Accessible rooms/bathrooms', 'Braille/raised signage']",380.0,9.6,4.0,5
61,Philadelphia,United States,Philadelphia Palace Suites 31,"Philadelphia Palace Suites 31 is a 3-star hotel in Philadelphia, United States, offering Wi-Fi, Luggage storage, Air conditioning, Room cleaning service, Safety deposit box, Television, 24-hour front desk, Late room service, On-site bars, Rooftop lounges/nightclubs, Child-friendly rooms, Baby cots, Stroller storage, Diaper changing tables, Nursing rooms, Scenic rooms, Sunrise calls, Photography services/packages. Average price is 124.0 USD per night. Enjoy comfortable stays with a rating of 8.8/5. The on-site restaurant is rated 4/5.","897 Sakura Street, Chuo Ward, Philadelphia",-75.03452113911735,39.9876191389926,"['nightlife enthusiast', 'with children', 'photography']","['Wi-Fi', 'Luggage storage', 'Air conditioning', 'Room cleaning service', 'Safety deposit box', 'Television', '24-hour front desk', 'Late room service', 'On-site bars', 'Rooftop lounges/nightclubs', 'Child-friendly rooms', 'Baby cots', 'Stroller storage', 'Diaper changing tables', 'Nursing rooms', 'Scenic rooms', 'Sunrise calls', 'Photography services/packages']",124.0,8.8,3.5,4
62,Philadelphia,United States,Philadelphia Central Hotel 32,"Philadelphia Central Hotel 32 is a 3-star hotel in Philadelphia, United States, offering Wi-Fi, Luggage storage, Air conditioning, Room cleaning service, Safety deposit box, Television, Parking, 24-hour front desk, EV charging for electric vehicles, Late room service, On-site bars, Rooftop lounges/nightclubs, Pet-friendly, Pet rest area, Pet beds, Durable floors. Average price is 84.0 USD per night. Enjoy comfortable stays with a rating of 9.0/5. The on-site restaurant is rated 5/5.","855-89 Kitahiroshima, Philadelphia",-75.1561184446876,40.09405115275504,"['road trip', 'nightlife enthusiast', 'with pets']","['Wi-Fi', 'Luggage storage', 'Air conditioning', 'Room cleaning service', 'Safety deposit box', 'Television', 'Parking', '24-hour front desk', 'EV charging for electric vehicles', 'Late room service', 'On-site bars', 'Rooftop lounges/nightclubs', 'Pet-friendly', 'Pet rest area', 'Pet beds', 'Durable floors']",84.0,9.0,3.0,5
63,Philadelphia,United States,Philadelphia View Resort 33,"Philadelphia View Resort 33 is a 3-star hotel in Philadelphia, United States, offering Wi-Fi, Luggage storage, Air conditioning, Room cleaning service, Safety deposit box, Television, 24-hour front desk, Late room service, On-site bars, Rooftop lounges/nightclubs, Free Wi-Fi, Communal kitchens, Laundry, Lockers, Spa, Gym, Premium bedding, Bar. Average price is 46.0 USD per night. Enjoy comfortable stays with a rating of 8.4/5. The on-site restaurant is rated 5/5.","No. 456, Cultural Avenue, Philadelphia",-75.01933447230878,40.03533381483979,"['nightlife enthusiast', 'fast-paced budget travel', 'luxury travelers']","['Wi-Fi', 'Luggage storage', 'Air conditioning', 'Room cleaning service', 'Safety deposit box', 'Television', '24-hour front desk', 'Late room service', 'On-site bars', 'Rooftop lounges/nightclubs', 'Free Wi-Fi', 'Communal kitchens', 'Laundry', 'Lockers', 'Spa', 'Gym', 'Premium bedding', 'Bar']",46.0,8.4,3.0,5
64,Philadelphia,United States,Riverfront Garden Retreat Philadelphia,"Riverfront Garden Retreat Philadelphia is a 2-star hotel in Philadelphia, United States, offering Wi-Fi, Luggage storage, Air conditioning, Room cleaning service, Safety deposit box, Television, Accessible entrances, Ramps/lifts, Accessible rooms/bathrooms, Braille/raised signage, High speed WiFi, Business center, Meeting rooms, Laundry service, Print machine, Pet-friendly, Pet rest area, Pet beds, Durable floors. Average price is 114.0 USD per night. Enjoy comfortable stays with a rating of 8.0/5. The on-site restaurant is rated 4/5.","539 Sakura Street, Naka-ku, Philadelphia",-75.02441851212555,40.091277730521945,"['disabled traveler', 'business travelers', 'with pets']","['Wi-Fi', 'Luggage storage', 'Air conditioning', 'Room cleaning service', 'Safety deposit box', 'Television', 'Accessible entrances', 'Ramps/lifts', 'Accessible rooms/bathrooms', 'Braille/raised signage', 'High speed WiFi', 'Business center', 'Meeting rooms', 'Laundry service', 'Print machine', 'Pet-friendly', 'Pet rest area', 'Pet beds', 'Durable floors']",114.0,8.0,2.5,4
65,Philadelphia,United States,Philadelphia View Inn 34,"Philadelphia View Inn 34 is a 4-star hotel in Philadelphia, United States, offering Wi-Fi, Luggage storage, Air conditioning, Room cleaning service, Safety deposit box, Television, Child-friendly rooms, Baby cots, Stroller storage, Diaper changing tables, Nursing rooms, Free Wi-Fi, Communal kitchens, Laundry, Lockers, Spa, Gym, Premium bedding, Bar. Average price is 139.0 USD per night. Enjoy comfortable stays with a rating of 8.4/5. The on-site restaurant is rated 5/5.","607-8745 Shibuya, Philadelphia",-75.214368943162,40.00356249641958,"['with children', 'fast-paced budget travel', 'luxury travelers']","['Wi-Fi', 'Luggage storage', 'Air conditioning', 'Room cleaning service', 'Safety deposit box', 'Television', 'Child-friendly rooms', 'Baby cots', 'Stroller storage', 'Diaper changing tables', 'Nursing rooms', 'Free Wi-Fi', 'Communal kitchens', 'Laundry', 'Lockers', 'Spa', 'Gym', 'Premium bedding', 'Bar']",139.0,8.4,4.0,5
66,Philadelphia,United States,Riverside Manor Philadelphia,"Riverside Manor Philadelphia is a 3-star hotel in Philadelphia, United States, offering Wi-Fi, Luggage storage, Air conditioning, Room cleaning service, Safety deposit box, Television, Women-only floors/rooms, Privacy-conscious check-in, 24-hour security, Surveillance cameras, Double locks on doors, Bathtubs/jacuzzis, Scenic rooms/villas, Spa, Gym, Premium bedding, Bar. Average price is 59.0 USD per night. Enjoy comfortable stays with a rating of 8.0/5. The on-site restaurant is rated 5/5.","379 Shimbashi-dori, Chuo-ku, Philadelphia",-75.17657445657184,40.08335738257252,"['solo women', 'couples trip', 'luxury travelers']","['Wi-Fi', 'Luggage storage', 'Air conditioning', 'Room cleaning service', 'Safety deposit box', 'Television', 'Women-only floors/rooms', 'Privacy-conscious check-in', '24-hour security', 'Surveillance cameras', 'Double locks on doors', 'Bathtubs/jacuzzis', 'Scenic rooms/villas', 'Spa', 'Gym', 'Premium bedding', 'Bar']",59.0,8.0,3.0,5
67,Philadelphia,United States,Philadelphia Pearl Suites 35,"Philadelphia Pearl Suites 35 is a 4-star hotel in Philadelphia, United States, offering Wi-Fi, Luggage storage, Air conditioning, Room cleaning service, Safety deposit box, Television, Child-friendly rooms, Baby cots, Stroller storage, Diaper changing tables, Nursing rooms, Women-only floors/rooms, Privacy-conscious check-in, 24-hour security, Surveillance cameras, Double locks on doors, High speed WiFi, Business center, Meeting rooms, Laundry service, Print machine. Average price is 89.0 USD per night. Enjoy comfortable stays with a rating of 8.6/5. The on-site restaurant is rated 5/5.","No. 456, Zhongshan Road, Philadelphia",-75.20330145773556,40.04936388093875,"['with children', 'solo women', 'business travelers']","['Wi-Fi', 'Luggage storage', 'Air conditioning', 'Room cleaning service', 'Safety deposit box', 'Television', 'Child-friendly rooms', 'Baby cots', 'Stroller storage', 'Diaper changing tables', 'Nursing rooms', 'Women-only floors/rooms', 'Privacy-conscious check-in', '24-hour security', 'Surveillance cameras', 'Double locks on doors', 'High speed WiFi', 'Business center', 'Meeting rooms', 'Laundry service', 'Print machine']",89.0,8.6,4.0,5
68,Philadelphia,United States,Philadelphia Boutique Hotel 36,"Philadelphia Boutique Hotel 36 is a 4-star hotel in Philadelphia, United States, offering Wi-Fi, Luggage storage, Air conditioning, Room cleaning service, Safety deposit box, Television, Child-friendly rooms, Baby cots, Stroller storage, Diaper changing tables, Nursing rooms, 24-hour front desk, Late room service, On-site bars, Rooftop lounges/nightclubs, Scenic rooms, Sunrise calls, Photography services/packages. Average price is 33.0 USD per night. Enjoy comfortable stays with a rating of 7.6/5. The on-site restaurant is rated 4/5.","480 Beach Road, Philadelphia",-75.07322864010926,39.98590066904681,"['with children', 'nightlife enthusiast', 'photography']","['Wi-Fi', 'Luggage storage', 'Air conditioning', 'Room cleaning service', 'Safety deposit box', 'Television', 'Child-friendly rooms', 'Baby cots', 'Stroller storage', 'Diaper changing tables', 'Nursing rooms', '24-hour front desk', 'Late room service', 'On-site bars', 'Rooftop lounges/nightclubs', 'Scenic rooms', 'Sunrise calls', 'Photography services/packages']",33.0,7.6,4.0,4
69,Philadelphia,United States,Philadelphia Central Inn 37,"Philadelphia Central Inn 37 is a 4-star hotel in Philadelphia, United States, offering Wi-Fi, Luggage storage, Air conditioning, Room cleaning service, Safety deposit box, Television, Parking, 24-hour front desk, EV charging for electric vehicles, Late room service, On-site bars, Rooftop lounges/nightclubs, Free Wi-Fi, Communal kitchens, Laundry, Lockers. Average price is 121.0 USD per night. Enjoy comfortable stays with a rating of 9.4/5. The on-site restaurant is rated 5/5.","154-879 Kitahama Street, Philadelphia",-75.19765965128029,39.91260093035781,"['road trip', 'nightlife enthusiast', 'fast-paced budget travel']","['Wi-Fi', 'Luggage storage', 'Air conditioning', 'Room cleaning service', 'Safety deposit box', 'Television', 'Parking', '24-hour front desk', 'EV charging for electric vehicles', 'Late room service', 'On-site bars', 'Rooftop lounges/nightclubs', 'Free Wi-Fi', 'Communal kitchens', 'Laundry', 'Lockers']",121.0,9.4,4.0,5
70,Philadelphia,United States,Philadelphia Pearl Suites 38,"Philadelphia Pearl Suites 38 is a 3-star hotel in Philadelphia, United States, offering Wi-Fi, Luggage storage, Air conditioning, Room cleaning service, Safety deposit box, Television, Accessible entrances, Ramps/lifts, Accessible rooms/bathrooms, Braille/raised signage, Bathtubs/jacuzzis, Scenic rooms/villas, Spa, Pet-friendly, Pet rest area, Pet beds, Durable floors. Average price is 50.0 USD per night. Enjoy comfortable stays with a rating of 8.6/5. The on-site restaurant is rated 5/5.","No. 456, Riverside Road, Philadelphia",-75.0676785939904,40.02359805704539,"['disabled traveler', 'couples trip', 'with pets']","['Wi-Fi', 'Luggage storage', 'Air conditioning', 'Room cleaning service', 'Safety deposit box', 'Television', 'Accessible entrances', 'Ramps/lifts', 'Accessible rooms/bathrooms', 'Braille/raised signage', 'Bathtubs/jacuzzis', 'Scenic rooms/villas', 'Spa', 'Pet-friendly', 'Pet rest area', 'Pet beds', 'Durable floors']",50.0,8.6,3.0,5
71,Philadelphia,United States,Philadelphia Palace Suites 39,"Philadelphia Palace Suites 39 is a 3-star hotel in Philadelphia, United States, offering Wi-Fi, Luggage storage, Air conditioning, Room cleaning service, Safety deposit box, Television, Accessible entrances, Ramps/lifts, Accessible rooms/bathrooms, Braille/raised signage, Bathtubs/jacuzzis, Scenic rooms/villas, Spa, Pet-friendly, Pet rest area, Pet beds, Durable floors. Average price is 37.0 USD per night. Enjoy comfortable stays with a rating of 8.8/5. The on-site restaurant is rated 5/5.","No. 456, Zhongshan Road, Philadelphia",-75.01933447230878,39.90443118979926,"['disabled traveler', 'couples trip', 'with pets']","['Wi-Fi', 'Luggage storage', 'Air conditioning', 'Room cleaning service', 'Safety deposit box', 'Television', 'Accessible entrances', 'Ramps/lifts', 'Accessible rooms/bathrooms', 'Braille/raised signage', 'Bathtubs/jacuzzis', 'Scenic rooms/villas', 'Spa', 'Pet-friendly', 'Pet rest area', 'Pet beds', 'Durable floors']",37.0,8.8,3.0,5
72,Philadelphia,United States,Philadelphia View Suites 40,"Philadelphia View Suites 40 is a 5-star hotel in Philadelphia, United States, offering Wi-Fi, Luggage storage, Air conditioning, Room cleaning service, Safety deposit box, Television, Parking, 24-hour front desk, EV charging for electric vehicles, Late room service, On-site bars, Rooftop lounges/nightclubs, Elevators, Bathroom grab bars, Medical contacts, Breakfast with dietary options. Average price is 1779.0 USD per night. Enjoy comfortable stays with a rating of 10.0/5. The on-site restaurant is rated 5/5.","No. 567, Qujiang New District, Philadelphia",-75.21345612478858,40.09210881710805,"['road trip', 'nightlife enthusiast', 'elderly travelers']","['Wi-Fi', 'Luggage storage', 'Air conditioning', 'Room cleaning service', 'Safety deposit box', 'Television', 'Parking', '24-hour front desk', 'EV charging for electric vehicles', 'Late room service', 'On-site bars', 'Rooftop lounges/nightclubs', 'Elevators', 'Bathroom grab bars', 'Medical contacts', 'Breakfast with dietary options']",1779.0,10.0,5.0,5
73,Philadelphia,United States,Philadelphia Royal Inn 41,"Philadelphia Royal Inn 41 is a 4-star hotel in Philadelphia, United States, offering Wi-Fi, Luggage storage, Air conditioning, Room cleaning service, Safety deposit box, Television, Parking, 24-hour front desk, EV charging for electric vehicles, Scenic rooms, Sunrise calls, Photography services/packages, Bathtubs/jacuzzis, Scenic rooms/villas, Spa. Average price is 89.0 USD per night. Enjoy comfortable stays with a rating of 8.6/5. The on-site restaurant is rated 5/5.","299 Sathorn Road, Silom, Philadelphia",-75.20330145773556,40.091277730521945,"['road trip', 'photography', 'couples trip']","['Wi-Fi', 'Luggage storage', 'Air conditioning', 'Room cleaning service', 'Safety deposit box', 'Television', 'Parking', '24-hour front desk', 'EV charging for electric vehicles', 'Scenic rooms', 'Sunrise calls', 'Photography services/packages', 'Bathtubs/jacuzzis', 'Scenic rooms/villas', 'Spa']",89.0,8.6,4.0,5
74,Philadelphia,United States,Philadelphia Pearl Resort 42,"Philadelphia Pearl Resort 42 is a 4-star hotel in Philadelphia, United States, offering Wi-Fi, Luggage storage, Air conditioning, Room cleaning service, Safety deposit box, Television, Elevators, Bathroom grab bars, Medical contacts, Breakfast with dietary options, Bathtubs/jacuzzis, Scenic rooms/villas, Spa, Accessible entrances, Ramps/lifts, Accessible rooms/bathrooms, Braille/raised signage. Average price is 38.0 USD per night. Enjoy comfortable stays with a rating of 7.2/5. The on-site restaurant is rated 5/5.","781 Jurong East Street 21, Philadelphia",-75.18202653433414,39.92090534369287,"['elderly travelers', 'couples trip', 'disabled traveler']","['Wi-Fi', 'Luggage storage', 'Air conditioning', 'Room cleaning service', 'Safety deposit box', 'Television', 'Elevators', 'Bathroom grab bars', 'Medical contacts', 'Breakfast with dietary options', 'Bathtubs/jacuzzis', 'Scenic rooms/villas', 'Spa', 'Accessible entrances', 'Ramps/lifts', 'Accessible rooms/bathrooms', 'Braille/raised signage']",38.0,7.2,4.0,5
75,Philadelphia,United States,Riverside Harbor Grand Resort,"Riverside Harbor Grand Resort is a 3-star hotel in Philadelphia, United States, offering Wi-Fi, Luggage storage, Air conditioning, Room cleaning service, Safety deposit box, Television, Parking, 24-hour front desk, EV charging for electric vehicles, Free Wi-Fi, Communal kitchens, Laundry, Lockers, High speed WiFi, Business center, Meeting rooms, Laundry service, Print machine. Average price is 132.0 USD per night. Enjoy comfortable stays with a rating of 8.2/5. The on-site restaurant is rated 5/5.","480 Beach Road, Philadelphia",-75.25190935263619,40.07602133149803,"['road trip', 'fast-paced budget travel', 'business travelers']","['Wi-Fi', 'Luggage storage', 'Air conditioning', 'Room cleaning service', 'Safety deposit box', 'Television', 'Parking', '24-hour front desk', 'EV charging for electric vehicles', 'Free Wi-Fi', 'Communal kitchens', 'Laundry', 'Lockers', 'High speed WiFi', 'Business center', 'Meeting rooms', 'Laundry service', 'Print machine']",132.0,8.2,3.5,5
76,Philadelphia,United States,Philadelphia Central Inn 43,"Philadelphia Central Inn 43 is a 2-star hotel in Philadelphia, United States, offering Wi-Fi, Luggage storage, Air conditioning, Room cleaning service, Safety deposit box, Television, Parking, 24-hour front desk, EV charging for electric vehicles, Free Wi-Fi, Communal kitchens, Laundry, Lockers, Accessible entrances, Ramps/lifts, Accessible rooms/bathrooms, Braille/raised signage. Average price is 69.0 USD per night. Enjoy comfortable stays with a rating of 7.2/5. The on-site restaurant is rated 4/5.","565-8, Gyeongbokgwan-ro, Jongno-gu, Philadelphia",-75.19988993026652,40.1047309947075,"['road trip', 'fast-paced budget travel', 'disabled traveler']","['Wi-Fi', 'Luggage storage', 'Air conditioning', 'Room cleaning service', 'Safety deposit box', 'Television', 'Parking', '24-hour front desk', 'EV charging for electric vehicles', 'Free Wi-Fi', 'Communal kitchens', 'Laundry', 'Lockers', 'Accessible entrances', 'Ramps/lifts', 'Accessible rooms/bathrooms', 'Braille/raised signage']",69.0,7.2,2.0,4
77,Philadelphia,United States,Riverside Heights Resort,"Riverside Heights Resort is a 3-star hotel in Philadelphia, United States, offering Wi-Fi, Luggage storage, Air conditioning, Room cleaning service, Safety deposit box, Television, Parking, 24-hour front desk, EV charging for electric vehicles, Elevators, Bathroom grab bars, Medical contacts, Breakfast with dietary options, Accessible entrances, Ramps/lifts, Accessible rooms/bathrooms, Braille/raised signage. Average price is 100.0 USD per night. Enjoy comfortable stays with a rating of 10.0/5. The on-site restaurant is rated 3/5.","No. 456 Riverside Road, Philadelphia",-75.22916735767309,40.10514465819144,"['road trip', 'elderly travelers', 'disabled traveler']","['Wi-Fi', 'Luggage storage', 'Air conditioning', 'Room cleaning service', 'Safety deposit box', 'Television', 'Parking', '24-hour front desk', 'EV charging for electric vehicles', 'Elevators', 'Bathroom grab bars', 'Medical contacts', 'Breakfast with dietary options', 'Accessible entrances', 'Ramps/lifts', 'Accessible rooms/bathrooms', 'Braille/raised signage']",100.0,10.0,3.0,3
78,Philadelphia,United States,Philadelphia Deluxe Inn 44,"Philadelphia Deluxe Inn 44 is a 3-star hotel in Philadelphia, United States, offering Wi-Fi, Luggage storage, Air conditioning, Room cleaning service, Safety deposit box, Television, 24-hour front desk, Late room service, On-site bars, Rooftop lounges/nightclubs, Elevators, Bathroom grab bars, Medical contacts, Breakfast with dietary options, High speed WiFi, Business center, Meeting rooms, Laundry service, Print machine. Average price is 65.0 USD per night. Enjoy comfortable stays with a rating of 7.8/5. The on-site restaurant is rated 5/5.","305 Shibuya Street, Shibuya Ward, Philadelphia",-75.21345612478858,39.877163786543655,"['nightlife enthusiast', 'elderly travelers', 'business travelers']","['Wi-Fi', 'Luggage storage', 'Air conditioning', 'Room cleaning service', 'Safety deposit box', 'Television', '24-hour front desk', 'Late room service', 'On-site bars', 'Rooftop lounges/nightclubs', 'Elevators', 'Bathroom grab bars', 'Medical contacts', 'Breakfast with dietary options', 'High speed WiFi', 'Business center', 'Meeting rooms', 'Laundry service', 'Print machine']",65.0,7.8,3.5,5
79,Philadelphia,United States,Riverfront Garden Suites Philadelphia,"Riverfront Garden Suites Philadelphia is a 4-star hotel in Philadelphia, United States, offering Wi-Fi, Luggage storage, Air conditioning, Room cleaning service, Safety deposit box, Television, Child-friendly rooms, Baby cots, Stroller storage, Diaper changing tables, Nursing rooms, Parking, 24-hour front desk, EV charging for electric vehicles, Spa, Gym, Premium bedding, Bar. Average price is 93.0 USD per night. Enjoy comfortable stays with a rating of 9.8/5. The on-site restaurant is rated 1/5.","No. 456, Zhongguancun Science Park, Philadelphia",-75.21612566605641,40.07267127657477,"['with children', 'road trip', 'luxury travelers']","['Wi-Fi', 'Luggage storage', 'Air conditioning', 'Room cleaning service', 'Safety deposit box', 'Television', 'Child-friendly rooms', 'Baby cots', 'Stroller storage', 'Diaper changing tables', 'Nursing rooms', 'Parking', '24-hour front desk', 'EV charging for electric vehicles', 'Spa', 'Gym', 'Premium bedding', 'Bar']",93.0,9.8,4.0,1
80,Philadelphia,United States,Philadelphia Royal Hotel 45,"Philadelphia Royal Hotel 45 is a 5-star hotel in Philadelphia, United States, offering Wi-Fi, Luggage storage, Air conditioning, Room cleaning service, Safety deposit box, Television, High speed WiFi, Business center, Meeting rooms, Laundry service, Print machine, 24-hour front desk, Late room service, On-site bars, Rooftop lounges/nightclubs, Bathtubs/jacuzzis, Scenic rooms/villas, Spa. Average price is 514.0 USD per night. Enjoy comfortable stays with a rating of 9.2/5. The on-site restaurant is rated 5/5.","No. 456, Xihu Road, Xihu District, Philadelphia",-75.25190935263619,39.91102501212121,"['business travelers', 'nightlife enthusiast', 'couples trip']","['Wi-Fi', 'Luggage storage', 'Air conditioning', 'Room cleaning service', 'Safety deposit box', 'Television', 'High speed WiFi', 'Business center', 'Meeting rooms', 'Laundry service', 'Print machine', '24-hour front desk', 'Late room service', 'On-site bars', 'Rooftop lounges/nightclubs', 'Bathtubs/jacuzzis', 'Scenic rooms/villas', 'Spa']",514.0,9.2,5.0,5
81,Philadelphia,United States,Harborview Plaza Resort,"Harborview Plaza Resort is a 4-star hotel in Philadelphia, United States, offering Wi-Fi, Luggage storage, Air conditioning, Room cleaning service, Safety deposit box, Television, Child-friendly rooms, Baby cots, Stroller storage, Diaper changing tables, Nursing rooms, Women-only floors/rooms, Privacy-conscious check-in, 24-hour security, Surveillance cameras, Double locks on doors, Spa, Gym, Premium bedding, Bar. Average price is 103.0 USD per night. Enjoy comfortable stays with a rating of 9.6/5. The on-site restaurant is rated 5/5.","119-567 Shirokane Street, Chuo Ward, Philadelphia",-75.12662558756789,40.0146606738529,"['with children', 'solo women', 'luxury travelers']","['Wi-Fi', 'Luggage storage', 'Air conditioning', 'Room cleaning service', 'Safety deposit box', 'Television', 'Child-friendly rooms', 'Baby cots', 'Stroller storage', 'Diaper changing tables', 'Nursing rooms', 'Women-only floors/rooms', 'Privacy-conscious check-in', '24-hour security', 'Surveillance cameras', 'Double locks on doors', 'Spa', 'Gym', 'Premium bedding', 'Bar']",103.0,9.6,4.5,5
82,Philadelphia,United States,Philadelphia Palace Suites 46,"Philadelphia Palace Suites 46 is a 3-star hotel in Philadelphia, United States, offering Wi-Fi, Luggage storage, Air conditioning, Room cleaning service, Safety deposit box, Television, Child-friendly rooms, Baby cots, Stroller storage, Diaper changing tables, Nursing rooms, Scenic rooms, Sunrise calls, Photography services/packages, Free Wi-Fi, Communal kitchens, Laundry, Lockers. Average price is 96.0 USD per night. Enjoy comfortable stays with a rating of 6.8/5. The on-site restaurant is rated 5/5.","No. 888, Cultural Avenue, Longgang District, Philadelphia",-75.02441851212555,40.0593730393511,"['with children', 'photography', 'fast-paced budget travel']","['Wi-Fi', 'Luggage storage', 'Air conditioning', 'Room cleaning service', 'Safety deposit box', 'Television', 'Child-friendly rooms', 'Baby cots', 'Stroller storage', 'Diaper changing tables', 'Nursing rooms', 'Scenic rooms', 'Sunrise calls', 'Photography services/packages', 'Free Wi-Fi', 'Communal kitchens', 'Laundry', 'Lockers']",96.0,6.8,3.5,5
83,Philadelphia,United States,Philadelphia Boutique Inn 47,"Philadelphia Boutique Inn 47 is a 4-star hotel in Philadelphia, United States, offering Wi-Fi, Luggage storage, Air conditioning, Room cleaning service, Safety deposit box, Television, Women-only floors/rooms, Privacy-conscious check-in, 24-hour security, Surveillance cameras, Double locks on doors, Free Wi-Fi, Communal kitchens, Laundry, Lockers, Elevators, Bathroom grab bars, Medical contacts, Breakfast with dietary options. Average price is 154.0 USD per night. Enjoy comfortable stays with a rating of 9.2/5. The on-site restaurant is rated 5/5.","No. 456, Xueyuan Road, Philadelphia",-75.19124575736586,40.08321507351217,"['solo women', 'fast-paced budget travel', 'elderly travelers']","['Wi-Fi', 'Luggage storage', 'Air conditioning', 'Room cleaning service', 'Safety deposit box', 'Television', 'Women-only floors/rooms', 'Privacy-conscious check-in', '24-hour security', 'Surveillance cameras', 'Double locks on doors', 'Free Wi-Fi', 'Communal kitchens', 'Laundry', 'Lockers', 'Elevators', 'Bathroom grab bars', 'Medical contacts', 'Breakfast with dietary options']",154.0,9.2,4.0,5
84,Philadelphia,United States,Philadelphia Suites Resort 48,"Philadelphia Suites Resort 48 is a 4-star hotel in Philadelphia, United States, offering Wi-Fi, Luggage storage, Air conditioning, Room cleaning service, Safety deposit box, Television, Accessible entrances, Ramps/lifts, Accessible rooms/bathrooms, Braille/raised signage, High speed WiFi, Business center, Meeting rooms, Laundry service, Print machine, Spa, Gym, Premium bedding, Bar. Average price is 67.0 USD per night. Enjoy comfortable stays with a rating of 9.4/5. The on-site restaurant is rated 5/5.","477 Shinsaibashi Street, Chuo Ward, Philadelphia",-75.2201568161156,40.02912207202374,"['disabled traveler', 'business travelers', 'luxury travelers']","['Wi-Fi', 'Luggage storage', 'Air conditioning', 'Room cleaning service', 'Safety deposit box', 'Television', 'Accessible entrances', 'Ramps/lifts', 'Accessible rooms/bathrooms', 'Braille/raised signage', 'High speed WiFi', 'Business center', 'Meeting rooms', 'Laundry service', 'Print machine', 'Spa', 'Gym', 'Premium bedding', 'Bar']",67.0,9.4,4.5,5
85,Philadelphia,United States,Riverside Heights Inn,"Riverside Heights Inn is a 4-star hotel in Philadelphia, United States, offering Wi-Fi, Luggage storage, Air conditioning, Room cleaning service, Safety deposit box, Television, 24-hour front desk, Late room service, On-site bars, Rooftop lounges/nightclubs, Free Wi-Fi, Communal kitchens, Laundry, Lockers, Spa, Gym, Premium bedding, Bar. Average price is 156.0 USD per night. Enjoy comfortable stays with a rating of 9.4/5. The on-site restaurant is rated 5/5.","177-12-8 Shibuya, Shibuya City, Philadelphia",-75.00746384295338,39.98980881706726,"['nightlife enthusiast', 'fast-paced budget travel', 'luxury travelers']","['Wi-Fi', 'Luggage storage', 'Air conditioning', 'Room cleaning service', 'Safety deposit box', 'Television', '24-hour front desk', 'Late room service', 'On-site bars', 'Rooftop lounges/nightclubs', 'Free Wi-Fi', 'Communal kitchens', 'Laundry', 'Lockers', 'Spa', 'Gym', 'Premium bedding', 'Bar']",156.0,9.4,4.0,5
86,Philadelphia,United States,Philadelphia Inn Inn 49,"Philadelphia Inn Inn 49 is a 2-star hotel in Philadelphia, United States, offering Wi-Fi, Luggage storage, Air conditioning, Room cleaning service, Safety deposit box, Television, Parking, 24-hour front desk, EV charging for electric vehicles, Scenic rooms, Sunrise calls, Photography services/packages, Spa, Gym, Premium bedding, Bar. Average price is 74.0 USD per night. Enjoy comfortable stays with a rating of 10.0/5. The on-site restaurant is rated 1/5.","182 Shibuya Street, Shibuya Ward, Philadelphia",-75.20330145773556,39.95412514999457,"['road trip', 'photography', 'luxury travelers']","['Wi-Fi', 'Luggage storage', 'Air conditioning', 'Room cleaning service', 'Safety deposit box', 'Television', 'Parking', '24-hour front desk', 'EV charging for electric vehicles', 'Scenic rooms', 'Sunrise calls', 'Photography services/packages', 'Spa', 'Gym', 'Premium bedding', 'Bar']",74.0,10.0,2.5,1
87,Philadelphia,United States,Riverside Garden Suites,"Riverside Garden Suites is a 3-star hotel in Philadelphia, United States, offering Wi-Fi, Luggage storage, Air conditioning, Room cleaning service, Safety deposit box, Television, 24-hour front desk, Late room service, On-site bars, Rooftop lounges/nightclubs, High speed WiFi, Business center, Meeting rooms, Laundry service, Print machine, Pet-friendly, Pet rest area, Pet beds, Durable floors. Average price is 112.0 USD per night. Enjoy comfortable stays with a rating of 8.2/5. The on-site restaurant is rated 5/5.","676 Sukhumvit Road, Philadelphia",-75.19187706620194,39.89376566475953,"['nightlife enthusiast', 'business travelers', 'with pets']","['Wi-Fi', 'Luggage storage', 'Air conditioning', 'Room cleaning service', 'Safety deposit box', 'Television', '24-hour front desk', 'Late room service', 'On-site bars', 'Rooftop lounges/nightclubs', 'High speed WiFi', 'Business center', 'Meeting rooms', 'Laundry service', 'Print machine', 'Pet-friendly', 'Pet rest area', 'Pet beds', 'Durable floors']",112.0,8.2,3.5,5
88,Philadelphia,United States,Cherry Hill Garden Resort,"Cherry Hill Garden Resort is a 2-star hotel in Philadelphia, United States, offering Wi-Fi, Luggage storage, Air conditioning, Room cleaning service, Safety deposit box, Television, 24-hour front desk, Late room service, On-site bars, Rooftop lounges/nightclubs, Scenic rooms, Sunrise calls, Photography services/packages, Pet-friendly, Pet rest area, Pet beds, Durable floors. Average price is 42.0 USD per night. Enjoy comfortable stays with a rating of 9.0/5. The on-site restaurant is rated 4/5.","No. 158 Xiangshan Road, Philadelphia",-75.20227955766316,40.09507214756612,"['nightlife enthusiast', 'photography', 'with pets']","['Wi-Fi', 'Luggage storage', 'Air conditioning', 'Room cleaning service', 'Safety deposit box', 'Television', '24-hour front desk', 'Late room service', 'On-site bars', 'Rooftop lounges/nightclubs', 'Scenic rooms', 'Sunrise calls', 'Photography services/packages', 'Pet-friendly', 'Pet rest area', 'Pet beds', 'Durable floors']",42.0,9.0,2.0,4
89,Philadelphia,United States,Cherry Hill Riverside Garden Resort,"Cherry Hill Riverside Garden Resort is a 5-star hotel in Philadelphia, United States, offering Wi-Fi, Luggage storage, Air conditioning, Room cleaning service, Safety deposit box, Television, 24-hour front desk, Late room service, On-site bars, Rooftop lounges/nightclubs, Bathtubs/jacuzzis, Scenic rooms/villas, Spa, Gym, Premium bedding, Bar. Average price is 335.0 USD per night. Enjoy comfortable stays with a rating of 8.4/5. The on-site restaurant is rated 5/5.","176 Gwanghwamun Street, Jongno-gu, Philadelphia",-74.97464979511145,40.07267127657477,"['nightlife enthusiast', 'couples trip', 'luxury travelers']","['Wi-Fi', 'Luggage storage', 'Air conditioning', 'Room cleaning service', 'Safety deposit box', 'Television', '24-hour front desk', 'Late room service', 'On-site bars', 'Rooftop lounges/nightclubs', 'Bathtubs/jacuzzis', 'Scenic rooms/villas', 'Spa', 'Gym', 'Premium bedding', 'Bar']",335.0,8.4,5.0,5
90,Philadelphia,United States,Chestnut Hill Riverside Resort,"Chestnut Hill Riverside Resort is a 4-star hotel in Philadelphia, United States, offering Wi-Fi, Luggage storage, Air conditioning, Room cleaning service, Safety deposit box, Television, Scenic rooms, Sunrise calls, Photography services/packages, High speed WiFi, Business center, Meeting rooms, Laundry service, Print machine, Accessible entrances, Ramps/lifts, Accessible rooms/bathrooms, Braille/raised signage. Average price is 162.0 USD per night. Enjoy comfortable stays with a rating of 9.4/5. The on-site restaurant is rated 2/5.","No. 456, Riverside Cultural Park, Philadelphia",-75.13430219136923,39.9516034198628,"['photography', 'business travelers', 'disabled traveler']","['Wi-Fi', 'Luggage storage', 'Air conditioning', 'Room cleaning service', 'Safety deposit box', 'Television', 'Scenic rooms', 'Sunrise calls', 'Photography services/packages', 'High speed WiFi', 'Business center', 'Meeting rooms', 'Laundry service', 'Print machine', 'Accessible entrances', 'Ramps/lifts', 'Accessible rooms/bathrooms', 'Braille/raised signage']",162.0,9.4,4.0,2
91,Philadelphia,United States,Philadelphia View Hotel 50,"Philadelphia View Hotel 50 is a 3-star hotel in Philadelphia, United States, offering Wi-Fi, Luggage storage, Air conditioning, Room cleaning service, Safety deposit box, Television, Women-only floors/rooms, Privacy-conscious check-in, 24-hour security, Surveillance cameras, Double locks on doors, Free Wi-Fi, Communal kitchens, Laundry, Lockers, Pet-friendly, Pet rest area, Pet beds, Durable floors. Average price is 45.0 USD per night. Enjoy comfortable stays with a rating of 10.0/5. The on-site restaurant is rated 5/5.","742 Sathorn Unique Tower, Silom Road, Philadelphia",-75.21345612478858,39.96939912731733,"['solo women', 'fast-paced budget travel', 'with pets']","['Wi-Fi', 'Luggage storage', 'Air conditioning', 'Room cleaning service', 'Safety deposit box', 'Television', 'Women-only floors/rooms', 'Privacy-conscious check-in', '24-hour security', 'Surveillance cameras', 'Double locks on doors', 'Free Wi-Fi', 'Communal kitchens', 'Laundry', 'Lockers', 'Pet-friendly', 'Pet rest area', 'Pet beds', 'Durable floors']",45.0,10.0,3.0,5
92,Philadelphia,United States,Chestnut Hill Heritage Garden Resort,"Chestnut Hill Heritage Garden Resort is a 5-star hotel in Philadelphia, United States, offering Wi-Fi, Luggage storage, Air conditioning, Room cleaning service, Safety deposit box, Television, Child-friendly rooms, Baby cots, Stroller storage, Diaper changing tables, Nursing rooms, Scenic rooms, Sunrise calls, Photography services/packages, Pet-friendly, Pet rest area, Pet beds, Durable floors. Average price is 462.0 USD per night. Enjoy comfortable stays with a rating of 9.6/5. The on-site restaurant is rated 5/5.","301 Seifuku Street, Philadelphia",-75.0564030143241,40.08190826720422,"['with children', 'photography', 'with pets']","['Wi-Fi', 'Luggage storage', 'Air conditioning', 'Room cleaning service', 'Safety deposit box', 'Television', 'Child-friendly rooms', 'Baby cots', 'Stroller storage', 'Diaper changing tables', 'Nursing rooms', 'Scenic rooms', 'Sunrise calls', 'Photography services/packages', 'Pet-friendly', 'Pet rest area', 'Pet beds', 'Durable floors']",462.0,9.6,5.0,5
93,Philadelphia,United States,Philadelphia Resort Inn 51,"Philadelphia Resort Inn 51 is a 3-star hotel in Philadelphia, United States, offering Wi-Fi, Luggage storage, Air conditioning, Room cleaning service, Safety deposit box, Television, Child-friendly rooms, Baby cots, Stroller storage, Diaper changing tables, Nursing rooms, Elevators, Bathroom grab bars, Medical contacts, Breakfast with dietary options, Accessible entrances, Ramps/lifts, Accessible rooms/bathrooms, Braille/raised signage. Average price is 64.0 USD per night. Enjoy comfortable stays with a rating of 9.0/5. The on-site restaurant is rated 5/5.","851 Seobuk-ro, Suyeong-gu, Philadelphia",-75.0676785939904,40.00572296185881,"['with children', 'elderly travelers', 'disabled traveler']","['Wi-Fi', 'Luggage storage', 'Air conditioning', 'Room cleaning service', 'Safety deposit box', 'Television', 'Child-friendly rooms', 'Baby cots', 'Stroller storage', 'Diaper changing tables', 'Nursing rooms', 'Elevators', 'Bathroom grab bars', 'Medical contacts', 'Breakfast with dietary options', 'Accessible entrances', 'Ramps/lifts', 'Accessible rooms/bathrooms', 'Braille/raised signage']",64.0,9.0,3.0,5
94,Philadelphia,United States,Pennsylvania Riverfront Retreat Inn,"Pennsylvania Riverfront Retreat Inn is a 3-star hotel in Philadelphia, United States, offering Wi-Fi, Luggage storage, Air conditioning, Room cleaning service, Safety deposit box, Television, Elevators, Bathroom grab bars, Medical contacts, Breakfast with dietary options, Bathtubs/jacuzzis, Scenic rooms/villas, Spa, Gym, Premium bedding, Bar. Average price is 144.0 USD per night. Enjoy comfortable stays with a rating of 8.4/5. The on-site restaurant is rated 5/5.","642 Seomyeon-ro, Busanjin-gu, Philadelphia",-75.19774096527753,39.88216616696965,"['elderly travelers', 'couples trip', 'luxury travelers']","['Wi-Fi', 'Luggage storage', 'Air conditioning', 'Room cleaning service', 'Safety deposit box', 'Television', 'Elevators', 'Bathroom grab bars', 'Medical contacts', 'Breakfast with dietary options', 'Bathtubs/jacuzzis', 'Scenic rooms/villas', 'Spa', 'Gym', 'Premium bedding', 'Bar']",144.0,8.4,3.0,5
95,Philadelphia,United States,Philadelphia Deluxe Inn 52,"Philadelphia Deluxe Inn 52 is a 2-star hotel in Philadelphia, United States, offering Wi-Fi, Luggage storage, Air conditioning, Room cleaning service, Safety deposit box, Television, Parking, 24-hour front desk, EV charging for electric vehicles, Free Wi-Fi, Communal kitchens, Laundry, Lockers, High speed WiFi, Business center, Meeting rooms, Laundry service, Print machine. Average price is 136.0 USD per night. Enjoy comfortable stays with a rating of 10.0/5. The on-site restaurant is rated 3/5.","No. 1888, Xin'an Road, Futian District, Philadelphia",-75.21345612478858,39.889895240283415,"['road trip', 'fast-paced budget travel', 'business travelers']","['Wi-Fi', 'Luggage storage', 'Air conditioning', 'Room cleaning service', 'Safety deposit box', 'Television', 'Parking', '24-hour front desk', 'EV charging for electric vehicles', 'Free Wi-Fi', 'Communal kitchens', 'Laundry', 'Lockers', 'High speed WiFi', 'Business center', 'Meeting rooms', 'Laundry service', 'Print machine']",136.0,10.0,2.0,3
96,Philadelphia,United States,Harborview Garden Retreat Inn,"Harborview Garden Retreat Inn is a 3-star hotel in Philadelphia, United States, offering Wi-Fi, Luggage storage, Air conditioning, Room cleaning service, Safety deposit box, Television, Child-friendly rooms, Baby cots, Stroller storage, Diaper changing tables, Nursing rooms, Scenic rooms, Sunrise calls, Photography services/packages, Bathtubs/jacuzzis, Scenic rooms/villas, Spa. Average price is 180.0 USD per night. Enjoy comfortable stays with a rating of 6.0/5. The on-site restaurant is rated 2/5.","509-8-13 Minami-Odaiba, Minato City, Philadelphia",-75.17000272715354,40.07417380794159,"['with children', 'photography', 'couples trip']","['Wi-Fi', 'Luggage storage', 'Air conditioning', 'Room cleaning service', 'Safety deposit box', 'Television', 'Child-friendly rooms', 'Baby cots', 'Stroller storage', 'Diaper changing tables', 'Nursing rooms', 'Scenic rooms', 'Sunrise calls', 'Photography services/packages', 'Bathtubs/jacuzzis', 'Scenic rooms/villas', 'Spa']",180.0,6.0,3.0,2
97,Philadelphia,United States,Philadelphia Sky Hotel 53,"Philadelphia Sky Hotel 53 is a 3-star hotel in Philadelphia, United States, offering Wi-Fi, Luggage storage, Air conditioning, Room cleaning service, Safety deposit box, Television, Women-only floors/rooms, Privacy-conscious check-in, 24-hour security, Surveillance cameras, Double locks on doors, 24-hour front desk, Late room service, On-site bars, Rooftop lounges/nightclubs, Accessible entrances, Ramps/lifts, Accessible rooms/bathrooms, Braille/raised signage. Average price is 26.0 USD per night. Enjoy comfortable stays with a rating of 8.0/5. The on-site restaurant is rated 4/5.","884-345 Nishi 1-chome, Philadelphia",-75.14921250139757,40.00572296185881,"['solo women', 'nightlife enthusiast', 'disabled traveler']","['Wi-Fi', 'Luggage storage', 'Air conditioning', 'Room cleaning service', 'Safety deposit box', 'Television', 'Women-only floors/rooms', 'Privacy-conscious check-in', '24-hour security', 'Surveillance cameras', 'Double locks on doors', '24-hour front desk', 'Late room service', 'On-site bars', 'Rooftop lounges/nightclubs', 'Accessible entrances', 'Ramps/lifts', 'Accessible rooms/bathrooms', 'Braille/raised signage']",26.0,8.0,3.0,4
98,Philadelphia,United States,Philadelphia Plaza Suites 54,"Philadelphia Plaza Suites 54 is a 4-star hotel in Philadelphia, United States, offering Wi-Fi, Luggage storage, Air conditioning, Room cleaning service, Safety deposit box, Television, Child-friendly rooms, Baby cots, Stroller storage, Diaper changing tables, Nursing rooms, 24-hour front desk, Late room service, On-site bars, Rooftop lounges/nightclubs, Bathtubs/jacuzzis, Scenic rooms/villas, Spa. Average price is 55.0 USD per night. Enjoy comfortable stays with a rating of 8.2/5. The on-site restaurant is rated 2/5.","325-8601, 2-15-11 Nishi-Shinjuku, Shinjuku City, Philadelphia",-75.01801246038467,39.877163786543655,"['with children', 'nightlife enthusiast', 'couples trip']","['Wi-Fi', 'Luggage storage', 'Air conditioning', 'Room cleaning service', 'Safety deposit box', 'Television', 'Child-friendly rooms', 'Baby cots', 'Stroller storage', 'Diaper changing tables', 'Nursing rooms', '24-hour front desk', 'Late room service', 'On-site bars', 'Rooftop lounges/nightclubs', 'Bathtubs/jacuzzis', 'Scenic rooms/villas', 'Spa']",55.0,8.2,4.0,2
99,Philadelphia,United States,Willow Creek Riverside Retreat,"Willow Creek Riverside Retreat is a 3-star hotel in Philadelphia, United States, offering Wi-Fi, Luggage storage, Air conditioning, Room cleaning service, Safety deposit box, Television, Scenic rooms, Sunrise calls, Photography services/packages, Bathtubs/jacuzzis, Scenic rooms/villas, Spa, Accessible entrances, Ramps/lifts, Accessible rooms/bathrooms, Braille/raised signage. Average price is 49.0 USD per night. Enjoy comfortable stays with a rating of 8.8/5. The on-site restaurant is rated 5/5.","158 Chatham Road, Philadelphia",-75.22135730454025,39.99223629046145,"['photography', 'couples trip', 'disabled traveler']","['Wi-Fi', 'Luggage storage', 'Air conditioning', 'Room cleaning service', 'Safety deposit box', 'Television', 'Scenic rooms', 'Sunrise calls', 'Photography services/packages', 'Bathtubs/jacuzzis', 'Scenic rooms/villas', 'Spa', 'Accessible entrances', 'Ramps/lifts', 'Accessible rooms/bathrooms', 'Braille/raised signage']",49.0,8.8,3.0,5
100,Philadelphia,United States,Philadelphia Pearl Suites 55,"Philadelphia Pearl Suites 55 is a 3-star hotel in Philadelphia, United States, offering Wi-Fi, Luggage storage, Air conditioning, Room cleaning service, Safety deposit box, Television, Parking, 24-hour front desk, EV charging for electric vehicles, Scenic rooms, Sunrise calls, Photography services/packages, Women-only floors/rooms, Privacy-conscious check-in, 24-hour security, Surveillance cameras, Double locks on doors. Average price is 70.0 USD per night. Enjoy comfortable stays with a rating of 8.8/5. The on-site restaurant is rated 5/5.","245 Seiki-cho, Philadelphia",-75.23885812351072,40.02729752792883,"['road trip', 'photography', 'solo women']","['Wi-Fi', 'Luggage storage', 'Air conditioning', 'Room cleaning service', 'Safety deposit box', 'Television', 'Parking', '24-hour front desk', 'EV charging for electric vehicles', 'Scenic rooms', 'Sunrise calls', 'Photography services/packages', 'Women-only floors/rooms', 'Privacy-conscious check-in', '24-hour security', 'Surveillance cameras', 'Double locks on doors']",70.0,8.8,3.0,5
